category,store_name,original_price,discount_percent,price,comment_count,rating,name,sold,link,
Camera giám sát & hệ thống,2Tech Store,1.120.000 ₫,-37%,705600,-629,4.8,Camera Wifi Thông Minh EZVIZ C6N Pro 3MP 2K Quay Quét Đàm Thoại Hai Chiều,3.1K Đã bán,https://www.lazada.vn/products/pdp-i1766486634.html,
Điện,Good Luck VN,100.000 ₫,-45%,55000,-119,4.4,"Đồng hồ đo điện vạn năng Samwa YX-360 TRn, Đồng hồ vạn năng tương tự Sanwa, tặng kèm pin 9V",466 Đã bán,https://www.lazada.vn/products/pdp-i2671225712.html,
Điện,yến sàoo,70.000 ₫,-39%,42700,-77,4.8,Combo 2 ổ Cắm Điện Thông Minh Đa Năng Cổng Sạc USB,327 Đã bán,https://www.lazada.vn/products/pdp-i2626240202.html,
Điện,HC CENTER,75.000 ₫,-48%,39000,-244,4.4,"Ổ Cắm Điện - Ổ Điện Đa Năng Loại Xịn Có Cổng Gắn USB Sạc Điện Thoại Kiêm Đèn Ngủ Cực Đẹp - Ổ điện chia 2 cổng USB kiêm đèn ngủ, Ổ CẮM ĐIỆN THÔNG MINH KIÊM ĐÈN NGỦ LED & 2 CỔNG USB CÓ CÔNG TẮC",1.4K Đã bán,https://www.lazada.vn/products/pdp-i479292758.html,
Điện,TỔNG KHO GIA DỤNG 1587825305,,,,-67,4.7,Ổ cắm điện đa năng 7 Cổng Sạc USB 2 Cáp USB 3 Và 5M Dây Cáp Dày Chất Lượng Cao 100% Chính Hãng,273 Đã bán,https://www.lazada.vn/products/pdp-i2708713623.html,
Phụ kiện điện thoại & máy tính bảng,YK SHOPS,20.000 ₫,-53%,9400,-65,4.7,[ FREESHIP KÈM CÁP SẠC] PIN SẠC DỰ PHÒNG CAO CẤP THIẾT KẾ MÀN HÌNH LED CỰC SANG TRỌNG - 2 CỔNG SẠC NHANH + ĐÈN LED SIÊU SÁNG TẦM NHÌN TỐT - SẠC DỰ PHÒNG AN TOÀN CHO MỌI DÒNG ĐIỆN THOẠI,89 Đã bán,https://www.lazada.vn/products/pdp-i2696970713.html,
Điện,CleverOfficial Store,226.000 ₫,-40%,135600,-27,5,⚡Miễn Phí Vận Chuyển⚡vận chuyển nhanh DT9205A Đồng hồ vạn năng kỹ thuật số AC DC Vôn kế Ampe kế Máy đo,167 Đã bán,https://www.lazada.vn/products/pdp-i2302226891.html,
Điện,A_Hoco_Shop,291.200 ₫,-39%,177632,-36,5,"AC Màn Hình 6 Trong 1 KWh Công Suất Đo Tần Số 110V 220V 380V 100A, Điện Hệ Số Công Suất Hoạt Động màn Hình HOCO",162 Đã bán,https://www.lazada.vn/products/pdp-i2810565830.html,
Điện,homelifestorevn,96.800 ₫,-39%,59048,-17,4.6,Thiết Bị Kiểm Tra Vôn Kế 0-100A 3 Trong 1 Màn Hình LED 22mm AC 60-500V HOME,173 Đã bán,https://www.lazada.vn/products/pdp-i2811217338.html,
Điện,A_Hoco_Shop,213.300 ₫,-39%,130113,-352,4.9,Đồng hồ đo công suất điện 220V có nút RESET độ chính xác cao màn hình hiển thị LCD P U I Kwh bộ công tơ điện tử,1.3K Đã bán,https://www.lazada.vn/products/pdp-i2381928314.html,
Điện,GlobalSuperBazaar,584.000 ₫,-53%,274480,,,"NJTY T21L Đồng Hồ Vạn Năng Kỹ Thuật Số Điện Cảm 600μH-60H Chu Kỳ Làm Việc 0,1-99% Nhiệt Độ DC AC Amp Điện Áp Điện Trở Điện Dung NCV Hz",6 Đã bán,https://www.lazada.vn/products/pdp-i3058185880.html,
Phụ kiện trò chơi điện tử,HAWEEL.Achoice-VN,11.200 ₫,-38%,6944,-828,4.9,Đồng Hồ Trẻ Em Màn Hình Cảm Ứng – Đồng Hồ Kỹ Thuật Số Dây Đeo Điều Chỉnh,4.9K Đã bán,https://www.lazada.vn/products/pdp-i2520228597.html,
Điện,Phụ Kiện Điện Tử Minh Phúc,100.000 ₫,-45%,55000,-24,4.8,"Thiết bị tiết kiệm điện, thiết bị tiết kiệm hiệu quả ,tiết kiệm 50% điện năng",87 Đã bán,https://www.lazada.vn/products/pdp-i3111952154.html,
Điện,Linh Kiện Điện Tử ViNa,,,,-428,4.9,"Đồng Hồ Vạn Năng Điện Tử XL830L XL830 830 - Đồng Hồ Đo Điện áp DC, AC, Đo dòng điện, đo điện trở (Có Pin)",1.2K Đã bán,https://www.lazada.vn/products/pdp-i2225409929.html,
Dụng cụ đo lường,Thiết Bị Đo Lường DWTech,,,,-11,5,"Đồng hồ vạn năng mã hiệu M118A ( Multimeter ) hãng ANENG đo điện, điện tử",27 Đã bán,https://www.lazada.vn/products/pdp-i2371983745.html,
Điện,ZzSunnyzZ,25.900 ₫,-13%,22533,-8,5,"Volt Kế Điện Tử Hai Dây AC 220V 0.56 inch, Đồng Hồ Đo Vôn, Điện Áp AC 70V-500V, LED Hiển Thị",116 Đã bán,https://www.lazada.vn/products/pdp-i2786475469.html,
Điện,MichanK,120.000 ₫,-57%,51600,-116,4.3,(Có Đèn & Loa) Đồng Hồ Đo Điện Vạn Năng VOM SANWAI YX-360TRE-L-B Có Đèn Và Loa Báo Đo Thông Mạch Tiện Dụng,401 Đã bán,https://www.lazada.vn/products/pdp-i2777827659.html,
Dụng cụ đo lường,Electrical,139.000 ₫,-37%,87570,-64,4.8,Công tơ điện tử 1 pha 220V-80A LW - đồng hồ đo công suất tiêu thụ Kwh,577 Đã bán,https://www.lazada.vn/products/pdp-i2120640285.html,
Dụng cụ đo lường,Home_Technology_89,139.000 ₫,-36%,88960,-6,4.8,"Công tơ điện tử 1 pha đa năng LW80A/220v đo công suất, điện áp, cường độ,",72 Đã bán,https://www.lazada.vn/products/pdp-i1599514740.html,
Điện,Tổng Kho Linh Kiện Điện Tử VN,,,,-34,4.6,"Đồng Hồ Vạn Năng Điện Tử XL830L XL830 830 - Đồng Hồ Đo Điện áp DC, AC, Đo dòng điện, đo điện trở (Có Pin)",121 Đã bán,https://www.lazada.vn/products/pdp-i2225479414.html,
Dụng cụ cầm tay & phụ kiện,Thế Giới Linh Kiện 720,71.000 ₫,-40%,42600,-229,4.8,"Đồng hồ đo điện tử vạn năng DT830B Digital Multimeter, đồng hồ đo điện đa năng, đo điện áp, ampe, diode... hiển thị kỹ thuật số, đồng hồ đo có kèm pin theo",742 Đã bán,https://www.lazada.vn/products/pdp-i1427164470.html,
Dụng cụ nhà bếp,CleverOfficial Store,136.000 ₫,-42%,78880,-7,5,⚡Miễn Phí Vận Chuyển⚡Cân Tiểu Ly Điện Tử Dùng Pha Chế 3Kg/0.1g (Tặng Kèm Khay Trong Suốt I2000),209 Đã bán,https://www.lazada.vn/products/pdp-i2439073989.html,
Điện,Shop Hoàng Bách,,,,-8,4.9,Công Tơ Điện Tử 4 Thông Số 80A 220V có RESET độ chính xác cao màn hình LCD,41 Đã bán,https://www.lazada.vn/products/pdp-i2792861171.html,
Điện,FOXSUR VIỆT NAM,199.920 ₫,-50%,99960,-55,4.8,Công tơ điện tử 1 pha đo điện năng tiêu thụ kwh LW công suất lớn 60A 15KW màn hình LCD hiển thị kỹ thuật số hàng CHÍNH HÃNG,246 Đã bán,https://www.lazada.vn/products/pdp-i1299156694.html,
Dụng cụ cầm tay & phụ kiện,Linh Kiện 024,51.500 ₫,-4%,49440,-487,4.8,"Đồng hồ đo điện tử vạn năng DT830B Digital Multimeter, đồng hồ đo điện tử đa năng, đo điện áp, ampe, diode hiển thị kỹ thuật số, đồng hồ đo có kèm pin theo",1.4K Đã bán,https://www.lazada.vn/products/pdp-i1339643352.html,
Dụng cụ đo lường,Home elictric,119.000 ₫,-25%,89250,-6,4.3,Công tơ điện tử 1 pha 220V-80A LW - đồng hồ đo công suất tiêu thụ Kwh,27 Đã bán,https://www.lazada.vn/products/pdp-i1570212121.html,
Điện,FTP Mobie,249.000 ₫,-34%,164340,-84,4.8,Thiết bị đo công suất 100A 220V công tơ điện tử màn hình LCD hiển thị 6 thông số đồng hồ điện tử,373 Đã bán,https://www.lazada.vn/products/pdp-i789924037.html,
Điện,TBĐ NAM ĐỊNH,,,,-3,4.7,Đồng hồ đo công suất tiêu thụ Kwh 220v- 60A - Công tơ điện tử 1 pha Nakasi,15 Đã bán,https://www.lazada.vn/products/pdp-i2825278348.html,
Điện,Store Houseware,198.000 ₫,-57%,85140,-68,4.9,"Thiết bị tiết kiệm điện Eletricity saving box ( đảm bảo tiết kiệm 100%) - Thiết Bị Tiết Kiệm Điện, Máy Tiết Kiệm Điện Eletricity Saving Box 220V, Thiết Bị Tiết Kiệm Điện Thông Minh Giữ Nguồn Điện Ổn Định Bộ Tiết Kiệm Điện Đa Năng",280 Đã bán,https://www.lazada.vn/products/pdp-i2737629783.html,
Điện,Awesome home,90.000 ₫,-29%,63900,-40,4.9,Ổ Cắm Điện Thông Minh Đa Năng Có 2 Cổng Sạc usb Chất Lượng Cao,139 Đã bán,https://www.lazada.vn/products/pdp-i2951352451.html,
Điện,Thế Giới Linh Kiện 720,150.000 ₫,-36%,96000,-75,4.7,"Đồng hồ đo điện tử đa năng DT9205A, đo điện áp, dòng điện, vôn kế... có kèm pin 9V, bảo hành 1 tháng",236 Đã bán,https://www.lazada.vn/products/pdp-i1427130713.html,
Dụng cụ đo lường,HomelifeOfficialStore,194.923 ₫,-27%,142293,-115,4.8,(Thanh lý lỗ) ⚡Đồng hồ vạn năng DT9205A màn hình kỹ thuật số đồng hồ vạn năng thông minh Máy đo bảo dưỡng thợ điện chính xác cao,333 Đã bán,https://www.lazada.vn/products/pdp-i1904497392.html,
Điện,Phương Đông Lighting,170.000 ₫,-32%,115600,-692,4.9,Đồng hồ đo điện vạn năng Samwa YX-360 TRn,2.4K Đã bán,https://www.lazada.vn/products/pdp-i1640031219.html,
Dụng cụ cầm tay & phụ kiện,Thế Giới Thợ Xe,487.000 ₫,-54%,224020,-21,5,Đồng hồ vạn năng UT33D+ | Đồng hồ đo điện đa năng điện tử hiển thị số - Thế Giới Thợ Xe,58 Đã bán,https://www.lazada.vn/products/pdp-i1985148452.html,
Điện,CleverOfficial Store,90.990 ₫,-40%,54594,-5,5,"⚡Miễn Phí Vận Chuyển⚡ Ổ Cắm Điện Power Strip Đa Năng Thông Minh-Ổ cắm điện thông minh kèm cổng sạc 2 USB，5 plugs, 9 universal socket",22 Đã bán,https://www.lazada.vn/products/pdp-i2630667207.html,
Điện,homeappliancescollectionstore,255.000 ₫,-43%,145350,-3,5,"【🔥Rẻ】 AC Màn Hình 6 Trong 1 KWh Công Suất Đo Tần Số 110V 220V 380V 100A, Điện Hệ Số Công Suất Hoạt Động màn Hình",6 Đã bán,https://www.lazada.vn/products/pdp-i3108700924.html,
Dụng cụ đo lường,Linh Kiện Điện Tử Chợ Trời Hà Nội,33.000 ₫,-33%,22110,-5,5,"Đồng hồ đo điện vạn năng Diymore ANENG M113, đo volt, điện trở",31 Đã bán,https://www.lazada.vn/products/pdp-i2707652807.html,
Điện,hoangvietstore,60.000 ₫,-25%,45000,-191,4.8,Ổ Điện 3 Cổng Sạc USB Cắm Điện Thoại Tiện Lợi Đa Năng,738 Đã bán,https://www.lazada.vn/products/pdp-i1557390801.html,
Điện,newstyle vn,76.700 ₫,-7%,71331,-263,4.8,"[Giao hàng 12 giờ⚡️] Ổ cắm điện thông minh 5 phích cắm, 2 cổng sạc USB, 9 ổ cắm đa năng dây dài 1,8 mét điện đa năng có công tắc, điện thông minh, phích cắm điện chống giật, phích cắm đa năng",851 Đã bán,https://www.lazada.vn/products/pdp-i2609038736.html,
Điện,Linh Kiện 024,73.000 ₫,-3%,70810,-115,4.7,Combo 3 món đồng hồ điện tử XL830L + Mỏ hàn chỉnh nhiệt TQ936 + Hút thiếc chì mini sửa chữa điện tử hàn mạch đo điện V1,367 Đã bán,https://www.lazada.vn/products/pdp-i1963236385.html,
Đồ gia dụng chăm sóc cá nhân,ZODAN Corporation,278.000 ₫,-64%,100080,-1736,4.9,"Máy mát xa cầm tay, massage toàn thân ZB720 Với 4 Đầu Thay Thế 6 Cấp Độ BH 12 Tháng",5.5K Đã bán,https://www.lazada.vn/products/pdp-i2531814408.html,
"Thiết bị sưởi, làm lạnh và thông gió",JYShiZhiKeJi,62.200 ₫,-48%,32344,-8824,4.9,"Quạt Tích Điện Mini Super Fan, Để Bàn Văn Phòng Gấp Gọn Có Thể Kéo Dài 3 Tốc Độ Gió Xoay 360 Độ Cổng sạc USB",30.8K Đã bán,https://www.lazada.vn/products/pdp-i2535083203.html,
Thiết bị đeo thông minh,Pilot Star_VN.Selection,43.700 ₫,-58%,18354,-1211,5,Đồng Hồ Trẻ Em Đồng Hồ Điện Tử Cho Bé Trai Đồng Hồ Báo Thức Thể Thao Chống Nước Đa Chức Năng,3.7K Đã bán,https://www.lazada.vn/products/pdp-i2529039768.html,
Phụ kiện điện thoại & máy tính bảng,Shen Zhen 3C,500.000 ₫,-70%,150000,-76,4.6,"Pin Sạc Dự Phòng 100% Chính Hãng 100000mAh, Sạc Nhanh, Kèm 4 Cáp, Pin Dự Phòng Di Động 100000mAh",218 Đã bán,https://www.lazada.vn/products/pdp-i3189226440.html,
Phụ kiện điện thoại & máy tính bảng,Shen Zhen 3C,500.000 ₫,-68%,160000,-39,4.4,Sạc dự phòng100000mAh cổng sạc nhanh 120W pd20W kèm 4 đầu cáp sạc màn hình led bảo hành 12 tháng,137 Đã bán,https://www.lazada.vn/products/pdp-i3189143990.html,
Phụ kiện điện thoại & máy tính bảng,Shen Zhen 3C,490.000 ₫,-67%,161700,-20,4.8,"Bùng nổ 100000mAh sạc dự phòng 50000mAh,2 cổng sạc đầu vào, 4 cổng USB sạc, hiển thị dung lượng kỹ Bùng nổ 100000mAh sạc dự phòng 50000mAh,2 cổng sạc đầu vào, 4 cổng USB sạc, hiển thị dung lượng kỹ thuật sốthuật số",73 Đã bán,https://www.lazada.vn/products/pdp-i3189188451.html,
Thiết bị đeo thông minh,Pilot Star_VN.Selection,16.500 ₫,-33%,11055,-555,4.8,"Thiết kế cổ điển Đồng hồ nam kỹ thuật số LED, đồng hồ thép",1.8K Đã bán,https://www.lazada.vn/products/pdp-i2529200179.html,
Smartphones,LPK_dienthoaigiare,299.000 ₫,-3%,290030,-78,4.4,Điện thoại oppo neo5 _a31. Điện thoại gia rẻ HÀNG CHÍNH HÃNG đã qua sử dụng,182 Đã bán,https://www.lazada.vn/products/pdp-i2500695835.html,
Phụ kiện điện thoại & máy tính bảng,NAICHONG MALL,80.000 ₫,-44%,44800,-15,4.2,"NAICHONG Mini Pin sạc dự phòng với bốn được xây dựng trong cáp, 20000mAh dung tích lớn đồ sạc di động",56 Đã bán,https://www.lazada.vn/products/pdp-i3141279173.html,
Thiết bị đeo thông minh,Pilot Star_VN.Selection,40.100 ₫,-29%,28471,-138,4.9,Đồng hồ thể thao sinh viên tối giản xu hướng khí chất cá nhân cảm ứng phát sáng gương màn hình đồng hồ vuông phong cách Ins,779 Đã bán,https://www.lazada.vn/products/pdp-i2545533423.html,
Phụ kiện điện thoại & máy tính bảng,Siêu thị nhập khẩu Sakurato,528.000 ₫,-49%,269280,-82,4.9,(TẶNG CÁP SẠC NHANH) PIN Dự Phòng CONTAINER 50000mAh  tích hợp 4 dây ra bảo hành 12 Tháng phụ Kiện Điện Thoại Pin Dự Phòng Sạc Pin Đèn,412 Đã bán,https://www.lazada.vn/products/pdp-i3058537778.html,
Điện,GlobalLifestyle,582.000 ₫,-53%,273540,-64,5,KWS-X1 4V-30V 12A Loại C Khuếch Phát Hiện Sạc Nhanh Dung Lượng Đo Màn Hình Hiển Thị Kỹ Thuật Số Bút Thử Điện,401 Đã bán,https://www.lazada.vn/products/pdp-i3120436965.html,
Điện,NingXiangShiHaiJunDaiBaiHuoDian,178.490 ₫,-50%,89245,,,Đồng hồ vạn năng Thông Minh Kỹ Thuật Số Chống cháy VC921 hiển thị độ chính xác cao đa năng bỏ túi,6 Đã bán,https://www.lazada.vn/products/pdp-i2783818011.html,
Phụ kiện Máy tính,xDnUIM.Selection,49.000 ₫,-29%,34790,-6227,5,"Ổ cắm điện đa chức năng , gồm 6 đầu chuyển , tiện lợi , dễ di chuyển",17.7K Đã bán,https://www.lazada.vn/products/pdp-i2534662796.html,
Phụ kiện điện thoại & máy tính bảng,Sun_mon,200.000 ₫,-18%,164000,-3,5,[28] Box Sạc QC4.0 Sạc Nhanh Không Hàn 4 * 21700 Trong Suốt SCP25W Vooc 22.5W PD20W QC18W Chưa Có Pin,11 Đã bán,https://www.lazada.vn/products/pdp-i3163263073.html,
Thiết bị theo dõi GPS & Phụ kiện,LadyTime_Shop,290.000 ₫,-48%,150800,-27,4.9,"Thiết Bị Định Vị GPS Hoco E100 , Định Vị Chính Xác , Không Giới Hạn Khoảng Cách , Theo Dõi Trẻ Em , Đồ Vật ,Tránh Thất Lạc",193 Đã bán,https://www.lazada.vn/products/pdp-i3207757520.html,
Smartphones,Smartchoice 247,600.000 ₫,-50%,300000,-22,4.6,Điện Thoại Thông Minh Giá Rẻ Samsung Galaxy J2 prime G532 Hỗ Trợ 4G Máy Cũ Tân Trang,87 Đã bán,https://www.lazada.vn/products/pdp-i3065998302.html,
Thiết bị nhà bếp,ZODAN Corporation,198.000 ₫,-50%,99000,-1943,4.9,"[BH 1 NĂM] Ấm đun siêu tốc, Bình đun nước siêu tốc 2.3L - Bảo Hành 1 Năm",5.1K Đã bán,https://www.lazada.vn/products/pdp-i2531847264.html,
Nhà thông minh,Hometek,117.000 ₫,-42%,67860,-1149,4.9,"Công tắc điều khiển từ xa Công suất lớn 3000W - 220V, Bh 1 tháng",5.4K Đã bán,https://www.lazada.vn/products/pdp-i2024613592.html,
Điện,bansi08,70.000 ₫,-39%,42700,-13,4.8,Combo 2 ổ Cắm Điện Thông Minh Đa Năng Cổng Sạc USB Tiện Dụng,60 Đã bán,https://www.lazada.vn/products/pdp-i2626208182.html,
Trang trí nhà cửa,Vinetteam Store,132.900 ₫,-35%,86385,-29,4.7,"Đồng Hồ Báo Thức Điện Tử Để Bàn Màn Hình LCD Đa Chức Năng: Thời Gian, Lịch, Báo Thức, Nhiệt Độ -dc2998",118 Đã bán,https://www.lazada.vn/products/pdp-i1383975156.html,
Đèn,Điện Việt,84.000 ₫,-29%,59640,-651,4.8,Đèn bàn học bài đọc sách đa năng loại tốt -  Điện Việt,2.1K Đã bán,https://www.lazada.vn/products/pdp-i248018800.html,
Phụ kiện điện thoại & máy tính bảng,Siêu thị nhập khẩu Sakurato,375.000 ₫,-41%,221250,-378,4.9,"Sạc Dự Phòng 30000mAh 120W Trong Suốt Sạc Siêu Nhanh Siêu Bền Kết Hợp Led Soi Sáng Với 4 Đầu Sạc Và 3 Cổng Sạc Tiện Dụng 2 Cổng USB, 1 Cổng Type C",1.4K Đã bán,https://www.lazada.vn/products/pdp-i2662954801.html,
Điện,Đàn Nguyễn Store,75.000 ₫,-5%,71250,-9,5,Ổ cắm chia điện đa năng 2500W chân 2 chấu đi kèm cổng sạc Usb 5V2A có đèn ngủ và công tắc riêng,29 Đã bán,https://www.lazada.vn/products/pdp-i3097313235.html,
Phụ kiện điện thoại & máy tính bảng,KnHNvryq,780.000 ₫,-57%,335400,,,Sạc dự phòng 90000mAh sạc nhanh 120W pin PD20W dung lượng lớn có dây cắm nhiều điện thoại sạc sự Dựng phòng LED,,https://www.lazada.vn/products/pdp-i3199943958.html,
Điện,Cosette,58.000 ₫,-33%,38860,-54,4.8,Ổ Cắm Điện Thông Minh Đa Năng Cổng Sạc USB Tiện Dụng,205 Đã bán,https://www.lazada.vn/products/pdp-i2279881737.html,
Phụ kiện điện thoại & máy tính bảng,ZAPLY,345.000 ₫,-33%,231150,-23,4.7,Sạc dự phòng100000mAh cổng sạc nhanh 120W pd20W kèm 4 đầu cáp sạc màn hình led bảo hành 12 tháng,82 Đã bán,https://www.lazada.vn/products/pdp-i3183903202.html,
Điện,TỔNG KHO GIA DỤNG 1587825305,,,,-43,4.8,"Ổ điện đa năng sạc nhanh, ổ cắm điện tự ngắt dây nối dài ổ điện thông minh chịu tải cao 2200w",140 Đã bán,https://www.lazada.vn/products/pdp-i2708808190.html,
Phụ kiện điện thoại & máy tính bảng,CHANG TAN,180.000 ₫,-56%,79200,-122,4.7,"GIÁ SỈ TẶNG CÁP SẠC NHANH 39K - PIN TRÂU 30000MAH, PIN SẠC DỰ PHÒNG CAO CẤP THIẾT KẾ MÀN HÌNH GƯƠNG 2 CỔNG SẠC NHANH",177 Đã bán,https://www.lazada.vn/products/pdp-i2634869031.html,
Nhà thông minh,Hometek,100.000 ₫,-32%,68000,-957,4.9,[HCM]Công tắc điều khiển từ xa RF 2 cổng 4 cổng độc lập xuyên tường + màu Trắng + Kèm Pin Remote,3.8K Đã bán,https://www.lazada.vn/products/pdp-i1097624605.html,
Điện,Gia Dụng PINGS,110.000 ₫,-37%,69300,-27,4.8,Ổ điện đa năng ổ cắm điện thông minh 2200W chống giật chống cháy 4 ổ USB 5V2A và đèn ngủ tiện lợi,108 Đã bán,https://www.lazada.vn/products/pdp-i2433640919.html,
Dụng cụ đo lường,YZL-tools,147.000 ₫,-46%,79380,-36,5,Đồng hồ vạn năng kỹ thuật số Mini 4000 đếm AC DC dụng cụ điện Tester Auto multimetro kỹ thuật số Profesional Meter,6 Đã bán,https://www.lazada.vn/products/pdp-i2302404321.html,
Đồ gia dụng chăm sóc cá nhân,KHO BÁCH HÓA QUẢNG NGÃI,199.000 ₫,-50%,99500,-2,5,"T10 Bàn chải điện Electric 5 chế độ làm sạch, sạc qua dây USB tặng kèm 4 đầu chải mềm mịn, bảo vệ sức khỏe răng miệng gia đình bạn. Bảo hành 6 tháng",5 Đã bán,https://www.lazada.vn/products/pdp-i3211688195.html,
Trang trí nhà cửa,Esc Viet Nam,65.000 ₫,-10%,58500,,,"Đồng Hồ Báo Thức Điện Tử Để Bàn Màn Hình LCD Đa Chức Năng: Thời Gian, Lịch, Báo Thức, Nhiệt Độ -dc2998 dong ho bao t huc",,https://www.lazada.vn/products/pdp-i2178955695.html,
Phụ kiện điện thoại & máy tính bảng,ZAPLY,337.500 ₫,-33%,226125,-9,4.4,"Bộ sạc điện thoại 50.000MAH , 4 cổng USB, sạc nhanh PD 120W, bảo hành 6 tháng sạc dự phòng di động dung lượng lớn  đi kè",45 Đã bán,https://www.lazada.vn/products/pdp-i3183867327.html,
Điện,NAYA STORE,324.000 ₫,-59%,132840,-311,4.9,【Miễn phí vận chuyển】NAYA Máy đo đa năng mini đa phương tiện kỹ thuật số ANENG M118A đồng hồ vạn năng đo lường nhận dạng tự động,917 Đã bán,https://www.lazada.vn/products/pdp-i2019689729.html,
Điện,ForesightOfficialStore,87.900 ₫,-40%,52740,-17,4.5,"Ổ cắm điện thông minh 5 phích cắm, 2 cổng sạc USB, 9 ổ cắm đa năng dây dài 1,8 mét điện đa năng có công tắc",44 Đã bán,https://www.lazada.vn/products/pdp-i2638967012.html,
Điện,smart world,249.000 ₫,-30%,174300,-22,4.8,Thiết bị đo công suất 100A 220V công tơ điện tử màn hình LCD hiển thị 6 thông số đồng hồ điện tử,105 Đã bán,https://www.lazada.vn/products/pdp-i789860944.html,
Điện,NAYA STORE,188.000 ₫,-58%,78960,-61,4.6,【Miễn phí vận chuyển】ANENG Đồng Hồ Vạn Năng Kỹ Thuật Số DM850 Máy Kiểm Tra Điện Áp AC/DC Tự Động 1999 Số Đếm Công Cụ Dò Ampe Kế Ohm Dòng Điện,289 Đã bán,https://www.lazada.vn/products/pdp-i2062400662.html,
Thiết bị y tế,Thiết Bị KQ,,,,-2,5,Đồng hồ điện tử kiêm nhiệt ẩm kế siêu mỏng,20 Đã bán,https://www.lazada.vn/products/pdp-i264602105.html,
Smartphones,MYSON MOBILE,419.000 ₫,-29%,297490,-33,4.4,"điện thoại Xiaomi Redmi Note 10 2sim ram 6G/128G Chính hãng, cấu hình khủng Cân game mượt - CMS",78 Đã bán,https://www.lazada.vn/products/pdp-i2879921936.html,
Đồ gia dụng chăm sóc cá nhân,SADA Shopping Mall,272.000 ₫,-34%,179520,-54,4.9,SADA 120W sạc dự phòng 20000 mAh sạc siêu nhanh dung tích lớn Sạc dự phòng di động sạc dự phòng Phù hợp với Huawei Apple,88 Đã bán,https://www.lazada.vn/products/pdp-i2943071571.html,
Phụ kiện điện thoại & máy tính bảng,Siêu thị nhập khẩu Sakurato,590.000 ₫,-51%,289100,-58,4.9,"(Tặng thêm cáp 4in1) Sạc Pin Dự Phòng 50000mah Tên PD120W Bảo hành 12 tháng Trong Suốt Có đồng hồ Hiển Thị Hiệu Điện Thế(V), Cường độ dòng điện(A) tích hợp 10 đèn Led",215 Đã bán,https://www.lazada.vn/products/pdp-i2945486165.html,
Phụ kiện điện thoại & máy tính bảng,violet56,147.000 ₫,-33%,98490,-5,5,"Sạc Siêu Nhanh 66W 20000MAh Cáp Tự Dây Điện Dung Tích Lớn, In Logo Nguồn Điện Di Động Trong Suốt Quà Tặng",17 Đã bán,https://www.lazada.vn/products/pdp-i3121216575.html,
Điện,Good Luck VN,208.000 ₫,-52%,99840,-65,5,"Đồng hồ đo điện, loại kim, model vạn năng sunma sanwai YX-360TR, tặng kèm 2 pin AA + 1 pin 9V, loại con trỏ YX-360TRN, đồng hồ vạn năng analog, đồng hồ điện sunwa",113 Đã bán,https://www.lazada.vn/products/pdp-i2465263003.html,
Phụ kiện Máy tính,Vinetteam Store,162.000 ₫,-47%,85860,-36,4.8,Xả hàng - Bàn phím không dây Bluetooth mini cho máy tính bảng/BÀN PHÍM  KÈM CHUỘT KEYBOARD + MOUSE BLUETOOTH KHÔNG DÂY MINI KIT dùng Pin AA,65 Đã bán,https://www.lazada.vn/products/pdp-i1073560656.html,
Điện,A_hoco__Store,229.000 ₫,-41%,135110,-23,4.9,【🔥HCM/24H】Đồng hồ vạn năng DT9205A màn hình kỹ thuật số đồng hồ vạn năng thông minh Máy đo bảo dưỡng thợ điện chính xác cao,57 Đã bán,https://www.lazada.vn/products/pdp-i1904566071.html,
Điện,Samebeauty,341.167 ₫,-40%,204700,-4,4,[Giao hàng 24 giờ⚡️] Đồng hồ đo điện áp D52-2066 6 trong 1 đa năng 110V 220V 380V 100A,17 Đã bán,https://www.lazada.vn/products/pdp-i2807379856.html,
Phụ kiện điện thoại & máy tính bảng,CHANG TAN,180.000 ₫,-56%,79200,-87,4.7,[ FREESHIP KÈM CÁP SẠC] PIN SẠC DỰ PHÒNG CAO CẤP THIẾT KẾ MÀN HÌNH LED CỰC SANG TRỌNG - 2 CỔNG SẠC NHANH + ĐÈN LED SIÊU SÁNG TẦM NHÌN TỐT - SẠC DỰ PHÒNG AN TOÀN CHO MỌI DÒNG ĐIỆN THOẠI,129 Đã bán,https://www.lazada.vn/products/pdp-i2620443676.html,
An toàn & bảo mật,Tonnifu dụng cụ điện,180.000 ₫,-45%,99000,-82,4.9,"Đèn Pha LED Tonnifu 905 Dùng Pin Chân Phổ Thông - 21V Chung Pin Máy Khoan, Bulong",224 Đã bán,https://www.lazada.vn/products/pdp-i2825587562.html,
Thiết bị thông minh,phụ kiện đèn led,,,,,,Màn Hình LED Trang Trí Thông Minh Chỉnh Qua App Điện Thoại,,https://www.lazada.vn/products/pdp-i3180463209.html,
Dụng cụ đo lường,ĐìnhVăn Shop,154.000 ₫,-7%,143220,,,Đồng hồ đo vạn năng Digital DT-9205A,,https://www.lazada.vn/products/pdp-i2044181848.html,
Điện,Plata,85.000 ₫,-24%,64600,-2,5,Đồng hồ đo điện Volt Ohm Amp AC/DC đa năng Digital Multimeter DT-830B cho thợ điện tử thiết kế nhỏ gọn dễ sử dụng chi phí thấp,16 Đã bán,https://www.lazada.vn/products/pdp-i2592565128.html,
Điện,ĐIỆN TỬ HỒNG UYÊN,98.000 ₫,-24%,74480,-2,4.5,Đồng hồ vạn năng Điện tử kỹ thuật số màn hình LCD XL830L độ chính xác cao (Bán kèm pin 9v) - Điện tử hồng uyên,5 Đã bán,https://www.lazada.vn/products/pdp-i2797897710.html,
Thiết bị y tế,OOKAS Đồ gia dụng nhỏ,176.098 ₫,-29%,125029,-9,5,OOKAS Trang chủ Kích thước lớn LED HD Hiển thị Quy mô điện tử,39 Đã bán,https://www.lazada.vn/products/pdp-i2578443485.html,
Trang trí nhà cửa,Thiết Bị Số 686,,,,-7,4.1,"Đồng Hồ Báo Thức Điện Tử Để Bàn Màn Hình LCD Đa Chức Năng: Thời Gian, Lịch, Báo Thức, Nhiệt Độ -dc2998",42 Đã bán,https://www.lazada.vn/products/pdp-i1361631966.html,
Điện,GlobalTreasure1,173.000 ₫,-38%,107260,,,Điện áp & hiện tại máy đo tần số màn hình hiển thị kỹ thuật số 50-500V 1-120a cài đặt nhanh,,https://www.lazada.vn/products/pdp-i3086254684.html,
Điện,Ba3Van,182.000 ₫,-24%,138320,-4,5,Đồng Hồ Đo Điện Vạn Năng Kỹ Thuật Số Tự Động Hiển Thị Và Lưu Chuyên Nghiệp Kiểm Tra Điện Áp AC/DC,7 Đã bán,https://www.lazada.vn/products/pdp-i3083752404.html,
Dụng cụ đo lường,Điện máy thành hưng,,,,-1,5,Đồng hồ đo điện vạn năng kỹ thuật số ZOYI VC921 - Hàng chuẩn,,https://www.lazada.vn/products/pdp-i2319982443.html,
Phụ kiện điện thoại & máy tính bảng,Smart Tech Mall,560.000 ₫,-57%,240800,-206,4.9,"Sạc Dự Phòng Không Dây 10000mAh, Pin Dự Phòng Tích Hợp 2 Dây Sạc, Sạc Nhanh An Toàn Không Nóng Máy, Pin Lithium Dùng Cho IP Và Androi, Đèn LED Thông Báo Tình Trạng Pin, Màu Sắc Đa Dạng. Bảo Hành 12 Tháng, Lỗi Đổi Mới.",415 Đã bán,https://www.lazada.vn/products/pdp-i2945514407.html,
Điện,Gia Dụng PINGS,62.000 ₫,-21%,48980,-27,4.8,Ổ Cắm Điện Đa Năng Chữ T Siêu Tiện Dụng (4 Chấu + 2 Cổng USB) - Ổ Điện Tiện Lợi Kết Hợp Đèn Ngủ,179 Đã bán,https://www.lazada.vn/products/pdp-i2188067563.html,
Điện,AONISU,179.000 ₫,-31%,123510,-540,4.9,"Ổ Cắm Điện Thông Minh 5 Phích , 3 Cổng Sạc USB , Dây Dài 5 Mét - Ổ Điện Đa Năng Có Công Tắc , Ổ Điện Thông Minh , Phích Cắm Điện Chống Giật , Phích Cắm Đa Năng",1.9K Đã bán,https://www.lazada.vn/products/pdp-i886830366.html,
Dụng cụ điện & phụ kiện,HANDPHONEVN,,,,-1,5,Nhiệt Kế Điện Tử Đo Nhiệt Độ Hiển Thị Số LCD Dây Đầu Dò Nhiệt Độ Dây Dò Dài 2m,,https://www.lazada.vn/products/pdp-i2347393821.html,
Điện,Đồ Chơi Sáng Tạo - DIY,70.000 ₫,-20%,56000,-51,4.8,Đồng hồ vạn năng đo điện A830L và DT-830B,234 Đã bán,https://www.lazada.vn/products/pdp-i1968125827.html,
Điện,XUKO Shop.,,,,-30,5,"Công tơ điện tử đa năng hiển thị 1 thông số và 4 thông số 80A LW đo công suất, điện áp, cường độ dòng điện",145 Đã bán,https://www.lazada.vn/products/pdp-i1762828678.html,
Phụ kiện điện thoại & máy tính bảng,ProTool Hub,80.000 ₫,-43%,45600,-14,4.1,"Đèn Led Sefie Mini Cầm Tay 3 Chế Độ Sáng, Phụ Kiện Trợ Sáng Chụp Ảnh, Quay Video Chuyên Nghiệp",58 Đã bán,https://www.lazada.vn/products/pdp-i3051963642.html,
Điện,Phụ Kiện Điện Thoại Lâm Music,54.075 ₫,-11%,48126,-4,5,Chia Ổ Điện Kiêm Đèn Ngủ Có 2 Usb Sạc Điện Thoại. Ổ Điện Thông Minh Chữ T Kèm Đèn Ngủ Và Sạc USB - Bộ Chia Ổ Điện 2 Cổng,25 Đã bán,https://www.lazada.vn/products/pdp-i2765933878.html,
Dụng cụ cầm tay & phụ kiện,Vinetteam Store,159.000 ₫,-44%,89040,,,"Đồng hồ vạn năng DT9205A đồng hồ đo điện thông minh màn hình kĩ thuật số, độ chính xác cao - dc5266",,https://www.lazada.vn/products/pdp-i2613856196.html,
Điện,G01 Phụ Kiện Thông Minh,84.915 ₫,-27%,61987,-4,5,Ổ cắm điện đa năng nhiều Cổng sạc USB 2 Cáp USB 3 Và 5M Dây Cáp Dày Chất Lượng Cao,20 Đã bán,https://www.lazada.vn/products/pdp-i2664809678.html,
Điện,Linh Kiện Điện Tử 3MS Tân Phú,143.000 ₫,-11%,127270,-731,4.9,Đồng Hồ Vạn Năng BEST 9205M,2.0K Đã bán,https://www.lazada.vn/products/pdp-i249175428.html,
Xe hơi,flyingskystore,184.100 ₫,-39%,112301,-56,4.9,Đồng Hồ Vạn Năng DT9205A Đồng Hồ Vạn Năng Thông Minh Màn Hình Kỹ Thuật Số Độ Chính Xác Cao Dụng Cụ Kiểm Tra Bảo Trì Thợ Điện,157 Đã bán,https://www.lazada.vn/products/pdp-i2038736366.html,
Điện,Khánh Ngọc Store,60.000 ₫,-8%,55200,-15,5,Ổ Điện Thông Minh Chữ T Kèm Đèn Ngủ Và Sạc USB Tiện Dụng,5.7K Đã bán,https://www.lazada.vn/products/pdp-i2487771268.html,
Điện,ZOYI Tools,,,,-1,5,"Đồng Hồ Vạn Năng Zoyi ZT-100 Đo Điện Kỹ Thuật Số Thiết Kế Nhỏ Gọn, Màn Hình Hiển Thị Lớn, Dễ Đọc",,https://www.lazada.vn/products/pdp-i2846106634.html,
Điện,ForesightOfficialStore,216.600 ₫,-40%,129960,-45,4.9,Đồng hồ đo công suất điện 220V có nút độ chính xác cao màn hình hiển thị LCD P U I Kwh bộ công tơ điện tử,117 Đã bán,https://www.lazada.vn/products/pdp-i2406089583.html,
Điện,orientation,240.000 ₫,-25%,180000,-7,4.6,"Đồng hồ điện tử hiển thị 6 thông số,Thiết bị đo công suất 100A 220V,công tơ điện tử",39 Đã bán,https://www.lazada.vn/products/pdp-i815210303.html,
Phụ kiện điện thoại & máy tính bảng,NOBAHSI,,,,-143,4.5,Bộ sạc dự phòng 66W mới Sạc nhanh 50000 mAh Công suất lớn Mini nhỏ gọn Điện thoại di động ngoài trời sạc kho báu PD 20W Kèm 4 Đầu Sạc Siêu Tiện Lợi,377 Đã bán,https://www.lazada.vn/products/pdp-i3047365410.html,
Điện,Charming House,120.000 ₫,-12%,105600,-491,4.6,"Đồng hồ vạn năng VOM Samwa YX360-TRn - Đồng hồ đo điện kèm pin chuyên đo dòng điện xoay chiều, một chiều và điện trở",1.6K Đã bán,https://www.lazada.vn/products/pdp-i702958917.html,
Trang trí nhà cửa,shopbonbon56,240.000 ₫,-46%,129600,-193,4.9,[ SALE SẬP SÀN ] Đồng Hồ Để Bàn Điện Tử Led Trang Trí Cao Cấp,2.1K Đã bán,https://www.lazada.vn/products/pdp-i1299808407.html,
Điện,BUM BI,,,,-1,5,"Đồng Hồ Đo Điện Tử XL830L Có Màn Hình LCD Cầm Tay Nhỏ Gọn, Thiết Bị Đo Dòng Điện Độ Chính Xác Cao Kèm Pin Và Dây Đo",,https://www.lazada.vn/products/pdp-i3052023345.html,
Nhà thông minh,PK Happy Shop,196.000 ₫,-12%,172480,-438,4.9,"New 2022 , Loa Bluetooth XM 520 Thiết Kế Vỏ Gỗ Sang Trọng Dạng Thanh Để Bàn , Bass Chuẩn , Ấm , Công Suất 20W Siêu Trầm - Bảo Hành 1 Năm - Happy Shop",1.1K Đã bán,https://www.lazada.vn/products/pdp-i2011975962.html,
Vệ sinh nhà cửa,d3odSmYq.Selection,64.000 ₫,-47%,33920,-1406,4.9,"Máy Hút Bụi Ô Tô Không Dây 120W – Nhỏ Gọn, Mạnh Mẽ, Dùng Nguồn Sạc 12V – Trọng Lượng 310g, 17x12cm",3.9K Đã bán,https://www.lazada.vn/products/pdp-i2507825435.html,
Phụ kiện Máy tính,PTlG8cPR.Selection,71.500 ₫,-33%,47905,-1285,4.9,Bàn Phím Bluetooth 10.1 Inch Dùng Cho Máy Tính Bảng Ipad Bàn Phím Sạc Phổ Thông Bộ Chuột Không Dây,3.8K Đã bán,https://www.lazada.vn/products/pdp-i2482946072.html,
Thiết bị nhà bếp,ZODAN Corporation,280.000 ₫,-38%,173600,-1582,4.9,"Nồi nấu đa năng, nồi lẩu điện đa năng, nồi hấp cao cấp 28cm, 3.8L, bảo hành 1 năm",6.0K Đã bán,https://www.lazada.vn/products/pdp-i2075101237.html,
Phụ kiện điện thoại & máy tính bảng,Shen Zhen 3C,400.000 ₫,-70%,120000,-24,4.7,"[năng lượng mặt trời]pin sạc dự phòng  100000mAh dung lượng  khủng,lớn với ngân hàng điện bốn dây đèn LED sạc nhanh 120W",68 Đã bán,https://www.lazada.vn/products/pdp-i3189241362.html,
Phụ kiện điện thoại & máy tính bảng,Siêu thị nhập khẩu Sakurato,500.000 ₫,-48%,260000,-572,4.9,"Sạc Pin Dự Phòng 50000mah Bảo hành 12 tháng Trong Suốt Có đồng hồ Hiển Thị Hiệu Điện Thế(V), Cường độ dòng điện(A) tích hợp 10 đèn Led",2.1K Đã bán,https://www.lazada.vn/products/pdp-i2894406649.html,
Phụ kiện điện thoại & máy tính bảng,GUTEK,390.000 ₫,-41%,230100,-1472,4.9,Sạc dự phòng 50000mAh sạc nhanh 120W pin dung lượng lớn có dây cắm nhiều điện thoại - Gutek GT230,4.2K Đã bán,https://www.lazada.vn/products/pdp-i2730386858.html,
Phụ kiện điện thoại & máy tính bảng,SeasTina MALL,104.000 ₫,-50%,52000,-38,3.7,"SeasTina mini pin sạc dự phòng với bốn được xây dựng trong cáp, 20000mAh dung tích lớn đồ sạc di động",86 Đã bán,https://www.lazada.vn/products/pdp-i3138859648.html,
Phụ kiện điện thoại & máy tính bảng,vneIcRnO.Selection,62.100 ₫,-42%,36018,-1174,4.8,"AME216 Sạc nhanh thời trang và nhẹ hỗ trợ nhiều loại cổng sạc, phối màu đen trắng, sạc dự phòng di động",3.8K Đã bán,https://www.lazada.vn/products/pdp-i2533033956.html,
Phụ kiện điện thoại & máy tính bảng,vneIcRnO.Selection,64.700 ₫,-28%,46584,-669,4.7,"Pin Sạc Dự Phòng Aimier Mini – Sạc Nhanh PD, Màn Hình LCD Hiển Thị, Nhỏ Gọn Dễ Mang Theo – Tương Thích Nhiều Cổng Sạc",2.3K Đã bán,https://www.lazada.vn/products/pdp-i2651287533.html,
Phụ kiện điện thoại & máy tính bảng,THANH CONG PLUS,269.000 ₫,-45%,147950,-21,4.3,"Pin dự phòng pin 20000mAh trong suốt dung lượng lớn sạc nhanh 22,5W cho nhiều thiết bị điện thoại",103 Đã bán,https://www.lazada.vn/products/pdp-i2671719022.html,
Dụng cụ cầm tay & phụ kiện,Hưng phát 97,400.000 ₫,-40%,240000,-1207,4.8,Thân Máy siết bulong HITACHI Không Chổi Than đầu 2 trong 1 -  LOẠI 1,4.0K Đã bán,https://www.lazada.vn/products/pdp-i983366898.html,
Điện,Landnn,,,,-22,4.6,Máy đo dòng điện điện áp công suất 100A DC (WATT METTER),66 Đã bán,https://www.lazada.vn/products/pdp-i2796233477.html,
Điện thoại bàn,PTlG8cPR.Selection,12.000 ₫,-33%,8040,-1657,4.8,Giá xoay điện thoại di động đa năng kẹp xe ô tô giá đỡ xoay 360 độ,4.0K Đã bán,https://www.lazada.vn/products/pdp-i2429538969.html,
Phụ kiện điện thoại & máy tính bảng,MH GIA DỤNG,178.000 ₫,-54%,81880,-7,5,"[KÈM CÁP SẠC - SALE XÃ KHO] SẠC DỰ PHÒNG LCD MÀN HÌNH GƯƠNG CAO CẤP - PIN DỰ PHÒNG 30000MAH - PIN SẠC DỰ PHÒNG MẶT GƯƠNG, 2 CỔNG SẠC, SẠC MỌI DÒNG ĐIỆN THOẠI - SẠC DỰ PHÒNG GƯƠNG ĐEN GIÁ SỐC",12 Đã bán,https://www.lazada.vn/products/pdp-i3185657871.html,
Phụ kiện điện thoại & máy tính bảng,vneIcRnO.Selection,78.700 ₫,-36%,50368,-395,4.5,"Pin Sạc Dự Phòng Hình Thỏi Son – Nhỏ Gọn, Dán Được, Nhiều Màu Thời Trang – Phù Hợp Nhiều Loại Cổng Sạc",1.6K Đã bán,https://www.lazada.vn/products/pdp-i2657941529.html,
Phụ kiện điện thoại & máy tính bảng,MỘC ÂN SHOP TPHCM,1.070.000 ₫,-93%,74900,-628,4,[BẢO HÀNH TOÀN QUỐC - TẶNG CÁP SẠC NHANH 39K ] - PIN DỰ PHÒNG LCD MẶT GƯƠNG DUNG LƯỢNG 30000MAH - SẠC DỰ PHÒNG CÓ ĐÈN LED HIỂN THỊ DUNG LƯỢNG PIN - HỖ TRỢ SẠC NHANH,1.7K Đã bán,https://www.lazada.vn/products/pdp-i2587994059.html,
Phụ kiện điện thoại & máy tính bảng,BEN BEN TPHCM,161.000 ₫,-50%,80500,-55,4.2,"[HÀNG TỐT] PIN SẠC DỰ PHÒNG 30000MAH MẶT KÍNH CƯỜNG LỰC CAO CẤP - PIN BỀN, SẠC NHANH, DÙNG CẢ NGÀY KHÔNG HẾT PIN, TUỔI THỌ PIN HƠN 999 LẦN SẠC",168 Đã bán,https://www.lazada.vn/products/pdp-i935348361.html,
Đồ gia dụng chăm sóc cá nhân,LALA TRADING,65.000 ₫,-42%,37700,-1514,4.9,"Massage mắt mini cầm tay 208 (Tặng 1 SP Ngẫu Nhiên) - Electric Mini Vibrations Pouch Eye Massage Pen (Bút Massage mini cầm tay, máy mát xa mắt mini)",6.4K Đã bán,https://www.lazada.vn/products/pdp-i498490174.html,
Phụ kiện điện thoại & máy tính bảng,Breaking Bad,84.500 ₫,-35%,54925,-1496,4.6,[READY STOCK] 5000mAh Super Fast Charge Powerbank 120W Portable Charger Power Bank Fast Charging Display/LED Light,3.7K Đã bán,https://www.lazada.vn/products/pdp-i2522170104.html,
Phụ kiện điện thoại & máy tính bảng,Mu1NqZN9,658.000 ₫,-63%,243460,-1,5,Sạc dự phòng 80000mAh 50000mah sạc nhanh 120W pin PD20W dung lượng lớn có dây cắm nhiều điện thoại,10 Đã bán,https://www.lazada.vn/products/pdp-i3199906575.html,
Điện,Global Village-Hà Nội,81.667 ₫,-40%,49000,-34,5,"Ổ Cắm Điện Power Strip 2 USB, 5 plugs, 9 universal socket wire long 2/4 meters",131 Đã bán,https://www.lazada.vn/products/pdp-i2928816407.html,
Phụ kiện điện thoại & máy tính bảng,Shen Zhen 3C,300.000 ₫,-73%,81000,-22,4.8,12000mAh Mini Power Bank Sạc di động Type-C và phích cắm cho điện thoại/đồng hồ/tai nghe,89 Đã bán,https://www.lazada.vn/products/pdp-i3189989000.html,
Phụ kiện điện thoại & máy tính bảng,Lacepulse Store,64.000 ₫,-14%,55040,-1,5,Lacepulse 丨 20000mAh gạo đen điện siêu mỏng xách tay điện nguồn trung tính Quà Tặng đóng gói phổ sạc nhanh đầu ra USB kép cho Android /IP,9 Đã bán,https://www.lazada.vn/products/pdp-i3112997882.html,
Điện,TOP GOAT MALL,340.000 ₫,-53%,159800,-39,4.9,"LazMall Điện Tử Nhật Bản Cục Giảm Điện Nhật Bản Bộ Tiết Kiệm Điện Nhật Bản Tiện Lợi, An Toàn Và Dễ Sử Dụng Giúp Cắt Giảm Đến 43% Lượng Tiêu Thụ Điện Hàng Tháng",64 Đã bán,https://www.lazada.vn/products/pdp-i3168357070.html,
Phụ kiện điện thoại & máy tính bảng,NOBAHSI,,,,-131,4.8,"[SẠC MỌI DÒNG ĐIỆN THOẠI] PIN DỰ PHÒNG 20000MAH CAO CẤP - SẠC DỰ PHÒNG MINI 4IN1 THIẾT KẾ HIỆN ĐẠI SANG TRỌNG - PIN SẠC DỰ PHÒNG TÍCH HỢP 2 ĐÈN LED , HIỂN THỊ PHẦN TRĂM PIN",389 Đã bán,https://www.lazada.vn/products/pdp-i3047690496.html,
Trường học & văn phòng,SEHENA3,81.626 ₫,-44%,45710,,,SEHVN 12 chữ số điện kép chức năng Tiêu chuẩn điện tử máy tính cầm tay cho văn phòng hàng ngày và cơ bản,,https://www.lazada.vn/products/pdp-i3065513061.html,
Điện,Lâm Khải Phong_shop,15.281 ₫,-14%,13141,-4,4.5,Chia Ổ Điện Kiêm Đèn Ngủ Có 2 Usb Sạc Điện Thoại và Phích Cắm Chia Ổ Điện 1 Ra 5 Lỗ,6 Đã bán,https://www.lazada.vn/products/pdp-i3036804707.html,
Phụ kiện điện thoại & máy tính bảng,MỘC ÂN SHOP TPHCM,178.000 ₫,-54%,81880,-19,4.8,"[KÈM CÁP SẠC - SALE XÃ KHO] SẠC DỰ PHÒNG LCD MÀN HÌNH GƯƠNG CAO CẤP - PIN DỰ PHÒNG 30000MAH - PIN SẠC DỰ PHÒNG MẶT GƯƠNG, 2 CỔNG SẠC, SẠC MỌI DÒNG ĐIỆN THOẠI - SẠC DỰ PHÒNG GƯƠNG ĐEN GIÁ SỐC",30 Đã bán,https://www.lazada.vn/products/pdp-i3178797515.html,
Smartphones,LeNgan _Store,,,,-139,4.7,"[SALE- RẺ HỦY DIỆT ] Điện thoại giá rẻ Samsung Galaxy A71 2sim ram 8G/128G, Cấu hình Cao Chiến mọi Game mượt, Chụp ảnh đẹp -CMSS",191 Đã bán,https://www.lazada.vn/products/pdp-i2890491278.html,
Điện,BUM STORE.,,,,,,"Đồng Hồ Đo Điện Kỹ Thuật Số XL830L Độ Chính Xác Cao, Dụng Cụ Đo Điện Tử Kiểm Tra Điện Kèm Pin Và Dây Đo Chuyên Dụng",,https://www.lazada.vn/products/pdp-i3052001413.html,
Điện,Lâm Khải Phong_shop,52.500 ₫,-6%,49350,-2,5,Ổ Điện Xanh Lá Có 3 Usb Sạc Điện Thoại và Chia Ổ Điện Kiêm Đèn Ngủ Có 2 Usb Sạc Điện Thoại,,https://www.lazada.vn/products/pdp-i3140848523.html,
Phụ kiện điện thoại & máy tính bảng,Bull Socket,947.000 ₫,-56%,416680,-41,4.8,"Bull | Ổ cắm điện BULL sạc nhanh GaN 67W Type-C USB, Hộp sạc đa năng để bàn 30W 20W",123 Đã bán,https://www.lazada.vn/products/pdp-i3193554080.html,
Phụ kiện điện thoại & máy tính bảng,ESSAGER,1.131.856 ₫,-69%,350875,-133,4.9,Essager 22.5W sạc dự phòng S 20000mAh Màn hình hiển thị kỹ thuật số được xây dựng trong Loại C Cáp Lightning di động USB-A Type-C pd20w sạc nhanh 10000mAh sạc dự phòng S 4 đầu ra 2 lnputs cho iphone16 15-5 Huawei Samsung máy tính bảng Máy Tính Xách Tay Ta,378 Đã bán,https://www.lazada.vn/products/pdp-i3090593990.html,
Điện,cosmetics.beauty,183.387 ₫,-37%,115533,-193,4.7,"1.8M Ổ cắm điện đa năng thông minh  2-5cổng USB 5v sạc nhanh, ổ chịu tải 2500W, iết kiệm 30 kilowatt H dây nối ổ điện lập phương đa năng tự ngắt",673 Đã bán,https://www.lazada.vn/products/pdp-i1652183628.html,
Dụng cụ cầm tay & phụ kiện,XSafe,475.000 ₫,-30%,332500,-417,4.9,Đồng hồ đo điện vạn năng TOTAL màn hình LCD có đèn nền ban đêm đo dòng điện điện áp điện trở thông mạch TMT46001 TMT460012,1.4K Đã bán,https://www.lazada.vn/products/pdp-i1471373735.html,
Phụ kiện Máy tính,GlobalLifestyle,352.000 ₫,-42%,204160,,,Chuột Kchibo Không Dây 2.4G Dạ Quang Di Động 3600DPI Văn Phòng Trò Chơi Quang Điện Tử Hướng Tay Phải Giao Diện USB,47 Đã bán,https://www.lazada.vn/products/pdp-i3199030805.html,
Smartphones,BDF Tablet PC,1.860.000 ₫,-50%,930000,-1,5,BDF M3PRO 8GB/256GB Global Phiên bản 5G Điện thoại thông minh 48MP Camera 67W Sạc điện thoại di động 144Hz,20 Đã bán,https://www.lazada.vn/products/pdp-i2220789765.html,
Dụng cụ đo lường,Esc Viet Nam,240.000 ₫,-21%,189600,-1,5,"Đồng hồ điện tử hiển thị 6 thông số,Thiết bị đo công suất 100A 220V,công tơ điện tử",17 Đã bán,https://www.lazada.vn/products/pdp-i815192595.html,
Máy tính bảng,Đèn Led Thúy Nga,,,,-35,4.8,"Nguồn adapter sony 19,5v - 4,7A",119 Đã bán,https://www.lazada.vn/products/pdp-i1849768047.html,
Phụ kiện điện thoại & máy tính bảng,CHANG TAN,60.000 ₫,-70%,18000,-17,4.6,"SẠC GIÁ RẺ MẶT GƯƠNG LCD 30000MAH, HỖ TRỢ SẠC NHANH KÈM CÁP SẠC NGẮN",30 Đã bán,https://www.lazada.vn/products/pdp-i3162831752.html,
Điện thoại bàn,MYSON MOBILE,1.499.000 ₫,-27%,1094270,-69,4.4,"điện thoại A92 2sim ram 8G/256G máy Chính Hãng, Cấu hình Cao khủng, Chiến mọi game nặng siêu mượt,- BNLN",127 Đã bán,https://www.lazada.vn/products/pdp-i2859791308.html,
Phụ kiện điện thoại & máy tính bảng,GUTEK,550.000 ₫,-28%,396000,-21,5,"Pin Sạc dự phòng 50000mAh sạc nhanh 22,5W/120W có dây cắm nhiều điện thoại - Gutek GT240",95 Đã bán,https://www.lazada.vn/products/pdp-i3182935643.html,
"Thiết bị sưởi, làm lạnh và thông gió",goojodoqstore.vn,900.000 ₫,-52%,432000,-135,4.9,"Quạt di động mini GOOJODOQ GFS007 5 cấp độ gió,4000mAh,Đèn LED Hiển Thị,cường độ gió tăng cường 10x, Sử Dụng Lên Đến 12H",456 Đã bán,https://www.lazada.vn/products/pdp-i3028067195.html,
Điện,homelifestorevn,218.100 ₫,-41%,128679,-30,5,Đồng hồ đo công suất điện 220V có nút độ chính xác cao màn hình hiển thị LCD P U I Kwh bộ công tơ điện tử A,128 Đã bán,https://www.lazada.vn/products/pdp-i2406997860.html,
Phụ kiện điện thoại & máy tính bảng,BEN BEN TPHCM,178.000 ₫,-53%,83660,-24,5,"[KÈM CÁP SẠC - SALE XÃ KHO] SẠC DỰ PHÒNG LCD MÀN HÌNH GƯƠNG CAO CẤP - PIN DỰ PHÒNG 30000MAH - PIN SẠC DỰ PHÒNG MẶT GƯƠNG, 2 CỔNG SẠC, SẠC MỌI DÒNG ĐIỆN THOẠI - SẠC DỰ PHÒNG GƯƠNG ĐEN GIÁ SỐC",29 Đã bán,https://www.lazada.vn/products/pdp-i3178901353.html,
"Thiết bị sưởi, làm lạnh và thông gió",Tonnifu dụng cụ điện,400.000 ₫,-23%,308000,-348,4.8,"Quạt tích điện đế pin Tonnifu 21v phổ thông 8 inch, quạt xoay 2 tốc, bảo hành 06 tháng.",1.0K Đã bán,https://www.lazada.vn/products/pdp-i2825687409.html,
"Thiết bị sưởi, làm lạnh và thông gió",DIVA SHOPPING,129.000 ₫,-23%,99330,-155,4.6,Quạt Sắt Để Bàn Nhỏ Gọn Xoay 360 Độ Tiện Dụng Cổng Sạc USB Không Cần Ổ Cắm Tạo Không Khí Thoáng Mát Tiết Kiệm Điện Năng,508 Đã bán,https://www.lazada.vn/products/pdp-i1994822216.html,
Điện,MichanK,179.600 ₫,-57%,77228,-3,4.3,"ĐỒNG HỒ ĐO VẠN NĂNG YX-360TRn SAMWA (TẶNG KÈM PIN ),  Đồng hồ vạn năng SAMWA, Đồng hồ đo điện vạn năng",14 Đã bán,https://www.lazada.vn/products/pdp-i2733386553.html,
Điện,homeappliancescollectionstore,233.000 ₫,-42%,135140,-5,4.6,【HCM/24H】Vastar Đồng Hồ Vạn Năng DT9205A Đồng Hồ Vạn Năng Thông Minh Màn Hình Kỹ Thuật Số Độ Chính Xác Cao,9 Đã bán,https://www.lazada.vn/products/pdp-i3130251301.html,
Điện,A_Hoco_Shop,184.100 ₫,-33%,123347,-160,4.9,Đồng Hồ Vạn Năng DT9205A Đồng Hồ Vạn Năng Thông Minh Màn Hình Kỹ Thuật Số Độ Chính Xác Cao Dụng Cụ Kiểm Tra Bảo Trì Thợ Điện,624 Đã bán,https://www.lazada.vn/products/pdp-i2038478379.html,
Điện,SMH,240.000 ₫,-30%,168000,-131,4.9,Thiết bị đo công suất 100A công tơ điện tử,588 Đã bán,https://www.lazada.vn/products/pdp-i815138110.html,
Dụng cụ đo lường,UKSTORE,190.000 ₫,-28%,136800,,,[Bảo hành 1 đổi 1] Đồng hồ đo điện vạn năng DT9205A Digital Multimeter Excel,,https://www.lazada.vn/products/pdp-i1330333960.html,
Điện,Auto Tour,298.000 ₫,-13%,259260,-143,4.9,"Đồng hồ đo điện Puucai Ampe kế Vôn kế 20A 100a 6 trong 1 Vôn kế Đồng hồ điện tử hiển thị 6 thông số 100A,Thiết bị đo công suất 100A 220V,công tơ điện tử 1 pha AC22KW 110~250V 100A Digital Voltage Power Energy",378 Đã bán,https://www.lazada.vn/products/pdp-i2720628481.html,
Điện,Auto Tour,80.000 ₫,-48%,41600,,,Ổ Điện Thông Minh Chữ T Kèm Đèn Ngủ Và Sạc USB Tiện Dụng - PHÍCH CẮM 3 CHẤU - Màu sắc ngẫu nhiên,,https://www.lazada.vn/products/pdp-i2963467892.html,
Điện,Gia Dụng Marrre,105.000 ₫,-41%,61950,-26,4.9,2500W Ổ Cắm Điện Đa Năng 6 Cổng Tích Hợp Sạc USB 2 Cáp USB 3 Và 5M Dây Cáp Dày Chất Có Chốt An Toàn Tiện Dụng OD01,82 Đã bán,https://www.lazada.vn/products/pdp-i2747027575.html,
Dụng cụ đo lường,Linh Kiện Điện Tử 3MS Tân Phú,247.500 ₫,-12%,217800,,,Đồng Hồ Đo Vạn Năng DT-9208A,,https://www.lazada.vn/products/pdp-i1529139988.html,
Điện,TBD THUẬN PHONG,288.000 ₫,-34%,190080,-21,5,Công tơ điện tử 1 pha 60A Nakasi  có RESET - Đồng hồ đo công suất Kwh hiển thị nhiều thông số,105 Đã bán,https://www.lazada.vn/products/pdp-i1477980032.html,
Điện,Auto Tour,198.000 ₫,-38%,122760,-22,4.8,Đồng hồ vạn năng Vastar Dt9205a Đồng hồ vạn năng Màn hình kỹ thuật số thông minh Độ chính xác cao,59 Đã bán,https://www.lazada.vn/products/pdp-i2720332765.html,
Điện,Landnn,,,,-4,5,003 Thiết Bị Đo Dòng Điện Mini USB Có Màn Hình Kỹ Thuật Số,11 Đã bán,https://www.lazada.vn/products/pdp-i2471508289.html,
Phụ kiện điện thoại & máy tính bảng,Phụ Kiện Mydo,125.000 ₫,-20%,100000,-177,4.8,Củ Sạc  Xiaomi 67W 6A 2 Cổng USB A - USB C Công Nghệ Turbo Sạc Siêu Nhanh,629 Đã bán,https://www.lazada.vn/products/pdp-i2180385084.html,
Dụng cụ đo lường,Linh Kiện Điện Tử 3MS Tân Phú,,,,,,"Đồng hồ đo điện vạn năng Diymore ANENG M113, đo volt, điện trở",,https://www.lazada.vn/products/pdp-i2708210242.html,
Điện,Linh Kiện 024,160.000 ₫,-34%,105600,-8,4.9,"Đồng hồ đo điện vạn năng DT9205A, đo dòng điện, vôn kế có kèm pin 9V, bảo hành 1 tháng",26 Đã bán,https://www.lazada.vn/products/pdp-i1236380888.html,
Điện,FTP Mobie,240.000 ₫,-27%,175200,-30,5,Thiết bị đo công suất 100A công tơ điện tử,203 Đã bán,https://www.lazada.vn/products/pdp-i815100709.html,
Điện,Smart power,240.000 ₫,-27%,175200,-45,5,"Đồng hồ điện tử hiển thị 6 thông số,Thiết bị đo công suất 100A 220V,công tơ điện tử",214 Đã bán,https://www.lazada.vn/products/pdp-i815182788.html,
Điện,Townson_Tech,160.000 ₫,-13%,139200,-5,4.8,"Đồng Hồ Vạn Năng Thông Minh Màn Hình Kỹ Thuật Số Độ Chính Xác Cao Đo Volt, Ampe, Điện Trở Và Linh Kiện Điện Tử Cơ Bản",14 Đã bán,https://www.lazada.vn/products/pdp-i3049087434.html,
Điện,Npp Điện Nước Online,290.000 ₫,-55%,130500,-63,4.8,Công Tơ Điện Tử 1 Pha 2 Dây 5(80)A. Đồng Hồ Đo Điện Điện Tử Máy Đo Điện Sử Dụng Cho Gia Đình Phòng Trọ Phòng Cho Thuê Giá Rẻ.,373 Đã bán,https://www.lazada.vn/products/pdp-i2623000010.html,
Điện,smart world,240.000 ₫,-27%,175200,-17,4.5,Thiết bị đo công suất 100A công tơ điện tử,89 Đã bán,https://www.lazada.vn/products/pdp-i815122336.html,
Điện,Smart power,240.000 ₫,-27%,175200,-41,4.6,Thiết bị đo công suất 100A công tơ điện tử,234 Đã bán,https://www.lazada.vn/products/pdp-i815080952.html,
Điện,Esc Viet Nam,240.000 ₫,-21%,189600,-30,4.7,Thiết bị đo công suất 100A công tơ điện tử,113 Đã bán,https://www.lazada.vn/products/pdp-i815104572.html,
Dụng cụ đo lường,Linh Kiện 024,89.000 ₫,-2%,87220,-8,4.8,Đồng hồ đo vạn năng Digital Multimeter VC830L màn hình kỹ thuật số đo điện đa năng,34 Đã bán,https://www.lazada.vn/products/pdp-i1235400959.html,
Điện,Linh Kiện Điện Tử LiKi,,,,,,Đồng Hồ Vạn Năng Điện Tử DT-33D Tự Động Tắt Nguồn - Chống Cháy Khi Đo Sai Điện Áp,5 Đã bán,https://www.lazada.vn/products/pdp-i2519361929.html,
Điện,PhongNhi,,,,-32,4.8,Đồng hồ vạn năng điện tử ZOYI ZT-S1 đồng hồ đa năng kỹ thuật số màn hình LCD,108 Đã bán,https://www.lazada.vn/products/pdp-i1481014347.html,
Điện,Linh Kiện 35,263.940 ₫,-13%,229627,,,"Công tơ điện tử 1080 1 pha điện áp 220V 80A đo số điện tiêu thụ KWH nhựa ABS chống cháy, màn hình LCD",,https://www.lazada.vn/products/pdp-i2091883084.html,
Trang trí nhà cửa,Sáng Tạo 88,,,,-87,5,"Đồng Hồ Để Bàn Điện Tử T10 Hiển Thị Nhiệt Độ, Độ Ẩm",250 Đã bán,https://www.lazada.vn/products/pdp-i1562505179.html,
Điện,Samebeauty,254.500 ₫,-40%,152700,-1,5,FREESHIP🎁Đồng hồ đo công suất điện 220V có nút RESET độ chính xác cao màn hình hiển thị LCD P U I Kwh bộ công tơ điện tử,,https://www.lazada.vn/products/pdp-i2560991397.html,
Thiết bị tiện ích USB,EChipTECmall,32.000 ₫,-40%,19200,-96,4.9,"Đèn LED Mini, Đèn Đọc 24 LED USB DC 5V Cầm Tay Màu Trắng/Màu Ấm SMD5730 12W Đèn Ban Đêm",574 Đã bán,https://www.lazada.vn/products/pdp-i1594578265.html,
Dụng cụ đo lường,Thế Giới Linh Kiện 720,469.000 ₫,-13%,408030,-2,5,"Đồng hồ kẹp dòng tự động ZOYI ZT-QB1, ZOYI ZT-QB4, ampe kìm đo điện tử đa năng, độ chính xác cao",22 Đã bán,https://www.lazada.vn/products/pdp-i1682103315.html,
Điện,Thiết bị điện và đèn led chiếu sáng,150.000 ₫,-30%,105000,-143,4.9,Đồng Hồ Đo Điện SAMWA - 360 Đỏ,410 Đã bán,https://www.lazada.vn/products/pdp-i1476476740.html,
Điện,techstuffstore,59.900 ₫,-15%,50915,,,"Đồng hồ đo điện mini, đo điện DC, màn hình kỹ thuật số",,https://www.lazada.vn/products/pdp-i1945608699.html,
Smartphones,Ngọc Xuân Mobile,1.950.000 ₫,-26%,1443000,-25,5,"Điện thoại Opo A53s 5G Ram 8GB/256GB nguyên zin đẹp keng TẶNG (cường lực, ốp lưng) - Bảo hành 3 tháng",49 Đã bán,https://www.lazada.vn/products/pdp-i3060490150.html,
Smartphones,Hoàng Hà Mobile,4.290.000 ₫,-33%,2874300,-404,5,Điện thoại Xiaomi Redmi 13 (6GB/128GB) - Chính Hãng,1.4K Đã bán,https://www.lazada.vn/products/pdp-i2484389320.html,
Phụ kiện Máy tính,XSmart Store,600.000 ₫,-35%,390000,-22,5,Bàn Phím Không Dây Bluetooh Full Size Giả Cơ K94 Full LED Kết Nối 2 Chế Độ Pin Sạc,76 Đã bán,https://www.lazada.vn/products/pdp-i2667934060.html,
Điện,PowerOfficial Store,285.800 ₫,-50%,142900,-11,4.9,"Đồng hồ đo điện vạn năng VOM Sanwa YX360TRD kèm pin, có còi báo, ốp da bọc",29 Đã bán,https://www.lazada.vn/products/pdp-i2166134831.html,
Điện,WHUEAL5,258.795 ₫,-44%,144925,-52,4.8,WHUEAL5 Aneng Đồng hồ vạn năng kỹ thuật số m118a Máy kiểm tra AC/DC cầm tay máy đo điện trở Mini RMS,151 Đã bán,https://www.lazada.vn/products/pdp-i2774503409.html,
Điện,Kangaroo store 1595312584,302.400 ₫,-54%,139104,-88,5,"KS bút điện thợ điện chuyên dụng dây phát hiện vỡ, màn hình hiển thị kỹ thuật số, đa chức năng cảm ứng thông minh phát hiện, kiểm tra điện, bút điện tua vít",137 Đã bán,https://www.lazada.vn/products/pdp-i2663070846.html,
Phụ kiện điện thoại & máy tính bảng,GUTEK,450.000 ₫,-39%,274500,-16,4.9,"Pin sạc dự phòng Gutek GT239 dung lượng 30000mAh sạc nhanh 22,5W/120W tích hợp dây cáp",84 Đã bán,https://www.lazada.vn/products/pdp-i3182941628.html,
Điện,3celectronicstore,180.000 ₫,-36%,115200,-29,4.7,[FREESHIP🎁]Đồng hồ vạn năng DT9205A màn hình kỹ thuật số đồng hồ vạn năng thông minh Máy đo bảo dưỡng thợ điện chính xác cao,75 Đã bán,https://www.lazada.vn/products/pdp-i2279930254.html,
Điện,Home_Technology_89,,,,-4,5,"Công tơ điện tử 6 Thông Số 220V-100A LWDSS1 ,công tơ điện tử ,đồng hồ đo điện,thiết bị đo công suất lắp phòng trọ,hộ gia đình.",15 Đã bán,https://www.lazada.vn/products/pdp-i2913534102.html,
Điện,homelifestorevn,230.700 ₫,-42%,133806,,,Vastar Đồng Hồ Vạn Năng DT9205A Đồng Hồ Vạn Năng Thông Minh Màn Hình Kỹ Thuật Số Độ Chính Xác Cao,8 Đã bán,https://www.lazada.vn/products/pdp-i2885777794.html,
Điện,Thiết bị điện 123,358.000 ₫,-48%,186160,-53,4.7,Công tơ điện tử có RESET 1 pha 220V-60A Nakasi - đồng hồ đo công suất tiêu thụ Kwh,377 Đã bán,https://www.lazada.vn/products/pdp-i1393542260.html,
Dụng cụ cầm tay & phụ kiện,ZOYI Tools,452.000 ₫,-47%,239560,-2,5,Đồng Hồ Đo Điện Vạn Năng Điện Tử Đo Điện Mini Bỏ Túi Ac/Dc Zoyi Vc921 - Bảo Hành 12 Tháng,5 Đã bán,https://www.lazada.vn/products/pdp-i2846063857.html,
Điện,Điện tử dân dụng 24h,,,,-67,4.9,"Đồng Hồ Vạn Năng Điện Tử XL830L XL830 830 - Đồng Hồ Đo Điện áp DC, AC, Đo dòng điện, đo điện trở (Có Pin + dây)",237 Đã bán,https://www.lazada.vn/products/pdp-i2513928308.html,
Điện,Độc Lạ Trất,,,,,,Thiết bị điện tử đo điện áp và dòng sac điện thoại,,https://www.lazada.vn/products/pdp-i2325882041.html,
Điện,Auto Tour,250.000 ₫,-36%,160000,,,Đồng hồ đo công suất điện 220V có nút RESET độ chính xác cao màn hình hiển thị LCD P U I Kwh bộ công tơ điện tử,,https://www.lazada.vn/products/pdp-i3021061754.html,
Trường học & văn phòng,MaxgePC Vietnam,77.206 ₫,-44%,43235,,,MaxgePC 12 chữ số điện kép chức năng Tiêu chuẩn điện tử máy tính cầm tay cho văn phòng hàng ngày và cơ bản,,https://www.lazada.vn/products/pdp-i3058742050.html,
Thiết bị tiện ích USB,Ranvoo,5.148.000 ₫,-87%,669240,-204,4.9,RANVOO | Quạt Cổ Đeo USB Sạc Điện,,https://www.lazada.vn/products/pdp-i3181365656.html,
Điện,47shop-net,320.000 ₫,-39%,195200,-42,5,"Công tơ - đồng hồ điện tử 6 thông số đo công suất, cường độ (100A)",132 Đã bán,https://www.lazada.vn/products/pdp-i2484576728.html,
Dụng cụ cầm tay & phụ kiện,Minh Khôi Electric,300.000 ₫,-31%,207000,-86,4.6,"Đồng hồ vạn năng Samwa KH-965 tặng kèm pin,đồng hồ điện tử,máy đo vạn năng, đo điện,đồng hồ đa năng đo điện trở,đồng hồ vạn năng kim,đồng hồ đo vạn năng,đồng hồ điện tử,đồng hồ đo dòng điện,dong ho van nang,đồng hồ đo tụ điện,đồng hồ đo điện trở,đồng hồ đ",205 Đã bán,https://www.lazada.vn/products/pdp-i2469802008.html,
Điện,tuantinhelec,133.100 ₫,-24%,101156,-3,5,"Đồng hồ đo điện áp, dòng điện AC 60-500Vac 10A # linh kiện điện tử",12 Đã bán,https://www.lazada.vn/products/pdp-i2312119471.html,
Dụng cụ đo lường,KKmoon,520.000 ₫,-50%,260000,-3,5,Máy đo độ nghiêng điện tử thước đo kỹ thuật số từ ebtn LCD độ chính xác cao hoạt động dễ dàng cho các góc đo,9 Đã bán,https://www.lazada.vn/products/pdp-i2964157164.html,
Điện,LIJINGF,79.970 ₫,-44%,44783,,,LIJINGF LCD tự động phạm vi kỹ thuật số vôn kế vạn năng ohmmeter Volt Tester các biện pháp điện áp AC DC điện áp hiện tại Điện dung tần số,,https://www.lazada.vn/products/pdp-i3157744291.html,
Trường học & văn phòng,Kangaroo store 1595312584,81.900 ₫,-49%,41769,,,Máy tính điện tử cỡ nhỏ máy tính Màu kẹo đẹp cho học sinh máy tính lật dễ di chuyển nhỏ,,https://www.lazada.vn/products/pdp-i3076854601.html,
Điện,Jianak,,,,,,Bộ đếm điện tử 5 chữ số BEM-5C dùng trong công nghiệp,10 Đã bán,https://www.lazada.vn/products/pdp-i2494217153.html,
Điện,Nhím shop 94,239.000 ₫,-17%,198370,,,"Đồng hồ Màn Hình 6 Trong 1 KWh Công Suất Đo Tần Số 110V 220V 380V 100A, Điện Hệ Số Công Suất Hoạt Động màn Hình",,https://www.lazada.vn/products/pdp-i3149351626.html,
Trang trí nhà cửa,mengmian selected,144.000 ₫,-44%,80640,,,MENGMIAN | Đồng Hồ Báo Thức Quản Lý Thời Gian Điện Tử cho Học Sinh Tự Kỷ Luật,,https://www.lazada.vn/products/pdp-i3208257446.html,
Điện,Samebeauty,211.167 ₫,-40%,126700,-12,4.9,Vastar Đồng Hồ Vạn Năng DT9205A Đồng Hồ Vạn Năng Thông Minh Màn Hình Kỹ Thuật Số Độ Chính Xác Cao,28 Đã bán,https://www.lazada.vn/products/pdp-i2483807135.html,
Điện,NAYA STORE,258.000 ₫,-53%,121260,,,【Miễn phí vận chuyển/COD】 NJTY Đồng Hồ Vạn Năng Kỹ Thuật Số LCD Kích Thước Lòng Bàn Tay NCV Phạm Vi Tự Động 4000 Đếm True RMS Máy Kiểm Tra Phổ Thông Thông Thông Minh Vôn Kế 600V Ohm Và Máy Kiểm Tra Điện Áp Đo Còi,,https://www.lazada.vn/products/pdp-i2493628237.html,
Dụng cụ điện & phụ kiện,shounahe,650.272 ₫,-23%,500709,-3,5,Shounahe💕Sissi Trạm Hàn Kỹ Thuật Số OLED Mini T12-942 Tay Cầm T12-907 + Đầu T12-K,13 Đã bán,https://www.lazada.vn/products/pdp-i2106444851.html,
Smartphones,ĐIỆN THOẠI GIÁ TỐT 39,2.200.000 ₫,-7%,2046000,-2,5,Xiaomi Redmi Note 12 Ram 8GB/128GB pin 5000 mAh máy chính hãng Vân tay Ok,,https://www.lazada.vn/products/pdp-i2995182489.html,
Điện,Phụ Kiện Công Nghệ_85,165.000 ₫,-30%,115500,-7,4.3,Đồng Hồ Đo Vạn Năng DT9205A / DT9205A M2 Màn Hình Kỹ Thuật Số Bảo Dưỡng Chính Xác Cao,19 Đã bán,https://www.lazada.vn/products/pdp-i2609450125.html,
Điện,BUM STORE.,,,,,,"Ổ Điện Thông Minh Tích Hợp Cổng Usb Dây Dài 1m5, Ổ Cắm Usb Chất Liệu Nhựa Abs Chịu Nhiệt Có Công Tắc An Toàn Cho Bạn",,https://www.lazada.vn/products/pdp-i2665989377.html,
Điện,A_hoco__Store,206.000 ₫,-36%,131840,-1,5,Đồng hồ đo công suất điện 220V có nút RESET độ chính xác cao màn hình hiển thị LCD P U I Kwh bộ công tơ điện tử,9 Đã bán,https://www.lazada.vn/products/pdp-i2663550641.html,
Thiết bị tiện ích USB,Seller Tịnh Minh,58.000 ₫,-17%,48140,,,"Quạt Hoa Mini Sáng Tạo - Sạc USB, Quạt Để Bàn & Cầm Tay Yên Tĩnh - Dễ Thương & Tiện Lợi Có Chân Đế - Vật Dụng Thiết Yếu Cho Học Sinh",,https://www.lazada.vn/products/pdp-i3200989431.html,
Điện,THIẾT BỊ ĐIỆN HÙNG PHÁT,280.000 ₫,-21%,221200,-1,5,"Công tơ điện tử,đồng hồ đo điện 1 pha",,https://www.lazada.vn/products/pdp-i1985533898.html,
Máy tính bảng,Top 1 Tablet,1.680.000 ₫,-19%,1360800,-21,4.6,Máy tính bảng thông minh X6 Pro Tablet Android Bản gốc 2023 Máy tính bảng thông minh 10.8Inch 4K FHD Màn hình Buletooth 8800mAh Pin Trực tuyến Class Tablet 12GB RAM + 512GB ROM 5G WiFi Android Dành cho trẻ em Gaming Pad Giao hàng miễn phí COD,61 Đã bán,https://www.lazada.vn/products/pdp-i2388594288.html,
Dụng cụ điện & phụ kiện,GlobalSuperBazaar,848.000 ₫,-23%,652960,,,"Bộ Dụng Cụ Hàn Kỹ Thuật Số T12, Màn Hình LCD Di Động, Điều Khiển Nhiệt Độ, Sửa Chữa Điện Tử, Không Kèm Nguồn Điện",31 Đã bán,https://www.lazada.vn/products/pdp-i3145453956.html,
Phụ kiện điện thoại & máy tính bảng,,284.000 ₫,-40%,170400,,,Bảng Ổ Cắm Điện Mini Di Động USB Bộ Chuyển Đổi Điện Đa Chức Năng Bảng Dây Cho Gia Đình Bảng Dây Có Nguồn Cung Cấp Sạc,60 Đã bán,https://www.lazada.vn/products/pdp-i2997549091.html,
Trang trí nhà cửa,Mickeyshop,,,,-2,5,"Đồng Hồ Để Bàn LED Màn Hình LCD Báo Thức, Cảm Biến Âm Thanh",,https://www.lazada.vn/products/pdp-i3071080375.html,
Điện,AGBBG,261.547 ₫,-44%,146466,-15,5,AGBBG Aneng Đồng hồ vạn năng kỹ thuật số m118a Máy kiểm tra AC DC cầm tay máy đo điện trở Mini RMS,50 Đã bán,https://www.lazada.vn/products/pdp-i2748564876.html,
Smartphones,LedgerNanoX,,,,,,"Ledger Nano X ví lạnh chính hãng giúp bảo mật tối đa tài sản số，full box 100%, mới nguyên seal bảo hành chính hãng, giao hàng nhanh chóng",,https://www.lazada.vn/products/pdp-i3147556772.html,
Điện thoại bàn,LeNgan _Store,399.000 ₫,-25%,299250,-70,4.7,"điện thoại A78 - A78 5G máy 2simram 8G/256G, Cấu hình mạnh đỉnh Cày PUBG/Liên Quân/Free Fire/Tiktok siêu mượt - PNB",87 Đã bán,https://www.lazada.vn/products/pdp-i3092974591.html,
Smartphones,MYSON MOBILE,409.000 ₫,-27%,298570,-88,4.9,"điện thoại giá rẻ Realme 10 5G 2sim ram 8G/256G Chính Hãng, Cấu Hình khủng, Cày Gme nặng mượt,  - MSC",142 Đã bán,https://www.lazada.vn/products/pdp-i2867414503.html,
Phụ kiện điện thoại & máy tính bảng,Shop Tuấn Tử Tế,100.000 ₫,-45%,55000,,,"[SS] Sạc dự phòng, Pin dự phòng 2 cổng USB Sạc nhanh,màu trắng nhỏ gọn tiện lợi ( (tuantute2410)",,https://www.lazada.vn/products/pdp-i3167830965.html,
Phụ kiện điện thoại & máy tính bảng,Linh Kiện Pin 247 HCM,145.000 ₫,-46%,78300,-11,5,"LK247 Mạch Sạc Nhanh Dự Phòng QC5A 22.5W Max Sạc Nhanh 2 Chiều Type-C tích hợp Bảo Vệ pin 3.7v 18650, 21700 pin lipo 10.000mah",47 Đã bán,https://www.lazada.vn/products/pdp-i3065523239.html,
Điện,Smart Room,,,,-116,4.9,Máy đo dòng điện điện áp công suất watt metter 100A 150A. Tích hợp đồng hồ đo điện vôn kế ampe kế và đồng hồ đo năng lượng điện. Độ chính xác cao.,348 Đã bán,https://www.lazada.vn/products/pdp-i470942416.html,
Thiết bị nhà bếp,Gaabor Official Store,280.000 ₫,-20%,224000,-835,4.9,"FLASH SALE Nồi điện đa năng dung tích 1,5L Gaabor GR-N15A công suất 600W 2 mức nhiệt tặng kèm xửng hấp - Bảo hành 12 tháng 1 đổi 1",2.7K Đã bán,https://www.lazada.vn/products/pdp-i2239704386.html,
Đồ gia dụng chăm sóc cá nhân,Housewares Center,569.000 ₫,-51%,278810,-1308,4.9,"(BẢO HÀNH 5 NĂM) Tông đơ cắt tóc không dây chuyên nghiệp Kemei 1995 Tăng Đơ Hớt Tóc, Máy Cắt Tóc Chuyên Nghiệp Gia Đình,Trẻ Em, màn LCD, chống rung, chống ồn",3.3K Đã bán,https://www.lazada.vn/products/pdp-i1761639185.html,
Phụ kiện Máy tính,xunmei digital,300.000 ₫,-66%,102000,-9,4.8,GOIIOG | Chuột Không Dây Bluetooth Đôi Chế Độ Im Lặng Sạc Được cho Máy Tính xách Tay và Văn Phòng,5 Đã bán,https://www.lazada.vn/products/pdp-i3204990510.html,
Điện thoại cơ bản,phukien0846899000,1.098.000 ₫,-50%,549000,-328,5,"Điện thoại 4G Nokia 105 2021-2024, 2 Sim Chuẩn Quy Định Của Bộ Thông Tin Fullbox Loa To Sóng Khỏe Pin Bền",1.5K Đã bán,https://www.lazada.vn/products/pdp-i1592471939.html,
"Thiết bị sưởi, làm lạnh và thông gió",GIA DỤNG AN BÁCH,300.000 ₫,-20%,240000,-29,4.7,"ĐÈN SƯỞI NHÀ TẮM 3 BÓNG  KOTTMANN MODEL K3B-G, ĐÈN 3 BÓNG CAMAC CM03A CÔNG SUẤT 825W. BÓNG ĐÈN SƯỞI  R125 CÔNG SUẤT 275W HÀNG ĐẸP LOẠI 1",128 Đã bán,https://www.lazada.vn/products/pdp-i2872574785.html,
Điện,home smart 89,200.000 ₫,-28%,144000,-73,4.9,"Đồng hồ đo công suất tiêu thụ điện thiết bị 220V, ổ cắm đo công suất",309 Đã bán,https://www.lazada.vn/products/pdp-i1241286325.html,
Điện,lenguyenshop1,,,,,,Usb Mini Đo Dòng Điện Và Điện Áp Kỹ Thuật Số,,https://www.lazada.vn/products/pdp-i3034424154.html,
Điện,salevn.vn,,,,,,Ổ Điện Thông Minh Chữ T Kèm Đèn Ngủ Và Sạc USB,,https://www.lazada.vn/products/pdp-i2351554096.html,
Điện,unicorntools.vn,275.000 ₫,-18%,225500,-32,4.6,"Đồng hồ kẹp dòng vạn năng đo tụ, tần số, nhiệt độ, điện trở, điện áp",110 Đã bán,https://www.lazada.vn/products/pdp-i2394689894.html,
Điện,VOKTTA Official Store,138.150 ₫,-33%,92560,-217,4.8,VOKTTA Vôn Kế Kỹ Thuật Số Mini Bốn Chữ Số M4430 0.28 Inch Chính Hãng Ampe Kế Máy Đo Dòng Điện Điện Áp Hiển Thị Kép LED DC 100V 200V 10A Máy Dò,576 Đã bán,https://www.lazada.vn/products/pdp-i1064372788.html,
Điện,Bull Socket,1.238.000 ₫,-67%,408540,-1,4,Bull | Ổ Cắm Bàn Đa Năng Thẩm Mỹ Cao Sạc Nhanh 67W,,https://www.lazada.vn/products/pdp-i3221723549.html,
Phụ kiện điện thoại & máy tính bảng,goojodoqstore.vn,450.000 ₫,-46%,243000,-142,4.8,"sạc dự phòng GOOJODOQ 20000mAh PD 22.5W sạc nhanh, đi kèm 4 dây ,Đèn pin độ sáng cao Sạc Pin Phụ Kiện,Power Bank",518 Đã bán,https://www.lazada.vn/products/pdp-i2717184317.html,
Phụ kiện điện thoại & máy tính bảng,7bekZzat,839.000 ₫,-24%,637640,-1,5,"[Hỏa tốc] Sạc Dự Phòng Bonne TECHNOLOGIQUE BP09 , Sạc Dự Phòng 10.000 mAh Kiêm Củ Sạc Đa Năng, Sạc Dự Phòng Tích hợp",5 Đã bán,https://www.lazada.vn/products/pdp-i3098722117.html,
Điện,EChipTECmall,82.800 ₫,-40%,49680,-10,5,Máy Kiểm Tra Sạc USB Máy Đo Dòng Điện Áp Bác Sĩ Vôn Kế Ampe Kế Máy Kiểm Tra Dung Lượng Pin Máy Dò Điện Di Động,24 Đã bán,https://www.lazada.vn/products/pdp-i1630104384.html,
Điện,Global Merch Park,316.000 ₫,-50%,158000,-8,5,ANENG SZ06 Đồng Hồ Vạn Năng Kỹ Thuật Số 2000 Đếm AC/DC Bút Thử Điện Áp DC Ohm Mini Thông Minh Multimetro Điện Chuyên Nghiệp Dụng Cụ,43 Đã bán,https://www.lazada.vn/products/pdp-i2713259600.html,
Điện,Plata,65.000 ₫,-25%,48750,,,"Ổ cắm điện đa năng thông minh kèm 2 cổng sạc USB đa năng và 4 lỗ cắm, Dây Cáp Dày Chất Lượng Cao 100%",,https://www.lazada.vn/products/pdp-i2587793977.html,
Điện,POROMETISTO Tools,532.767 ₫,-44%,298349,-15,4.9,"UT01C USB-C Power Meter: 280W PD3.1/QC4+ Fast Charging Tester 12A Current Voltage Monitor w/Offline Save, HD IPS Display for iPhone/MacBook",30 Đã bán,https://www.lazada.vn/products/pdp-i3110025915.html,
Phụ kiện Máy tính,vintagelifestyle,6.990.000 ₫,-11%,6221100,,,"Bàn phím cơ không dây bluetooth, 2.4G Mojo 68 Plastic hồng ngọt ngào MelGeek chính hãng LED RGB có thể hotswap",,https://www.lazada.vn/products/pdp-i2242784694.html,
Điện,EChipTECmall,208.800 ₫,-40%,125280,-88,4.9,Máy Kiểm Tra DC Type-C Hiển Thị Màu 10 Trong 1 Máy Kiểm Tra Bộ Sạc USB Điện Áp 4-30V Hiện Tại 0-5A Đồng Hồ Đo Điện Máy Dò Pin Di Động,245 Đã bán,https://www.lazada.vn/products/pdp-i817634805.html,
Phụ kiện Máy tính,epoosuo,302.000 ₫,-60%,120800,-230,4.9,EPOOSUO | Chuột Không Dây Bluetooth Im Lặng Sạc Lại Được cho Văn Phòng và Chơi Game,,https://www.lazada.vn/products/pdp-i3205307914.html,
Điện,Foriot tools Store,445.050 ₫,-37%,280381,-66,4.9,Foriot Đồng Hồ Đo Điện Áp Và Dòng Điện Kỹ Thuật Số Màn Hình LCD Màn Hình Màu AC 50-300V 0-100A KWS-AC301 Vôn Kế Ampe Kế,236 Đã bán,https://www.lazada.vn/products/pdp-i2086480566.html,
Điện,bansi08,,,,-1,5,Ổ Cắm Điện Đa Năng Thông Minh Có Cổng USB,5 Đã bán,https://www.lazada.vn/products/pdp-i838372427.html,
Điện,Thiết Bị Điện 024,100.000 ₫,-2%,98000,-3,3.7,"Đồng Hồ Đo Điện Dây Kim SAMWA YX-360TR Tặng 1 Pin 9V + 2 Pin 1,5V AA",16 Đã bán,https://www.lazada.vn/products/pdp-i1878248923.html,
Dụng cụ đo lường,Electrical,179.000 ₫,-41%,105610,-1,5,"Công tơ điện tử 1 pha đa năng 80A đo công suất, điện áp, cường độ",,https://www.lazada.vn/products/pdp-i2120699108.html,
Điện,INGCO TOOLS STORE,432.000 ₫,-50%,216000,-33,4.9,"INGCO DM2002 ""Đồng hồ đo điện vạn năng (2000 số đếm)",99 Đã bán,https://www.lazada.vn/products/pdp-i2266581917.html,
Điện,Samebeauty,437.100 ₫,-46%,236034,,,"AC Màn Hình 6 Trong 1 KWh Công Suất Đo Tần Số 110V 220V 380V 100A, Điện Hệ Số Công Suất Hoạt Động màn Hình HOCO",,https://www.lazada.vn/products/pdp-i3183750880.html,
Phụ kiện Máy tính,epoosuo,520.000 ₫,-81%,98800,-224,4.9,EPOOSUO | Chuột Không Dây Bluetooth Sạc Lại Yên Tĩnh cho Văn Phòng và Chơi Game,15 Đã bán,https://www.lazada.vn/products/pdp-i3206038635.html,
Điện,KUAIQU,520.000 ₫,-48%,270400,-133,4.9,Đồng Hồ Vạn Năng Kẹp Kỹ Thuật Số Mini A3399 Máy Kiểm Tra Tần Số Điện Dung Điện Trở Điện Áp AC/DC-INTL,300 Đã bán,https://www.lazada.vn/products/pdp-i1516816982.html,
Điện,ĐIỆN TUẤN KHANG,325.000 ₫,-28%,234000,-1,5,[Ảnh thật] Công tơ điện tử 1 pha Nexus 5(60)A-5(80)A TH-92,9 Đã bán,https://www.lazada.vn/products/pdp-i2807100504.html,
Điện,EChipTECmall,311.900 ₫,-36%,199616,,,Ampe Kế Kỹ Thuật Số DC 20A/50A/100A 8-100V Vôn Kế Điện Áp LCD 4 Trong 1 DC Và Công Suất Dòng Điện Với Đầu Dò Đồng Hồ Đo Năng Lượng Điện Shunt,,https://www.lazada.vn/products/pdp-i1633011205.html,
Điện,ForesightOfficialStore,97.700 ₫,-41%,57643,,,Thiết Bị Kiểm Tra Vôn Kế 0-100A 3 Trong 1 Màn Hình LED 22mm AC 60-500V,,https://www.lazada.vn/products/pdp-i2811104281.html,
Điện,Điện Hoàn Cầu,210.000 ₫,-1%,207900,-8,5,Công tơ điện tử 1 pha 2 dây CE-18G GELEX,45 Đã bán,https://www.lazada.vn/products/pdp-i2696488950.html,
Phụ kiện Máy tính,EWEADN,859.000 ₫,-86%,120260,-13,4.8,"EWEADN | Chuột không dây AI M12 Series, Điều khiển bằng giọng nói, Nhập liệu & Dịch thuật, 2 chế độ, Pin sạc",43 Đã bán,https://www.lazada.vn/products/pdp-i3195359680.html,
Điện,Bảo Hộ Thinksafe,276.000 ₫,-28%,198720,-15,4.9,"Đồng hồ đo điện vạn năng Total hiển thị 2000 - 4000 số RMS, AC/DC 0.8~600V, điện trở 600kΩ, tự động tắt nguồn - Thinksafe",36 Đã bán,https://www.lazada.vn/products/pdp-i2591489861.html,
Điện,EChipTECmall,536.900 ₫,-36%,343616,,,1 Chiếc PZEM-026 Vôn Kế Kỹ Thuật Số AC Một Pha 400V 100A Thông Minh Sạc Điện Tử Vôn Kế,,https://www.lazada.vn/products/pdp-i2208456979.html,
Phụ kiện điện thoại & máy tính bảng,Lương Thị Thanh Yến,80.000 ₫,-29%,56800,-14,3.7,"[sdp] [SẠC CHUẨN DUNG LƯỢNG 30000 MAH] - PIN SẠC DỰ PHÒNG 30000MAH THIẾT KẾ MẶT KÍNH CƯỜNG LỰC CHỐNG VA ĐẬP TỐT - PIN BỀN, SẠC CỰC NHANH THÍCH HỢP TẤT CẢ CÁC ĐT Dũng YenLuong",49 Đã bán,https://www.lazada.vn/products/pdp-i1299671402.html,
Phụ kiện điện thoại & máy tính bảng,BEN BEN TPHCM,1.065.000 ₫,-93%,74550,-406,4,[DUNG LƯỢNG KHỦNG 30000MAH - TẶNG KÈM CÁP SẠC] PIN SẠC DỰ PHÒNG MẶT ĐEN CAO CẤP 30000MAH DUNG LƯỢNG KHỦNG - PIN DỰ PHÒNG CÓ MÀN HÌNH LCD HIỂN THỊ PHÂN TRĂM PIN + 2 CỔNG RA ĐÈN LED SIÊU SÁNG - PIN SẠC DỰ PHÒNG CAO CẤP,1.0K Đã bán,https://www.lazada.vn/products/pdp-i2220468958.html,
Phụ kiện điện thoại & máy tính bảng,BEN BEN TPHCM,1.060.000 ₫,-92%,84800,-396,4.4,[BẢO HÀNH TOÀN QUỐC - TẶNG CÁP SẠC NHANH 39K ] - PIN DỰ PHÒNG LCD MẶT GƯƠNG DUNG LƯỢNG 30000MAH - SẠC DỰ PHÒNG CÓ ĐÈN LED HIỂN THỊ DUNG LƯỢNG PIN - HỖ TRỢ SẠC NHANH,717 Đã bán,https://www.lazada.vn/products/pdp-i2588028001.html,
Điện,ForesightOfficialStore,216.600 ₫,-39%,132126,-11,3.8,"Đồng hồ đo điện vạn năng VOM Sanwa Yx 360 TRD kèm pin có còi báo, ốp da bọc",39 Đã bán,https://www.lazada.vn/products/pdp-i2152147516.html,
Điện,A_hoco__Store,207.300 ₫,-37%,130599,-30,3.9,"【🔥HCM/24H】Đồng hồ vạn năng VOM YX360-TRD tặng kèm pin đo điện trở, dòng điện xoay chiều 1 chiều",107 Đã bán,https://www.lazada.vn/products/pdp-i2152003885.html,
Điện,Forwarm,159.000 ₫,-47%,84270,,,【Miễn phí vận chuyển】 NAYA ANENG DT9205A Đồng hồ vạn năng kỹ thuật số AC DC Vôn kế Ampe kế đo điện dung,15 Đã bán,https://www.lazada.vn/products/pdp-i2561349264.html,
Phụ kiện điện thoại & máy tính bảng,Vention flagship store,915.000 ₫,-53%,430050,-1212,5,"Vention Sạc Dự Phòng 20000mAh 22.5W - 3 Cổng Sạc, Sạc Nhanh PD QC, Màn Hình LED Số, Chống Nóng - Đen / Trắng - Hàng Chính Hãng",3.9K Đã bán,https://www.lazada.vn/products/pdp-i2569230806.html,
Điện,Linh Kiện Điện Tử 3MS Tân Phú,106.700 ₫,-14%,91762,-35,4.8,Đồng Hồ Vạn Năng Điện Tử XL830,111 Đã bán,https://www.lazada.vn/products/pdp-i249180277.html,
Điện thoại bàn,Xuyn.offiicial,,,,-1,5,"Điện thoại gập Philips E6515 - 4G, pin lâu, sạc typeC, sang trọng 2 màn hình",9 Đã bán,https://www.lazada.vn/products/pdp-i3021060067.html,
"Thiết bị sưởi, làm lạnh và thông gió",goojodoqstore.vn,120.000 ₫,-35%,78000,-237,4.9,"quạt mini sạc điện GOOJODOQ quạt cầm tay mini tích điện sạc USB,tiện lợi, quạt usb,Thích hợp cho công việc và trường học",946 Đã bán,https://www.lazada.vn/products/pdp-i2597937297.html,
Dụng cụ đo lường,KKmoon,966.600 ₫,-44%,541296,-15,5,"Máy Kiểm Tra Bức Xạ Điện Từ KKmoon, Thiết Bị Cầm Tay Kỹ Thuật Số, Có Màn Hình LCD, Máy Dò Liều Kế Trường Điện, Có Âm Thanh Và Ánh Sáng",75 Đã bán,https://www.lazada.vn/products/pdp-i297710698.html,
Phụ kiện Máy tính,PHUKIENVTQ22,,,,,,"Bàn phím cơ JEDEL KL-125 dùng cho văn phòng,chơi game có 8 chế độ đèn led. Kết nối có dây bluetooth, usb",,https://www.lazada.vn/products/pdp-i2670789517.html,
Dụng cụ cầm tay & phụ kiện,ThaiDuongTD,226.000 ₫,-49%,115260,-7,4.7,Đồng hồ đo vạn năng Digital EXCEL DT9205A (Mẩu mới 2020-2021),19 Đã bán,https://www.lazada.vn/products/pdp-i2422272.html,
Điện,Global Merch Park,254.000 ₫,-23%,195580,-128,4.9,Đồng Hồ Vạn Năng Kỹ Thuật Số Mini Thông Minh 4000 Đếm Vôn Kế RMS Với Phạm Vi Tự Động Để Kiểm Tra Điện Áp Liên Tục Điện Trở NCV Hộ Gia Đình,312 Đã bán,https://www.lazada.vn/products/pdp-i2465577025.html,
Thiết bị nhà bếp,Aishida,4.367.000 ₫,-77%,1004410,-8,4.5,"ASD | Nồi Áp Suất Điện Đa Năng ASD 5L, Mẫu Mới 2024, Tích Hợp Chức Năng Nấu Cơm, Hàng Chính Hãng",9 Đã bán,https://www.lazada.vn/products/pdp-i3216519683.html,
Điện,Bull Socket,2.382.000 ₫,-66%,809880,-31,4.9,Bull | Ổ Cắm USB Đa Cổng Sạc Nhanh 30W,56 Đã bán,https://www.lazada.vn/products/pdp-i3193983372.html,
Thiết bị nhà bếp,Ailian Small Appliances,,,,-98,4.9,AILIAN | Cốc Ép Trái Cây Điện Tử Di Động,,https://www.lazada.vn/products/pdp-i3192572522.html,
Phụ kiện Máy tính,Plata,450.000 ₫,-32%,306000,,,"Bàn Phím Mini K61 LED RGB 10 Chế Độ Rainbow Cực Đẹp, Phím Bấm Êm, Thiết Kế Nhỏ Gọn, Dùng Cho Máy Tính, Laptop,PC",,https://www.lazada.vn/products/pdp-i2590505891.html,
Smartphones,OPPO Official Store,,,,-84,5,[Sale 25.10] Điện Thoại OPPO A3 (8GB/128GB) - Hàng chính hãng,206 Đã bán,https://www.lazada.vn/products/pdp-i3210658076.html,
Điện,Bull Socket,3.421.000 ₫,-60%,1368400,,,Bull | Bộ Chia Điện Nhanh Có Màn Hình Số Dễ Mang Đi,,https://www.lazada.vn/products/pdp-i3230354855.html,
Điện,Minh Khôi Electric,400.000 ₫,-18%,328000,,,"Đồng hồ vạn năng Victor VC921,đồng hồ đo điện tử,đồng hồ đa năng,đồng hồ điện tử,máy đo vạn năng,dong ho van nang,đồng hồ đo điện trở,đồng hồ vạn năng kim,đồng hồ đo vạn năng,đồng hồ đo dòng điện,đồng hồ đo tụ điện,đồng hồ đo điện trở,đồng hồ đa năng đo đ",,https://www.lazada.vn/products/pdp-i3186472107.html,
Điện,Phukiensitphcm,27.000 ₫,-7%,25110,-1,5,Đồng Hồ Vạn Năng DT9205A Đồng Hồ Vạn Năng Thông Minh Màn Hình Kỹ Thuật Số Độ Chính Xác Cao Dụng Cụ Kiểm Tra Bảo Trì Thợ Điện,,https://www.lazada.vn/products/pdp-i2126909126.html,
Phụ kiện Máy tính,Tech7,,,,-13,4.6,Bàn phím không dây mini W201S - đa kết nối bluetooth 5.0 + 3.0 + Usb wireless 2.4G,36 Đã bán,https://www.lazada.vn/products/pdp-i1913872027.html,
Điện,TRÙM SỈ ĐIỆN NƯỚC,,,,,,"Đồng Hồ Công Tơ Điện Tử 3 Pha 4 Dây NEXUS & HỮU HỒNG Chính Hãng Có Giấy Kiểm Định, Công Suất 100A",,https://www.lazada.vn/products/pdp-i2662620092.html,
Điện,Thiết bị điện 123,800.000 ₫,-39%,488000,,,"Đồng hồ đa chức năng CW96 màn hình LCD hiển thị nhiều thông số điện áp, công suất, dòng điện, cos phi",,https://www.lazada.vn/products/pdp-i3053307382.html,
Phụ kiện Máy tính,KONG 3C STORE [vn],476.000 ₫,-35%,309400,-18,5,"APAYADO K61 Mini Wired Mechanical Keyboard, 61 Keys, Red/Blue Switch, Phantom RGB Lighting, 60% Portable, Hot-Swappable",56 Đã bán,https://www.lazada.vn/products/pdp-i2921286645.html,
Phụ kiện Máy tính,Phụ Kiện Công Nghệ_85,577.500 ₫,-33%,386925,-1,5,"Bàn Phím Cơ 1 tay ZIYOULANG K5 39 Phím Blue Switch RGB Chơi Game Pubg Mobile, Rules, Free Fire",8 Đã bán,https://www.lazada.vn/products/pdp-i1669476488.html,
Thiết bị tiện ích USB,MU RAN,992.000 ₫,-50%,496000,-270,4.9,MURAN | Quạt Bàn Mini Di Động Sạc USB,,https://www.lazada.vn/products/pdp-i3193657488.html,
Phụ kiện Máy tính,audio.net,299.000 ₫,-37%,188370,-68,4.9,Củ Sạc Anker Zolo GaN 20W Type-C PD A2699/ A2698 - Bảo Hành 18 Tháng.,271 Đã bán,https://www.lazada.vn/products/pdp-i3012777449.html,
Điện,Taiye Electric,91.000 ₫,-9%,82810,-73,4.7,Một pha LCD kỹ thuật số Đồng hồ đo năng lượng điện dds1108 có hoặc không có đèn nền kWh V một W wattmeter AC 230V 50/60Hz,110 Đã bán,https://www.lazada.vn/products/pdp-i2590657035.html,
Điện,Enrich garden shop,55.000 ₫,-9%,50050,,,( Hỏa Tốc HCM ) Ổ Điện Thông Minh Chữ T Kèm Đèn Ngủ Và Sạc USB,,https://www.lazada.vn/products/pdp-i2344751569.html,
Nhà thông minh,Hunonic Miền Nam Store,510.000 ₫,-18%,418200,-126,5,"Công tắc cảm ứng Hunonic Datic 1-2-3-4 nút kết nối Wifi điều khiển mọi thiết bị từ xa qua điện thoại, Bảo hành 12 tháng.",467 Đã bán,https://www.lazada.vn/products/pdp-i2589262226.html,
Nhà thông minh,Hunonic Miền Nam Store,600.000 ₫,-18%,492000,-287,4.9,Công Tắc Thông Minh Wifi Hunonic Lahu 4 Kênh - 500W/kênh điều khiển mọi thiết bị từ xa qua điện thoại,1.1K Đã bán,https://www.lazada.vn/products/pdp-i2589137650.html,
Thiết bị nhà bếp,Elmich Vietnam,590.000 ₫,-42%,342200,-1314,4.9,(Chỉ 25-29.10)Ấm đun nước siêu tốc Smartcook ICS-3859,3.9K Đã bán,https://www.lazada.vn/products/pdp-i1686680854.html,
Điện,Aeneas Shop,,,,-1,5,"Đồng hồ đo điện,đồng hồ vạn năng đo Volt, ampe, điện trở và linh kiện điện tử cơ bản -AENEA",,https://www.lazada.vn/products/pdp-i2826876455.html,
Smartphones,Xiaomi Brand Store,9.990.000 ₫,-18%,8191800,-57,4.9,"Điện thoại thông minh POCO X7 Pro 5G (8+256GB) | Màn hình 6.67"" 120Hz AMOLED | D8400-Ultra | Camera 50MP OIS | Pin 6000mAh",168 Đã bán,https://www.lazada.vn/products/pdp-i2938567756.html,
Thiết bị nhà bếp,LEBENLANG Gia dụng Đức chính hãng,380.000 ₫,-29%,269800,-29,5,"Máy vắt cam LEBENLANG LB389 máy xoay đảo 2 chiều, 700ml, công suất 40W, bảo hành 2 năm - hàng chính hãng",78 Đã bán,https://www.lazada.vn/products/pdp-i2601860803.html,
Nhà thông minh,Điện Tử Nhật Minh,600.000 ₫,-39%,366000,-12,4.7,"Công Tắc Tuya Thông Minh Wifi+Rf433, 1,2,3,4 Nút Viền Vàng Hình Vuông Smartlife Hẹn Giờ Điều Khiển Từ Xa Điều Khiển Giọng Nói",214 Đã bán,https://www.lazada.vn/products/pdp-i1771454411.html,
"Thiết bị sưởi, làm lạnh và thông gió",goojodoqstore.vn,600.000 ₫,-42%,348000,-325,4.9,"Quạt để bàn GOOJODOQ 2025 Quạt tốc độ cao để bàn- Im lặng turbo gió 100 tốc độ ,Màn hình kỹ thuật số LED ,Có thể treo tường ,Đèn chiếu sáng RGB",899 Đã bán,https://www.lazada.vn/products/pdp-i3061715223.html,
Phụ kiện Máy tính,vintagelifestyle,3.990.000 ₫,-18%,3271800,-10,4.2,"Bàn phím cơ không dây Lofree Flow chính hãng 84 phím, kết nối bluetooth và dây, Kailh switch, LED trắng và RGB",30 Đã bán,https://www.lazada.vn/products/pdp-i2393803852.html,
Phụ kiện điện thoại & máy tính bảng,PARHJg.Selection,44.700 ₫,-62%,16986,-8786,4.8,Kính Lúp Màn Hình Điện Thoại 3D HD – Biến Màn Hình Nhỏ Thành Rạp Phim Di Động,25.1K Đã bán,https://www.lazada.vn/products/pdp-i2518113815.html,
Phụ kiện điện thoại & máy tính bảng,STAR FRUIT MALL,92.000 ₫,-47%,48760,-31,4.5,Mini Pin sạc dự phòng với bốn được xây dựng trong cáp 20000mAh dung tích lớn đồ sạc di động,25 Đã bán,https://www.lazada.vn/products/pdp-i3157797310.html,
Phụ kiện điện thoại & máy tính bảng,Inno Tech,225.000 ₫,-60%,90000,-186,4.8,"Sạc Dự Phòng 10000mah Sạc Trực Tiếp Dây 15w, Kích Cỡ Viên Pin, Sạc 2 Điện Thoại Cùng Lúc, Thanh Đỡ Điện Thoại Xem Phim",620 Đã bán,https://www.lazada.vn/products/pdp-i2538264043.html,
Phụ kiện điện thoại & máy tính bảng,TAIDU STORE,141.000 ₫,-38%,87420,-3,5,Taidu 20000mAh Pin sạc dự phòng năng lượng mặt trời với đèn LED kép và la bàn cho cắm trại ngoài trời và sạc khẩn cấp,5 Đã bán,https://www.lazada.vn/products/pdp-i3199345653.html,
"Sàn, tường & trần nhà",LINZHI.Selection,4.800 ₫,-38%,2976,-13984,4.9,Băng Keo Đen Cách Điện PVC Chống Rò Rỉ Điện (1 cuộn),58.2K Đã bán,https://www.lazada.vn/products/pdp-i2520473171.html,
Phụ kiện điện thoại & máy tính bảng,vneIcRnO.Selection,60.500 ₫,-23%,46585,-27,4.3,"Pin Sạc Dự Phòng Aimier Mini – Sạc Nhanh PD, Màn Hình LCD Hiển Thị, Nhỏ Gọn Dễ Mang Theo – Tương Thích Nhiều Cổng Sạc",2.3K Đã bán,https://www.lazada.vn/products/pdp-i3140914720.html,
Điện,Moscow Six,149.000 ₫,-47%,78970,,,[Nóng] Đồng hồ vạn năng kỹ thuật số Đồng hồ đo điện áp kháng Máy dò dòng điện áp LCD Đồng hồ đo ba cực đo điện áp vôn ôm kế,,https://www.lazada.vn/products/pdp-i2873808448.html,
Thiết bị đeo thông minh,Shop Khai Quynh,,,,,,Đồng Hồ Học Sinh Điện Tử Để Bàn Thiết Kế Mỏng Đa Năng Tiện Lợi Dễ Sử Dụng,,https://www.lazada.vn/products/pdp-i2152057235.html,
Nhà thông minh,Hunonic Miền Nam Store,150.000 ₫,-14%,129000,-629,4.9,"Công Tắc Thông Minh Hunonic Datic Basic, Điều Khiển Từ Xa, Hẹn Giờ Tắt/Bật, Dễ Lắp Đặt, Có Nút Cơ",2.4K Đã bán,https://www.lazada.vn/products/pdp-i2207603661.html,
Phụ kiện Máy tính,XSmart Store,890.000 ₫,-45%,489500,-158,5,"Bàn Phím Cơ Bluetooth Không Dây K68BT Trục Cơ Red Switch Gõ Cực Đã, Thiết Kế Nhỏ Gọn Có Hotswap Có Thể Custom Kết Nối Máy Tính / Điện Thoại / Tablet",496 Đã bán,https://www.lazada.vn/products/pdp-i2075890883.html,
Điện,ZOYI Tools,,,,-1,5,"Đồng hồ đo điện vạn năng kỹ thuật số Zoyi ZT-703S 3 trong 1, băng thông 280ms, tích hợp đo sóng hai kênh 50 mhz",,https://www.lazada.vn/products/pdp-i2846233159.html,
Dụng cụ đo lường,Linh Kiện 024,489.000 ₫,-12%,430320,-12,5,"Đồng hồ kẹp dòng tự động ZOYI ZT-QB1, ZOYI ZT-QB4, ampe kìm đo điện tử đa năng, độ chính xác cao",38 Đã bán,https://www.lazada.vn/products/pdp-i1673061355.html,
Phụ kiện Máy tính,Mai Dung Văn Phòng Phẩm,480.000 ₫,-40%,288000,-4,4.3,Bàn phím không dây K-SNAKE K100 kết nối không dây 3 chế độ Bluetooth và USB 2.4G thiết kế 100 phím phối màu hiện đại vớ,8 Đã bán,https://www.lazada.vn/products/pdp-i2747755303.html,
Điện,Shop Nhà Thông Minh_TT,,,,,,Công Tơ Điện Tử Thông Minh HUNONIC ENTEC,,https://www.lazada.vn/products/pdp-i3058594807.html,
Điện,Minh Khôi Electric,300.000 ₫,-32%,204000,-5,5,"Đồng hồ vạn năng Noble NB4000P,đồng hồ đa năng NOBLE 4000P,đồng hồ đo điện vạn năng,đồng hồ điện tử vạn năng Noble NP4000, đồng hồ đa năng điện tử",7 Đã bán,https://www.lazada.vn/products/pdp-i2409821481.html,
Nhà thông minh,Điện Tử Nhật Minh,350.000 ₫,-20%,280000,-325,4.8,"Công Tắc Tuya Thông Minh Wifi Smart Life (Wifi+RF433) 1,2,3,4 Nút Cảm Ứng Chữ Nhật, Công Tắc Hẹn Giờ Điều Khiển Từ Xa 10A-2200W, Hỗ Trợ Điều Khiển Giọng Nói Tiếng Việt",1.9K Đã bán,https://www.lazada.vn/products/pdp-i290882776.html,
Điện,VOKTTA Official Store,1.321.350 ₫,-33%,885304,,,Voktta aneng AL01 cảm đa năng kế kỹ thuật số 6000 đếm True-RMS AC/Đồng hồ đo điện áp một chiều dụng cụ kiểm tra dòng điện chuyên nghiệp dụng cụ thợ điện,,https://www.lazada.vn/products/pdp-i2499065589.html,
Thiết bị nhà bếp,Elmich Vietnam,1.995.000 ₫,-53%,937650,-165,4.9,(Chỉ 25-29.10)Bếp nướng lẩu đa năng Elmich HE-3908,483 Đã bán,https://www.lazada.vn/products/pdp-i2534158948.html,
Nhà thông minh,Hunonic Miền Nam Store,300.000 ₫,-35%,195000,-93,4.9,Bộ hồng ngoại Hunonic IR Smart - Điều khiển thiết bị từ xa qua điện thoạii,280 Đã bán,https://www.lazada.vn/products/pdp-i2589161580.html,
Phụ kiện Máy tính,THIẾT BỊ CÔNG NGHỆ HUY LONG,649.000 ₫,-22%,506220,-33,4.8,"Bàn phím không dây FREEWOLF M96 kết nối bằng Bluetooth và 2.4G có đèn led 7 màu, nút văn âm lượng và màn hình led mini",96 Đã bán,https://www.lazada.vn/products/pdp-i2636447362.html,
Điện,ĐAIVIETBIG,,,,,,Công Tơ Điện Tử Cao Cấp ĐÃ Kiểm Định EVN 1 Pha CHINT DDSU777 5(80)A,,https://www.lazada.vn/products/pdp-i2921114309.html,
Điện,KUAIQU,1.100.000 ₫,-47%,583000,-3,5,"【Hàng Có Sẵn】 UNI-T Đồng Hồ Vạn Năng Kỹ Thuật Số UNI T, Máy Đo Nhiệt Độ Điện Dung Tần Số AC DC Phạm Vi Thủ Công RMS UT890C UT890D + Đèn Nền",8 Đã bán,https://www.lazada.vn/products/pdp-i1269057000.html,
Điện,KUAIQU,999.999 ₫,-25%,749999,-13,4,Đồng Hồ Vạn Năng Thông Minh Kỹ Thuật Số UNI-T Mới 2021 Vôn Kế AC DC UT60S UT60BT 1000V Ampe Kế Đồng Hồ Vạn Năng Kiểm Tra Nhiệt Độ Tụ Điện RMS Thật,5 Đã bán,https://www.lazada.vn/products/pdp-i1644366301.html,
Điện,,214.000 ₫,-37%,134820,,,Ổ Cắm Điện Đa Chức Năng Có Dây Dài USB Nhiều Lỗ Dùng Cho Ký Túc Xá Sinh Viên Và Gia Đình Ổ Cắm Điện Đa Năng PP/PC Chống Sét,36 Đã bán,https://www.lazada.vn/products/pdp-i2997555103.html,
Điện,CH thiết bị đo điện Gex.vn,,,,-5,5,Công tơ điện tử 1 pha 1 biểu giá trực tiếp 80A emic ce38,27 Đã bán,https://www.lazada.vn/products/pdp-i2265105915.html,
Điện,,,,,,,Tổng Đài Điện Đa Năng Dài USB Nhiều Lỗ Thiết Kế Sáng Tạo Cho Gia Đình Ký Túc Xá Nhà Máy Điện Phụ Kiện Điện Tử,6 Đã bán,https://www.lazada.vn/products/pdp-i2997334619.html,
Điện,BẢO HỘ LAO ĐỘNG XSAFE,416.000 ₫,-20%,332800,-33,4.9,[HỎA TỐC] Đồng hồ đo điện vạn năng TOTAL màn hình LCD có đèn nền ban đêm đo dòng điện điện áp điện trở thông mạch,156 Đã bán,https://www.lazada.vn/products/pdp-i1969634911.html,
Thiết bị nhà bếp,JENNIFEROOM Vietnam,3.120.000 ₫,-45%,1716000,-4,4.5,"JRK-OT1201 - Lò nướng điện Jenniferoom 220 V~, 50 Hz, 1000 W, 12 L",16 Đã bán,https://www.lazada.vn/products/pdp-i3160640906.html,
Phụ kiện điện thoại & máy tính bảng,Baseus OfficialMall,1.159.000 ₫,-56%,509960,-19,5,Pin sạc dự phòng Baseus Lipow 20000mAh 15W / 22.5W 2 cổng USB-A và 1 cổng Type-C,50 Đã bán,https://www.lazada.vn/products/pdp-i2894678789.html,
Phụ kiện Máy tính,MijiaPlay,413.846 ₫,-35%,268999,-1,5,Bàn phím không dây acer Bluetooth có thể sạc lại Đèn nền RGB Chơi game văn phòng Bàn phím có dây cho máy tính để bàn Máy tính xách tay,,https://www.lazada.vn/products/pdp-i3070366180.html,
Nhà thông minh,Nhà thông minh - Vishome,1.750.000 ₫,-23%,1347500,,,Bộ Điều Khiển Trung Tâm Aqara Hub M2 HM2G01 Zigbee Bản Quốc Tế,,https://www.lazada.vn/products/pdp-i2647504173.html,
Điện,VOKTTA Official Store,447.150 ₫,-33%,299590,-6,5,"Vôn Kế Đa Chức Năng Tester, Đồng Hồ Đo Dòng Điện Áp Bộ Kiểm Tra USB Dung Lượng Sạc Dự Phòng",9 Đã bán,https://www.lazada.vn/products/pdp-i1304015637.html,
Thiết bị nhà bếp,Simplus Home Appliances,429.000 ₫,-28%,308880,-20,5,[New Arrival] Simplus Nồi Hấp Trứng Nồi Hấp Đa Năng 7 Chế Độ Hẹn Giờ 24 Tiếng Điều Khiển Cảm Ứng Hấp Trứng Làm Sữa Chua DZEG006,83 Đã bán,https://www.lazada.vn/products/pdp-i2885507151.html,
Điện,Smart Sensor,977.000 ₫,-9%,889070,,,"Smart Sensor Đồng Hồ Vạn Năng Kỹ Thuật Số HABOTEST HT118E Đồng Hồ Đa Năng Phạm Vi Tự Động 20,000 Số Đếm True RMS Đo Điện Áp AC/DC & Điện Trở Dòng Điện Điện Tần Số Nhiệt Độ Liên Tục Nhiệm Vụ Tối Đa/PHÚT Đo Trực Tiếp & Diode Kiểm Tra NCV",,https://www.lazada.vn/products/pdp-i2174929562.html,
Nhà thông minh,Hunonic Miền Nam Store,700.000 ₫,-7%,651000,-34,4.8,"Công Tắc Thông Minh Lahu 04 RTC Tích Hợp IC Thời Gian Thực, Điều Khiển Từ Xa Qua Điện Thoại, Hẹn Giờ Tự Động",121 Đã bán,https://www.lazada.vn/products/pdp-i2589155610.html,
Phụ kiện Máy tính,Punstore - Gear / Audio / Hitech,,,,-16,4.9,"RICCKS RS8 - Bàn phím cơ RICCKS RS8 HIFI Mạch Xuôi , RGB , 3 MODE , QMK/VIA Chính Hãng BH 12 THÁNG",40 Đã bán,https://www.lazada.vn/products/pdp-i3025858719.html,
Thiết bị nhà bếp,Lebenlang Store,669.000 ₫,-30%,468300,-813,4.9,"Ấm đun siêu tốc bằng thủy tinh LEBENLANG LBE2819 của Đức gồm lõi pha trà, đèn LED báo hiệu - hàng chính hãng",1.9K Đã bán,https://www.lazada.vn/products/pdp-i1314901202.html,
Phụ kiện điện thoại & máy tính bảng,Baseus OfficialMall,999.000 ₫,-49%,509490,-55,4.8,"Baseus Lipow Sạc dự phòng Cáp képvới màn hình kỹ thuật số 20000mAh 22,5W",175 Đã bán,https://www.lazada.vn/products/pdp-i3040313742.html,
Phụ kiện điện thoại & máy tính bảng,Pisen Official Store 1618388268,1.380.000 ₫,-54%,634800,-71,4.9,"Pin sạc dự phòng chân cắm PISEN Quick High Power Box kèm cáp sạc C/L, sạc nhanh công suất 22.5w, 20000mAh, TS-D313 - Hàng chính hãng, BH 24 tháng",203 Đã bán,https://www.lazada.vn/products/pdp-i2395426282.html,
Điện,TAO Home Décor,923.000 ₫,-40%,553800,,,Thiết Bị Đo Điện Đa Năng Cầm Tay Không Cần Chuyển Số Thông Minh Mini Chuyên Dụng Cho Kỹ Thuật Viên Điện,210 Đã bán,https://www.lazada.vn/products/pdp-i3223447994.html,
Thiết bị nhà bếp,ZODAN Corporation,150.000 ₫,-37%,94500,-452,4.8,"FREESHIP MAX-Ấm đun siêu tốc, Bình đun nước siêu tốc 2.3L - Bảo Hành 1 Năm - An toàn cho mọi gia đình, ấm đun nước siêu tốc, âm nước siêu tốc thái lan, bình đun nước giữ nhiệt, am sieu toc giá rẻ, bình nấu nước siêu tốc",1.4K Đã bán,https://www.lazada.vn/products/pdp-i2074241627.html,
Phụ kiện điện thoại & máy tính bảng,z9PCM2GN,238.000 ₫,-38%,147560,-14,4.1,Sạc dự phòng 50000mAh sạc nhanh 120W pin dung lượng lớn có dây cắm nhiều điện thoại LED,54 Đã bán,https://www.lazada.vn/products/pdp-i3098585910.html,
Phụ kiện điện thoại & máy tính bảng,Phucvudoisong,67.000 ₫,-24%,50920,-76,4.8,"Mạch sạc dự phòng QC 3.0 loại tốt. Có LCD hiển thị, 3 cổng vào 2 cổng ra chuẩn hãng ,DIY Sạc dự phòng",221 Đã bán,https://www.lazada.vn/products/pdp-i2066376915.html,
Phụ kiện điện thoại & máy tính bảng,OKILA MALL,463.000 ₫,-49%,236130,-143,4.8,"(HCM) Sạc Dự Phòng Xiaomi 10000mAh gen3 Cầm cực nặng tay chắc chắn Sạc nhanh 2 chiều cổng Type-C- Thiết Kế Tinh Tế, vỏ kim loại sang trọng, Cổng sạc vào Micro USB & USB-C, chuẩn QC3.0 - Nhỏ Gọn - Bền Bỉ Tiện Lợi  - OKILA MaLL",343 Đã bán,https://www.lazada.vn/products/pdp-i2184267064.html,
Dụng cụ đo lường,kettra,300.000 ₫,-38%,186000,-14,4.9,"Máy cân bằng laser 12 Tia,máy bắn cốt laser xanh lá,Bóng Led Siêu Sáng , tự động san bằng mức Laser có sẵn ngoài trời",77 Đã bán,https://www.lazada.vn/products/pdp-i3155334384.html,
Dụng cụ nhà bếp,Cân Điện Tử Minh Vân,1.300.000 ₫,-31%,897000,-7,5,"Đầu cân điện tử - Loại Tính tiền K012 , Chống nước TCS 619, 501E - HMV",32 Đã bán,https://www.lazada.vn/products/pdp-i1857454210.html,
Điện,Sakura_Shop,240.000 ₫,-55%,108000,-1,5,"Ổ Điện Đa Năng Chịu Tải A02, Phích Cắm Điện Thông Minh Có Cổng Sạc USB,  Ổ Cắm Điện Chịu Tải An Toàn, Chống Giật, Chống Cháy Nổ, Tiết Kiệm Điện Năng",,https://www.lazada.vn/products/pdp-i1933744144.html,
Phụ kiện Máy tính,Sky Blue shop,423.225 ₫,-33%,283560,-1,5,"Bàn phím cơ DY-M303 có dây kết nối bluetooth, có hệ thống đèn led bắt mắt, chơi game làm việc siêu tiện lợi.",5 Đã bán,https://www.lazada.vn/products/pdp-i2686005714.html,
Phụ kiện điện thoại & máy tính bảng,Vention flagship store,915.000 ₫,-54%,420900,-350,4.9,"Vention Sạc Dự Phòng 20000mAh 65W PD QC4.0 - Dây Cáp Tích Hợp, Sạc Nhanh Type-C, 3 Cổng, Màn Hình LED, Đầy Đủ Laptop/Điện Thoại",1.1K Đã bán,https://www.lazada.vn/products/pdp-i2847922118.html,
Điện,METAKING.VN,520.000 ₫,-16%,436800,,,"Công Tơ Điện Tử Thông Minh Wifi [ TUYA ], Chóng Rò Rỉ Điện, Đồng Hồ Đo Điện 63A, Điều Khiển Từ Xa",,https://www.lazada.vn/products/pdp-i2924917940.html,
Điện,Cty TNHH điện tử công nghệ Tiến Phát,199.000 ₫,-25%,149250,,,Máy đo điện tử đa năng,,https://www.lazada.vn/products/pdp-i2179227664.html,
Điện,Tuyếtmai,46.900 ₫,-4%,45024,,,Ổ Điện Thông Minh Chữ T Kèm Đèn Ngủ Và Sạc USB,,https://www.lazada.vn/products/pdp-i2281765917.html,
Điện,GlobalWonderShop,241.000 ₫,-23%,185570,-7,3.7,Ổ Cắm Tường Đa Chức Năng Có Sạc Nhanh USB Công Tắc Đường Dài Ổ Cắm Phòng Ngủ Thiết Kế Nhiều Lỗ W Cho Bảng Dây Điện,39 Đã bán,https://www.lazada.vn/products/pdp-i2901944588.html,
Điện,KKmoon,1.418.400 ₫,-46%,765936,,,KKmoon ANENG Đồng Hồ Kẹp ST212 Đồng Hồ Vạn Năng Kẹp Kỹ Thuật Số Thông Minh Vôn Kế AC & DC Thông Minh Đếm 6000 Ampe Kế 400A Máy Kiểm Tra Loại Kẹp Phạm Vi Tự Động Hiển Thị Màu VA Máy Đo Điện Áp Không Tiếp Xúc Điện Trở Đi-ốt Nhiệt Độ Tần Số Điện Dung,,https://www.lazada.vn/products/pdp-i1699821967.html,
Điện,,414.000 ₫,-43%,235980,,,"Bảng Cắm Ổ Cắm Đa Chức Năng Có USB Cho Đèn Bàn, Phòng Học Sinh, Nhà Ở, Cắm Nhiều Lỗ, Cắm Điện, Cắm Điện, Cắm Điện",12 Đã bán,https://www.lazada.vn/products/pdp-i2997306753.html,
Điện,KUAIQU,999.999 ₫,-41%,589999,-14,5,11.11 (Sẵn Sàng) Máy Đo Vạn Năng Kỹ Thuật Số UNI-T UT136B +/UT136C + Đồng Hồ Vạn Năng Kế AC DC Vôn Kế Ampe Kế Ohm Điện Dung HFE Diode/Bóng Bán Dẫn,22 Đã bán,https://www.lazada.vn/products/pdp-i491468589.html,
Thiết bị nhà bếp,FujiHome Chính Hãng,2.590.000 ₫,-28%,1864800,-111,4.8,"Cây nước nóng lạnh nhập khẩu FUJIHOME WD2002E làm lạnh điện tử, làm nóng nhanh, có ngăn để cốc chén, tiết kiệm điện năng, bảo hành điện tử toàn quốc 12 tháng",422 Đã bán,https://www.lazada.vn/products/pdp-i2377573438.html,
Phụ kiện Máy tính,THE BABU STORE,1.849.000 ₫,-2%,1812020,,,"Mchose Mix87 | Bàn Phím Phím Từ Tính Chuyên Game 8K Hz, Độ Trễ 0.08ms, Scan Rate 256K, Accuracy 0.001mm, RGB 16.8 Triệu",,https://www.lazada.vn/products/pdp-i3180769134.html,
Smartphones,Xiaomi Official Store,4.990.000 ₫,-4%,4790400,-163,5,Điện thoại thông minh REDMI Note 14 (6+128GB | 8+128G | 8+256G) | Camera AI 108MP | MediaTek Helio G99-Ultra | Pin 5500mAh,7.1K Đã bán,https://www.lazada.vn/products/pdp-i3014255425.html,
Nhà thông minh,Điện Tử Nhật Minh,600.000 ₫,-18%,492000,-76,4.9,"Công Tắc Cửa Cuốn Wifi, Điều Khiển Cửa Cuốn Thông Minh Có Viền Vàng/Không Viền Tuya Smartlife Bản Mới, Hẹn Giờ Điều Khiển Từ Xa Ra Lệnh Giọng Nói",365 Đã bán,https://www.lazada.vn/products/pdp-i1771488308.html,
Điện,GlobalSuperBazaar,287.000 ₫,-23%,220990,,,"Ampe Kế Kỹ Thuật Số DC Có Độ Chính Xác Cao 0,56 Inch 0-33V 3 Dây 5 Chữ Số Hiển Thị Vôn Kế Để Đo Điện DIY",,https://www.lazada.vn/products/pdp-i3173618048.html,
Điện,KUAIQU,1.200.000 ₫,-45%,660000,-14,4.8,Đồng Hồ Vạn Năng Kỹ Thuật Số UNI-T UT136C + LCD Máy Đo Điện Áp DC/AC Máy Đo Dòng Điện Điện Dung Điện Trở Diode Máy Đo Vôn Kế Ampe Kế,76 Đã bán,https://www.lazada.vn/products/pdp-i505356381.html,
Phụ kiện điện thoại & máy tính bảng,Anker Official Store,990.000 ₫,-17%,821700,-36,5,"sạc dự phòng Anker Zolo 10,000mAh Power Bank 10K - 30W, Built-In USB-C and Lightning Cable, Compatible with MacBook, iPhone 17/16/15 /14 Series, Samsung",102 Đã bán,https://www.lazada.vn/products/pdp-i3148965542.html,
Phụ kiện Máy tính,BẢO HÂN TREASURES COMPUTER,550.000 ₫,-31%,379500,,,"Bàn phím số không dây Newmen TK-028 (LED, Bluetooth ) - Hàng chính hãng",,https://www.lazada.vn/products/pdp-i2236015177.html,
Phụ kiện Máy tính,Plata,1.700.000 ₫,-24%,1292000,,,"Bàn phím cơ gaming bluetooth M87 LED RGB bàn phím cơ không dây có Hotswap, White Switch, 3 Chế Độ Kết Nối tương thích với hệ điều hành MAC, Windows, và Android",,https://www.lazada.vn/products/pdp-i2586762781.html,
Phụ kiện Máy tính,TCKB,1.990.000 ₫,-35%,1293500,,,"Bàn phím cơ không dây Monka K100 Full size | 3 mode, RGB, Hotswap, Gasket mount, Núm xoay",,https://www.lazada.vn/products/pdp-i3085570261.html,
Smartphones,Hoàng Hà Mobile,7.990.000 ₫,-6%,7510600,-13,5,Điện thoại di động Xiaomi Redmi Note 14 6GB/128GB - Chính hãng,67 Đã bán,https://www.lazada.vn/products/pdp-i2977593571.html,
Smartphones,HONOR Vietnam,2.790.000 ₫,-22%,2176200,-34,4.6,"Điện thoại Honor X5b 4GB+64GB | Pin 5200mAh 90Hz | Màn hình 6.56"" | BH 18 Tháng Hàng Chính Hãng",98 Đã bán,https://www.lazada.vn/products/pdp-i2967101620.html,
Smartphones,Xiaomi Store1,5.990.000 ₫,-28%,4312800,-16,4.7,Điện Thoại Xiaomi Redmi Note 14 8/256Gb Quốc Tế Nguyên Seal - Chính Hãng Bảo hành 24 Tháng,147 Đã bán,https://www.lazada.vn/products/pdp-i2974336998.html,
Smartphones,Xiaomi Official Store,2.990.000 ₫,-7%,2780700,-38,5,"Điện thoại REDMI A3 (3+64G | 4+128G) |Màn hình 6,71"" 90Hz | Pin 5000mAh (thông thường) dung lượng lớn | Mở khóa bằng khuôn mặt và vân tay bảo mật*",169 Đã bán,https://www.lazada.vn/products/pdp-i3014375349.html,
Nhà thông minh,AKIA Smarthome,1.790.000 ₫,-34%,1181400,-9,4.9,"Aqara Hub M2 bản Quốc Tế - Bộ điều khiển trung tâm Zigbee 3.0, tích hợp Loa và Điều khiển hồng ngoại, tương thích Apple HomeKit",62 Đã bán,https://www.lazada.vn/products/pdp-i1235460874.html,
Smartphones,Hoàng Hà Mobile,4.190.000 ₫,-19%,3393900,-28,4.9,Điện thoại di động Xiaomi Redmi 13 6GB/128GB - 8GB/128GB - Chính hãng bảo hành 18 tháng,114 Đã bán,https://www.lazada.vn/products/pdp-i3064853539.html,
Điện,ABG Official Store,,,,-41,4.7,"Đồng hồ đo điện vạn năng kỹ thuật số Zoyi ZT-703S 3 trong 1, tích hợp đo sóng hai kênh 50 mhz, băng thông 280ms, tốc độ pc, lưu trữ dữ liệu dạng sóng, máy phát tín hiệu dao động kép - Hàng Chính Hãng",138 Đã bán,https://www.lazada.vn/products/pdp-i2613338089.html,
Smartphones,Xiaomi Brand Store,6.490.000 ₫,-15%,5516500,-17,4.9,"Điện thoại thông minh POCO M7 Pro 5G (8+256GB) | 6.67"" AMOLED 120Hz FHD+ | Camera 50MP+2MP | MD7025-Ultra | 5110mAh/45W",43 Đã bán,https://www.lazada.vn/products/pdp-i3049095866.html,
Phụ kiện Máy tính,XSmart Store,1.800.000 ₫,-34%,1188000,,,"Bàn Phím Cơ Bluetooth Không Dây X85 Có Màn Hình Led RGB Mạch Xuôi, Hotswap 5 Pin, 3 Mode Kết Nối, Phím PBT Cao Cấp",,https://www.lazada.vn/products/pdp-i2616413767.html,
Điện,Điện thông minh & Đèn Led Kawasan,280.000 ₫,-8%,257600,,,ĐỒNG HỒ ĐO ĐIỆN NĂNG 1 PHA KỸ THUẬT SỐ – Model: DPM10,,https://www.lazada.vn/products/pdp-i3079931801.html,
Nhà thông minh,Điện Tử Nhật Minh,750.000 ₫,-40%,450000,-80,4.9,"BH 6 tháng-Ổ Cắm Thông Minh Wifi Tuya Smart Life 4 Cổng 4 USB Điều Khiển Từ Xa Hẹn Giờ Tiện Lợi Qua Phần Mềm, Ổ Cắm Hẹn Giờ Điều Khiển Từ Xa, Ổ Cắm Điện Thông Minh Tuya Smart 10A",279 Đã bán,https://www.lazada.vn/products/pdp-i1259219749.html,
Nhà thông minh,Điện Tử Nhật Minh,650.000 ₫,-23%,500500,-256,4.9,"Công Tắc Cửa Cuốn Thông Minh Tuya, Công Tắc Điều Khiển Cửa Cuốn Wifi SmartLife Qua App Tuya, Điều Khiển Mở Cửa Cuốn Từ Xa Qua App, Ra Lệnh Giọng Nói",1.3K Đã bán,https://www.lazada.vn/products/pdp-i358248477.html,
Thiết bị theo dõi GPS & Phụ kiện,HOCO Official Store,470.000 ₫,-37%,296100,-7,5,"Thiết bị định vị thông minh Hoco E91, thiết kế nhỏ gọn , tiện lợi, tìm kiếm định vị nhanh chóng",18 Đã bán,https://www.lazada.vn/products/pdp-i2641302510.html,
Thiết bị đeo thông minh,Xiaomi Official Store,880.000 ₫,-26%,651200,-63,4.9,Đồng hồ thông minh REDMI Watch 5 Active | Màn hình lớn LCD 2” | Giảm tiếng ồn bằng micrô kép và nghe gọi qua Bluetooth® | Thời lượng pin lên đến 18 ngày,228 Đã bán,https://www.lazada.vn/products/pdp-i3080295150.html,
Điện,Linh Kiện 024,179.000 ₫,-22%,139620,-16,4.8,Đồng hồ đo điện tử vạn năng BEST 9205M có sẵn pin 9V,46 Đã bán,https://www.lazada.vn/products/pdp-i1241671854.html,
Trang trí nhà cửa,HomelifeOfficialStore,164.923 ₫,-27%,120393,-2,5,"Đồng Hồ Để Bàn LED Màn Hình LCD Báo Thức, Cảm Biến Âm Thanh",6 Đã bán,https://www.lazada.vn/products/pdp-i2665762566.html,
Điện,EChipTECmall,382.100 ₫,-36%,244544,-20,4.9,D69-2058 Vôn Kế Đồng Hồ Đo Tần Số Năng Lượng Điện KWH Hoạt Động Hệ Số Công Suất Hiện Tại Đồng Hồ Vạn Năng Kỹ Thuật Số CT Ampe Vôn Kế LCD Kỹ Thuật Số,104 Đã bán,https://www.lazada.vn/products/pdp-i797854735.html,
Nhà thông minh,TP-Link,399.000 ₫,-40%,239400,-385,5,Ổ Cắm Thông Minh TP-Link Tapo P100 / P110M Kết Nối Wifi Điều Khiển Từ Xa- Hãng phân phối chính thức,2.1K Đã bán,https://www.lazada.vn/products/pdp-i668298200.html,
Phụ kiện Máy tính,Vinetteam Store,1.890.000 ₫,-39%,1152900,-5,5,"Bàn phím cơ gaming bluetooth M87 LED RGB có Hotswap, White Switch, 3 Chế Độ Kết Nối tương thích với hệ điều hành MAC, Windows, và Android",14 Đã bán,https://www.lazada.vn/products/pdp-i2612031386.html,
Điện,Thiết bị đo 365,480.000 ₫,-18%,393600,,,Đồng hồ đo điện tử Wellink HL-3000 loại bỏ túi,,https://www.lazada.vn/products/pdp-i304606559.html,
Điện,ANENG  Store,221.889 ₫,-35%,144227,-13,4.7,ANENG Đồng Hồ Vạn Năng Kỹ Thuật Số SZ301 Ampe Kế Điện Ohm Điện Trở Dòng Điện AC/DC Máy Kiểm Tra Tự Động Máy Đo Điện Dung Kiểm Tra Khác,27 Đã bán,https://www.lazada.vn/products/pdp-i2011661879.html,
"Thiết bị sưởi, làm lạnh và thông gió",NHẬT PHONG SOLAR,1.900.000 ₫,-40%,1140000,-146,4.9,"[0 đồng vận chuyển]Quạt năng lượng mặt trời, quạt tích điện chạy bằng lăng lượng mặt trời  dạng nằm chân quỳ NHẬT PHONG SOLAR,quạt có 12 Chế Độ gió,hiển thị phân trăm pin,3 cánh bằng kim loại, củ sạc điện 220v, tấm pin năng lượngmặt trời dây dài gần 5m",695 Đã bán,https://www.lazada.vn/products/pdp-i1475911121.html,
Điện,ZOYI Tools,866.000 ₫,-35%,562900,-1,5,"Đồng Hồ Đo Điện Vạn Năng Zoyi Zt-301 Đo Điện Đa Năng Hiển Thị Kỹ Thuật Số 8000 Số Đếm Đo Tụ, Tần Số- Hàng Chính Hãng",,https://www.lazada.vn/products/pdp-i2846179155.html,
Phụ kiện điện thoại & máy tính bảng,Baseus OfficialMall,1.098.000 ₫,-53%,516060,-1474,4.9,"Sạc dự phòng Baseus Qpow2 10000mAh/20000mAh - Công suất 22,5W PD Sạc nhanh (Kèm cáp Type C và Iphone dài 30cm)",4.4K Đã bán,https://www.lazada.vn/products/pdp-i2478263596.html,
Phụ kiện Máy tính,vintagelifestyle,5.590.000 ₫,-16%,4695600,-2,5,Bàn phím cơ không dây bluetooth phiên bản 1% trong suốt transparent chống nước có đèn LED Lofree chính hãng,5 Đã bán,https://www.lazada.vn/products/pdp-i2056797119.html,
Phụ kiện Máy tính,Phụ Kiện Công Nghệ_85,1.499.190 ₫,-34%,989465,-5,4.8,Bàn phím cơ không dây Xinmeng M87 pro - Hotswap 5 pin - Mạch xuôi - Led RGB với 3 chế độ kết nối,16 Đã bán,https://www.lazada.vn/products/pdp-i2505910020.html,
Dụng cụ đo lường,ABG Official Store,1.210.000 ₫,-46%,653400,-10,5,Đồng Hồ Đo Điện Vạn Năng Zoyi Zt-Y Cao Cấp Đo Điện Vạn Năng Tự Động 9999 Số Đếm - Hàng Chính Hãng - Bảo Hành 12 Tháng,25 Đã bán,https://www.lazada.vn/products/pdp-i1995280201.html,
quà tặng & Gói quà,FEIYU stationery,483.000 ₫,-15%,410550,,,Bộ Đồ Dùng Văn Phòng Điện Tử Quà Tặng Sinh Nhật,,https://www.lazada.vn/products/pdp-i3195312863.html,
Smartphones,Hoàng Hà Mobile,3.590.000 ₫,-30%,2513000,-31,5,(Mua kèm phụ kiện giảm thêm 30k) Điện thoại HTC Wildfire E5 Plus (6+6GB/128GB) - Chính hãng,60 Đã bán,https://www.lazada.vn/products/pdp-i2409487787.html,
Nhà thông minh,AKIA Smarthome,990.000 ₫,-40%,594000,-7,4.9,Ổ cắm điện thông minh tiêu chuẩn EU Aqara Smart Plug SP-EUC01 - Hẹn giờ bật tắt điều khiển từ xa theo dõi trạng thái thiết bị Cần Aqara Hub để sử dụng,29 Đã bán,https://www.lazada.vn/products/pdp-i1342014142.html,
,,,,,,,"Bàn Phím Cơ Không Dây Xinmeng X98 Pro, 3 Modes, Mạch Xuôi, Hotswap 5 chân, LED RGB…",5 Đã bán,https://www.lazada.vn/products/pdp-i2412235984.html,
,,,,,,,"Loa thông minh OLLI MAIKA - Trợ lý ảo tiếng Việt Maika, Nội dung tiếng Việt, Tích hợp giải pháp nhà thông minh, Kết nối Wifi, Bluetooth,",13 Đã bán,https://www.lazada.vn/products/pdp-i1913145159.html,
Nhà thông minh,AKIA Smarthome,1.990.000 ₫,-45%,1094500,-13,4.8,"Bộ giám sát tiêu thụ điện năng thông minh Vconnex - Công tơ điện tử wifi kết nối app, Xem và tính tiền điện - Hàng Chính Hãng BH 2 Năm",39 Đã bán,https://www.lazada.vn/products/pdp-i1499924643.html,
Phụ kiện Máy tính,TungCustom,,,,-1,5,"Kit bàn phím customLMK81 3 mode ,led rgb, Có núm chỉnh âm thanh đã mod full TungPhimCoCustom",,https://www.lazada.vn/products/pdp-i2209082764.html,
Phụ kiện Máy tính,MKSHOP,,,,,,"Bàn Phím Cơ Attack Shark K86 RGB, 3 Modes , Có màn Hình, Núm Vặn, Hotswap 5 pin",,https://www.lazada.vn/products/pdp-i2594860090.html,
Smartphones,Hoàng Hà Mobile,6.990.000 ₫,-48%,3634800,-30,5,Điện thoại OSCAL TIGER 12 (8+8GB/128GB) (12GB+12GB/256GB) có hỗ trợ NFC- Chính hãng,63 Đã bán,https://www.lazada.vn/products/pdp-i2614499948.html,
Smartphones,HONOR Vietnam,5.490.000 ₫,-16%,4611600,-73,4.9,Điện thoại thông minh Honor X7c 16(8+8)GB + 256GB | Pin 6000mAh sạc nhanh 35W | Camera 108MP|Chip Snapdragon 685| Loa kép | Kháng nước IP64 | BH 18 Tháng Hàng chính hãng,195 Đã bán,https://www.lazada.vn/products/pdp-i2836739334.html,
Phụ kiện Máy tính,vintagelifestyle,3.590.000 ₫,-3%,3482300,-2,5,"Bàn phím cơ 3 kiểu kết nối không dây bluetooth,2.4G, có dây Lofree Block 98 chính hãng, hotswap, có đèn LED",9 Đã bán,https://www.lazada.vn/products/pdp-i2335609627.html,
Phụ kiện Máy tính,Sidotech Official,1.599.000 ₫,-26%,1183260,-39,4.9,Bàn phím cơ gaming không dây SIDOTECH Y95 bluetooth 3 mode 95 phím có màn hình núm xoay hotswap mạch xuôi led RGB chơi game làm việc có gaket mount pin 8000mAh switch riêng đã lube - Hàng chính hãng,106 Đã bán,https://www.lazada.vn/products/pdp-i2627031774.html,
Điện,Điện thông minh & Đèn Led Kawasan,260.000 ₫,-7%,241800,-2,5,ĐỒNG HỒ ĐO ĐIỆN NĂNG 1 PHA ĐỒNG HỒ CƠ ĐO ĐIỆN NĂNG– Model: APM10,5 Đã bán,https://www.lazada.vn/products/pdp-i3080017341.html,
Smartphones,HONOR Vietnam,3.190.000 ₫,-22%,2488200,-24,5,"Điện thoại HONOR X5b Plus 4GB+128GB | Pin 5200mAh 90Hz | Màn hình 6.56"" | BH 18 Tháng Hàng Chính Hãng",70 Đã bán,https://www.lazada.vn/products/pdp-i2967105348.html,
Phụ kiện điện thoại & máy tính bảng,Rocoren Official Store,1.331.667 ₫,-41%,785683,-52,4.8,Rocoren Pin sạc dự phòng 50000mAh 67.5W/22.5W Power bank | Cổng sạc nhanh USB-C | 6 cổng | Màn hình kỹ thuật số,124 Đã bán,https://www.lazada.vn/products/pdp-i2608003626.html,
Thiết bị đeo thông minh,Hoàng Hà Mobile,1.590.000 ₫,-27%,1160700,-2,5,Đồng hồ thông minh MyKID 4G LITE - Chính hãng (Dùng cho sim Viettel),6 Đã bán,https://www.lazada.vn/products/pdp-i2662576937.html,
Phụ kiện Máy tính,BOSSGEAR,1.100.000 ₫,-10%,990000,,,"Bàn phím cơ Xinmeng M87 Lite, Không dây 3 modes, LED RGB, Mạch Xuôi, Hotswap 5 chân, Full Mod.",,https://www.lazada.vn/products/pdp-i2555825256.html,
Phụ kiện Máy tính,EWEADN,435.000 ₫,-12%,382800,-251,4.9,"EWEADN | Chuột không dây Bluetooth tai thỏ siêu dễ thương, 2 chế độ (Bluetooth/2.4G), Silent Click (gõ êm), Pin sạc, Thiết kế công thái học, dành cho Nữ, Laptop và Văn phòng",,https://www.lazada.vn/products/pdp-i3193687255.html,
Thiết bị đeo thông minh,HONOR Vietnam,1.299.000 ₫,-54%,597540,-301,5,Đồng hồ đeo tay thông minh Honor Band 9 |Màn hình 1.57” | Pin dài 14 ngày| Kháng nước 5ATM | 96 chế độ thể thao | Bảo hành 12 tháng Hàng chính hãng.,796 Đã bán,https://www.lazada.vn/products/pdp-i2849487494.html,
Phụ kiện Máy tính,Phong Cách Xanh Certified Store,,,,-4,5,[Trả góp 0%] Bàn phím cơ Bluetooth Filco Minila-R Convertible Matte Black - Hàng Chính Hãng,11 Đã bán,https://www.lazada.vn/products/pdp-i747466341.html,
Phụ kiện Máy tính,LOGITECH Flagship Store,1.590.000 ₫,-31%,1097100,-169,4.8,"Bàn phím game có dây Logitech G213 Prodigy - RGB Lightsync, phím Media chuyên biệt, chống tràn bền bỉ",643 Đã bán,https://www.lazada.vn/products/pdp-i260191301.html,
Thiết bị nhà bếp,PHILIPS Flagship Store,980.000 ₫,-2%,960400,-114,4.9,Nồi Cơm Điện Philips Dòng 1000 Series Philips HD3008/30 - Hàng Phân Phối Chính Hãng,323 Đã bán,https://www.lazada.vn/products/pdp-i2720833807.html,
Phụ kiện Máy tính,WK Store,1.550.000 ₫,-16%,1302000,-1,5,"Bàn Phím Cơ Dareu EK98 Pro | Bluetooth, 2.4G, Cắm Dây | Cherry PBT | Led RGB | Mới BH 24T",6 Đã bán,https://www.lazada.vn/products/pdp-i2654887600.html,
"Thiết bị sưởi, làm lạnh và thông gió",JENNIFEROOM Vietnam,2.980.000 ₫,-43%,1698600,-1,5,"Quạt sạc điện gấp gọn Jenniferoom Foldable fan 5V, 2A, 8W, 8000mAh - Màu be JRL-FF085COM",,https://www.lazada.vn/products/pdp-i3160754008.html,
Phụ kiện điện thoại & máy tính bảng,Anker Official Store,2.490.000 ₫,-26%,1842600,-90,5,"sạc dự phòng, Anker Power Bank  25,000mAh Portable Charger with Triple 165W USB-C Ports for Multi-Device Charging, Tích hợp cáp USB-C có thể thu gọn, Built-In and Retractable Cables, for iPhone 17/ 17 Air/ 17 Pro series",257 Đã bán,https://www.lazada.vn/products/pdp-i3134998934.html,
Thiết bị nhà bếp,Moah.kr,,,,,,"Nồi Cơm Điện Áp Suất Thông Minh by Moah - 1,2L - Màn hình Led cảm ứng",,https://www.lazada.vn/products/pdp-i3136668965.html,
Phụ kiện Máy tính,XSmart Store,3.350.000 ₫,-35%,2177500,-1,5,Bàn Phím Cơ Không Dây Bluetooth LEOBOG K81BT 3 Mode LED RGB Hotswap 5 Pin Cấu Trúc Gasket Lót Foam,,https://www.lazada.vn/products/pdp-i2678697849.html,
Phụ kiện điện thoại & máy tính bảng,CHANG TAN,180.000 ₫,-57%,77400,-317,4,[FREESHIP TẶNG CÁP SẠC NHANH 39K] PIN DỰ PHÒNG LCD MẶT GƯƠNG DUNG LƯỢNG 30000MAH - SẠC DỰ PHÒNG CÓ ĐÈN LED HIỂN THỊ DUNG LƯỢNG PIN - HỖ TRỢ SẠC NHANH ],791 Đã bán,https://www.lazada.vn/products/pdp-i3006110713.html,
Điện,smart family store,157.600 ₫,-19%,127656,-30,5,【🔥Rẻ】Đồng Hồ Vạn Năng DT9205A Đồng Hồ Vạn Năng Thông Minh Màn Hình Kỹ Thuật Số Độ Chính Xác Cao Dụng Cụ Kiểm Tra Bảo Trì Thợ Điện,80 Đã bán,https://www.lazada.vn/products/pdp-i2193021836.html,
Dụng cụ cầm tay & phụ kiện,Minh Khôi Electric,200.000 ₫,-42%,116000,-7,5,"Đồng hồ vạn năng Samwa YX360-TRn tặng kèm pin,đồng hồ điện tử,máy đo vạn năng, đo điện,đồng hồ đa năng đo điện trở",15 Đã bán,https://www.lazada.vn/products/pdp-i2427762199.html,
Điện,TUSUACHUAVN,139.000 ₫,-18%,113980,-20,5,"Đồng hồ vạn năng SAMWA YX-360TRN tặng kèm pin, hàng chuẩn loại xịn chính hãng CÓ BẢO HÀNH",55 Đã bán,https://www.lazada.vn/products/pdp-i1457491904.html,
Điện,ZOYI Tools,,,,-2,5,Đồng Hồ Đo Điện Vạn Năng Zoyi ZT-102 Đo Điện Đa Năng Hiển Thị Kỹ Thuật Số - Bảo Hành 12 Tháng,6 Đã bán,https://www.lazada.vn/products/pdp-i2846104617.html,
Dụng cụ đo lường,KIPRUN,301.000 ₫,-46%,162540,-170,4.7,"Ampe Kế AC/DC Đồng Hồ Đo Điện Áp Ohm Multimetro Có Cặp Nhiệt Điện, Đèn Nền LCD AN8205C-INTL",224 Đã bán,https://www.lazada.vn/products/pdp-i834942011.html,
Trường học & văn phòng,Globalshop,,,,,,"Máy tính VARIETY, Máy tính màu kẹo đa chức năng văn phòng phẩm, Đồ dùng học tập chất lượng cao Máy tính điện tử Mini ABS",,https://www.lazada.vn/products/pdp-i3217068251.html,
Dụng cụ cầm tay & phụ kiện,ZOYI Tools,,,,-1,5,Đồng Hồ Đo Điện Zoyi ZT-102A Đo Điện Vạn Năng Tự Động - Hàng Chính Hãng - Bảo Hành 12 Tháng,,https://www.lazada.vn/products/pdp-i2846173216.html,
Điện,ANENG  Store,898.858 ₫,-35%,584257,-125,4.9,ANENG Đồng Hồ Vạn Năng Chuyên Nghiệp 683 Số Đếm 6000 Ampe Kế Dòng Điện AC/DC Kẹp Thử Điện Đồng Hồ Vạn Năng NCV Màn Hình Cảm Ứng Thông Minh Khác,190 Đã bán,https://www.lazada.vn/products/pdp-i2201132609.html,
Nhà thông minh,Điện thông minh & Đèn Led Kawasan,383.400 ₫,-28%,276048,-2,5,Ổ cắm điều khiển từ xa 500W C01-RM2A,9 Đã bán,https://www.lazada.vn/products/pdp-i1864106174.html,
Điện,GlobalLifestyle,196.000 ₫,-46%,105840,,,Máy Đo Vạn Năng Kỹ Thuật Số ANENG XL830L 1000V AC/DC Với Dây Đo Và Đầu Dò PT1005B Đa Năng Dùng Cho Kiểm Tra Điện,17 Đã bán,https://www.lazada.vn/products/pdp-i3233605327.html,
Dụng cụ cầm tay & phụ kiện,KUAIQU,4.079.171 ₫,-29%,2896211,-2,5,"[UNI-T Chính Hãng] Đồng Hồ Vạn Năng Kỹ Thuật Số UT61E + UT61D + UT61B Phiên Bản Nâng Cấp Của UNI-T, Máy Kiểm Tra Điện Trở Điện Áp Dòng Điện Xoay Chiều/Một Chiều RMS Thật",7 Đã bán,https://www.lazada.vn/products/pdp-i1203167568.html,
Điện,Global Merch Park,637.000 ₫,-23%,490490,-22,5,ANENG 612 Đồng Hồ Vạn Năng Kỹ Thuật Số Thông Minh Công Cụ Đo Điện Dung Điện Áp AC/DC Thiết Bị Kiểm Tra Chuyên Nghiệp Với Màn Hình Kỹ Thuật Số,163 Đã bán,https://www.lazada.vn/products/pdp-i2726644490.html,
Phụ kiện Máy tính,Sola Digital Store,1.699.000 ₫,-48%,883480,,,Solakaka Sk961 Bàn Phím Cơ Đèn nền RGB 60% Hot Swappable Bluetooth Không Dây Có Dây 3 Chế Độ hot-Swappable Chuyển Đổi Bàn phím chơi game,,https://www.lazada.vn/products/pdp-i2593966371.html,
Phụ kiện Máy tính,FL-Esports Authentic Store,,,,,,Bàn phím cơ có dây FLEsport CMK87SA Polar Night Black RGB - Hotswap - Led RGB - Kết nối USB - Kailh Box switch - Hàng chính hãng,,https://www.lazada.vn/products/pdp-i1966088403.html,
Phụ kiện Máy tính,Cửa hàng Công nghệ thông minh Lê Phạm,1.099.000 ₫,-5%,1044050,,,Bàn Phím Game Logitech G213 RGB Prodigy - Hàng Chính Hãng - Bảo Hành 2 Năm,,https://www.lazada.vn/products/pdp-i514002535.html,
Thiết bị nhà bếp,Moah.kr,,,,,,"Ấm Đun Siêu Tốc by Moah - 1,7L - Màn hình Led cảm ứng - 7 chế độ nhiệt tuỳ chỉnh",,https://www.lazada.vn/products/pdp-i3136675901.html,
Smartphones,HONOR Vietnam,3.990.000 ₫,-25%,2992500,-209,4.9,"Điện thoại Honor X6b (6+6)GB+128GB | Pin 5200mAh, Camera 50MP AI, tần số quét 90Hz| Chống bể vỡ | Bảo hành 18 tháng Hàng Chính Hãng",504 Đã bán,https://www.lazada.vn/products/pdp-i2728102787.html,
Phụ kiện Máy tính,Fuhlen Store Chính Hãng,2.500.000 ₫,-32%,1700000,,,Bàn Phím Cơ Không Dây Fuhlen T87s Pro RGB 3-Mode Hotswap Led RGB 16.8 triệu màu - Bảo Hành 2 Năm,,https://www.lazada.vn/products/pdp-i2690176684.html,
Phụ kiện Máy tính,Logitech G Gaming,1.290.000 ₫,-18%,1057800,,,"Bàn phím game có dây Logitech G213 Prodigy - RGB Lightsync, phím Media chuyên biệt, chống tràn bền bỉ",,https://www.lazada.vn/products/pdp-i2232443190.html,
Thiết bị đeo thông minh,MI MALL VN,1.190.000 ₫,-45%,654500,-237,5,"Đồng Hồ Thông Minh Xiaomi Redmi Watch 5 ACTIVE /  Watch 5 LITE (Chọn phân loại) – Phiên Bản Quốc Tế, Bảo Hành Chính Hãng 12 Tháng",497 Đã bán,https://www.lazada.vn/products/pdp-i2725254098.html,
Phụ kiện Máy tính,Fuhlen Store Chính Hãng,3.000.000 ₫,-20%,2400000,,,Bàn Phím Cơ Không Dây Fuhlen H95s Warrior 3-Mode Gasket Hotswap Mạch Xuôi Led RGB nháy theo nhạc - Bảo hành 2 năm,,https://www.lazada.vn/products/pdp-i2690184710.html,
Phụ kiện Máy tính,FL-Esports Authentic Store,,,,,,Bàn phím cơ có dây FLEsport CMK87SA  Ice Mint RGB - Hotswap - Led RGB - Kết nối USB - Kailh Box switch - Hàng chính hãng,,https://www.lazada.vn/products/pdp-i1966017868.html,
Phụ kiện Máy tính,Bàn Phím Universe,,,,,,"Kit next time 75 - 3 mode kết nối - kit bàn phím cơ nt75 - NT75 - LED RGB hot swap - Wireless, Type C, Bluetooth 5.0",,https://www.lazada.vn/products/pdp-i2375700069.html,
Phụ kiện Máy tính,TungCustom,,,,,,Bàn phím cơ không dây MONKA 3075 version2 - Hỗ trợ Hotswap - Có màn led tùy chỉnh gif - LED RGB mạch xuôi,,https://www.lazada.vn/products/pdp-i2482699831.html,
Phụ kiện Máy tính,Fuhlen Store Chính Hãng,3.000.000 ₫,-20%,2400000,,,Bàn Phím Cơ Không Dây Fuhlen H75s Panda 3-Mode Gasket Hotswap mạch xuôi LED RGB nháy theo nhạc - Bảo hành 2 năm,,https://www.lazada.vn/products/pdp-i2690174702.html,
Phụ kiện Máy tính,Logitech Store Online,1.499.000 ₫,-21%,1184210,,,"Bàn phím gaming có dây Logitech G213 Prodigy - RGB, Full size, chống tràn bền bỉ",,https://www.lazada.vn/products/pdp-i3160162095.html,
Smartphones,Xiaomi Official Store,,,,-2,5,"[New & Exclusive] POCO M7 | Pin khủng 7000mAh | Sạc nhanh 33W và sạc ngược 18W | Màn hình 6.9"" FHD+ tuyệt hảo | Snapdragon® 685 mạnh mẽ | Tần số quét AdaptiveSync 144Hz",8 Đã bán,https://www.lazada.vn/products/pdp-i3203849298.html,
Phụ kiện Máy tính,RAZER,1.490.000 ₫,-32%,1013200,-13,5,[20H 6/7 - 9.7 Nhập 77LAZSOCIAL80K Voucher giảm 12% đơn từ 250K tối đa 80K]Bàn Phím Gaming Razer Ornata V3 X Có Dây | Full Size | Low-Profile Keycap | Keycap Phủ UV | Silent Membrane | Led Đơn,38 Đã bán,https://www.lazada.vn/products/pdp-i2138963763.html,
Phụ kiện Máy tính,Long Hưng TechZone,5.699.000 ₫,-23%,4388230,,,"Bàn phím không dây Bluetooth Logitech G913 TKL Lightspeed - Hàng chính hãng - LED 16 triệu màu, độ dài dây đến 1.8m, cảm giác bấm cực tốt",,https://www.lazada.vn/products/pdp-i1890959049.html,
Phụ kiện Máy tính,Fuhlen Store Chính Hãng,3.000.000 ₫,-20%,2400000,,,Bàn Phím Cơ Không Dây Fuhlen H95s CSA Panda 3-Mode Gasket Hotswap Mạch Xuôi Led RGB nháy theo nhạc - Bảo hành 2 năm,,https://www.lazada.vn/products/pdp-i2696800672.html,
Phụ kiện Máy tính,Fuhlen Store Chính Hãng,3.400.000 ₫,-30%,2380000,,,Bàn Phím Cơ Không Dây Fuhlen H75s Warrior 3-Mode Gasket Hotswap mạch xuôi LED RGB nháy theo nhạc - Bảo hành 2 năm,,https://www.lazada.vn/products/pdp-i2690359401.html,
Phụ kiện điện thoại & máy tính bảng,Vention Digital Store,719.000 ₫,-31%,496110,-148,5,Vention 22.5W 20000mAh sạc dự phòng xách tay Powerbank 10000mAh 20W PD sạc nhanh với màn hình hiển thị kỹ thuật số cho iPhone 16 15 Pro Max Samsung Xiaomi Huawei USB C Ốp tích hợp pin dự phòng,494 Đã bán,https://www.lazada.vn/products/pdp-i3140451487.html,
Phụ kiện Máy tính,RAZER,4.990.000 ₫,-38%,3093800,,,"Bàn Phím Gaming Razer DeathStalker V2 Pro Tenkeyless | Có dây-Wireless 2,4 Ghz-Bluetooth | Switch Low-Profile | Led RGB",,https://www.lazada.vn/products/pdp-i2139018818.html,
Phụ kiện Máy tính,Fuhlen Store Chính Hãng,3.000.000 ₫,-20%,2400000,,,Bàn Phím Cơ Không Dây Fuhlen H95s CSA Panda 3-Mode Gasket Hotswap Mạch Xuôi Led RGB nháy theo nhạc - Bảo hành 2 năm,,https://www.lazada.vn/products/pdp-i2696737647.html,
Phụ kiện Máy tính,WK Store,1.399.000 ₫,-18%,1147180,-5,5,"Bàn phím cơ Dareu EK75 PRO - BLACK GOLDEN Dream Switch RGB (3 Modes, Hotswap, Gasket)- BH 24T",11 Đã bán,https://www.lazada.vn/products/pdp-i2403074341.html,
Thiết bị nhà bếp,CH Khánh Dương,1.186.000 ₫,-33%,794620,-2,5,Nồi lẩu hấp đa năng 3 tầng. Đổi mới 100% trong vòng 30 ngày nếu lỗi kỹ thuật. Bảo hành 1 năm,6 Đã bán,https://www.lazada.vn/products/pdp-i3081397706.html,
Phụ kiện Máy tính,TungCustom,,,,,,"Kit bàn phím cơ m1w darknight và kit M3w nhôm nguyên khối 3 mode ,Led rgb,Hotswap, mạch xuôi đã mod tại Tungcustom",,https://www.lazada.vn/products/pdp-i2507669752.html,
Phụ kiện Máy tính,FL-Esports Authentic Store,,,,,,Bàn phím cơ chơi game có dây FLEsport CMK98SA Graphite Green RGB - Hotswap - Led RGB - Kết nối USB - Kailh Box switch - Hàng chính hãng,,https://www.lazada.vn/products/pdp-i1966535395.html,
Phụ kiện Máy tính,BẢO HÂN TREASURES COMPUTER,,,,,,Bàn phím vi tính Keychron V1M-D1 V1 Max Swappable RGB Backlight - Black - Knob Version - Hàng Chính Hãng,,https://www.lazada.vn/products/pdp-i2924591238.html,
Máy tính bảng,Đèn Led Thúy Nga,,,,-9,4.8,"Nguồn adapter 15v 3A, 15v 2a",42 Đã bán,https://www.lazada.vn/products/pdp-i1875051383.html,
Trang trí nhà cửa,Coleen Decor bàn học,100.000 ₫,-30%,70000,,,Đồng Hồ Đa Chức Năng Mặt LED Điện Tử Báo Thức Để Bàn (tặng kèm pin) Trang Trí Bàn Học Decor COLEEN,,https://www.lazada.vn/products/pdp-i2863762054.html,
Điện,Phụ Kiện Điện Thoại Lâm Music,,,,,,Chia Ổ Điện Kiêm Đèn Ngủ Có 2 Usb Sạc Điện Thoại và Phích Cắm Chia Ổ Điện 1 Ra 5 Lỗ. LMS,,https://www.lazada.vn/products/pdp-i3036998094.html,
Smartphones,SAMSUNG Flagship Store,,,,-29,5,"[SALE BRAND DAY - TỪ 20H 30.10] Điện thoại Samsung Galaxy S25, Điện thoại AI, Tìm kiếm thông minh, Video camera đêm Nightography, Chip Snapdragon",187 Đã bán,https://www.lazada.vn/products/pdp-i2977989664.html,
Điện,Hanhstore247,,,,,,"Ổ cắm điện đa năng thông minh có cổng USB tiện dụng, Ổ Điện Đa Năng Loại Xịn Có Cổng Gắn USB Sạc Điện Thoại Kiêm Đèn Ngủ Tiện Lợi, o cam dien , ổ cắm điện giá rẻ hh029",,https://www.lazada.vn/products/pdp-i2911832241.html,
Smartphones,Xiaomi Official Store,9.990.000 ₫,-20%,7992000,-78,4.8,"Điện thoại thông minh POCO X7 Pro 5G (8+256GB | 12+256G) | Màn hình 6.67"" 120Hz AMOLED | D8400-Ultra | Camera 50MP OIS | Pin 6000mAh",235 Đã bán,https://www.lazada.vn/products/pdp-i3014290083.html,
Dụng cụ cầm tay & phụ kiện,Hưng phát 97,400.000 ₫,-40%,240000,-1208,4.8,Thân Máy siết bulong HITACHI Không Chổi Than đầu 2 trong 1 -  LOẠI 1,4.0K Đã bán,https://www.lazada.vn/products/pdp-i983366898.html,
Điện,HC CENTER,75.000 ₫,-48%,39000,-244,4.4,"Ổ Cắm Điện - Ổ Điện Đa Năng Loại Xịn Có Cổng Gắn USB Sạc Điện Thoại Kiêm Đèn Ngủ Cực Đẹp - Ổ điện chia 2 cổng USB kiêm đèn ngủ, Ổ CẮM ĐIỆN THÔNG MINH KIÊM ĐÈN NGỦ LED & 2 CỔNG USB CÓ CÔNG TẮC",1.4K Đã bán,https://www.lazada.vn/products/pdp-i479292758.html,
Điện,Good Luck VN,100.000 ₫,-45%,55000,-119,4.4,"Đồng hồ đo điện vạn năng Samwa YX-360 TRn, Đồng hồ vạn năng tương tự Sanwa, tặng kèm pin 9V",466 Đã bán,https://www.lazada.vn/products/pdp-i2671225712.html,
Phụ kiện điện thoại & máy tính bảng,vneIcRnO.Selection,64.700 ₫,-28%,46584,-669,4.7,"Pin Sạc Dự Phòng Aimier Mini – Sạc Nhanh PD, Màn Hình LCD Hiển Thị, Nhỏ Gọn Dễ Mang Theo – Tương Thích Nhiều Cổng Sạc",2.3K Đã bán,https://www.lazada.vn/products/pdp-i2651287533.html,
Phụ kiện điện thoại & máy tính bảng,Shen Zhen 3C,500.000 ₫,-68%,160000,-40,4.4,Sạc dự phòng100000mAh cổng sạc nhanh 120W pd20W kèm 4 đầu cáp sạc màn hình led bảo hành 12 tháng,137 Đã bán,https://www.lazada.vn/products/pdp-i3189143990.html,
Phụ kiện điện thoại & máy tính bảng,Shen Zhen 3C,500.000 ₫,-70%,150000,-77,4.6,"Pin Sạc Dự Phòng 100% Chính Hãng 100000mAh, Sạc Nhanh, Kèm 4 Cáp, Pin Dự Phòng Di Động 100000mAh",218 Đã bán,https://www.lazada.vn/products/pdp-i3189226440.html,
Phụ kiện điện thoại & máy tính bảng,Shen Zhen 3C,490.000 ₫,-67%,161700,-21,4.8,"Bùng nổ 100000mAh sạc dự phòng 50000mAh,2 cổng sạc đầu vào, 4 cổng USB sạc, hiển thị dung lượng kỹ Bùng nổ 100000mAh sạc dự phòng 50000mAh,2 cổng sạc đầu vào, 4 cổng USB sạc, hiển thị dung lượng kỹ thuật sốthuật số",73 Đã bán,https://www.lazada.vn/products/pdp-i3189188451.html,
Thiết bị đeo thông minh,Pilot Star_VN.Selection,43.700 ₫,-58%,18354,-1213,5,Đồng Hồ Trẻ Em Đồng Hồ Điện Tử Cho Bé Trai Đồng Hồ Báo Thức Thể Thao Chống Nước Đa Chức Năng,3.7K Đã bán,https://www.lazada.vn/products/pdp-i2529039768.html,
Dụng cụ đo lường,Thiết Bị Đo Lường DWTech,,,,-11,5,"Đồng hồ vạn năng mã hiệu M118A ( Multimeter ) hãng ANENG đo điện, điện tử",27 Đã bán,https://www.lazada.vn/products/pdp-i2371983745.html,
Thiết bị đeo thông minh,Pilot Star_VN.Selection,16.500 ₫,-33%,11055,-560,4.8,"Thiết kế cổ điển Đồng hồ nam kỹ thuật số LED, đồng hồ thép",1.8K Đã bán,https://www.lazada.vn/products/pdp-i2529200179.html,
"Thiết bị sưởi, làm lạnh và thông gió",JYShiZhiKeJi,62.200 ₫,-48%,32344,-8827,4.9,"Quạt Tích Điện Mini Super Fan, Để Bàn Văn Phòng Gấp Gọn Có Thể Kéo Dài 3 Tốc Độ Gió Xoay 360 Độ Cổng sạc USB",30.8K Đã bán,https://www.lazada.vn/products/pdp-i2535083203.html,
Dụng cụ đo lường,Thợ Máy,245.000 ₫,-3%,237650,-17,5,"Đồng Hồ Vạn Năng Zoyi ZT-100 Đo Điện Kỹ Thuật Số Thiết Kế Nhỏ Gọn, Màn Hình Hiển Thị Lớn, Dễ Đọc",53 Đã bán,https://www.lazada.vn/products/pdp-i1952290089.html,
Điện,GlobalLifestyle,582.000 ₫,-53%,273540,-64,5,KWS-X1 4V-30V 12A Loại C Khuếch Phát Hiện Sạc Nhanh Dung Lượng Đo Màn Hình Hiển Thị Kỹ Thuật Số Bút Thử Điện,401 Đã bán,https://www.lazada.vn/products/pdp-i3120436965.html,
Điện,Shop Hoàng Bách,,,,-8,4.9,Công Tơ Điện Tử 4 Thông Số 80A 220V có RESET độ chính xác cao màn hình LCD,41 Đã bán,https://www.lazada.vn/products/pdp-i2792861171.html,
Phụ kiện điện thoại & máy tính bảng,Shen Zhen 3C,600.000 ₫,-75%,150000,-24,4.7,"[năng lượng mặt trời]pin sạc dự phòng  100000mAh dung lượng  khủng,lớn với ngân hàng điện bốn dây đèn LED sạc nhanh 120W",68 Đã bán,https://www.lazada.vn/products/pdp-i3189241362.html,
Phụ kiện điện thoại & máy tính bảng,Siêu thị nhập khẩu Sakurato,528.000 ₫,-49%,269280,-82,4.9,(TẶNG CÁP SẠC NHANH) PIN Dự Phòng CONTAINER 50000mAh  tích hợp 4 dây ra bảo hành 12 Tháng phụ Kiện Điện Thoại Pin Dự Phòng Sạc Pin Đèn,412 Đã bán,https://www.lazada.vn/products/pdp-i3058537778.html,
Phụ kiện điện thoại & máy tính bảng,vneIcRnO.Selection,62.100 ₫,-42%,36018,-1175,4.8,"AME216 Sạc nhanh thời trang và nhẹ hỗ trợ nhiều loại cổng sạc, phối màu đen trắng, sạc dự phòng di động",3.8K Đã bán,https://www.lazada.vn/products/pdp-i2533033956.html,
Dụng cụ cầm tay & phụ kiện,Linh Kiện 024,51.500 ₫,-4%,49440,-487,4.8,"Đồng hồ đo điện tử vạn năng DT830B Digital Multimeter, đồng hồ đo điện tử đa năng, đo điện áp, ampe, diode hiển thị kỹ thuật số, đồng hồ đo có kèm pin theo",1.4K Đã bán,https://www.lazada.vn/products/pdp-i1339643352.html,
Dụng cụ đo lường,Electrical,139.000 ₫,-37%,87570,-64,4.8,Công tơ điện tử 1 pha 220V-80A LW - đồng hồ đo công suất tiêu thụ Kwh,577 Đã bán,https://www.lazada.vn/products/pdp-i2120640285.html,
Dụng cụ cầm tay & phụ kiện,Thế Giới Linh Kiện 720,71.000 ₫,-40%,42600,-229,4.8,"Đồng hồ đo điện tử vạn năng DT830B Digital Multimeter, đồng hồ đo điện đa năng, đo điện áp, ampe, diode... hiển thị kỹ thuật số, đồng hồ đo có kèm pin theo",742 Đã bán,https://www.lazada.vn/products/pdp-i1427164470.html,
Điện,NingXiangShiHaiJunDaiBaiHuoDian,178.490 ₫,-50%,89245,,,Đồng hồ vạn năng Thông Minh Kỹ Thuật Số Chống cháy VC921 hiển thị độ chính xác cao đa năng bỏ túi,6 Đã bán,https://www.lazada.vn/products/pdp-i2783818011.html,
Điện,yến sàoo,70.000 ₫,-39%,42700,-77,4.8,Combo 2 ổ Cắm Điện Thông Minh Đa Năng Cổng Sạc USB,327 Đã bán,https://www.lazada.vn/products/pdp-i2626240202.html,
Dụng cụ đo lường,Home elictric,119.000 ₫,-25%,89250,-6,4.3,Công tơ điện tử 1 pha 220V-80A LW - đồng hồ đo công suất tiêu thụ Kwh,27 Đã bán,https://www.lazada.vn/products/pdp-i1570212121.html,
Điện,ZzSunnyzZ,25.900 ₫,-13%,22533,-8,5,"Volt Kế Điện Tử Hai Dây AC 220V 0.56 inch, Đồng Hồ Đo Vôn, Điện Áp AC 70V-500V, LED Hiển Thị",116 Đã bán,https://www.lazada.vn/products/pdp-i2786475469.html,
Dụng cụ đo lường,Home_Technology_89,139.000 ₫,-36%,88960,-6,4.8,"Công tơ điện tử 1 pha đa năng LW80A/220v đo công suất, điện áp, cường độ,",72 Đã bán,https://www.lazada.vn/products/pdp-i1599514740.html,
Dụng cụ nhà bếp,CleverOfficial Store,136.000 ₫,-42%,78880,-7,5,⚡Miễn Phí Vận Chuyển⚡Cân Tiểu Ly Điện Tử Dùng Pha Chế 3Kg/0.1g (Tặng Kèm Khay Trong Suốt I2000),209 Đã bán,https://www.lazada.vn/products/pdp-i2439073989.html,
Điện,TỔNG KHO GIA DỤNG 1587825305,,,,-67,4.7,Ổ cắm điện đa năng 7 Cổng Sạc USB 2 Cáp USB 3 Và 5M Dây Cáp Dày Chất Lượng Cao 100% Chính Hãng,273 Đã bán,https://www.lazada.vn/products/pdp-i2708713623.html,
Điện,Tổng Kho Linh Kiện Điện Tử VN,,,,-34,4.6,"Đồng Hồ Vạn Năng Điện Tử XL830L XL830 830 - Đồng Hồ Đo Điện áp DC, AC, Đo dòng điện, đo điện trở (Có Pin)",121 Đã bán,https://www.lazada.vn/products/pdp-i2225479414.html,
Phụ kiện điện thoại & máy tính bảng,ZAPLY,345.000 ₫,-33%,231150,-23,4.7,Sạc dự phòng100000mAh cổng sạc nhanh 120W pd20W kèm 4 đầu cáp sạc màn hình led bảo hành 12 tháng,82 Đã bán,https://www.lazada.vn/products/pdp-i3183903202.html,
Phụ kiện điện thoại & máy tính bảng,ZAPLY,337.500 ₫,-33%,226125,-10,4.5,"Bộ sạc điện thoại 50.000MAH , 4 cổng USB, sạc nhanh PD 120W, bảo hành 6 tháng sạc dự phòng di động dung lượng lớn  đi kè",45 Đã bán,https://www.lazada.vn/products/pdp-i3183867327.html,
Phụ kiện Máy tính,xDnUIM.Selection,49.000 ₫,-29%,34790,-6231,5,"Ổ cắm điện đa chức năng , gồm 6 đầu chuyển , tiện lợi , dễ di chuyển",17.7K Đã bán,https://www.lazada.vn/products/pdp-i2534662796.html,
Phụ kiện điện thoại & máy tính bảng,NAICHONG MALL,80.000 ₫,-44%,44800,-15,4.2,"NAICHONG Mini Pin sạc dự phòng với bốn được xây dựng trong cáp, 20000mAh dung tích lớn đồ sạc di động",56 Đã bán,https://www.lazada.vn/products/pdp-i3141279173.html,
Điện,Linh Kiện 024,73.000 ₫,-3%,70810,-115,4.7,Combo 3 món đồng hồ điện tử XL830L + Mỏ hàn chỉnh nhiệt TQ936 + Hút thiếc chì mini sửa chữa điện tử hàn mạch đo điện V1,367 Đã bán,https://www.lazada.vn/products/pdp-i1963236385.html,
Thiết bị y tế,Thiết Bị KQ,,,,-2,5,Đồng hồ điện tử kiêm nhiệt ẩm kế siêu mỏng,20 Đã bán,https://www.lazada.vn/products/pdp-i264602105.html,
Điện thoại bàn,MYSON MOBILE,1.499.000 ₫,-27%,1094270,-69,4.4,"điện thoại A92 2sim ram 8G/256G máy Chính Hãng, Cấu hình Cao khủng, Chiến mọi game nặng siêu mượt,- BNLN",127 Đã bán,https://www.lazada.vn/products/pdp-i2859791308.html,
Đồ gia dụng chăm sóc cá nhân,SADA Shopping Mall,272.000 ₫,-34%,179520,-54,4.9,SADA 120W sạc dự phòng 20000 mAh sạc siêu nhanh dung tích lớn Sạc dự phòng di động sạc dự phòng Phù hợp với Huawei Apple,88 Đã bán,https://www.lazada.vn/products/pdp-i2943071571.html,
Điện,A_Hoco_Shop,291.200 ₫,-39%,177632,-36,5,"AC Màn Hình 6 Trong 1 KWh Công Suất Đo Tần Số 110V 220V 380V 100A, Điện Hệ Số Công Suất Hoạt Động màn Hình HOCO",162 Đã bán,https://www.lazada.vn/products/pdp-i2810565830.html,
Smartphones,LPK_dienthoaigiare,299.000 ₫,-3%,290030,-78,4.4,Điện thoại oppo neo5 _a31. Điện thoại gia rẻ HÀNG CHÍNH HÃNG đã qua sử dụng,182 Đã bán,https://www.lazada.vn/products/pdp-i2500695835.html,
Phụ kiện điện thoại & máy tính bảng,Shen Zhen 3C,300.000 ₫,-73%,81000,-22,4.8,12000mAh Mini Power Bank Sạc di động Type-C và phích cắm cho điện thoại/đồng hồ/tai nghe,89 Đã bán,https://www.lazada.vn/products/pdp-i3189989000.html,
Điện,homelifestorevn,96.800 ₫,-39%,59048,-17,4.6,Thiết Bị Kiểm Tra Vôn Kế 0-100A 3 Trong 1 Màn Hình LED 22mm AC 60-500V HOME,173 Đã bán,https://www.lazada.vn/products/pdp-i2811217338.html,
Điện,ĐIỆN TỬ HỒNG UYÊN,75.000 ₫,-25%,56250,-53,4.7,"Mạch sạc dự phòng Sịn - Nhiều cổng SẠC NHANH. Có LCD hiển thị, Mạch không giới hạn số lượng pin nhiều cổng Type-C + USB+ Lightning và MicroUSB",224 Đã bán,https://www.lazada.vn/products/pdp-i1483871946.html,
Điện thoại bàn,PTlG8cPR.Selection,12.000 ₫,-33%,8040,-1657,4.8,Giá xoay điện thoại di động đa năng kẹp xe ô tô giá đỡ xoay 360 độ,4.0K Đã bán,https://www.lazada.vn/products/pdp-i2429538969.html,
Điện,Store Houseware,198.000 ₫,-57%,85140,-68,4.9,"Thiết bị tiết kiệm điện Eletricity saving box ( đảm bảo tiết kiệm 100%) - Thiết Bị Tiết Kiệm Điện, Máy Tiết Kiệm Điện Eletricity Saving Box 220V, Thiết Bị Tiết Kiệm Điện Thông Minh Giữ Nguồn Điện Ổn Định Bộ Tiết Kiệm Điện Đa Năng",280 Đã bán,https://www.lazada.vn/products/pdp-i2737629783.html,
Điện,Cosette,58.000 ₫,-33%,38860,-54,4.8,Ổ Cắm Điện Thông Minh Đa Năng Cổng Sạc USB Tiện Dụng,205 Đã bán,https://www.lazada.vn/products/pdp-i2279881737.html,
Smartphones,Smartchoice 247,600.000 ₫,-50%,300000,-22,4.6,Điện Thoại Thông Minh Giá Rẻ Samsung Galaxy J2 prime G532 Hỗ Trợ 4G Máy Cũ Tân Trang,87 Đã bán,https://www.lazada.vn/products/pdp-i3065998302.html,
Phụ kiện điện thoại & máy tính bảng,Sun_mon,200.000 ₫,-18%,164000,-3,5,[28] Box Sạc QC4.0 Sạc Nhanh Không Hàn 4 * 21700 Trong Suốt SCP25W Vooc 22.5W PD20W QC18W Chưa Có Pin,11 Đã bán,https://www.lazada.vn/products/pdp-i3163263073.html,
Thiết bị thông minh,phụ kiện đèn led,,,,,,Màn Hình LED Trang Trí Thông Minh Chỉnh Qua App Điện Thoại,,https://www.lazada.vn/products/pdp-i3180463209.html,
Phụ kiện điện thoại & máy tính bảng,AUGUST-MALL ZERO,,,,-7,4.9,"Pin sạc dự phòng 20000mAh di động,với đèn LED,Đi kèm với bốn dây có thể tháo rời,Pin lithium-ion polymer, sạc an toàn",12 Đã bán,https://www.lazada.vn/products/pdp-i3197415195.html,
Điện,CleverOfficial Store,90.990 ₫,-40%,54594,-5,5,"⚡Miễn Phí Vận Chuyển⚡ Ổ Cắm Điện Power Strip Đa Năng Thông Minh-Ổ cắm điện thông minh kèm cổng sạc 2 USB，5 plugs, 9 universal socket",22 Đã bán,https://www.lazada.vn/products/pdp-i2630667207.html,
Dụng cụ đo lường,HomelifeOfficialStore,194.923 ₫,-27%,142293,-115,4.8,(Thanh lý lỗ) ⚡Đồng hồ vạn năng DT9205A màn hình kỹ thuật số đồng hồ vạn năng thông minh Máy đo bảo dưỡng thợ điện chính xác cao,333 Đã bán,https://www.lazada.vn/products/pdp-i1904497392.html,
Phụ kiện điện thoại & máy tính bảng,Smart Tech Mall,560.000 ₫,-57%,240800,-206,4.9,"Sạc Dự Phòng Không Dây 10000mAh, Pin Dự Phòng Tích Hợp 2 Dây Sạc, Sạc Nhanh An Toàn Không Nóng Máy, Pin Lithium Dùng Cho IP Và Androi, Đèn LED Thông Báo Tình Trạng Pin, Màu Sắc Đa Dạng. Bảo Hành 12 Tháng, Lỗi Đổi Mới.",415 Đã bán,https://www.lazada.vn/products/pdp-i2945514407.html,
Thiết bị đeo thông minh,Pilot Star_VN.Selection,40.100 ₫,-29%,28471,-141,5,Đồng hồ thể thao sinh viên tối giản xu hướng khí chất cá nhân cảm ứng phát sáng gương màn hình đồng hồ vuông phong cách Ins,779 Đã bán,https://www.lazada.vn/products/pdp-i2545533423.html,
Trang trí nhà cửa,Vinetteam Store,132.900 ₫,-35%,86385,-29,4.7,"Đồng Hồ Báo Thức Điện Tử Để Bàn Màn Hình LCD Đa Chức Năng: Thời Gian, Lịch, Báo Thức, Nhiệt Độ -dc2998",118 Đã bán,https://www.lazada.vn/products/pdp-i1383975156.html,
Phụ kiện điện thoại & máy tính bảng,CHANG TAN,180.000 ₫,-56%,79200,-87,4.7,[ FREESHIP KÈM CÁP SẠC] PIN SẠC DỰ PHÒNG CAO CẤP THIẾT KẾ MÀN HÌNH LED CỰC SANG TRỌNG - 2 CỔNG SẠC NHANH + ĐÈN LED SIÊU SÁNG TẦM NHÌN TỐT - SẠC DỰ PHÒNG AN TOÀN CHO MỌI DÒNG ĐIỆN THOẠI,129 Đã bán,https://www.lazada.vn/products/pdp-i2620443676.html,
Dụng cụ đo lường,Điện máy thành hưng,,,,-1,5,Đồng hồ đo điện vạn năng kỹ thuật số ZOYI VC921 - Hàng chuẩn,,https://www.lazada.vn/products/pdp-i2319982443.html,
Điện,FOXSUR VIỆT NAM,199.920 ₫,-50%,99960,-55,4.8,Công tơ điện tử 1 pha đo điện năng tiêu thụ kwh LW công suất lớn 60A 15KW màn hình LCD hiển thị kỹ thuật số hàng CHÍNH HÃNG,246 Đã bán,https://www.lazada.vn/products/pdp-i1299156694.html,
Phụ kiện điện thoại & máy tính bảng,YK SHOPS,20.000 ₫,-53%,9400,-65,4.7,[ FREESHIP KÈM CÁP SẠC] PIN SẠC DỰ PHÒNG CAO CẤP THIẾT KẾ MÀN HÌNH LED CỰC SANG TRỌNG - 2 CỔNG SẠC NHANH + ĐÈN LED SIÊU SÁNG TẦM NHÌN TỐT - SẠC DỰ PHÒNG AN TOÀN CHO MỌI DÒNG ĐIỆN THOẠI,89 Đã bán,https://www.lazada.vn/products/pdp-i2696970713.html,
Trang trí nhà cửa,Esc Viet Nam,65.000 ₫,-10%,58500,,,"Đồng Hồ Báo Thức Điện Tử Để Bàn Màn Hình LCD Đa Chức Năng: Thời Gian, Lịch, Báo Thức, Nhiệt Độ -dc2998 dong ho bao t huc",,https://www.lazada.vn/products/pdp-i2178955695.html,
Thiết bị y tế,OOKAS Đồ gia dụng nhỏ,176.098 ₫,-29%,125029,-9,5,OOKAS Trang chủ Kích thước lớn LED HD Hiển thị Quy mô điện tử,39 Đã bán,https://www.lazada.vn/products/pdp-i2578443485.html,
Phụ kiện điện thoại & máy tính bảng,CHANG TAN,180.000 ₫,-56%,79200,-122,4.7,"GIÁ SỈ TẶNG CÁP SẠC NHANH 39K - PIN TRÂU 30000MAH, PIN SẠC DỰ PHÒNG CAO CẤP THIẾT KẾ MÀN HÌNH GƯƠNG 2 CỔNG SẠC NHANH",177 Đã bán,https://www.lazada.vn/products/pdp-i2634869031.html,
Dụng cụ đo lường,ĐìnhVăn Shop,154.000 ₫,-7%,143220,,,Đồng hồ đo vạn năng Digital DT-9205A,,https://www.lazada.vn/products/pdp-i2044181848.html,
Phụ kiện điện thoại & máy tính bảng,ZAPLY,500.000 ₫,-54%,230000,-6,4.3,"Pin Sạc Dự Phòng 100% Chính Hãng 100000mAh, Sạc Nhanh, Kèm 4 Cáp, Pin Dự Phòng Di Động 100000mAh",18 Đã bán,https://www.lazada.vn/products/pdp-i3188860464.html,
Điện,ForesightOfficialStore,87.900 ₫,-40%,52740,-17,4.5,"Ổ cắm điện thông minh 5 phích cắm, 2 cổng sạc USB, 9 ổ cắm đa năng dây dài 1,8 mét điện đa năng có công tắc",44 Đã bán,https://www.lazada.vn/products/pdp-i2638967012.html,
Dụng cụ đo lường,YZL-tools,147.000 ₫,-46%,79380,-36,5,Đồng hồ vạn năng kỹ thuật số Mini 4000 đếm AC DC dụng cụ điện Tester Auto multimetro kỹ thuật số Profesional Meter,6 Đã bán,https://www.lazada.vn/products/pdp-i2302404321.html,
Thiết bị theo dõi GPS & Phụ kiện,LadyTime_Shop,290.000 ₫,-48%,150800,-27,4.9,"Thiết Bị Định Vị GPS Hoco E100 , Định Vị Chính Xác , Không Giới Hạn Khoảng Cách , Theo Dõi Trẻ Em , Đồ Vật ,Tránh Thất Lạc",193 Đã bán,https://www.lazada.vn/products/pdp-i3207757520.html,
Điện,Thế Giới Linh Kiện 720,150.000 ₫,-36%,96000,-75,4.7,"Đồng hồ đo điện tử đa năng DT9205A, đo điện áp, dòng điện, vôn kế... có kèm pin 9V, bảo hành 1 tháng",236 Đã bán,https://www.lazada.vn/products/pdp-i1427130713.html,
Điện,bansi08,70.000 ₫,-39%,42700,-13,4.8,Combo 2 ổ Cắm Điện Thông Minh Đa Năng Cổng Sạc USB Tiện Dụng,60 Đã bán,https://www.lazada.vn/products/pdp-i2626208182.html,
Điện,smart world,249.000 ₫,-30%,174300,-22,4.8,Thiết bị đo công suất 100A 220V công tơ điện tử màn hình LCD hiển thị 6 thông số đồng hồ điện tử,105 Đã bán,https://www.lazada.vn/products/pdp-i789860944.html,
Trang trí nhà cửa,Nhím shop 94,65.000 ₫,-42%,37700,-4,4,"Đồng Hồ Điện Tử Để Bàn Có Đèn LED Đổi Màu, Đa Chức Năng : Thời Gian, Ngày Tháng, Báo Thức, Đo Độ",13 Đã bán,https://www.lazada.vn/products/pdp-i1729439181.html,
Điện,MichanK,120.000 ₫,-57%,51600,-116,4.3,(Có Đèn & Loa) Đồng Hồ Đo Điện Vạn Năng VOM SANWAI YX-360TRE-L-B Có Đèn Và Loa Báo Đo Thông Mạch Tiện Dụng,401 Đã bán,https://www.lazada.vn/products/pdp-i2777827659.html,
Điện,Gia Dụng PINGS,110.000 ₫,-37%,69300,-27,4.8,Ổ điện đa năng ổ cắm điện thông minh 2200W chống giật chống cháy 4 ổ USB 5V2A và đèn ngủ tiện lợi,108 Đã bán,https://www.lazada.vn/products/pdp-i2433640919.html,
Điện,TỔNG KHO GIA DỤNG 1587825305,,,,-43,4.8,"Ổ điện đa năng sạc nhanh, ổ cắm điện tự ngắt dây nối dài ổ điện thông minh chịu tải cao 2200w",140 Đã bán,https://www.lazada.vn/products/pdp-i2708808190.html,
Phụ kiện điện thoại & máy tính bảng,MichanK,230.000 ₫,-57%,98900,-4,4,Sạc dự phòng Xiaomi Mi Gen 3 10000mAh Tích Hợp Cổng Type-C chính hãng Sạc nhanh 18W cho nhiều thiết bị hỗ trợ sạc nhanh,29 Đã bán,https://www.lazada.vn/products/pdp-i2726061719.html,
Điện,Plata,85.000 ₫,-24%,64600,-2,5,Đồng hồ đo điện Volt Ohm Amp AC/DC đa năng Digital Multimeter DT-830B cho thợ điện tử thiết kế nhỏ gọn dễ sử dụng chi phí thấp,16 Đã bán,https://www.lazada.vn/products/pdp-i2592565128.html,
Điện,CleverOfficial Store,226.000 ₫,-40%,135600,-27,5,⚡Miễn Phí Vận Chuyển⚡vận chuyển nhanh DT9205A Đồng hồ vạn năng kỹ thuật số AC DC Vôn kế Ampe kế Máy đo,167 Đã bán,https://www.lazada.vn/products/pdp-i2302226891.html,
Điện,NAYA STORE,324.000 ₫,-59%,132840,-311,4.9,【Miễn phí vận chuyển】NAYA Máy đo đa năng mini đa phương tiện kỹ thuật số ANENG M118A đồng hồ vạn năng đo lường nhận dạng tự động,917 Đã bán,https://www.lazada.vn/products/pdp-i2019689729.html,
Điện,A_Hoco_Shop,213.300 ₫,-39%,130113,-352,4.9,Đồng hồ đo công suất điện 220V có nút RESET độ chính xác cao màn hình hiển thị LCD P U I Kwh bộ công tơ điện tử,1.3K Đã bán,https://www.lazada.vn/products/pdp-i2381928314.html,
Phụ kiện điện thoại & máy tính bảng,Siêu thị nhập khẩu Sakurato,590.000 ₫,-51%,289100,-58,4.9,"(Tặng thêm cáp 4in1) Sạc Pin Dự Phòng 50000mah Tên PD120W Bảo hành 12 tháng Trong Suốt Có đồng hồ Hiển Thị Hiệu Điện Thế(V), Cường độ dòng điện(A) tích hợp 10 đèn Led",215 Đã bán,https://www.lazada.vn/products/pdp-i2945486165.html,
Thiết bị nhà bếp,ZODAN Corporation,198.000 ₫,-50%,99000,-1944,4.9,"[BH 1 NĂM] Ấm đun siêu tốc, Bình đun nước siêu tốc 2.3L - Bảo Hành 1 Năm",5.1K Đã bán,https://www.lazada.vn/products/pdp-i2531847264.html,
Điện,Good Luck VN,208.000 ₫,-52%,99840,-65,5,"Đồng hồ đo điện, loại kim, model vạn năng sunma sanwai YX-360TR, tặng kèm 2 pin AA + 1 pin 9V, loại con trỏ YX-360TRN, đồng hồ vạn năng analog, đồng hồ điện sunwa",113 Đã bán,https://www.lazada.vn/products/pdp-i2465263003.html,
Phụ kiện điện thoại & máy tính bảng,ESSAGER,1.131.856 ₫,-69%,350875,-133,4.9,Essager 22.5W sạc dự phòng S 20000mAh Màn hình hiển thị kỹ thuật số được xây dựng trong Loại C Cáp Lightning di động USB-A Type-C pd20w sạc nhanh 10000mAh sạc dự phòng S 4 đầu ra 2 lnputs cho iphone16 15-5 Huawei Samsung máy tính bảng Máy Tính Xách Tay Ta,378 Đã bán,https://www.lazada.vn/products/pdp-i3090593990.html,
Điện,Thiết bị điện 123,358.000 ₫,-48%,186160,-53,4.7,Công tơ điện tử có RESET 1 pha 220V-60A Nakasi - đồng hồ đo công suất tiêu thụ Kwh,377 Đã bán,https://www.lazada.vn/products/pdp-i1393542260.html,
Phụ kiện điện thoại & máy tính bảng,GUTEK,350.000 ₫,-37%,220500,-98,4.8,Sạc dự phòng 30000mah Pin dung lượng lớn sạc nhanh 120W/PD20W đi kèm dây sạc điện thoại – Gutek GT69,321 Đã bán,https://www.lazada.vn/products/pdp-i3055593743.html,
Dụng cụ cầm tay & phụ kiện,Thế Giới Thợ Xe,487.000 ₫,-54%,224020,-21,5,Đồng hồ vạn năng UT33D+ | Đồng hồ đo điện đa năng điện tử hiển thị số - Thế Giới Thợ Xe,58 Đã bán,https://www.lazada.vn/products/pdp-i1985148452.html,
Thiết bị tiện ích USB,Ranvoo,5.148.000 ₫,-87%,669240,-204,4.9,RANVOO | Quạt Cổ Đeo USB Sạc Điện,,https://www.lazada.vn/products/pdp-i3181365656.html,
Điện,hoangvietstore,60.000 ₫,-25%,45000,-191,4.8,Ổ Điện 3 Cổng Sạc USB Cắm Điện Thoại Tiện Lợi Đa Năng,738 Đã bán,https://www.lazada.vn/products/pdp-i1557390801.html,
Phụ kiện điện thoại & máy tính bảng,violet56,147.000 ₫,-33%,98490,-5,5,"Sạc Siêu Nhanh 66W 20000MAh Cáp Tự Dây Điện Dung Tích Lớn, In Logo Nguồn Điện Di Động Trong Suốt Quà Tặng",17 Đã bán,https://www.lazada.vn/products/pdp-i3121216575.html,
Phụ kiện trò chơi điện tử,HAWEEL.Achoice-VN,11.200 ₫,-38%,6944,-829,4.9,Đồng Hồ Trẻ Em Màn Hình Cảm Ứng – Đồng Hồ Kỹ Thuật Số Dây Đeo Điều Chỉnh,4.9K Đã bán,https://www.lazada.vn/products/pdp-i2520228597.html,
Trường học & văn phòng,SEHENA3,81.626 ₫,-44%,45710,,,SEHVN 12 chữ số điện kép chức năng Tiêu chuẩn điện tử máy tính cầm tay cho văn phòng hàng ngày và cơ bản,,https://www.lazada.vn/products/pdp-i3065513061.html,
Phụ kiện điện thoại & máy tính bảng,Siêu thị nhập khẩu Sakurato,375.000 ₫,-41%,221250,-378,4.9,"Sạc Dự Phòng 30000mAh 120W Trong Suốt Sạc Siêu Nhanh Siêu Bền Kết Hợp Led Soi Sáng Với 4 Đầu Sạc Và 3 Cổng Sạc Tiện Dụng 2 Cổng USB, 1 Cổng Type C",1.4K Đã bán,https://www.lazada.vn/products/pdp-i2662954801.html,
Dụng cụ điện & phụ kiện,HANDPHONEVN,,,,-1,5,Nhiệt Kế Điện Tử Đo Nhiệt Độ Hiển Thị Số LCD Dây Đầu Dò Nhiệt Độ Dây Dò Dài 2m,,https://www.lazada.vn/products/pdp-i2347393821.html,
Đèn,Điện Việt,84.000 ₫,-29%,59640,-651,4.8,Đèn bàn học bài đọc sách đa năng loại tốt -  Điện Việt,2.1K Đã bán,https://www.lazada.vn/products/pdp-i248018800.html,
Điện,ĐIỆN TỬ HỒNG UYÊN,98.000 ₫,-24%,74480,-2,4.5,Đồng hồ vạn năng Điện tử kỹ thuật số màn hình LCD XL830L độ chính xác cao (Bán kèm pin 9v) - Điện tử hồng uyên,5 Đã bán,https://www.lazada.vn/products/pdp-i2797897710.html,
Điện,Linh Kiện Điện Tử ViNa,,,,-428,4.9,"Đồng Hồ Vạn Năng Điện Tử XL830L XL830 830 - Đồng Hồ Đo Điện áp DC, AC, Đo dòng điện, đo điện trở (Có Pin)",1.2K Đã bán,https://www.lazada.vn/products/pdp-i2225409929.html,
Dụng cụ cầm tay & phụ kiện,ZOYI Tools,452.000 ₫,-47%,239560,-2,5,Đồng Hồ Đo Điện Vạn Năng Điện Tử Đo Điện Mini Bỏ Túi Ac/Dc Zoyi Vc921 - Bảo Hành 12 Tháng,5 Đã bán,https://www.lazada.vn/products/pdp-i2846063857.html,
Phụ kiện điện thoại & máy tính bảng,GUTEK,290.000 ₫,-32%,197200,-513,4.9,Sạc dự phòng 20000mah Gutek GT160 sạc nhanh 100w dung lượng pin lớn có sẵn dây sạc cho nhiều thiết bị điện thoại,1.5K Đã bán,https://www.lazada.vn/products/pdp-i2404940782.html,
Dụng cụ đo lường,Linh Kiện Điện Tử 3MS Tân Phú,247.500 ₫,-12%,217800,,,Đồng Hồ Đo Vạn Năng DT-9208A,,https://www.lazada.vn/products/pdp-i1529139988.html,
Smartphones,MYSON MOBILE,419.000 ₫,-29%,297490,-33,4.4,"điện thoại Xiaomi Redmi Note 10 2sim ram 6G/128G Chính hãng, cấu hình khủng Cân game mượt - CMS",78 Đã bán,https://www.lazada.vn/products/pdp-i2879921936.html,
Điện,Smart power,240.000 ₫,-27%,175200,-41,4.6,Thiết bị đo công suất 100A công tơ điện tử,234 Đã bán,https://www.lazada.vn/products/pdp-i815080952.html,
Điện,Đồ Chơi Sáng Tạo - DIY,70.000 ₫,-20%,56000,-51,4.8,Đồng hồ vạn năng đo điện A830L và DT-830B,234 Đã bán,https://www.lazada.vn/products/pdp-i1968125827.html,
Điện,Gia Dụng PINGS,62.000 ₫,-21%,48980,-27,4.8,Ổ Cắm Điện Đa Năng Chữ T Siêu Tiện Dụng (4 Chấu + 2 Cổng USB) - Ổ Điện Tiện Lợi Kết Hợp Đèn Ngủ,179 Đã bán,https://www.lazada.vn/products/pdp-i2188067563.html,
Dụng cụ cầm tay & phụ kiện,Vinetteam Store,159.000 ₫,-44%,89040,,,"Đồng hồ vạn năng DT9205A đồng hồ đo điện thông minh màn hình kĩ thuật số, độ chính xác cao - dc5266",,https://www.lazada.vn/products/pdp-i2613856196.html,
Dụng cụ đo lường,UKSTORE,190.000 ₫,-28%,136800,,,[Bảo hành 1 đổi 1] Đồng hồ đo điện vạn năng DT9205A Digital Multimeter Excel,,https://www.lazada.vn/products/pdp-i1330333960.html,
Điện,NAYA STORE,188.000 ₫,-58%,78960,-61,4.6,【Miễn phí vận chuyển】ANENG Đồng Hồ Vạn Năng Kỹ Thuật Số DM850 Máy Kiểm Tra Điện Áp AC/DC Tự Động 1999 Số Đếm Công Cụ Dò Ampe Kế Ohm Dòng Điện,289 Đã bán,https://www.lazada.vn/products/pdp-i2062400662.html,
Điện,BUM BI,,,,-1,5,"Đồng Hồ Đo Điện Tử XL830L Có Màn Hình LCD Cầm Tay Nhỏ Gọn, Thiết Bị Đo Dòng Điện Độ Chính Xác Cao Kèm Pin Và Dây Đo",,https://www.lazada.vn/products/pdp-i3052023345.html,
Điện,orientation,240.000 ₫,-25%,180000,-7,4.6,"Đồng hồ điện tử hiển thị 6 thông số,Thiết bị đo công suất 100A 220V,công tơ điện tử",39 Đã bán,https://www.lazada.vn/products/pdp-i815210303.html,
Điện,PhongNhi,,,,-32,4.8,Đồng hồ vạn năng điện tử ZOYI ZT-S1 đồng hồ đa năng kỹ thuật số màn hình LCD,108 Đã bán,https://www.lazada.vn/products/pdp-i1481014347.html,
Dụng cụ đo lường,Esc Viet Nam,240.000 ₫,-21%,189600,-1,5,"Đồng hồ điện tử hiển thị 6 thông số,Thiết bị đo công suất 100A 220V,công tơ điện tử",17 Đã bán,https://www.lazada.vn/products/pdp-i815192595.html,
An toàn & bảo mật,Tonnifu dụng cụ điện,180.000 ₫,-45%,99000,-82,4.9,"Đèn Pha LED Tonnifu 905 Dùng Pin Chân Phổ Thông - 21V Chung Pin Máy Khoan, Bulong",224 Đã bán,https://www.lazada.vn/products/pdp-i2825587562.html,
Smartphones,BDF Tablet PC,1.860.000 ₫,-50%,930000,-1,5,BDF M3PRO 8GB/256GB Global Phiên bản 5G Điện thoại thông minh 48MP Camera 67W Sạc điện thoại di động 144Hz,20 Đã bán,https://www.lazada.vn/products/pdp-i2220789765.html,
"Thiết bị sưởi, làm lạnh và thông gió",DIVA SHOPPING,129.000 ₫,-23%,99330,-155,4.6,Quạt Sắt Để Bàn Nhỏ Gọn Xoay 360 Độ Tiện Dụng Cổng Sạc USB Không Cần Ổ Cắm Tạo Không Khí Thoáng Mát Tiết Kiệm Điện Năng,508 Đã bán,https://www.lazada.vn/products/pdp-i1994822216.html,
Dụng cụ đo lường,Linh Kiện Điện Tử Chợ Trời Hà Nội,33.000 ₫,-33%,22110,-5,5,"Đồng hồ đo điện vạn năng Diymore ANENG M113, đo volt, điện trở",31 Đã bán,https://www.lazada.vn/products/pdp-i2707652807.html,
Điện,Smart power,240.000 ₫,-27%,175200,-45,5,"Đồng hồ điện tử hiển thị 6 thông số,Thiết bị đo công suất 100A 220V,công tơ điện tử",214 Đã bán,https://www.lazada.vn/products/pdp-i815182788.html,
Điện,XUKO Shop.,,,,-30,5,"Công tơ điện tử đa năng hiển thị 1 thông số và 4 thông số 80A LW đo công suất, điện áp, cường độ dòng điện",145 Đã bán,https://www.lazada.vn/products/pdp-i1762828678.html,
Đồ gia dụng chăm sóc cá nhân,LALA TRADING,65.000 ₫,-42%,37700,-1514,4.9,"Massage mắt mini cầm tay 208 (Tặng 1 SP Ngẫu Nhiên) - Electric Mini Vibrations Pouch Eye Massage Pen (Bút Massage mini cầm tay, máy mát xa mắt mini)",6.4K Đã bán,https://www.lazada.vn/products/pdp-i498490174.html,
Phụ kiện điện thoại & máy tính bảng,MỘC ÂN SHOP TPHCM,1.070.000 ₫,-93%,74900,-630,4,[BẢO HÀNH TOÀN QUỐC - TẶNG CÁP SẠC NHANH 39K ] - PIN DỰ PHÒNG LCD MẶT GƯƠNG DUNG LƯỢNG 30000MAH - SẠC DỰ PHÒNG CÓ ĐÈN LED HIỂN THỊ DUNG LƯỢNG PIN - HỖ TRỢ SẠC NHANH,1.7K Đã bán,https://www.lazada.vn/products/pdp-i2587994059.html,
Phụ kiện điện thoại & máy tính bảng,KnHNvryq,780.000 ₫,-57%,335400,,,Sạc dự phòng 90000mAh sạc nhanh 120W pin PD20W dung lượng lớn có dây cắm nhiều điện thoại sạc sự Dựng phòng LED,,https://www.lazada.vn/products/pdp-i3199943958.html,
Nhà thông minh,Hometek,117.000 ₫,-42%,67860,-1151,4.9,"Công tắc điều khiển từ xa Công suất lớn 3000W - 220V, Bh 1 tháng",5.4K Đã bán,https://www.lazada.vn/products/pdp-i2024613592.html,
Nhà thông minh,Hometek,100.000 ₫,-32%,68000,-957,4.9,[HCM]Công tắc điều khiển từ xa RF 2 cổng 4 cổng độc lập xuyên tường + màu Trắng + Kèm Pin Remote,3.8K Đã bán,https://www.lazada.vn/products/pdp-i1097624605.html,
Điện,homelifestorevn,218.100 ₫,-41%,128679,-30,5,Đồng hồ đo công suất điện 220V có nút độ chính xác cao màn hình hiển thị LCD P U I Kwh bộ công tơ điện tử A,128 Đã bán,https://www.lazada.vn/products/pdp-i2406997860.html,
Phụ kiện điện thoại & máy tính bảng,MH GIA DỤNG,178.000 ₫,-54%,81880,-7,5,"[KÈM CÁP SẠC - SALE XÃ KHO] SẠC DỰ PHÒNG LCD MÀN HÌNH GƯƠNG CAO CẤP - PIN DỰ PHÒNG 30000MAH - PIN SẠC DỰ PHÒNG MẶT GƯƠNG, 2 CỔNG SẠC, SẠC MỌI DÒNG ĐIỆN THOẠI - SẠC DỰ PHÒNG GƯƠNG ĐEN GIÁ SỐC",12 Đã bán,https://www.lazada.vn/products/pdp-i3185657871.html,
Điện,A_hoco__Store,229.000 ₫,-41%,135110,-23,4.9,【🔥HCM/24H】Đồng hồ vạn năng DT9205A màn hình kỹ thuật số đồng hồ vạn năng thông minh Máy đo bảo dưỡng thợ điện chính xác cao,57 Đã bán,https://www.lazada.vn/products/pdp-i1904566071.html,
Điện,TOP GOAT MALL,340.000 ₫,-53%,159800,-39,4.9,"LazMall Điện Tử Nhật Bản Cục Giảm Điện Nhật Bản Bộ Tiết Kiệm Điện Nhật Bản Tiện Lợi, An Toàn Và Dễ Sử Dụng Giúp Cắt Giảm Đến 43% Lượng Tiêu Thụ Điện Hàng Tháng",64 Đã bán,https://www.lazada.vn/products/pdp-i3168357070.html,
Điện,Nhím shop 94,239.000 ₫,-17%,198370,,,"Đồng hồ Màn Hình 6 Trong 1 KWh Công Suất Đo Tần Số 110V 220V 380V 100A, Điện Hệ Số Công Suất Hoạt Động màn Hình",,https://www.lazada.vn/products/pdp-i3149351626.html,
Điện,Auto Tour,298.000 ₫,-13%,259260,-143,4.9,"Đồng hồ đo điện Puucai Ampe kế Vôn kế 20A 100a 6 trong 1 Vôn kế Đồng hồ điện tử hiển thị 6 thông số 100A,Thiết bị đo công suất 100A 220V,công tơ điện tử 1 pha AC22KW 110~250V 100A Digital Voltage Power Energy",378 Đã bán,https://www.lazada.vn/products/pdp-i2720628481.html,
Điện,FTP Mobie,240.000 ₫,-27%,175200,-30,5,Thiết bị đo công suất 100A công tơ điện tử,203 Đã bán,https://www.lazada.vn/products/pdp-i815100709.html,
Phụ kiện điện thoại & máy tính bảng,GUTEK,450.000 ₫,-39%,274500,-17,4.9,"Pin sạc dự phòng Gutek GT239 dung lượng 30000mAh sạc nhanh 22,5W/120W tích hợp dây cáp",84 Đã bán,https://www.lazada.vn/products/pdp-i3182941628.html,
Điện,BUM STORE.,,,,,,"Đồng Hồ Đo Điện Kỹ Thuật Số XL830L Độ Chính Xác Cao, Dụng Cụ Đo Điện Tử Kiểm Tra Điện Kèm Pin Và Dây Đo Chuyên Dụng",,https://www.lazada.vn/products/pdp-i3052001413.html,
Điện,TBD THUẬN PHONG,288.000 ₫,-34%,190080,-21,5,Công tơ điện tử 1 pha 60A Nakasi  có RESET - Đồng hồ đo công suất Kwh hiển thị nhiều thông số,105 Đã bán,https://www.lazada.vn/products/pdp-i1477980032.html,
Phụ kiện điện thoại & máy tính bảng,Mu1NqZN9,658.000 ₫,-63%,243460,-1,5,Sạc dự phòng 80000mAh 50000mah sạc nhanh 120W pin PD20W dung lượng lớn có dây cắm nhiều điện thoại,10 Đã bán,https://www.lazada.vn/products/pdp-i3199906575.html,
Đèn,Điện Việt,82.000 ₫,-35%,53300,-2424,4.8,"Đèn bàn học bài, đọc sách loại tốt nhiều mẫu - Điện Việt",7.8K Đã bán,https://www.lazada.vn/products/pdp-i286082657.html,
Điện,ForesightOfficialStore,216.600 ₫,-40%,129960,-45,4.9,Đồng hồ đo công suất điện 220V có nút độ chính xác cao màn hình hiển thị LCD P U I Kwh bộ công tơ điện tử,117 Đã bán,https://www.lazada.vn/products/pdp-i2406089583.html,
Trang trí nhà cửa,Sáng Tạo 88,,,,-87,5,"Đồng Hồ Để Bàn Điện Tử T10 Hiển Thị Nhiệt Độ, Độ Ẩm",250 Đã bán,https://www.lazada.vn/products/pdp-i1562505179.html,
Điện,smart world,240.000 ₫,-27%,175200,-17,4.5,Thiết bị đo công suất 100A công tơ điện tử,89 Đã bán,https://www.lazada.vn/products/pdp-i815122336.html,
Điện,Esc Viet Nam,240.000 ₫,-21%,189600,-30,4.7,Thiết bị đo công suất 100A công tơ điện tử,113 Đã bán,https://www.lazada.vn/products/pdp-i815104572.html,
Phụ kiện điện thoại & máy tính bảng,vneIcRnO.Selection,78.700 ₫,-36%,50368,-396,4.5,"Pin Sạc Dự Phòng Hình Thỏi Son – Nhỏ Gọn, Dán Được, Nhiều Màu Thời Trang – Phù Hợp Nhiều Loại Cổng Sạc",1.6K Đã bán,https://www.lazada.vn/products/pdp-i2657941529.html,
Trang trí nhà cửa,shopbonbon56,240.000 ₫,-46%,129600,-193,4.9,[ SALE SẬP SÀN ] Đồng Hồ Để Bàn Điện Tử Led Trang Trí Cao Cấp,2.1K Đã bán,https://www.lazada.vn/products/pdp-i1299808407.html,
Điện,Townson_Tech,160.000 ₫,-13%,139200,-5,4.8,"Đồng Hồ Vạn Năng Thông Minh Màn Hình Kỹ Thuật Số Độ Chính Xác Cao Đo Volt, Ampe, Điện Trở Và Linh Kiện Điện Tử Cơ Bản",14 Đã bán,https://www.lazada.vn/products/pdp-i3049087434.html,
Điện,Global Village-Hà Nội,81.667 ₫,-40%,49000,-34,5,"Ổ Cắm Điện Power Strip 2 USB, 5 plugs, 9 universal socket wire long 2/4 meters",131 Đã bán,https://www.lazada.vn/products/pdp-i2928816407.html,
Điện,47shop-net,320.000 ₫,-39%,195200,-42,5,"Công tơ - đồng hồ điện tử 6 thông số đo công suất, cường độ (100A)",132 Đã bán,https://www.lazada.vn/products/pdp-i2484576728.html,
Phụ kiện Máy tính,Richky05,300.000 ₫,-74%,78000,-3,5,Chuột chơi game Logitech G102 lightsync chuột quang có dây USB 8000DPI 6 nút Có Đèn Led Đẹp Mắt LIGHTSYNC Gaming Mouse Gen 2,44 Đã bán,https://www.lazada.vn/products/pdp-i3190963435.html,
Điện,AONISU,179.000 ₫,-31%,123510,-540,4.9,"Ổ Cắm Điện Thông Minh 5 Phích , 3 Cổng Sạc USB , Dây Dài 5 Mét - Ổ Điện Đa Năng Có Công Tắc , Ổ Điện Thông Minh , Phích Cắm Điện Chống Giật , Phích Cắm Đa Năng",1.9K Đã bán,https://www.lazada.vn/products/pdp-i886830366.html,
Điện,Phương Đông Lighting,170.000 ₫,-32%,115600,-692,4.9,Đồng hồ đo điện vạn năng Samwa YX-360 TRn,2.4K Đã bán,https://www.lazada.vn/products/pdp-i1640031219.html,
Điện,GlobalTreasure1,173.000 ₫,-38%,107260,,,Điện áp & hiện tại máy đo tần số màn hình hiển thị kỹ thuật số 50-500V 1-120a cài đặt nhanh,,https://www.lazada.vn/products/pdp-i3086254684.html,
Trường học & văn phòng,MaxgePC Vietnam,77.206 ₫,-44%,43235,,,MaxgePC 12 chữ số điện kép chức năng Tiêu chuẩn điện tử máy tính cầm tay cho văn phòng hàng ngày và cơ bản,,https://www.lazada.vn/products/pdp-i3058742050.html,
Điện,Npp Điện Nước Online,290.000 ₫,-55%,130500,-63,4.8,Công Tơ Điện Tử 1 Pha 2 Dây 5(80)A. Đồng Hồ Đo Điện Điện Tử Máy Đo Điện Sử Dụng Cho Gia Đình Phòng Trọ Phòng Cho Thuê Giá Rẻ.,373 Đã bán,https://www.lazada.vn/products/pdp-i2623000010.html,
Trường học & văn phòng,WHPHous Vietnam,77.206 ₫,-44%,43235,-1,5,WHPHous 12 chữ số điện kép chức năng Tiêu chuẩn điện tử máy tính cầm tay cho văn phòng hàng ngày và cơ bản,,https://www.lazada.vn/products/pdp-i3019264820.html,
Dụng cụ đo lường,KKmoon,520.000 ₫,-50%,260000,-3,5,Máy đo độ nghiêng điện tử thước đo kỹ thuật số từ ebtn LCD độ chính xác cao hoạt động dễ dàng cho các góc đo,9 Đã bán,https://www.lazada.vn/products/pdp-i2964157164.html,
Thiết bị âm thanh,TinAnOffice,258.000 ₫,-15%,219300,-111,4.9,"Micro Đa Hướng SK30/M60 Độ Nhạy Cao Kết Nối USB Hoặc Jack 3.5 Cho PC, Laptop, Máy Tính",428 Đã bán,https://www.lazada.vn/products/pdp-i1399726307.html,
Phụ kiện Máy tính,xunmei digital,300.000 ₫,-66%,102000,-9,4.8,GOIIOG | Chuột Không Dây Bluetooth Đôi Chế Độ Im Lặng Sạc Được cho Máy Tính xách Tay và Văn Phòng,5 Đã bán,https://www.lazada.vn/products/pdp-i3204990510.html,
Điện,NAYA STORE,258.000 ₫,-53%,121260,,,【Miễn phí vận chuyển/COD】 NJTY Đồng Hồ Vạn Năng Kỹ Thuật Số LCD Kích Thước Lòng Bàn Tay NCV Phạm Vi Tự Động 4000 Đếm True RMS Máy Kiểm Tra Phổ Thông Thông Thông Minh Vôn Kế 600V Ohm Và Máy Kiểm Tra Điện Áp Đo Còi,,https://www.lazada.vn/products/pdp-i2493628237.html,
Điện,Khánh Ngọc Store,60.000 ₫,-8%,55200,-15,5,Ổ Điện Thông Minh Chữ T Kèm Đèn Ngủ Và Sạc USB Tiện Dụng,5.7K Đã bán,https://www.lazada.vn/products/pdp-i2487771268.html,
Thiết bị nhà bếp,SG Music Offical,1.000.000 ₫,-75%,250000,-2,5,"Máy Xay Sinh Tố Cầm Tay Đa Năng OSTMARS Dung Tích 500ML 10 Lưỡi Dao Sắc Bén, Máy Xay Sạc Pin Tích Điện 2IN1 Kiêm Bình Nước Tặng Kèm Dây Đeo Tiện Lợi",6 Đã bán,https://www.lazada.vn/products/pdp-i3218905882.html,
Điện,Samebeauty,341.167 ₫,-40%,204700,-4,4,[Giao hàng 24 giờ⚡️] Đồng hồ đo điện áp D52-2066 6 trong 1 đa năng 110V 220V 380V 100A,17 Đã bán,https://www.lazada.vn/products/pdp-i2807379856.html,
Phụ kiện điện thoại & máy tính bảng,CHANG TAN,180.000 ₫,-57%,77400,-317,4,[FREESHIP TẶNG CÁP SẠC NHANH 39K] PIN DỰ PHÒNG LCD MẶT GƯƠNG DUNG LƯỢNG 30000MAH - SẠC DỰ PHÒNG CÓ ĐÈN LED HIỂN THỊ DUNG LƯỢNG PIN - HỖ TRỢ SẠC NHANH ],791 Đã bán,https://www.lazada.vn/products/pdp-i3006110713.html,
Phụ kiện điện thoại & máy tính bảng,Siêu thị nhập khẩu Sakurato,500.000 ₫,-48%,260000,-573,4.9,"Sạc Pin Dự Phòng 50000mah Bảo hành 12 tháng Trong Suốt Có đồng hồ Hiển Thị Hiệu Điện Thế(V), Cường độ dòng điện(A) tích hợp 10 đèn Led",2.1K Đã bán,https://www.lazada.vn/products/pdp-i2894406649.html,
Phụ kiện điện thoại & máy tính bảng,BEN BEN TPHCM,161.000 ₫,-50%,80500,-55,4.2,"[HÀNG TỐT] PIN SẠC DỰ PHÒNG 30000MAH MẶT KÍNH CƯỜNG LỰC CAO CẤP - PIN BỀN, SẠC NHANH, DÙNG CẢ NGÀY KHÔNG HẾT PIN, TUỔI THỌ PIN HƠN 999 LẦN SẠC",168 Đã bán,https://www.lazada.vn/products/pdp-i935348361.html,
Điện,A_hoco__Store,207.300 ₫,-37%,130599,-30,3.9,"【🔥HCM/24H】Đồng hồ vạn năng VOM YX360-TRD tặng kèm pin đo điện trở, dòng điện xoay chiều 1 chiều",107 Đã bán,https://www.lazada.vn/products/pdp-i2152003885.html,
Dụng cụ cầm tay & phụ kiện,XSafe,475.000 ₫,-30%,332500,-417,4.9,Đồng hồ đo điện vạn năng TOTAL màn hình LCD có đèn nền ban đêm đo dòng điện điện áp điện trở thông mạch TMT46001 TMT460012,1.4K Đã bán,https://www.lazada.vn/products/pdp-i1471373735.html,
Điện,ForesightOfficialStore,216.600 ₫,-39%,132126,-12,3.9,"Đồng hồ đo điện vạn năng VOM Sanwa Yx 360 TRD kèm pin có còi báo, ốp da bọc",39 Đã bán,https://www.lazada.vn/products/pdp-i2152147516.html,
Điện,PowerOfficial Store,285.800 ₫,-50%,142900,-11,4.9,"Đồng hồ đo điện vạn năng VOM Sanwa YX360TRD kèm pin, có còi báo, ốp da bọc",29 Đã bán,https://www.lazada.vn/products/pdp-i2166134831.html,
Điện,unicorntools.vn,275.000 ₫,-18%,225500,-32,4.6,"Đồng hồ kẹp dòng vạn năng đo tụ, tần số, nhiệt độ, điện trở, điện áp",110 Đã bán,https://www.lazada.vn/products/pdp-i2394689894.html,
Điện,cosmetics.beauty,183.387 ₫,-37%,115533,-193,4.7,"1.8M Ổ cắm điện đa năng thông minh  2-5cổng USB 5v sạc nhanh, ổ chịu tải 2500W, iết kiệm 30 kilowatt H dây nối ổ điện lập phương đa năng tự ngắt",673 Đã bán,https://www.lazada.vn/products/pdp-i1652183628.html,
Điện,homeappliancescollectionstore,233.000 ₫,-42%,135140,-5,4.6,【HCM/24H】Vastar Đồng Hồ Vạn Năng DT9205A Đồng Hồ Vạn Năng Thông Minh Màn Hình Kỹ Thuật Số Độ Chính Xác Cao,9 Đã bán,https://www.lazada.vn/products/pdp-i3130251301.html,
Điện,Thiết Bị Điện 024,100.000 ₫,-2%,98000,-3,3.7,"Đồng Hồ Đo Điện Dây Kim SAMWA YX-360TR Tặng 1 Pin 9V + 2 Pin 1,5V AA",16 Đã bán,https://www.lazada.vn/products/pdp-i1878248923.html,
Trang trí nhà cửa,Thiết Bị Số 686,,,,-7,4.1,"Đồng Hồ Báo Thức Điện Tử Để Bàn Màn Hình LCD Đa Chức Năng: Thời Gian, Lịch, Báo Thức, Nhiệt Độ -dc2998",42 Đã bán,https://www.lazada.vn/products/pdp-i1361631966.html,
Điện,Linh Kiện 024,160.000 ₫,-34%,105600,-8,4.9,"Đồng hồ đo điện vạn năng DT9205A, đo dòng điện, vôn kế có kèm pin 9V, bảo hành 1 tháng",26 Đã bán,https://www.lazada.vn/products/pdp-i1236380888.html,
Phụ kiện điện thoại & máy tính bảng,Sạc dự phòng giá sỉ 2,518.000 ₫,-49%,264180,-1,5,Sạc dự phòng 50000 80000MAH sạc nhanh PD120W/20W trong suốt tích hợp 2 dây sạc tích hợp đèn led chiếu sáng,5 Đã bán,https://www.lazada.vn/products/pdp-i3199946762.html,
Điện,Xanh LazmaIl,320.000 ₫,-53%,150400,-40,4.8,"[HÀNG MỸ Tiết Kiệm Dõ Dệt Sau 1 Tháng Sử Dụng] Thiết bị tiết kiệm điện Eletricity saving box - Thiết Bị Tiết Kiệm Điện, Máy Tiết Kiệm Điện Eletricity Saving Box 220V, Thiết Bị Tiết Kiệm Điện Thông Minh Giữ Nguồn Điện Ổn Định Bộ Tiết Kiệm Điện Đa Năng",80 Đã bán,https://www.lazada.vn/products/pdp-i2941740909.html,
Điện,ZOYI Tools,,,,-1,5,"Đồng Hồ Vạn Năng Zoyi ZT-100 Đo Điện Kỹ Thuật Số Thiết Kế Nhỏ Gọn, Màn Hình Hiển Thị Lớn, Dễ Đọc",,https://www.lazada.vn/products/pdp-i2846106634.html,
Dụng cụ điện & phụ kiện,shounahe,650.272 ₫,-23%,500709,-3,5,Shounahe💕Sissi Trạm Hàn Kỹ Thuật Số OLED Mini T12-942 Tay Cầm T12-907 + Đầu T12-K,13 Đã bán,https://www.lazada.vn/products/pdp-i2106444851.html,
Điện,Ba3Van,182.000 ₫,-24%,138320,-4,5,Đồng Hồ Đo Điện Vạn Năng Kỹ Thuật Số Tự Động Hiển Thị Và Lưu Chuyên Nghiệp Kiểm Tra Điện Áp AC/DC,7 Đã bán,https://www.lazada.vn/products/pdp-i3083752404.html,
Dụng cụ cầm tay & phụ kiện,Minh Khôi Electric,300.000 ₫,-31%,207000,-86,4.6,"Đồng hồ vạn năng Samwa KH-965 tặng kèm pin,đồng hồ điện tử,máy đo vạn năng, đo điện,đồng hồ đa năng đo điện trở,đồng hồ vạn năng kim,đồng hồ đo vạn năng,đồng hồ điện tử,đồng hồ đo dòng điện,dong ho van nang,đồng hồ đo tụ điện,đồng hồ đo điện trở,đồng hồ đ",205 Đã bán,https://www.lazada.vn/products/pdp-i2469802008.html,
Xe hơi,flyingskystore,184.100 ₫,-39%,112301,-56,4.9,Đồng Hồ Vạn Năng DT9205A Đồng Hồ Vạn Năng Thông Minh Màn Hình Kỹ Thuật Số Độ Chính Xác Cao Dụng Cụ Kiểm Tra Bảo Trì Thợ Điện,157 Đã bán,https://www.lazada.vn/products/pdp-i2038736366.html,
Điện,THIẾT BỊ ĐIỆN HÙNG PHÁT,280.000 ₫,-21%,221200,-1,5,"Công tơ điện tử,đồng hồ đo điện 1 pha",,https://www.lazada.vn/products/pdp-i1985533898.html,
Điện,Home_Technology_89,,,,-4,5,"Công tơ điện tử 6 Thông Số 220V-100A LWDSS1 ,công tơ điện tử ,đồng hồ đo điện,thiết bị đo công suất lắp phòng trọ,hộ gia đình.",15 Đã bán,https://www.lazada.vn/products/pdp-i2913534102.html,
Phụ kiện điện thoại & máy tính bảng,Phụ Kiện Mydo,125.000 ₫,-20%,100000,-177,4.8,Củ Sạc  Xiaomi 67W 6A 2 Cổng USB A - USB C Công Nghệ Turbo Sạc Siêu Nhanh,629 Đã bán,https://www.lazada.vn/products/pdp-i2180385084.html,
Điện,Auto Tour,80.000 ₫,-48%,41600,,,Ổ Điện Thông Minh Chữ T Kèm Đèn Ngủ Và Sạc USB Tiện Dụng - PHÍCH CẮM 3 CHẤU - Màu sắc ngẫu nhiên,,https://www.lazada.vn/products/pdp-i2963467892.html,
Điện,Phụ Kiện Điện Thoại Lâm Music,54.075 ₫,-11%,48126,-4,5,Chia Ổ Điện Kiêm Đèn Ngủ Có 2 Usb Sạc Điện Thoại. Ổ Điện Thông Minh Chữ T Kèm Đèn Ngủ Và Sạc USB - Bộ Chia Ổ Điện 2 Cổng,25 Đã bán,https://www.lazada.vn/products/pdp-i2765933878.html,
Điện,Charming House,120.000 ₫,-12%,105600,-491,4.6,"Đồng hồ vạn năng VOM Samwa YX360-TRn - Đồng hồ đo điện kèm pin chuyên đo dòng điện xoay chiều, một chiều và điện trở",1.6K Đã bán,https://www.lazada.vn/products/pdp-i702958917.html,
Điện,tuantinhelec,133.100 ₫,-24%,101156,-3,5,"Đồng hồ đo điện áp, dòng điện AC 60-500Vac 10A # linh kiện điện tử",12 Đã bán,https://www.lazada.vn/products/pdp-i2312119471.html,
Điện,KUAIQU,520.000 ₫,-48%,270400,-133,4.9,Đồng Hồ Vạn Năng Kẹp Kỹ Thuật Số Mini A3399 Máy Kiểm Tra Tần Số Điện Dung Điện Trở Điện Áp AC/DC-INTL,300 Đã bán,https://www.lazada.vn/products/pdp-i1516816982.html,
Máy tính bảng,Top 1 Tablet,1.680.000 ₫,-19%,1360800,-21,4.6,Máy tính bảng thông minh X6 Pro Tablet Android Bản gốc 2023 Máy tính bảng thông minh 10.8Inch 4K FHD Màn hình Buletooth 8800mAh Pin Trực tuyến Class Tablet 12GB RAM + 512GB ROM 5G WiFi Android Dành cho trẻ em Gaming Pad Giao hàng miễn phí COD,61 Đã bán,https://www.lazada.vn/products/pdp-i2388594288.html,
Phụ kiện điện thoại & máy tính bảng,NOBAHSI,,,,-143,4.5,Bộ sạc dự phòng 66W mới Sạc nhanh 50000 mAh Công suất lớn Mini nhỏ gọn Điện thoại di động ngoài trời sạc kho báu PD 20W Kèm 4 Đầu Sạc Siêu Tiện Lợi,377 Đã bán,https://www.lazada.vn/products/pdp-i3047365410.html,
Nhà thông minh,PK Happy Shop,196.000 ₫,-12%,172480,-438,4.9,"New 2022 , Loa Bluetooth XM 520 Thiết Kế Vỏ Gỗ Sang Trọng Dạng Thanh Để Bàn , Bass Chuẩn , Ấm , Công Suất 20W Siêu Trầm - Bảo Hành 1 Năm - Happy Shop",1.1K Đã bán,https://www.lazada.vn/products/pdp-i2011975962.html,
Điện,Linh Kiện Điện Tử 3MS Tân Phú,143.000 ₫,-11%,127270,-731,4.9,Đồng Hồ Vạn Năng BEST 9205M,2.0K Đã bán,https://www.lazada.vn/products/pdp-i249175428.html,
Điện,Độc Lạ Trất,,,,,,Thiết bị điện tử đo điện áp và dòng sac điện thoại,,https://www.lazada.vn/products/pdp-i2325882041.html,
Phụ kiện điện thoại & máy tính bảng,7bekZzat,839.000 ₫,-24%,637640,-1,5,"[Hỏa tốc] Sạc Dự Phòng Bonne TECHNOLOGIQUE BP09 , Sạc Dự Phòng 10.000 mAh Kiêm Củ Sạc Đa Năng, Sạc Dự Phòng Tích hợp",5 Đã bán,https://www.lazada.vn/products/pdp-i3098722117.html,
Điện,LIJINGF,79.970 ₫,-44%,44783,,,LIJINGF LCD tự động phạm vi kỹ thuật số vôn kế vạn năng ohmmeter Volt Tester các biện pháp điện áp AC DC điện áp hiện tại Điện dung tần số,,https://www.lazada.vn/products/pdp-i3157744291.html,
Điện,Auto Tour,198.000 ₫,-38%,122760,-22,4.8,Đồng hồ vạn năng Vastar Dt9205a Đồng hồ vạn năng Màn hình kỹ thuật số thông minh Độ chính xác cao,59 Đã bán,https://www.lazada.vn/products/pdp-i2720332765.html,
Dụng cụ đo lường,Linh Kiện 024,89.000 ₫,-2%,87220,-8,4.8,Đồng hồ đo vạn năng Digital Multimeter VC830L màn hình kỹ thuật số đo điện đa năng,34 Đã bán,https://www.lazada.vn/products/pdp-i1235400959.html,
Điện,CH thiết bị đo điện Gex.vn,,,,-5,5,Công tơ điện tử 1 pha 1 biểu giá trực tiếp 80A emic ce38,27 Đã bán,https://www.lazada.vn/products/pdp-i2265105915.html,
Điện,Thiết bị điện và đèn led chiếu sáng,150.000 ₫,-30%,105000,-143,4.9,Đồng Hồ Đo Điện SAMWA - 360 Đỏ,410 Đã bán,https://www.lazada.vn/products/pdp-i1476476740.html,
Điện,AGBBG,261.547 ₫,-44%,146466,-15,5,AGBBG Aneng Đồng hồ vạn năng kỹ thuật số m118a Máy kiểm tra AC DC cầm tay máy đo điện trở Mini RMS,50 Đã bán,https://www.lazada.vn/products/pdp-i2748564876.html,
Điện,Smart Room,,,,-116,4.9,Máy đo dòng điện điện áp công suất watt metter 100A 150A. Tích hợp đồng hồ đo điện vôn kế ampe kế và đồng hồ đo năng lượng điện. Độ chính xác cao.,348 Đã bán,https://www.lazada.vn/products/pdp-i470942416.html,
Phụ kiện điện thoại & máy tính bảng,Breaking Bad,84.500 ₫,-35%,54925,-1499,4.6,[READY STOCK] 5000mAh Super Fast Charge Powerbank 120W Portable Charger Power Bank Fast Charging Display/LED Light,3.7K Đã bán,https://www.lazada.vn/products/pdp-i2522170104.html,
Thiết bị tiện ích USB,EChipTECmall,43.800 ₫,-40%,26280,-96,4.9,"Đèn LED Mini, Đèn Đọc 24 LED USB DC 5V Cầm Tay Màu Trắng/Màu Ấm SMD5730 12W Đèn Ban Đêm",574 Đã bán,https://www.lazada.vn/products/pdp-i1594578265.html,
Phụ kiện điện thoại & máy tính bảng,GUTEK,550.000 ₫,-28%,396000,-23,5,"Pin Sạc dự phòng 50000mAh sạc nhanh 22,5W/120W có dây cắm nhiều điện thoại - Gutek GT240",95 Đã bán,https://www.lazada.vn/products/pdp-i3182935643.html,
Phụ kiện Máy tính,GlobalLifestyle,352.000 ₫,-42%,204160,,,Chuột Kchibo Không Dây 2.4G Dạ Quang Di Động 3600DPI Văn Phòng Trò Chơi Quang Điện Tử Hướng Tay Phải Giao Diện USB,47 Đã bán,https://www.lazada.vn/products/pdp-i3199030805.html,
Điện,Kangaroo store 1595312584,302.400 ₫,-54%,139104,-88,5,"KS bút điện thợ điện chuyên dụng dây phát hiện vỡ, màn hình hiển thị kỹ thuật số, đa chức năng cảm ứng thông minh phát hiện, kiểm tra điện, bút điện tua vít",137 Đã bán,https://www.lazada.vn/products/pdp-i2663070846.html,
Điện,WHUEAL5,258.795 ₫,-44%,144925,-52,4.8,WHUEAL5 Aneng Đồng hồ vạn năng kỹ thuật số m118a Máy kiểm tra AC/DC cầm tay máy đo điện trở Mini RMS,151 Đã bán,https://www.lazada.vn/products/pdp-i2774503409.html,
Điện,Foriot tools Store,445.050 ₫,-37%,280381,-66,4.9,Foriot Đồng Hồ Đo Điện Áp Và Dòng Điện Kỹ Thuật Số Màn Hình LCD Màn Hình Màu AC 50-300V 0-100A KWS-AC301 Vôn Kế Ampe Kế,236 Đã bán,https://www.lazada.vn/products/pdp-i2086480566.html,
Điện,homelifestorevn,230.700 ₫,-42%,133806,,,Vastar Đồng Hồ Vạn Năng DT9205A Đồng Hồ Vạn Năng Thông Minh Màn Hình Kỹ Thuật Số Độ Chính Xác Cao,8 Đã bán,https://www.lazada.vn/products/pdp-i2885777794.html,
Điện,Điện tử dân dụng 24h,,,,-67,4.9,"Đồng Hồ Vạn Năng Điện Tử XL830L XL830 830 - Đồng Hồ Đo Điện áp DC, AC, Đo dòng điện, đo điện trở (Có Pin + dây)",237 Đã bán,https://www.lazada.vn/products/pdp-i2513928308.html,
Dụng cụ đo lường,Thế Giới Linh Kiện 720,469.000 ₫,-13%,408030,-2,5,"Đồng hồ kẹp dòng tự động ZOYI ZT-QB1, ZOYI ZT-QB4, ampe kìm đo điện tử đa năng, độ chính xác cao",22 Đã bán,https://www.lazada.vn/products/pdp-i1682103315.html,
Điện,Auto Tour,250.000 ₫,-36%,160000,,,Đồng hồ đo công suất điện 220V có nút RESET độ chính xác cao màn hình hiển thị LCD P U I Kwh bộ công tơ điện tử,,https://www.lazada.vn/products/pdp-i3021061754.html,
Điện,A_Hoco_Shop,184.100 ₫,-33%,123347,-160,4.9,Đồng Hồ Vạn Năng DT9205A Đồng Hồ Vạn Năng Thông Minh Màn Hình Kỹ Thuật Số Độ Chính Xác Cao Dụng Cụ Kiểm Tra Bảo Trì Thợ Điện,624 Đã bán,https://www.lazada.vn/products/pdp-i2038478379.html,
Điện,Phụ Kiện Công Nghệ_85,165.000 ₫,-30%,115500,-7,4.3,Đồng Hồ Đo Vạn Năng DT9205A / DT9205A M2 Màn Hình Kỹ Thuật Số Bảo Dưỡng Chính Xác Cao,19 Đã bán,https://www.lazada.vn/products/pdp-i2609450125.html,
Phụ kiện Máy tính,XSmart Store,600.000 ₫,-35%,390000,-22,5,Bàn Phím Không Dây Bluetooh Full Size Giả Cơ K94 Full LED Kết Nối 2 Chế Độ Pin Sạc,76 Đã bán,https://www.lazada.vn/products/pdp-i2667934060.html,
Phụ kiện điện thoại & máy tính bảng,Vention Franchised Store,3.549.200 ₫,-52%,1703616,-18,4.6,Vention 27000mAh 100W/140W Sạc Dự Phòng - Màn Hình Màu TFT Thông Minh - Sạc Laptop Gaming/Creator - 3 Cổng (2C1A) - Cáp 240W Đi Kèm - Vỏ Nhôm - Hàng Chính Hãng,67 Đã bán,https://www.lazada.vn/products/pdp-i2983928196.html,
Phụ kiện Máy tính,XSmart Store,320.000 ₫,-44%,179200,-1001,4.9,"Chuột Máy Tính Bluetooth X7 Wireless Pin Sạc Kết Nối 2 Chế Độ Cho Mọi Thiết Bị Máy Tính, Laptop, ipad",3.0K Đã bán,https://www.lazada.vn/products/pdp-i2292903269.html,
Dụng cụ đo lường,Linh Kiện Điện Tử 3MS Tân Phú,,,,,,"Đồng hồ đo điện vạn năng Diymore ANENG M113, đo volt, điện trở",,https://www.lazada.vn/products/pdp-i2708210242.html,
Điện,techstuffstore,59.900 ₫,-15%,50915,,,"Đồng hồ đo điện mini, đo điện DC, màn hình kỹ thuật số",,https://www.lazada.vn/products/pdp-i1945608699.html,
Smartphones,Ngọc Xuân Mobile,1.950.000 ₫,-26%,1443000,-25,5,"Điện thoại Opo A53s 5G Ram 8GB/256GB nguyên zin đẹp keng TẶNG (cường lực, ốp lưng) - Bảo hành 3 tháng",49 Đã bán,https://www.lazada.vn/products/pdp-i3060490150.html,
Điện,Samebeauty,254.500 ₫,-40%,152700,-1,5,FREESHIP🎁Đồng hồ đo công suất điện 220V có nút RESET độ chính xác cao màn hình hiển thị LCD P U I Kwh bộ công tơ điện tử,,https://www.lazada.vn/products/pdp-i2560991397.html,
Điện,Linh Kiện Điện Tử LiKi,,,,,,Đồng Hồ Vạn Năng Điện Tử DT-33D Tự Động Tắt Nguồn - Chống Cháy Khi Đo Sai Điện Áp,5 Đã bán,https://www.lazada.vn/products/pdp-i2519361929.html,
Phụ kiện Máy tính,goojodoqstore.vn,200.000 ₫,-58%,84000,-472,4.8,GOOJODOQ Chuột không dây 2 trong 1 Dual Mode 2.4Ghz Wireless Bluetooth Cordless Mouse,1.9K Đã bán,https://www.lazada.vn/products/pdp-i2108053538.html,
Trang trí nhà cửa,mengmian selected,144.000 ₫,-44%,80640,,,MENGMIAN | Đồng Hồ Báo Thức Quản Lý Thời Gian Điện Tử cho Học Sinh Tự Kỷ Luật,,https://www.lazada.vn/products/pdp-i3208257446.html,
Dụng cụ điện & phụ kiện,GlobalSuperBazaar,848.000 ₫,-23%,652960,,,"Bộ Dụng Cụ Hàn Kỹ Thuật Số T12, Màn Hình LCD Di Động, Điều Khiển Nhiệt Độ, Sửa Chữa Điện Tử, Không Kèm Nguồn Điện",31 Đã bán,https://www.lazada.vn/products/pdp-i3145453956.html,
Điện,A_hoco__Store,206.000 ₫,-36%,131840,-1,5,Đồng hồ đo công suất điện 220V có nút RESET độ chính xác cao màn hình hiển thị LCD P U I Kwh bộ công tơ điện tử,9 Đã bán,https://www.lazada.vn/products/pdp-i2663550641.html,
Điện,VOKTTA Official Store,138.150 ₫,-33%,92560,-217,4.8,VOKTTA Vôn Kế Kỹ Thuật Số Mini Bốn Chữ Số M4430 0.28 Inch Chính Hãng Ampe Kế Máy Đo Dòng Điện Điện Áp Hiển Thị Kép LED DC 100V 200V 10A Máy Dò,576 Đã bán,https://www.lazada.vn/products/pdp-i1064372788.html,
Phụ kiện Máy tính,Vinetteam Store,162.000 ₫,-47%,85860,-36,4.8,Xả hàng - Bàn phím không dây Bluetooth mini cho máy tính bảng/BÀN PHÍM  KÈM CHUỘT KEYBOARD + MOUSE BLUETOOTH KHÔNG DÂY MINI KIT dùng Pin AA,65 Đã bán,https://www.lazada.vn/products/pdp-i1073560656.html,
Phụ kiện Máy tính,epoosuo,300.000 ₫,-77%,69000,-393,4.9,EPOOSUO | Chuột Bluetooth Đôi Chế Độ Không Dây Sạc Không Dây Im Lặng,,https://www.lazada.vn/products/pdp-i3205154155.html,
Phụ kiện Máy tính,GOES TiME,,,,-1,5,GOES TiME | Chuột Bluetooth Không Dây có Sạc Yên Tĩnh cho Laptop và Máy Tính Để Bàn,,https://www.lazada.vn/products/pdp-i3198384000.html,
Điện,INGCO TOOLS STORE,432.000 ₫,-50%,216000,-33,4.9,"INGCO DM2002 ""Đồng hồ đo điện vạn năng (2000 số đếm)",99 Đã bán,https://www.lazada.vn/products/pdp-i2266581917.html,
Điện,Samebeauty,211.167 ₫,-40%,126700,-12,4.9,Vastar Đồng Hồ Vạn Năng DT9205A Đồng Hồ Vạn Năng Thông Minh Màn Hình Kỹ Thuật Số Độ Chính Xác Cao,28 Đã bán,https://www.lazada.vn/products/pdp-i2483807135.html,
Điện,Phukiensitphcm,27.000 ₫,-7%,25110,-1,5,Đồng Hồ Vạn Năng DT9205A Đồng Hồ Vạn Năng Thông Minh Màn Hình Kỹ Thuật Số Độ Chính Xác Cao Dụng Cụ Kiểm Tra Bảo Trì Thợ Điện,,https://www.lazada.vn/products/pdp-i2126909126.html,
Phụ kiện điện thoại & máy tính bảng,,284.000 ₫,-40%,170400,,,Bảng Ổ Cắm Điện Mini Di Động USB Bộ Chuyển Đổi Điện Đa Chức Năng Bảng Dây Cho Gia Đình Bảng Dây Có Nguồn Cung Cấp Sạc,60 Đã bán,https://www.lazada.vn/products/pdp-i2997549091.html,
Thiết bị nhà bếp,Little Bear Kitchen Appliances Specialty Store,946.000 ₫,-69%,293260,-12,4.8,BEAR | Máy Ép Trái Cây Điện Tử Di Động với Sạc Không Dây,5 Đã bán,https://www.lazada.vn/products/pdp-i3194617115.html,
Phụ kiện Máy tính,audio.net,299.000 ₫,-37%,188370,-68,4.9,Củ Sạc Anker Zolo GaN 20W Type-C PD A2699/ A2698 - Bảo Hành 18 Tháng.,271 Đã bán,https://www.lazada.vn/products/pdp-i3012777449.html,
Điện,G01 Phụ Kiện Thông Minh,84.915 ₫,-27%,61987,-4,5,Ổ cắm điện đa năng nhiều Cổng sạc USB 2 Cáp USB 3 Và 5M Dây Cáp Dày Chất Lượng Cao,20 Đã bán,https://www.lazada.vn/products/pdp-i2664809678.html,
Điện,ANENG  Store,277.015 ₫,-35%,180059,-103,4.6,ANENG M118A Máy Đo Vạn Năng Kĩ Thuật Số Mini Tự Động Mmultimetro Rms Thật Tranistor Meter Với NCV Lưu Dữ Liệu 6000 Đếm Đèn Pin,155 Đã bán,https://www.lazada.vn/products/pdp-i761950900.html,
Thiết bị tiện ích USB,Seller Tịnh Minh,58.000 ₫,-17%,48140,,,"Quạt Hoa Mini Sáng Tạo - Sạc USB, Quạt Để Bàn & Cầm Tay Yên Tĩnh - Dễ Thương & Tiện Lợi Có Chân Đế - Vật Dụng Thiết Yếu Cho Học Sinh",,https://www.lazada.vn/products/pdp-i3200989431.html,
Điện,muaban779,,,,,,"máy cấp nguồn, kiểm tra dòng cho điện thoại, điện tử",,https://www.lazada.vn/products/pdp-i2332708093.html,
Phụ kiện điện thoại & máy tính bảng,GUTEK,390.000 ₫,-41%,230100,-1476,4.9,Sạc dự phòng 50000mAh sạc nhanh 120W pin dung lượng lớn có dây cắm nhiều điện thoại - Gutek GT230,4.2K Đã bán,https://www.lazada.vn/products/pdp-i2730386858.html,
Thiết bị nhà bếp,ZODAN Corporation,280.000 ₫,-38%,173600,-1583,4.9,"Nồi nấu đa năng, nồi lẩu điện đa năng, nồi hấp cao cấp 28cm, 3.8L, bảo hành 1 năm",6.0K Đã bán,https://www.lazada.vn/products/pdp-i2075101237.html,
Phụ kiện điện thoại & máy tính bảng,SeasTina MALL,104.000 ₫,-50%,52000,-38,3.7,"SeasTina mini pin sạc dự phòng với bốn được xây dựng trong cáp, 20000mAh dung tích lớn đồ sạc di động",86 Đã bán,https://www.lazada.vn/products/pdp-i3138859648.html,
Phụ kiện điện thoại & máy tính bảng,CleverOfficial Store,132.000 ₫,-49%,67320,-68,4.6,⚡Miễn Phí Vận Chuyển⚡Pin Sạc Dự Phòng 1.5V AA / AAA 9800mAh Kèm 4 Pin Chất Lượng Cao Máy Sạc,215 Đã bán,https://www.lazada.vn/products/pdp-i3068616823.html,
Phụ kiện điện thoại & máy tính bảng,ELLYN.E SHOP,180.000 ₫,-56%,79200,-491,3.5,"[DUNG LƯỢNG 30000MAH] SẠC DỰ PHÒNG MẶT GƯƠNG DUNG LƯỢNG 300000MAH - PIN SẠC DỰ PHÒNG 30000 MAH, HỖ TRỢ SẠC NHIỀU MÁY CÙNG LÚC, CÓ ĐÈN LED CHIẾU SÁNG THÔNG MINH",1.3K Đã bán,https://www.lazada.vn/products/pdp-i3039991615.html,
Điện thoại bàn,LeNgan _Store,,,,-31,4.9,"điện thoại A78 - A78 5G máy 2simram 8G/256G, Cấu hình mạnh đỉnh Cày PUBG/Liên Quân/Free Fire/Tiktok siêu mượt MS",31 Đã bán,https://www.lazada.vn/products/pdp-i3212697666.html,
Phụ kiện điện thoại & máy tính bảng,MỘC ÂN SHOP TPHCM,1.074.000 ₫,-93%,75180,-537,3.9,[PIN TRÂU 30000MAH - TẶNG CÁP SẠC NHANH] PIN SẠC DỰ PHÒNG CAO CẤP THIẾT KẾ MÀN HÌNH GƯƠNG CỰC SANG TRỌNG - 2 CỔNG SẠC NHANH + ĐÈN LED SIÊU SÁNG TẦM NHÌN TỐT - SẠC DỰ PHÒNG AN TOÀN CHO MỌI DÒNG ĐIỆN THOẠI - PIN SẠC GIÁ RẺ,1.5K Đã bán,https://www.lazada.vn/products/pdp-i2743409783.html,
Phụ kiện điện thoại & máy tính bảng,Lương Thị Thanh Yến,80.000 ₫,-29%,56800,-14,3.7,"[sdp] [SẠC CHUẨN DUNG LƯỢNG 30000 MAH] - PIN SẠC DỰ PHÒNG 30000MAH THIẾT KẾ MẶT KÍNH CƯỜNG LỰC CHỐNG VA ĐẬP TỐT - PIN BỀN, SẠC CỰC NHANH THÍCH HỢP TẤT CẢ CÁC ĐT Dũng YenLuong",49 Đã bán,https://www.lazada.vn/products/pdp-i1299671402.html,
Phụ kiện điện thoại & máy tính bảng,Linh Kiện Pin 247 HCM,145.000 ₫,-46%,78300,-11,5,"LK247 Mạch Sạc Nhanh Dự Phòng QC5A 22.5W Max Sạc Nhanh 2 Chiều Type-C tích hợp Bảo Vệ pin 3.7v 18650, 21700 pin lipo 10.000mah",47 Đã bán,https://www.lazada.vn/products/pdp-i3065523239.html,
Phụ kiện điện thoại & máy tính bảng,MỘC ÂN SHOP TPHCM,178.000 ₫,-54%,81880,-19,4.8,"[KÈM CÁP SẠC - SALE XÃ KHO] SẠC DỰ PHÒNG LCD MÀN HÌNH GƯƠNG CAO CẤP - PIN DỰ PHÒNG 30000MAH - PIN SẠC DỰ PHÒNG MẶT GƯƠNG, 2 CỔNG SẠC, SẠC MỌI DÒNG ĐIỆN THOẠI - SẠC DỰ PHÒNG GƯƠNG ĐEN GIÁ SỐC",30 Đã bán,https://www.lazada.vn/products/pdp-i3178797515.html,
Điện,Jianak,,,,,,Bộ đếm điện tử 5 chữ số BEM-5C dùng trong công nghiệp,10 Đã bán,https://www.lazada.vn/products/pdp-i2494217153.html,
Trang trí nhà cửa,Mickeyshop,,,,-2,5,"Đồng Hồ Để Bàn LED Màn Hình LCD Báo Thức, Cảm Biến Âm Thanh",,https://www.lazada.vn/products/pdp-i3071080375.html,
Phụ kiện điện thoại & máy tính bảng,goojodoqstore.vn,450.000 ₫,-46%,243000,-144,4.8,"sạc dự phòng GOOJODOQ 20000mAh PD 22.5W sạc nhanh, đi kèm 4 dây ,Đèn pin độ sáng cao Sạc Pin Phụ Kiện,Power Bank",518 Đã bán,https://www.lazada.vn/products/pdp-i2717184317.html,
Phụ kiện Máy tính,EWEADN,859.000 ₫,-86%,120260,-13,4.8,"EWEADN | Chuột không dây AI M12 Series, Điều khiển bằng giọng nói, Nhập liệu & Dịch thuật, 2 chế độ, Pin sạc",43 Đã bán,https://www.lazada.vn/products/pdp-i3195359680.html,
Điện,Bull Socket,3.421.000 ₫,-60%,1368400,,,Bull | Bộ Chia Điện Nhanh Có Màn Hình Số Dễ Mang Đi,,https://www.lazada.vn/products/pdp-i3230354855.html,
Phụ kiện Máy tính,epoosuo,343.000 ₫,-67%,113190,-135,4.9,EPOOSUO | Chuột Chơi Game Không Dây Nhẹ Nhàng Im Lặng với Bluetooth Hai Chế Độ,9 Đã bán,https://www.lazada.vn/products/pdp-i3204502616.html,
Điện,EChipTECmall,289.200 ₫,-40%,173520,-89,4.9,Máy Kiểm Tra DC Type-C Hiển Thị Màu 10 Trong 1 Máy Kiểm Tra Bộ Sạc USB Điện Áp 4-30V Hiện Tại 0-5A Đồng Hồ Đo Điện Máy Dò Pin Di Động,245 Đã bán,https://www.lazada.vn/products/pdp-i817634805.html,
Thiết bị nhà bếp,Lebenlang Store,380.000 ₫,-34%,250800,-252,5,"Máy vắt cam mini Lebenlang LBL3383 công suất 40W, dung tích 500ml, bảo hành 2 năm - hàng chính hãng",583 Đã bán,https://www.lazada.vn/products/pdp-i2599522736.html,
Smartphones,ĐIỆN THOẠI GIÁ TỐT 39,2.200.000 ₫,-7%,2046000,-2,5,Xiaomi Redmi Note 12 Ram 8GB/128GB pin 5000 mAh máy chính hãng Vân tay Ok,,https://www.lazada.vn/products/pdp-i2995182489.html,
Điện,Bảo Hộ Thinksafe,276.000 ₫,-28%,198720,-15,4.9,"Đồng hồ đo điện vạn năng Total hiển thị 2000 - 4000 số RMS, AC/DC 0.8~600V, điện trở 600kΩ, tự động tắt nguồn - Thinksafe",36 Đã bán,https://www.lazada.vn/products/pdp-i2591489861.html,
Điện,Điện Hoàn Cầu,210.000 ₫,-1%,207900,-8,5,Công tơ điện tử 1 pha 2 dây CE-18G GELEX,45 Đã bán,https://www.lazada.vn/products/pdp-i2696488950.html,
Phụ kiện điện thoại & máy tính bảng,BEN BEN TPHCM,178.000 ₫,-53%,83660,-24,5,"[KÈM CÁP SẠC - SALE XÃ KHO] SẠC DỰ PHÒNG LCD MÀN HÌNH GƯƠNG CAO CẤP - PIN DỰ PHÒNG 30000MAH - PIN SẠC DỰ PHÒNG MẶT GƯƠNG, 2 CỔNG SẠC, SẠC MỌI DÒNG ĐIỆN THOẠI - SẠC DỰ PHÒNG GƯƠNG ĐEN GIÁ SỐC",29 Đã bán,https://www.lazada.vn/products/pdp-i3178901353.html,
Điện,Taiye Electric,91.000 ₫,-9%,82810,-73,4.7,Một pha LCD kỹ thuật số Đồng hồ đo năng lượng điện dds1108 có hoặc không có đèn nền kWh V một W wattmeter AC 230V 50/60Hz,110 Đã bán,https://www.lazada.vn/products/pdp-i2590657035.html,
Thiết bị nhà bếp,Elmich Vietnam,590.000 ₫,-42%,342200,-1315,4.9,(Chỉ 25-29.10)Ấm đun nước siêu tốc Smartcook ICS-3859,3.9K Đã bán,https://www.lazada.vn/products/pdp-i1686680854.html,
Điện,3celectronicstore,180.000 ₫,-36%,115200,-29,4.7,[FREESHIP🎁]Đồng hồ vạn năng DT9205A màn hình kỹ thuật số đồng hồ vạn năng thông minh Máy đo bảo dưỡng thợ điện chính xác cao,75 Đã bán,https://www.lazada.vn/products/pdp-i2279930254.html,
Thiết bị nhà bếp,Aishida,4.366.000 ₫,-77%,1004180,-8,4.5,"ASD | Nồi Áp Suất Điện Đa Năng ASD 5L, Mẫu Mới 2024, Tích Hợp Chức Năng Nấu Cơm, Hàng Chính Hãng",9 Đã bán,https://www.lazada.vn/products/pdp-i3216519683.html,
Điện,GlobalTechMart,543.000 ₫,-42%,314940,-21,5,MASTFUYI Mini Vạn Năng Kỹ Thuật Số Thông Minh Thợ Điện Bút Thử Điện Áp DC/AC Điện Dung Ohm Hz NCV Chuyên Nghiệp Multitester Cho DIY Điện Làm Việc,51 Đã bán,https://www.lazada.vn/products/pdp-i2843225444.html,
Điện,Bull Socket,1.238.000 ₫,-67%,408540,-1,4,Bull | Ổ Cắm Bàn Đa Năng Thẩm Mỹ Cao Sạc Nhanh 67W,,https://www.lazada.vn/products/pdp-i3221723549.html,
"Thiết bị sưởi, làm lạnh và thông gió",GIA DỤNG AN BÁCH,300.000 ₫,-20%,240000,-30,4.5,"ĐÈN SƯỞI NHÀ TẮM 3 BÓNG  KOTTMANN MODEL K3B-G, ĐÈN 3 BÓNG CAMAC CM03A CÔNG SUẤT 825W. BÓNG ĐÈN SƯỞI  R125 CÔNG SUẤT 275W HÀNG ĐẸP LOẠI 1",128 Đã bán,https://www.lazada.vn/products/pdp-i2872574785.html,
Điện,ĐAIVIETBIG,,,,,,Công Tơ Điện Tử Cao Cấp ĐÃ Kiểm Định EVN 1 Pha CHINT DDSU777 5(80)A,,https://www.lazada.vn/products/pdp-i2921114309.html,
Đồ gia dụng chăm sóc cá nhân,Housewares Center,569.000 ₫,-51%,278810,-1309,4.9,"(BẢO HÀNH 5 NĂM) Tông đơ cắt tóc không dây chuyên nghiệp Kemei 1995 Tăng Đơ Hớt Tóc, Máy Cắt Tóc Chuyên Nghiệp Gia Đình,Trẻ Em, màn LCD, chống rung, chống ồn",3.3K Đã bán,https://www.lazada.vn/products/pdp-i1761639185.html,
Điện,BUM STORE.,,,,,,"Ổ Điện Thông Minh Tích Hợp Cổng Usb Dây Dài 1m5, Ổ Cắm Usb Chất Liệu Nhựa Abs Chịu Nhiệt Có Công Tắc An Toàn Cho Bạn",,https://www.lazada.vn/products/pdp-i2665989377.html,
"Thiết bị sưởi, làm lạnh và thông gió",goojodoqstore.vn,900.000 ₫,-52%,432000,-136,4.9,"Quạt di động mini GOOJODOQ GFS007 5 cấp độ gió,4000mAh,Đèn LED Hiển Thị,cường độ gió tăng cường 10x, Sử Dụng Lên Đến 12H",456 Đã bán,https://www.lazada.vn/products/pdp-i3028067195.html,
Điện,Global Merch Park,316.000 ₫,-50%,158000,-8,5,ANENG SZ06 Đồng Hồ Vạn Năng Kỹ Thuật Số 2000 Đếm AC/DC Bút Thử Điện Áp DC Ohm Mini Thông Minh Multimetro Điện Chuyên Nghiệp Dụng Cụ,43 Đã bán,https://www.lazada.vn/products/pdp-i2713259600.html,
Điện,ĐIỆN TUẤN KHANG,325.000 ₫,-28%,234000,-1,5,[Ảnh thật] Công tơ điện tử 1 pha Nexus 5(60)A-5(80)A TH-92,9 Đã bán,https://www.lazada.vn/products/pdp-i2807100504.html,
Điện,Global Merch Park,254.000 ₫,-23%,195580,-128,4.9,Đồng Hồ Vạn Năng Kỹ Thuật Số Mini Thông Minh 4000 Đếm Vôn Kế RMS Với Phạm Vi Tự Động Để Kiểm Tra Điện Áp Liên Tục Điện Trở NCV Hộ Gia Đình,312 Đã bán,https://www.lazada.vn/products/pdp-i2465577025.html,
Nhà thông minh,Điện Tử Nhật Minh,600.000 ₫,-39%,366000,-12,4.7,"Công Tắc Tuya Thông Minh Wifi+Rf433, 1,2,3,4 Nút Viền Vàng Hình Vuông Smartlife Hẹn Giờ Điều Khiển Từ Xa Điều Khiển Giọng Nói",214 Đã bán,https://www.lazada.vn/products/pdp-i1771454411.html,
Phụ kiện Máy tính,KONG 3C STORE [vn],476.000 ₫,-35%,309400,-18,5,"APAYADO K61 Mini Wired Mechanical Keyboard, 61 Keys, Red/Blue Switch, Phantom RGB Lighting, 60% Portable, Hot-Swappable",56 Đã bán,https://www.lazada.vn/products/pdp-i2921286645.html,
Điện,ForesightOfficialStore,97.700 ₫,-41%,57643,,,Thiết Bị Kiểm Tra Vôn Kế 0-100A 3 Trong 1 Màn Hình LED 22mm AC 60-500V,,https://www.lazada.vn/products/pdp-i2811104281.html,
Dụng cụ đo lường,Electrical,179.000 ₫,-41%,105610,-1,5,"Công tơ điện tử 1 pha đa năng 80A đo công suất, điện áp, cường độ",,https://www.lazada.vn/products/pdp-i2120699108.html,
Điện thoại bàn,LeNgan _Store,399.000 ₫,-25%,299250,-70,4.7,"điện thoại A78 - A78 5G máy 2simram 8G/256G, Cấu hình mạnh đỉnh Cày PUBG/Liên Quân/Free Fire/Tiktok siêu mượt - PNB",87 Đã bán,https://www.lazada.vn/products/pdp-i3092974591.html,
Phụ kiện điện thoại & máy tính bảng,THANH CONG PLUS,269.000 ₫,-45%,147950,-21,4.3,"Pin dự phòng pin 20000mAh trong suốt dung lượng lớn sạc nhanh 22,5W cho nhiều thiết bị điện thoại",103 Đã bán,https://www.lazada.vn/products/pdp-i2671719022.html,
Phụ kiện điện thoại & máy tính bảng,z9PCM2GN,238.000 ₫,-38%,147560,-14,4.1,Sạc dự phòng 50000mAh sạc nhanh 120W pin dung lượng lớn có dây cắm nhiều điện thoại LED,54 Đã bán,https://www.lazada.vn/products/pdp-i3098585910.html,
Smartphones,MYSON MOBILE,409.000 ₫,-27%,298570,-88,4.9,"điện thoại giá rẻ Realme 10 5G 2sim ram 8G/256G Chính Hãng, Cấu Hình khủng, Cày Gme nặng mượt,  - MSC",142 Đã bán,https://www.lazada.vn/products/pdp-i2867414503.html,
Phụ kiện điện thoại & máy tính bảng,Shop Tuấn Tử Tế,100.000 ₫,-45%,55000,,,"[SS] Sạc dự phòng, Pin dự phòng 2 cổng USB Sạc nhanh,màu trắng nhỏ gọn tiện lợi ( (tuantute2410)",,https://www.lazada.vn/products/pdp-i3167830965.html,
Phụ kiện điện thoại & máy tính bảng,TiKa Shop,300.000 ₫,-24%,228000,-12,4.7,"Sạc Dự Phòng 30000mAh 66W Siêu nhanh, Pin dự phòng dung lượng lớn sạc an toàn kiểu dáng hiện đại",44 Đã bán,https://www.lazada.vn/products/pdp-i3064879832.html,
Phụ kiện điện thoại & máy tính bảng,Sạc dự phòng thông minh 3,518.000 ₫,-56%,227920,-8,3.9,"Xạc dự phòng 50000mAh 800000mah Siêu nhanh PD20W, 120W sạc dự phòng nạp dùng 6 đầu ra 6 đầu vào có đèn LED sạc nhanh",24 Đã bán,https://www.lazada.vn/products/pdp-i3199971559.html,
Phụ kiện điện thoại & máy tính bảng,Linkee,88.000 ₫,-56%,38720,-355,4.5,Hỗ Trợ Sạc Không Dây Qi Miếng Dán Cho iPhone 7 6 Cộng Với Micro USB Loại C Phổ Quát Nhanh Sạc Không Dây Bộ Chuyển Đổi Đầu Thu Cuộn Dây,877 Đã bán,https://www.lazada.vn/products/pdp-i528582350.html,
Phụ kiện điện thoại & máy tính bảng,N6hHwUSJ,100.000 ₫,-45%,55000,-2,5,[SS] SẠC DỰ PHÒNG CAO CẤP MÀN HÌNH GƯƠNG - 2 CỔNG SẠC NHANH + ĐÈN LED SIÊU SÁNG ( (tuandeptrai241091),,https://www.lazada.vn/products/pdp-i3167891081.html,
Phụ kiện điện thoại & máy tính bảng,ProTool Hub,80.000 ₫,-43%,45600,-14,4.1,"Đèn Led Sefie Mini Cầm Tay 3 Chế Độ Sáng, Phụ Kiện Trợ Sáng Chụp Ảnh, Quay Video Chuyên Nghiệp",58 Đã bán,https://www.lazada.vn/products/pdp-i3051963642.html,
Điện,SMH,240.000 ₫,-30%,168000,-131,4.9,Thiết bị đo công suất 100A công tơ điện tử,588 Đã bán,https://www.lazada.vn/products/pdp-i815138110.html,
"Thiết bị sưởi, làm lạnh và thông gió",Tonnifu dụng cụ điện,400.000 ₫,-23%,308000,-348,4.8,"Quạt tích điện đế pin Tonnifu 21v phổ thông 8 inch, quạt xoay 2 tốc, bảo hành 06 tháng.",1.0K Đã bán,https://www.lazada.vn/products/pdp-i2825687409.html,
Thiết bị đeo thông minh,Pilot Star_VN.Selection,29.300 ₫,-23%,22561,-852,4.9,Đồng Hồ Thông Minh Thể Thao Bọ Cạp Dành Cho Nữ Màn Hình LED Tích Hợp Đầy Đủ Theo Dõi Hoạt Động Dây Đeo Cổ Tay Kỹ Thuật Số Thời Trang Tương Thích Với Android,4.2K Đã bán,https://www.lazada.vn/products/pdp-i2545488293.html,
Điện,Linh Kiện 35,263.940 ₫,-13%,229627,,,"Công tơ điện tử 1080 1 pha điện áp 220V 80A đo số điện tiêu thụ KWH nhựa ABS chống cháy, màn hình LCD",,https://www.lazada.vn/products/pdp-i2091883084.html,
Trường học & văn phòng,Kangaroo store 1595312584,81.900 ₫,-49%,41769,,,Máy tính điện tử cỡ nhỏ máy tính Màu kẹo đẹp cho học sinh máy tính lật dễ di chuyển nhỏ,,https://www.lazada.vn/products/pdp-i3076854601.html,
Điện,Samebeauty,437.100 ₫,-46%,236034,,,"AC Màn Hình 6 Trong 1 KWh Công Suất Đo Tần Số 110V 220V 380V 100A, Điện Hệ Số Công Suất Hoạt Động màn Hình HOCO",,https://www.lazada.vn/products/pdp-i3183750880.html,
Phụ kiện Máy tính,epoosuo,302.000 ₫,-60%,120800,-243,4.9,EPOOSUO | Chuột Không Dây Bluetooth Im Lặng Sạc Lại Được cho Văn Phòng và Chơi Game,,https://www.lazada.vn/products/pdp-i3205307914.html,
Điện,VOKTTA Official Store,1.321.350 ₫,-33%,885304,,,Voktta aneng AL01 cảm đa năng kế kỹ thuật số 6000 đếm True-RMS AC/Đồng hồ đo điện áp một chiều dụng cụ kiểm tra dòng điện chuyên nghiệp dụng cụ thợ điện,,https://www.lazada.vn/products/pdp-i2499065589.html,
Phụ kiện điện thoại & máy tính bảng,CÔNG TY TNHH MTV GROWN TECH,799.200 ₫,-27%,583416,-1,5,"Sạc dự phòng DEIOG DY-208 20000mAh không dây 22.5W chính hãng, sạc nhanh đa năng, đa cổng sạc",6 Đã bán,https://www.lazada.vn/products/pdp-i3126715783.html,
Điện,Plata,65.000 ₫,-25%,48750,,,"Ổ cắm điện đa năng thông minh kèm 2 cổng sạc USB đa năng và 4 lỗ cắm, Dây Cáp Dày Chất Lượng Cao 100%",,https://www.lazada.vn/products/pdp-i2587793977.html,
Điện,CH thiết bị đo điện Gex.vn,,,,-17,4.9,Công tơ điện tử 1 pha mini cài át bách khoa,129 Đã bán,https://www.lazada.vn/products/pdp-i2426916562.html,
Phụ kiện Máy tính,epoosuo,520.000 ₫,-81%,98800,-224,4.9,EPOOSUO | Chuột Không Dây Bluetooth Sạc Lại Yên Tĩnh cho Văn Phòng và Chơi Game,15 Đã bán,https://www.lazada.vn/products/pdp-i3206038635.html,
Điện,bansi08,,,,-1,5,Ổ Cắm Điện Đa Năng Thông Minh Có Cổng USB,5 Đã bán,https://www.lazada.vn/products/pdp-i838372427.html,
Dụng cụ đo lường,minhhang90,,,,,,Đồng hồ đo dòng điện 1 chiều từ 0-50mA,19 Đã bán,https://www.lazada.vn/products/pdp-i1544401402.html,
Phụ kiện Máy tính,xunmei digital,386.000 ₫,-63%,142820,-301,4.9,GOIIOG | Chuột Không Dây Bluetooth Chế Độ Đôi Sạc Im Lặng,,https://www.lazada.vn/products/pdp-i3205707841.html,
Điện,KUAIQU,999.999 ₫,-25%,749999,-13,4,Đồng Hồ Vạn Năng Thông Minh Kỹ Thuật Số UNI-T Mới 2021 Vôn Kế AC DC UT60S UT60BT 1000V Ampe Kế Đồng Hồ Vạn Năng Kiểm Tra Nhiệt Độ Tụ Điện RMS Thật,5 Đã bán,https://www.lazada.vn/products/pdp-i1644366301.html,
Phụ kiện điện thoại & máy tính bảng,UEDENSHI_SHOP,,,,-47,5,Sạc dự phòng chính hãng lỗi mạch lấy cell pin 18650 dung lượng 2.500mah siêu tiết kiệm kinh phí,119 Đã bán,https://www.lazada.vn/products/pdp-i2304439784.html,
Điện,KUAIQU,1.200.000 ₫,-45%,660000,-14,4.8,Đồng Hồ Vạn Năng Kỹ Thuật Số UNI-T UT136C + LCD Máy Đo Điện Áp DC/AC Máy Đo Dòng Điện Điện Dung Điện Trở Diode Máy Đo Vôn Kế Ampe Kế,76 Đã bán,https://www.lazada.vn/products/pdp-i505356381.html,
Điện thoại cơ bản,phukien0846899000,1.098.000 ₫,-50%,549000,-328,5,"Điện thoại 4G Nokia 105 2021-2024, 2 Sim Chuẩn Quy Định Của Bộ Thông Tin Fullbox Loa To Sóng Khỏe Pin Bền",1.5K Đã bán,https://www.lazada.vn/products/pdp-i1592471939.html,
Thiết bị nhà bếp,Ailian Small Appliances,,,,-98,4.9,AILIAN | Cốc Ép Trái Cây Điện Tử Di Động,,https://www.lazada.vn/products/pdp-i3192572522.html,
Phụ kiện Máy tính,THIẾT BỊ CÔNG NGHỆ HUY LONG,649.000 ₫,-22%,506220,-33,4.8,"Bàn phím không dây FREEWOLF M96 kết nối bằng Bluetooth và 2.4G có đèn led 7 màu, nút văn âm lượng và màn hình led mini",96 Đã bán,https://www.lazada.vn/products/pdp-i2636447362.html,
Điện,EChipTECmall,744.300 ₫,-34%,491238,,,1 Chiếc PZEM-026 Vôn Kế Kỹ Thuật Số AC Một Pha 400V 100A Thông Minh Sạc Điện Tử Vôn Kế,,https://www.lazada.vn/products/pdp-i2208456979.html,
Dụng cụ cầm tay & phụ kiện,ThaiDuongTD,226.000 ₫,-49%,115260,-7,4.7,Đồng hồ đo vạn năng Digital EXCEL DT9205A (Mẩu mới 2020-2021),19 Đã bán,https://www.lazada.vn/products/pdp-i2422272.html,
Phụ kiện Máy tính,XSmart Store,890.000 ₫,-45%,489500,-158,5,"Bàn Phím Cơ Bluetooth Không Dây K68BT Trục Cơ Red Switch Gõ Cực Đã, Thiết Kế Nhỏ Gọn Có Hotswap Có Thể Custom Kết Nối Máy Tính / Điện Thoại / Tablet",496 Đã bán,https://www.lazada.vn/products/pdp-i2075890883.html,
Điện,KUAIQU,999.999 ₫,-41%,589999,-14,5,11.11 (Sẵn Sàng) Máy Đo Vạn Năng Kỹ Thuật Số UNI-T UT136B +/UT136C + Đồng Hồ Vạn Năng Kế AC DC Vôn Kế Ampe Kế Ohm Điện Dung HFE Diode/Bóng Bán Dẫn,22 Đã bán,https://www.lazada.vn/products/pdp-i491468589.html,
Điện,Bull Socket,2.382.000 ₫,-66%,809880,-32,4.9,Bull | Ổ Cắm USB Đa Cổng Sạc Nhanh 30W,56 Đã bán,https://www.lazada.vn/products/pdp-i3193983372.html,
Điện,Thiết bị điện 123,800.000 ₫,-39%,488000,,,"Đồng hồ đa chức năng CW96 màn hình LCD hiển thị nhiều thông số điện áp, công suất, dòng điện, cos phi",,https://www.lazada.vn/products/pdp-i3053307382.html,
Smartphones,Hoàng Hà Mobile,4.290.000 ₫,-33%,2874300,-404,5,Điện thoại Xiaomi Redmi 13 (6GB/128GB) - Chính Hãng,1.4K Đã bán,https://www.lazada.vn/products/pdp-i2484389320.html,
Thiết bị nhà bếp,Elmich Vietnam,1.995.000 ₫,-53%,937650,-165,4.9,(Chỉ 25-29.10)Bếp nướng lẩu đa năng Elmich HE-3908,483 Đã bán,https://www.lazada.vn/products/pdp-i2534158948.html,
Nhà thông minh,Điện Tử Nhật Minh,350.000 ₫,-20%,280000,-325,4.8,"Công Tắc Tuya Thông Minh Wifi Smart Life (Wifi+RF433) 1,2,3,4 Nút Cảm Ứng Chữ Nhật, Công Tắc Hẹn Giờ Điều Khiển Từ Xa 10A-2200W, Hỗ Trợ Điều Khiển Giọng Nói Tiếng Việt",1.9K Đã bán,https://www.lazada.vn/products/pdp-i290882776.html,
Điện,Forwarm,159.000 ₫,-47%,84270,,,【Miễn phí vận chuyển】 NAYA ANENG DT9205A Đồng hồ vạn năng kỹ thuật số AC DC Vôn kế Ampe kế đo điện dung,15 Đã bán,https://www.lazada.vn/products/pdp-i2561349264.html,
Điện,MichanK,179.600 ₫,-57%,77228,-3,4.3,"ĐỒNG HỒ ĐO VẠN NĂNG YX-360TRn SAMWA (TẶNG KÈM PIN ),  Đồng hồ vạn năng SAMWA, Đồng hồ đo điện vạn năng",14 Đã bán,https://www.lazada.vn/products/pdp-i2733386553.html,
Phụ kiện điện thoại & máy tính bảng,Vention flagship store,915.000 ₫,-53%,430050,-1224,5,"Vention Sạc Dự Phòng 20000mAh 22.5W - 3 Cổng Sạc, Sạc Nhanh PD QC, Màn Hình LED Số, Chống Nóng - Đen / Trắng - Hàng Chính Hãng",3.9K Đã bán,https://www.lazada.vn/products/pdp-i2569230806.html,
Nhà thông minh,Hunonic Miền Nam Store,300.000 ₫,-35%,195000,-93,4.9,Bộ hồng ngoại Hunonic IR Smart - Điều khiển thiết bị từ xa qua điện thoạii,280 Đã bán,https://www.lazada.vn/products/pdp-i2589161580.html,
Nhà thông minh,Hunonic Miền Nam Store,600.000 ₫,-18%,492000,-287,4.9,Công Tắc Thông Minh Wifi Hunonic Lahu 4 Kênh - 500W/kênh điều khiển mọi thiết bị từ xa qua điện thoại,1.1K Đã bán,https://www.lazada.vn/products/pdp-i2589137650.html,
Nhà thông minh,Hunonic Miền Nam Store,700.000 ₫,-7%,651000,-34,4.8,"Công Tắc Thông Minh Lahu 04 RTC Tích Hợp IC Thời Gian Thực, Điều Khiển Từ Xa Qua Điện Thoại, Hẹn Giờ Tự Động",121 Đã bán,https://www.lazada.vn/products/pdp-i2589155610.html,
Trường học & văn phòng,Jettingbuy,44.226 ₫,-44%,24766,-12,4.5,"Jettingbuy Máy Tính Điện Tử Mini Cho Sinh Viên Đồ Dùng Văn Phòng Tính Toán Màu Kẹo,",77 Đã bán,https://www.lazada.vn/products/pdp-i860174446.html,
Điện,GlobalWonderShop,241.000 ₫,-23%,185570,-7,3.7,Ổ Cắm Tường Đa Chức Năng Có Sạc Nhanh USB Công Tắc Đường Dài Ổ Cắm Phòng Ngủ Thiết Kế Nhiều Lỗ W Cho Bảng Dây Điện,39 Đã bán,https://www.lazada.vn/products/pdp-i2901944588.html,
Điện,EChipTECmall,114.300 ₫,-40%,68580,-10,5,Máy Kiểm Tra Sạc USB Máy Đo Dòng Điện Áp Bác Sĩ Vôn Kế Ampe Kế Máy Kiểm Tra Dung Lượng Pin Máy Dò Điện Di Động,24 Đã bán,https://www.lazada.vn/products/pdp-i1630104384.html,
Nhà thông minh,Hunonic Miền Nam Store,150.000 ₫,-14%,129000,-629,4.9,"Công Tắc Thông Minh Hunonic Datic Basic, Điều Khiển Từ Xa, Hẹn Giờ Tắt/Bật, Dễ Lắp Đặt, Có Nút Cơ",2.4K Đã bán,https://www.lazada.vn/products/pdp-i2207603661.html,
Điện,TRÙM SỈ ĐIỆN NƯỚC,,,,,,"Đồng Hồ Công Tơ Điện Tử 3 Pha 4 Dây NEXUS & HỮU HỒNG Chính Hãng Có Giấy Kiểm Định, Công Suất 100A",,https://www.lazada.vn/products/pdp-i2662620092.html,
Thiết bị nhà bếp,LEBENLANG Gia dụng Đức chính hãng,380.000 ₫,-29%,269800,-29,5,"Máy vắt cam LEBENLANG LB389 máy xoay đảo 2 chiều, 700ml, công suất 40W, bảo hành 2 năm - hàng chính hãng",78 Đã bán,https://www.lazada.vn/products/pdp-i2601860803.html,
Điện,EChipTECmall,431.900 ₫,-34%,285054,,,Ampe Kế Kỹ Thuật Số DC 20A/50A/100A 8-100V Vôn Kế Điện Áp LCD 4 Trong 1 DC Và Công Suất Dòng Điện Với Đầu Dò Đồng Hồ Đo Năng Lượng Điện Shunt,,https://www.lazada.vn/products/pdp-i1633011205.html,
Điện,KUAIQU,1.100.000 ₫,-47%,583000,-3,5,"【Hàng Có Sẵn】 UNI-T Đồng Hồ Vạn Năng Kỹ Thuật Số UNI T, Máy Đo Nhiệt Độ Điện Dung Tần Số AC DC Phạm Vi Thủ Công RMS UT890C UT890D + Đèn Nền",8 Đã bán,https://www.lazada.vn/products/pdp-i1269057000.html,
Điện,Minh Khôi Electric,400.000 ₫,-18%,328000,,,"Đồng hồ vạn năng Victor VC921,đồng hồ đo điện tử,đồng hồ đa năng,đồng hồ điện tử,máy đo vạn năng,dong ho van nang,đồng hồ đo điện trở,đồng hồ vạn năng kim,đồng hồ đo vạn năng,đồng hồ đo dòng điện,đồng hồ đo tụ điện,đồng hồ đo điện trở,đồng hồ đa năng đo đ",,https://www.lazada.vn/products/pdp-i3186472107.html,
Phụ kiện Máy tính,Punstore - Gear / Audio / Hitech,,,,-16,4.9,"RICCKS RS8 - Bàn phím cơ RICCKS RS8 HIFI Mạch Xuôi , RGB , 3 MODE , QMK/VIA Chính Hãng BH 12 THÁNG",40 Đã bán,https://www.lazada.vn/products/pdp-i3025858719.html,
Thiết bị tiện ích USB,MU RAN,992.000 ₫,-50%,496000,-270,4.9,MURAN | Quạt Bàn Mini Di Động Sạc USB,,https://www.lazada.vn/products/pdp-i3193657488.html,
Phụ kiện điện thoại & máy tính bảng,Pisen Official Store 1618388268,1.010.000 ₫,-35%,656500,-6,5,"Sạc dự phòng PISEN QUICK Power Cube (LC) Digital 22.5W 10000mAh/20000mAh , sạc nhanh, an toàn, chống chai pin, chứng chỉ CCC ( 3C cho lên máy bay ) , phù hợp cho Iphone, samsung, huawei, xiaomi, Model : TP-D260/261 ....  Hàng chính hãng, bảo hành 24 tháng",20 Đã bán,https://www.lazada.vn/products/pdp-i3149210646.html,
Phụ kiện Máy tính,goojodoqstore.vn,320.000 ₫,-54%,147200,-108,4.8,chuột chơi game GOOJODOQ Chuột Không Dây 2.4Ghz Có Kết Nối Bluetooth Với Pin Cuộn,294 Đã bán,https://www.lazada.vn/products/pdp-i2106892721.html,
Phụ kiện Máy tính,Plata,450.000 ₫,-32%,306000,,,"Bàn Phím Mini K61 LED RGB 10 Chế Độ Rainbow Cực Đẹp, Phím Bấm Êm, Thiết Kế Nhỏ Gọn, Dùng Cho Máy Tính, Laptop,PC",,https://www.lazada.vn/products/pdp-i2590505891.html,
Thiết bị nhà bếp,Simplus Home Appliances,429.000 ₫,-28%,308880,-20,5,[New Arrival] Simplus Nồi Hấp Trứng Nồi Hấp Đa Năng 7 Chế Độ Hẹn Giờ 24 Tiếng Điều Khiển Cảm Ứng Hấp Trứng Làm Sữa Chua DZEG006,83 Đã bán,https://www.lazada.vn/products/pdp-i2885507151.html,
Điện,VOKTTA Official Store,447.150 ₫,-33%,299590,-6,5,"Vôn Kế Đa Chức Năng Tester, Đồng Hồ Đo Dòng Điện Áp Bộ Kiểm Tra USB Dung Lượng Sạc Dự Phòng",9 Đã bán,https://www.lazada.vn/products/pdp-i1304015637.html,
Phụ kiện Máy tính,MijiaPlay,413.846 ₫,-35%,268999,-1,5,Bàn phím không dây acer Bluetooth có thể sạc lại Đèn nền RGB Chơi game văn phòng Bàn phím có dây cho máy tính để bàn Máy tính xách tay,,https://www.lazada.vn/products/pdp-i3070366180.html,
Điện,Smart Sensor,977.000 ₫,-9%,889070,,,"Smart Sensor Đồng Hồ Vạn Năng Kỹ Thuật Số HABOTEST HT118E Đồng Hồ Đa Năng Phạm Vi Tự Động 20,000 Số Đếm True RMS Đo Điện Áp AC/DC & Điện Trở Dòng Điện Điện Tần Số Nhiệt Độ Liên Tục Nhiệm Vụ Tối Đa/PHÚT Đo Trực Tiếp & Diode Kiểm Tra NCV",,https://www.lazada.vn/products/pdp-i2174929562.html,
Phụ kiện Máy tính,Tech7,,,,-13,4.6,Bàn phím không dây mini W201S - đa kết nối bluetooth 5.0 + 3.0 + Usb wireless 2.4G,36 Đã bán,https://www.lazada.vn/products/pdp-i1913872027.html,
Phụ kiện Máy tính,Razer digital,10.704.000 ₫,-32%,7278720,-233,4.9,Razer | Chuột Chơi Game Không Dây,,https://www.lazada.vn/products/pdp-i3204607819.html,
Phụ kiện Máy tính,Sky Blue shop,423.225 ₫,-33%,283560,-1,5,"Bàn phím cơ DY-M303 có dây kết nối bluetooth, có hệ thống đèn led bắt mắt, chơi game làm việc siêu tiện lợi.",5 Đã bán,https://www.lazada.vn/products/pdp-i2686005714.html,
Nhà thông minh,Điện Tử Nhật Minh,650.000 ₫,-23%,500500,-256,4.9,"Công Tắc Cửa Cuốn Thông Minh Tuya, Công Tắc Điều Khiển Cửa Cuốn Wifi SmartLife Qua App Tuya, Điều Khiển Mở Cửa Cuốn Từ Xa Qua App, Ra Lệnh Giọng Nói",1.3K Đã bán,https://www.lazada.vn/products/pdp-i358248477.html,
Phụ kiện Máy tính,GOES TiME,864.000 ₫,-61%,336960,-28,4.8,GOES TiME | Chuột Bluetooth Văn Phòng Hình Gấu Dâu Sạc Lại Được,,https://www.lazada.vn/products/pdp-i3198461791.html,
Phụ kiện điện thoại & máy tính bảng,Baseus OfficialMall,1.159.000 ₫,-56%,509960,-19,5,Pin sạc dự phòng Baseus Lipow 20000mAh 15W / 22.5W 2 cổng USB-A và 1 cổng Type-C,50 Đã bán,https://www.lazada.vn/products/pdp-i2894678789.html,
Nhà thông minh,Hunonic Miền Nam Store,510.000 ₫,-18%,418200,-126,5,"Công tắc cảm ứng Hunonic Datic 1-2-3-4 nút kết nối Wifi điều khiển mọi thiết bị từ xa qua điện thoại, Bảo hành 12 tháng.",467 Đã bán,https://www.lazada.vn/products/pdp-i2589262226.html,
Điện,Aeneas Shop,,,,-1,5,"Đồng hồ đo điện,đồng hồ vạn năng đo Volt, ampe, điện trở và linh kiện điện tử cơ bản -AENEA",,https://www.lazada.vn/products/pdp-i2826876455.html,
Điện,,214.000 ₫,-37%,134820,,,Ổ Cắm Điện Đa Chức Năng Có Dây Dài USB Nhiều Lỗ Dùng Cho Ký Túc Xá Sinh Viên Và Gia Đình Ổ Cắm Điện Đa Năng PP/PC Chống Sét,36 Đã bán,https://www.lazada.vn/products/pdp-i2997555103.html,
Phụ kiện Máy tính,TCKB,1.990.000 ₫,-35%,1293500,,,"Bàn phím cơ không dây Monka K100 Full size | 3 mode, RGB, Hotswap, Gasket mount, Núm xoay",,https://www.lazada.vn/products/pdp-i3085570261.html,
Điện,Enrich garden shop,55.000 ₫,-9%,50050,,,( Hỏa Tốc HCM ) Ổ Điện Thông Minh Chữ T Kèm Đèn Ngủ Và Sạc USB,,https://www.lazada.vn/products/pdp-i2344751569.html,
Điện thoại bàn,Xuyn.offiicial,,,,-1,5,"Điện thoại gập Philips E6515 - 4G, pin lâu, sạc typeC, sang trọng 2 màn hình",9 Đã bán,https://www.lazada.vn/products/pdp-i3021060067.html,
Thiết bị nhà bếp,JENNIFEROOM Vietnam,3.120.000 ₫,-45%,1716000,-5,4.6,"JRK-OT1201 - Lò nướng điện Jenniferoom 220 V~, 50 Hz, 1000 W, 12 L",16 Đã bán,https://www.lazada.vn/products/pdp-i3160640906.html,
Điện,,,,,,,Tổng Đài Điện Đa Năng Dài USB Nhiều Lỗ Thiết Kế Sáng Tạo Cho Gia Đình Ký Túc Xá Nhà Máy Điện Phụ Kiện Điện Tử,6 Đã bán,https://www.lazada.vn/products/pdp-i2997334619.html,
Phụ kiện điện thoại & máy tính bảng,Pisen Official Store 1618388268,1.380.000 ₫,-54%,634800,-71,4.9,"Pin sạc dự phòng chân cắm PISEN Quick High Power Box kèm cáp sạc C/L, sạc nhanh công suất 22.5w, 20000mAh, TS-D313 - Hàng chính hãng, BH 24 tháng",203 Đã bán,https://www.lazada.vn/products/pdp-i2395426282.html,
"Thiết bị sưởi, làm lạnh và thông gió",goojodoqstore.vn,120.000 ₫,-35%,78000,-238,4.9,"quạt mini sạc điện GOOJODOQ quạt cầm tay mini tích điện sạc USB,tiện lợi, quạt usb,Thích hợp cho công việc và trường học",946 Đã bán,https://www.lazada.vn/products/pdp-i2597937297.html,
Phụ kiện điện thoại & máy tính bảng,PARHJg.Selection,44.700 ₫,-62%,16986,-8787,4.8,Kính Lúp Màn Hình Điện Thoại 3D HD – Biến Màn Hình Nhỏ Thành Rạp Phim Di Động,25.1K Đã bán,https://www.lazada.vn/products/pdp-i2518113815.html,
Phụ kiện điện thoại & máy tính bảng,GUTEK,240.000 ₫,-47%,127200,-110,4.8,Sạc dự phòng 20000mah 10000mah sạc nhanh pin dung lượng lớn có dây sạc cho điện thoại - Gutek YM833,300 Đã bán,https://www.lazada.vn/products/pdp-i2945755163.html,
Phụ kiện điện thoại & máy tính bảng,Lacepulse Store,64.000 ₫,-14%,55040,-1,5,Lacepulse 丨 20000mAh gạo đen điện siêu mỏng xách tay điện nguồn trung tính Quà Tặng đóng gói phổ sạc nhanh đầu ra USB kép cho Android /IP,9 Đã bán,https://www.lazada.vn/products/pdp-i3112997882.html,
Phụ kiện điện thoại & máy tính bảng,CHANG TAN,60.000 ₫,-70%,18000,-17,4.6,"SẠC GIÁ RẺ MẶT GƯƠNG LCD 30000MAH, HỖ TRỢ SẠC NHANH KÈM CÁP SẠC NGẮN",30 Đã bán,https://www.lazada.vn/products/pdp-i3162831752.html,
Smartphones,LeNgan _Store,,,,-139,4.7,"[SALE- RẺ HỦY DIỆT ] Điện thoại giá rẻ Samsung Galaxy A71 2sim ram 8G/128G, Cấu hình Cao Chiến mọi Game mượt, Chụp ảnh đẹp -CMSS",191 Đã bán,https://www.lazada.vn/products/pdp-i2890491278.html,
Smartphones,LPK_dienthoaigiare,339.000 ₫,-12%,298320,-41,4.4,dienthoaigiare J2prime_g532  hõ trợ thẻ nhớ  zalo facebok tiktok ... nghe gọi vào mạng tải app ok,106 Đã bán,https://www.lazada.vn/products/pdp-i2411881944.html,
Phụ kiện điện thoại & máy tính bảng,ELLYN.E SHOP,180.000 ₫,-56%,79200,-47,4.5,[BẢO HÀNH 1 ĐỔI 1] - PIN DỰ PHÒNG LCD MẶT GƯƠNG DUNG LƯỢNG 30000MAH - SẠC DỰ PHÒNG CÓ ĐÈN LED HIỂN THỊ DUNG LƯỢNG PIN - HỖ TRỢ SẠC NHANH,58 Đã bán,https://www.lazada.vn/products/pdp-i3045249004.html,
Phụ kiện điện thoại & máy tính bảng,vneIcRnO.Selection,60.500 ₫,-23%,46585,-27,4.3,"Pin Sạc Dự Phòng Aimier Mini – Sạc Nhanh PD, Màn Hình LCD Hiển Thị, Nhỏ Gọn Dễ Mang Theo – Tương Thích Nhiều Cổng Sạc",2.3K Đã bán,https://www.lazada.vn/products/pdp-i3140914720.html,
Điện,home smart 89,200.000 ₫,-28%,144000,-73,4.9,"Đồng hồ đo công suất tiêu thụ điện thiết bị 220V, ổ cắm đo công suất",309 Đã bán,https://www.lazada.vn/products/pdp-i1241286325.html,
Phụ kiện điện thoại & máy tính bảng,OKILA MALL,463.000 ₫,-49%,236130,-143,4.8,"(HCM) Sạc Dự Phòng Xiaomi 10000mAh gen3 Cầm cực nặng tay chắc chắn Sạc nhanh 2 chiều cổng Type-C- Thiết Kế Tinh Tế, vỏ kim loại sang trọng, Cổng sạc vào Micro USB & USB-C, chuẩn QC3.0 - Nhỏ Gọn - Bền Bỉ Tiện Lợi  - OKILA MaLL",343 Đã bán,https://www.lazada.vn/products/pdp-i2184267064.html,
Điện,lenguyenshop1,,,,,,Usb Mini Đo Dòng Điện Và Điện Áp Kỹ Thuật Số,,https://www.lazada.vn/products/pdp-i3034424154.html,
Điện,salevn.vn,,,,,,Ổ Điện Thông Minh Chữ T Kèm Đèn Ngủ Và Sạc USB,,https://www.lazada.vn/products/pdp-i2351554096.html,
Phụ kiện Máy tính,BẢO HÂN TREASURES COMPUTER,550.000 ₫,-31%,379500,,,"Bàn phím số không dây Newmen TK-028 (LED, Bluetooth ) - Hàng chính hãng",,https://www.lazada.vn/products/pdp-i2236015177.html,
Phụ kiện Máy tính,EWEADN,435.000 ₫,-12%,382800,-251,4.9,"EWEADN | Chuột không dây Bluetooth tai thỏ siêu dễ thương, 2 chế độ (Bluetooth/2.4G), Silent Click (gõ êm), Pin sạc, Thiết kế công thái học, dành cho Nữ, Laptop và Văn phòng",,https://www.lazada.vn/products/pdp-i3193687255.html,
Phụ kiện điện thoại & máy tính bảng,Pisen Official Store 1618388268,1.045.000 ₫,-51%,512050,-26,4.7,"Sạc dự phòng PISEN QUICK POWERMag 20W 10000mAh (Type-C) . model: TP-D112 - Tương thích đặc biệt từ iphone 12 trở lên, sạc nhanh, công suất 20W, an toàn, chứng nhận CCC ( 3C ) , mang lên máy bay, tàu. Bảo hành 24 tháng - Hàn",63 Đã bán,https://www.lazada.vn/products/pdp-i2208933276.html,
Phụ kiện Máy tính,Plata,1.700.000 ₫,-24%,1292000,,,"Bàn phím cơ gaming bluetooth M87 LED RGB bàn phím cơ không dây có Hotswap, White Switch, 3 Chế Độ Kết Nối tương thích với hệ điều hành MAC, Windows, và Android",,https://www.lazada.vn/products/pdp-i2586762781.html,
Phụ kiện điện thoại & máy tính bảng,Anker Official Store,990.000 ₫,-17%,821700,-36,5,"sạc dự phòng Anker Zolo 10,000mAh Power Bank 10K - 30W, Built-In USB-C and Lightning Cable, Compatible with MacBook, iPhone 17/16/15 /14 Series, Samsung",102 Đã bán,https://www.lazada.vn/products/pdp-i3148965542.html,
Phụ kiện Máy tính,XSmart Store,1.800.000 ₫,-34%,1188000,,,"Bàn Phím Cơ Bluetooth Không Dây X85 Có Màn Hình Led RGB Mạch Xuôi, Hotswap 5 Pin, 3 Mode Kết Nối, Phím PBT Cao Cấp",,https://www.lazada.vn/products/pdp-i2616413767.html,
Smartphones,OPPO Official Store,,,,-85,5,[Sale 25.10] Điện Thoại OPPO A3 (8GB/128GB) - Hàng chính hãng,206 Đã bán,https://www.lazada.vn/products/pdp-i3210658076.html,
Phụ kiện điện thoại & máy tính bảng,Baseus OfficialMall,999.000 ₫,-49%,509490,-55,4.8,"Baseus Lipow Sạc dự phòng Cáp képvới màn hình kỹ thuật số 20000mAh 22,5W",175 Đã bán,https://www.lazada.vn/products/pdp-i3040313742.html,
Thiết bị theo dõi GPS & Phụ kiện,HOCO Official Store,470.000 ₫,-37%,296100,-7,5,"Thiết bị định vị thông minh Hoco E91, thiết kế nhỏ gọn , tiện lợi, tìm kiếm định vị nhanh chóng",18 Đã bán,https://www.lazada.vn/products/pdp-i2641302510.html,
Nhà thông minh,TP-Link,399.000 ₫,-40%,239400,-386,5,Ổ Cắm Thông Minh TP-Link Tapo P100 / P110M Kết Nối Wifi Điều Khiển Từ Xa- Hãng phân phối chính thức,2.1K Đã bán,https://www.lazada.vn/products/pdp-i668298200.html,
Thiết bị nhà bếp,FujiHome Chính Hãng,2.590.000 ₫,-28%,1864800,-111,4.8,"Cây nước nóng lạnh nhập khẩu FUJIHOME WD2002E làm lạnh điện tử, làm nóng nhanh, có ngăn để cốc chén, tiết kiệm điện năng, bảo hành điện tử toàn quốc 12 tháng",422 Đã bán,https://www.lazada.vn/products/pdp-i2377573438.html,
Nhà thông minh,AKIA Smarthome,1.790.000 ₫,-34%,1181400,-9,4.9,"Aqara Hub M2 bản Quốc Tế - Bộ điều khiển trung tâm Zigbee 3.0, tích hợp Loa và Điều khiển hồng ngoại, tương thích Apple HomeKit",62 Đã bán,https://www.lazada.vn/products/pdp-i1235460874.html,
Phụ kiện điện thoại & máy tính bảng,Pisen Official Store 1618388268,1.543.000 ₫,-45%,848650,-78,4.9,"Sạc dự phòng có chân cắm, sạc nhanh , Điện bá đạo PISEN QUICK - High Power Box sạc Laptop,  iPhone, samsung, Android, 87W 22.5W 20W  sạc an toàn, bảo vệ máy, chống chai pin Global - Chính hãng, có bảo hiểm 46 Tỷ",159 Đã bán,https://www.lazada.vn/products/pdp-i2624156019.html,
Điện,,414.000 ₫,-43%,235980,,,"Bảng Cắm Ổ Cắm Đa Chức Năng Có USB Cho Đèn Bàn, Phòng Học Sinh, Nhà Ở, Cắm Nhiều Lỗ, Cắm Điện, Cắm Điện, Cắm Điện",12 Đã bán,https://www.lazada.vn/products/pdp-i2997306753.html,
Nhà thông minh,Điện Tử Nhật Minh,750.000 ₫,-40%,450000,-80,4.9,"BH 6 tháng-Ổ Cắm Thông Minh Wifi Tuya Smart Life 4 Cổng 4 USB Điều Khiển Từ Xa Hẹn Giờ Tiện Lợi Qua Phần Mềm, Ổ Cắm Hẹn Giờ Điều Khiển Từ Xa, Ổ Cắm Điện Thông Minh Tuya Smart 10A",279 Đã bán,https://www.lazada.vn/products/pdp-i1259219749.html,
Thiết bị nhà bếp,Lebenlang Store,669.000 ₫,-30%,468300,-813,4.9,"Ấm đun siêu tốc bằng thủy tinh LEBENLANG LBE2819 của Đức gồm lõi pha trà, đèn LED báo hiệu - hàng chính hãng",1.9K Đã bán,https://www.lazada.vn/products/pdp-i1314901202.html,
Phụ kiện Máy tính,BOSSGEAR,1.100.000 ₫,-10%,990000,,,"Bàn phím cơ Xinmeng M87 Lite, Không dây 3 modes, LED RGB, Mạch Xuôi, Hotswap 5 chân, Full Mod.",,https://www.lazada.vn/products/pdp-i2555825256.html,
Phụ kiện Máy tính,Sidotech Official,1.599.000 ₫,-26%,1183260,-39,4.9,Bàn phím cơ gaming không dây SIDOTECH Y95 bluetooth 3 mode 95 phím có màn hình núm xoay hotswap mạch xuôi led RGB chơi game làm việc có gaket mount pin 8000mAh switch riêng đã lube - Hàng chính hãng,106 Đã bán,https://www.lazada.vn/products/pdp-i2627031774.html,
Điện,Điện thông minh & Đèn Led Kawasan,260.000 ₫,-7%,241800,-2,5,ĐỒNG HỒ ĐO ĐIỆN NĂNG 1 PHA ĐỒNG HỒ CƠ ĐO ĐIỆN NĂNG– Model: APM10,5 Đã bán,https://www.lazada.vn/products/pdp-i3080017341.html,
Thiết bị đeo thông minh,Hoàng Hà Mobile,1.590.000 ₫,-27%,1160700,-2,5,Đồng hồ thông minh MyKID 4G LITE - Chính hãng (Dùng cho sim Viettel),6 Đã bán,https://www.lazada.vn/products/pdp-i2662576937.html,
Phụ kiện điện thoại & máy tính bảng,Rocoren Official Store,1.331.667 ₫,-49%,679150,-52,4.8,Rocoren Pin sạc dự phòng 50000mAh 67.5W/22.5W Power bank | Cổng sạc nhanh USB-C | 6 cổng | Màn hình kỹ thuật số,124 Đã bán,https://www.lazada.vn/products/pdp-i2608003626.html,
Điện,GlobalSuperBazaar,286.000 ₫,-23%,220220,,,"Ampe Kế Kỹ Thuật Số DC Có Độ Chính Xác Cao 0,56 Inch 0-33V 3 Dây 5 Chữ Số Hiển Thị Vôn Kế Để Đo Điện DIY",,https://www.lazada.vn/products/pdp-i3173618048.html,
Điện thoại cơ bản,Hoàng Hà Mobile,810.000 ₫,-40%,486000,-27,4.9,"Điện thoại Viettel T2 4G 2,4"" - Chính hãng (lỗi 1 đổi 1 trong 100 ngày) (Dùng cho mọi nhà mạng)",91 Đã bán,https://www.lazada.vn/products/pdp-i2678176152.html,
Smartphones,Xiaomi Official Store,2.990.000 ₫,-7%,2780700,-38,5,"Điện thoại REDMI A3 (3+64G | 4+128G) |Màn hình 6,71"" 90Hz | Pin 5000mAh (thông thường) dung lượng lớn | Mở khóa bằng khuôn mặt và vân tay bảo mật*",169 Đã bán,https://www.lazada.vn/products/pdp-i3014375349.html,
"Thiết bị sưởi, làm lạnh và thông gió",goojodoqstore.vn,600.000 ₫,-42%,348000,-325,4.9,"Quạt để bàn GOOJODOQ 2025 Quạt tốc độ cao để bàn- Im lặng turbo gió 100 tốc độ ,Màn hình kỹ thuật số LED ,Có thể treo tường ,Đèn chiếu sáng RGB",899 Đã bán,https://www.lazada.vn/products/pdp-i3061715223.html,
Điện,TBC New Store 687,310.000 ₫,-35%,201500,,,"Ổ Cắm Điện Đa Năng Bằng Đồng Toàn Bộ Có Dây Chống Quá Tải, Ổ Cắm USB, Công Tắc Độc Lập, Nhiều Lỗ, Ống Dẫn Điện, Sử Dụng Tại Nhà",84 Đã bán,https://www.lazada.vn/products/pdp-i2962497594.html,
Phụ kiện điện thoại & máy tính bảng,Vention Franchised Store,955.000 ₫,-61%,372450,-5,5,Vention 20000mAh Sạc Dự Phòng 22.5W - Dây Type-C & Lightning Liền - Màn Số Hiển Thị Pin - Sạc 3 Thiết Bị Cùng Lúc - Đủ Tiêu Chuẩn Lên Máy Bay (74Wh) - Hàng Chính Hãng,17 Đã bán,https://www.lazada.vn/products/pdp-i2842313312.html,
Phụ kiện Máy tính,vintagelifestyle,3.990.000 ₫,-18%,3271800,-10,4.2,"Bàn phím cơ không dây Lofree Flow chính hãng 84 phím, kết nối bluetooth và dây, Kailh switch, LED trắng và RGB",30 Đã bán,https://www.lazada.vn/products/pdp-i2393803852.html,
Dụng cụ đo lường,kettra,300.000 ₫,-38%,186000,-15,4.7,"Máy cân bằng laser 12 Tia,máy bắn cốt laser xanh lá,Bóng Led Siêu Sáng , tự động san bằng mức Laser có sẵn ngoài trời",77 Đã bán,https://www.lazada.vn/products/pdp-i3155334384.html,
Điện,BẢO HỘ LAO ĐỘNG XSAFE,416.000 ₫,-20%,332800,-33,4.9,[HỎA TỐC] Đồng hồ đo điện vạn năng TOTAL màn hình LCD có đèn nền ban đêm đo dòng điện điện áp điện trở thông mạch,156 Đã bán,https://www.lazada.vn/products/pdp-i1969634911.html,
Điện,EChipTECmall,529.500 ₫,-34%,349470,-20,4.9,D69-2058 Vôn Kế Đồng Hồ Đo Tần Số Năng Lượng Điện KWH Hoạt Động Hệ Số Công Suất Hiện Tại Đồng Hồ Vạn Năng Kỹ Thuật Số CT Ampe Vôn Kế LCD Kỹ Thuật Số,104 Đã bán,https://www.lazada.vn/products/pdp-i797854735.html,
Đồ chơi cho trẻ sơ sinh & trẻ nhỏ,,768.000 ₫,-49%,391680,,,Bộ Đồ Dùng Học Tập Điện Tử Cho Trẻ Em Bộ Quà Tặng Sinh Nhật Cho Bé Trai Và Bé Gái Hộp Quà Tặng Đồ Dùng Văn Phòng Phẩm Chất Lượng Cao,18 Đã bán,https://www.lazada.vn/products/pdp-i3012731918.html,
Nhà thông minh,Điện thông minh & Đèn Led Kawasan,383.400 ₫,-28%,276048,-2,5,Ổ cắm điều khiển từ xa 500W C01-RM2A,9 Đã bán,https://www.lazada.vn/products/pdp-i1864106174.html,
Phụ kiện Máy tính,Vinetteam Store,1.890.000 ₫,-39%,1152900,-5,5,"Bàn phím cơ gaming bluetooth M87 LED RGB có Hotswap, White Switch, 3 Chế Độ Kết Nối tương thích với hệ điều hành MAC, Windows, và Android",14 Đã bán,https://www.lazada.vn/products/pdp-i2612031386.html,
Điện,Điện thông minh & Đèn Led Kawasan,280.000 ₫,-8%,257600,,,ĐỒNG HỒ ĐO ĐIỆN NĂNG 1 PHA KỸ THUẬT SỐ – Model: DPM10,,https://www.lazada.vn/products/pdp-i3079931801.html,
Phụ kiện điện thoại & máy tính bảng,Rocoren Official Store,498.333 ₫,-41%,294016,-1631,5,Rocoren Power Bank Original Portable Powerbank 30000mah/20000mAh/10000mAh PD 22.5W Fast Charging with Led Display,3.7K Đã bán,https://www.lazada.vn/products/pdp-i2565936871.html,
quà tặng & Gói quà,mingzhuo stationery,381.000 ₫,-25%,285750,-2,4.5,NUOXUNDE | Bộ Dụng Cụ Văn Phòng Điện Tử Cho Bé Gái và Quà Tặng Học Sinh Tiểu Học,,https://www.lazada.vn/products/pdp-i3217586162.html,
Smartphones,Xiaomi Store1,5.990.000 ₫,-28%,4312800,-16,4.7,Điện Thoại Xiaomi Redmi Note 14 8/256Gb Quốc Tế Nguyên Seal - Chính Hãng Bảo hành 24 Tháng,147 Đã bán,https://www.lazada.vn/products/pdp-i2974336998.html,
Phụ kiện Máy tính,Phụ Kiện Công Nghệ_85,577.500 ₫,-33%,386925,-1,5,"Bàn Phím Cơ 1 tay ZIYOULANG K5 39 Phím Blue Switch RGB Chơi Game Pubg Mobile, Rules, Free Fire",8 Đã bán,https://www.lazada.vn/products/pdp-i1669476488.html,
Nhà thông minh,Nhà thông minh - Vishome,1.750.000 ₫,-23%,1347500,,,Bộ Điều Khiển Trung Tâm Aqara Hub M2 HM2G01 Zigbee Bản Quốc Tế,,https://www.lazada.vn/products/pdp-i2647504173.html,
Smartphones,Hoàng Hà Mobile,3.590.000 ₫,-30%,2513000,-31,5,(Mua kèm phụ kiện giảm thêm 30k) Điện thoại HTC Wildfire E5 Plus (6+6GB/128GB) - Chính hãng,60 Đã bán,https://www.lazada.vn/products/pdp-i2409487787.html,
Phụ kiện Máy tính,MKSHOP,,,,,,"Bàn Phím Cơ Attack Shark K86 RGB, 3 Modes , Có màn Hình, Núm Vặn, Hotswap 5 pin",,https://www.lazada.vn/products/pdp-i2594860090.html,
Phụ kiện Máy tính,goojodoqstore.vn,300.000 ₫,-37%,189000,-1,5,Chuột không dây GOOJODOQ kết nối Bluetooth chế độ kép DPI1200/1800/2400/3600 chống nhiễu IPS tương thích rộng,,https://www.lazada.vn/products/pdp-i3215407157.html,
quà tặng & Gói quà,chicbus,530.000 ₫,-15%,450500,,,LIXIAOMENG | Đồ Điện Tử Sáng Tạo Thực Tế cho Nam Sử Dụng Văn Phòng,,https://www.lazada.vn/products/pdp-i3219689690.html,
Smartphones,Hoàng Hà Mobile,4.190.000 ₫,-19%,3393900,-28,4.9,Điện thoại di động Xiaomi Redmi 13 6GB/128GB - 8GB/128GB - Chính hãng bảo hành 18 tháng,114 Đã bán,https://www.lazada.vn/products/pdp-i3064853539.html,
Thiết bị đeo thông minh,Xiaomi Official Store,880.000 ₫,-26%,651200,-63,4.9,Đồng hồ thông minh REDMI Watch 5 Active | Màn hình lớn LCD 2” | Giảm tiếng ồn bằng micrô kép và nghe gọi qua Bluetooth® | Thời lượng pin lên đến 18 ngày,228 Đã bán,https://www.lazada.vn/products/pdp-i3080295150.html,
"Thiết bị sưởi, làm lạnh và thông gió",JENNIFEROOM Vietnam,2.980.000 ₫,-43%,1698600,-1,5,"Quạt sạc điện gấp gọn Jenniferoom Foldable fan 5V, 2A, 8W, 8000mAh - Màu be JRL-FF085COM",,https://www.lazada.vn/products/pdp-i3160754008.html,
Phụ kiện Máy tính,LOGITECH Flagship Store,1.590.000 ₫,-31%,1097100,-169,4.8,"Bàn phím game có dây Logitech G213 Prodigy - RGB Lightsync, phím Media chuyên biệt, chống tràn bền bỉ",643 Đã bán,https://www.lazada.vn/products/pdp-i260191301.html,
Phụ kiện Máy tính,Bàn Phím Universe,,,,,,"Kit next time 75 - 3 mode kết nối - kit bàn phím cơ nt75 - NT75 - LED RGB hot swap - Wireless, Type C, Bluetooth 5.0",,https://www.lazada.vn/products/pdp-i2375700069.html,
Phụ kiện Máy tính,THE BABU STORE,1.849.000 ₫,-2%,1812020,,,"Mchose Mix87 | Bàn Phím Phím Từ Tính Chuyên Game 8K Hz, Độ Trễ 0.08ms, Scan Rate 256K, Accuracy 0.001mm, RGB 16.8 Triệu",,https://www.lazada.vn/products/pdp-i3180769134.html,
Phụ kiện Máy tính,Sola Digital Store,1.699.000 ₫,-48%,883480,,,Solakaka Sk961 Bàn Phím Cơ Đèn nền RGB 60% Hot Swappable Bluetooth Không Dây Có Dây 3 Chế Độ hot-Swappable Chuyển Đổi Bàn phím chơi game,,https://www.lazada.vn/products/pdp-i2593966371.html,
Nhà thông minh,AKIA Smarthome,990.000 ₫,-40%,594000,-7,4.9,Ổ cắm điện thông minh tiêu chuẩn EU Aqara Smart Plug SP-EUC01 - Hẹn giờ bật tắt điều khiển từ xa theo dõi trạng thái thiết bị Cần Aqara Hub để sử dụng,29 Đã bán,https://www.lazada.vn/products/pdp-i1342014142.html,
Thiết bị nhà bếp,Moah.kr,,,,,,"Ấm Đun Siêu Tốc by Moah - 1,7L - Màn hình Led cảm ứng - 7 chế độ nhiệt tuỳ chỉnh",,https://www.lazada.vn/products/pdp-i3136675901.html,
Thiết bị đeo thông minh,MI MALL VN,1.190.000 ₫,-45%,654500,-238,5,"Đồng Hồ Thông Minh Xiaomi Redmi Watch 5 ACTIVE /  Watch 5 LITE (Chọn phân loại) – Phiên Bản Quốc Tế, Bảo Hành Chính Hãng 12 Tháng",497 Đã bán,https://www.lazada.vn/products/pdp-i2725254098.html,
Smartphones,HONOR Vietnam,3.990.000 ₫,-25%,2992500,-212,4.9,"Điện thoại Honor X6b (6+6)GB+128GB | Pin 5200mAh, Camera 50MP AI, tần số quét 90Hz| Chống bể vỡ | Bảo hành 18 tháng Hàng Chính Hãng",504 Đã bán,https://www.lazada.vn/products/pdp-i2728102787.html,
Smartphones,HONOR Vietnam,11.390.000 ₫,-22%,8884200,-2,5,Điện Thoại Honor 400 Lite 5G| Camera 108MP | Pin 5230mAh | Bộ nhớ 256GB | Bảo hành 24 Tháng Hàng Chính Hãng,16 Đã bán,https://www.lazada.vn/products/pdp-i3121208664.html,
Thiết bị đeo thông minh,MI MALL VN,1.090.000 ₫,-40%,654000,-326,5,"Đồng Hồ, Vòng Đeo Tay Thông Minh Xiaomi Mi BAND 10, BAND 9, Watch 5 Active / Lite - Phiên Bản Quốc Tế, Bảo Hành Chính Hãng 12 Tháng",797 Đã bán,https://www.lazada.vn/products/pdp-i2725137048.html,
Phụ kiện điện thoại & máy tính bảng,Baseus OfficialMall,1.098.000 ₫,-53%,516060,-1475,4.9,"Sạc dự phòng Baseus Qpow2 10000mAh/20000mAh - Công suất 22,5W PD Sạc nhanh (Kèm cáp Type C và Iphone dài 30cm)",4.4K Đã bán,https://www.lazada.vn/products/pdp-i2478263596.html,
Phụ kiện Máy tính,Logitech G Gaming,1.290.000 ₫,-18%,1057800,,,"Bàn phím game có dây Logitech G213 Prodigy - RGB Lightsync, phím Media chuyên biệt, chống tràn bền bỉ",,https://www.lazada.vn/products/pdp-i2232443190.html,
Phụ kiện Máy tính,LOGITECH Flagship Store,2.990.000 ₫,-23%,2302300,-75,4.9,"Bàn phím game cơ học Logitech G512 - RGB Lightsync, 3 loại GX Switch, vật liệu cải tiến, cổng USB 2.0",249 Đã bán,https://www.lazada.vn/products/pdp-i260188430.html,
Smartphones,HONOR Vietnam,2.790.000 ₫,-22%,2176200,-34,4.6,"Điện thoại Honor X5b 4GB+64GB | Pin 5200mAh 90Hz | Màn hình 6.56"" | BH 18 Tháng Hàng Chính Hãng",98 Đã bán,https://www.lazada.vn/products/pdp-i2967101620.html,
Phụ kiện Máy tính,BOSSGEAR,1.300.000 ₫,-8%,1196000,-2,5,"Bàn Phím Cơ Không Dây Xinmeng X98 Pro, 3 Modes, Mạch Xuôi, Hotswap 5 chân, LED RGB…",5 Đã bán,https://www.lazada.vn/products/pdp-i2412235984.html,
Thiết bị đeo thông minh,HONOR Vietnam,1.299.000 ₫,-54%,597540,-301,5,Đồng hồ đeo tay thông minh Honor Band 9 |Màn hình 1.57” | Pin dài 14 ngày| Kháng nước 5ATM | 96 chế độ thể thao | Bảo hành 12 tháng Hàng chính hãng.,796 Đã bán,https://www.lazada.vn/products/pdp-i2849487494.html,
Nhà thông minh,AKIA Smarthome,1.990.000 ₫,-45%,1094500,-13,4.8,"Bộ giám sát tiêu thụ điện năng thông minh Vconnex - Công tơ điện tử wifi kết nối app, Xem và tính tiền điện - Hàng Chính Hãng BH 2 Năm",39 Đã bán,https://www.lazada.vn/products/pdp-i1499924643.html,
Phụ kiện Máy tính,Logitech Store Online,1.499.000 ₫,-21%,1184210,,,"Bàn phím gaming có dây Logitech G213 Prodigy - RGB, Full size, chống tràn bền bỉ",,https://www.lazada.vn/products/pdp-i3160162095.html,
Phụ kiện điện thoại & máy tính bảng,Vention Digital Store,719.000 ₫,-31%,496110,-148,5,Vention 22.5W 20000mAh sạc dự phòng xách tay Powerbank 10000mAh 20W PD sạc nhanh với màn hình hiển thị kỹ thuật số cho iPhone 16 15 Pro Max Samsung Xiaomi Huawei USB C Ốp tích hợp pin dự phòng,494 Đã bán,https://www.lazada.vn/products/pdp-i3140451487.html,
Thiết bị nhà bếp,CH Khánh Dương,1.186.000 ₫,-33%,794620,-2,5,Nồi lẩu hấp đa năng 3 tầng. Đổi mới 100% trong vòng 30 ngày nếu lỗi kỹ thuật. Bảo hành 1 năm,6 Đã bán,https://www.lazada.vn/products/pdp-i3081397706.html,
Phụ kiện Máy tính,Fuhlen Store Chính Hãng,2.500.000 ₫,-32%,1700000,,,Bàn Phím Cơ Không Dây Fuhlen T87s Pro RGB 3-Mode Hotswap Led RGB 16.8 triệu màu - Bảo Hành 2 Năm,,https://www.lazada.vn/products/pdp-i2690176684.html,
Thiết bị nhà bếp,ZODAN Corporation,150.000 ₫,-37%,94500,-457,4.8,"FREESHIP MAX-Ấm đun siêu tốc, Bình đun nước siêu tốc 2.3L - Bảo Hành 1 Năm - An toàn cho mọi gia đình, ấm đun nước siêu tốc, âm nước siêu tốc thái lan, bình đun nước giữ nhiệt, am sieu toc giá rẻ, bình nấu nước siêu tốc",1.4K Đã bán,https://www.lazada.vn/products/pdp-i2074241627.html,
Điện,Lâm Khải Phong_shop,15.281 ₫,-14%,13141,-4,4.5,Chia Ổ Điện Kiêm Đèn Ngủ Có 2 Usb Sạc Điện Thoại và Phích Cắm Chia Ổ Điện 1 Ra 5 Lỗ,6 Đã bán,https://www.lazada.vn/products/pdp-i3036804707.html,
Điện,Gia Dụng Marrre,105.000 ₫,-41%,61950,-26,4.9,2500W Ổ Cắm Điện Đa Năng 6 Cổng Tích Hợp Sạc USB 2 Cáp USB 3 Và 5M Dây Cáp Dày Chất Có Chốt An Toàn Tiện Dụng OD01,82 Đã bán,https://www.lazada.vn/products/pdp-i2747027575.html,
Điện,Lâm Khải Phong_shop,52.500 ₫,-6%,49350,-2,5,Ổ Điện Xanh Lá Có 3 Usb Sạc Điện Thoại và Chia Ổ Điện Kiêm Đèn Ngủ Có 2 Usb Sạc Điện Thoại,,https://www.lazada.vn/products/pdp-i3140848523.html,
Phụ kiện Máy tính,PHUKIENVTQ22,,,,,,"Bàn phím cơ JEDEL KL-125 dùng cho văn phòng,chơi game có 8 chế độ đèn led. Kết nối có dây bluetooth, usb",,https://www.lazada.vn/products/pdp-i2670789517.html,
Phụ kiện điện thoại & máy tính bảng,Vention flagship store,915.000 ₫,-54%,420900,-352,4.9,"Vention Sạc Dự Phòng 20000mAh 65W PD QC4.0 - Dây Cáp Tích Hợp, Sạc Nhanh Type-C, 3 Cổng, Màn Hình LED, Đầy Đủ Laptop/Điện Thoại",1.1K Đã bán,https://www.lazada.vn/products/pdp-i2847922118.html,
"Thiết bị sưởi, làm lạnh và thông gió",NHẬT PHONG SOLAR,1.900.000 ₫,-40%,1140000,-146,4.9,"[0 đồng vận chuyển]Quạt năng lượng mặt trời, quạt tích điện chạy bằng lăng lượng mặt trời  dạng nằm chân quỳ NHẬT PHONG SOLAR,quạt có 12 Chế Độ gió,hiển thị phân trăm pin,3 cánh bằng kim loại, củ sạc điện 220v, tấm pin năng lượngmặt trời dây dài gần 5m",695 Đã bán,https://www.lazada.vn/products/pdp-i1475911121.html,
"Thiết bị sưởi, làm lạnh và thông gió",NHẬT PHONG SOLAR,1.900.000 ₫,-37%,1197000,-401,4.8,"[0Đồng Vận Chuyển]Quạt năng lượng mặt trời,quạt tích điện năng lượng mặt trời NHẬT PHONG SOLAR  điều khiển từ xa, tích hợp cổng Sạc USB 5V, đèn đuổi muỗi, có phần trăm hiển thị pin, chức năng khóa trẻ em , củ  sạc điện 220V bảo hành 1 năm",1.4K Đã bán,https://www.lazada.vn/products/pdp-i1479093021.html,
Thiết bị studio,Linh Kiện RC - Đồ Công Nghệ,,,,,,"Đèn Led Trợ Sáng Tirek R2, Quay Video Tiktok, Chụp Ảnh, Quay Vlog, Livestream. Đèn LED RGB Sáng Mạnh",,https://www.lazada.vn/products/pdp-i2962400785.html,
"Thiết bị sưởi, làm lạnh và thông gió",Masuto,2.400.000 ₫,-39%,1464000,-9,4.6,"Quạt Điện Ion Âm Thông Minh Masuto MSSmartAir, Điều Khiển giọng nói AI, 12 Cấp Độ, Oxy Bổ Sung, Remote - Chất Liệu Quartz, Không Cứng, Phù Hợp Gia Đình",35 Đã bán,https://www.lazada.vn/products/pdp-i3050516107.html,
Điện,TAO Home Décor,923.000 ₫,-40%,553800,,,Thiết Bị Đo Điện Đa Năng Cầm Tay Không Cần Chuyển Số Thông Minh Mini Chuyên Dụng Cho Kỹ Thuật Viên Điện,210 Đã bán,https://www.lazada.vn/products/pdp-i3223447994.html,
,,,,,,,Bộ Đồ Dùng Học Tập Điện Tử Cho Bé Gái Quà Tặng Sinh Nhật Quà Tặng Học Sinh Bộ Đồ Dùng Văn Phòng Phẩm Điện Tử Đóng Gói Hộp Quà Tặng,,https://www.lazada.vn/products/pdp-i3181879883.html,
Điện,Bull Socket,613.000 ₫,-55%,275850,-43,4.9,Bull | Ổ Cắm Điện Đa Cổng USB Sạc Nhanh có Chứng Nhận 3C,,https://www.lazada.vn/products/pdp-i3193490026.html,
Thiết bị đeo thông minh,MI MALL VN,890.000 ₫,-40%,534000,-236,5,"Vòng Đeo Tay Thông Minh Xiaomi Mi Band 10, Band 9 Pro, Band 9 Active - Phiên Bản Quốc Tế, Bảo Hành 12 Tháng",619 Đã bán,https://www.lazada.vn/products/pdp-i2725070263.html,
Phụ kiện Máy tính,MOGE Mall,4.199.000 ₫,-58%,1763580,-1,5,Solakaka Ki75 81 Phím 3-Chế Độ Bluetooth Không Dây Hot Swappable Lighting RGB Văn Phòng Bàn phím cơ chơi game,,https://www.lazada.vn/products/pdp-i2983095152.html,
Phụ kiện Máy tính,FL-Esports Authentic Store,,,,,,Bàn phím cơ có dây FLEsport CMK87SA Polar Night Black RGB - Hotswap - Led RGB - Kết nối USB - Kailh Box switch - Hàng chính hãng,,https://www.lazada.vn/products/pdp-i1966088403.html,
Phụ kiện Máy tính,Logitech G Gaming,2.990.000 ₫,-25%,2242500,,,"Bàn phím game cơ học Logitech G512 - RGB Lightsync, 3 loại GX Switch, vật liệu cải tiến, cổng USB 2.0",,https://www.lazada.vn/products/pdp-i2210790553.html,
Smartphones,HONOR Vietnam,3.190.000 ₫,-22%,2488200,-24,5,"Điện thoại HONOR X5b Plus 4GB+128GB | Pin 5200mAh 90Hz | Màn hình 6.56"" | BH 18 Tháng Hàng Chính Hãng",70 Đã bán,https://www.lazada.vn/products/pdp-i2967105348.html,
Phụ kiện Máy tính,TungCustom,,,,,,Bàn phím cơ không dây MONKA 3075 version2 - Hỗ trợ Hotswap - Có màn led tùy chỉnh gif - LED RGB mạch xuôi,,https://www.lazada.vn/products/pdp-i2482699831.html,
Phụ kiện Máy tính,RAZER,1.490.000 ₫,-32%,1013200,-13,5,[20H 6/7 - 9.7 Nhập 77LAZSOCIAL80K Voucher giảm 12% đơn từ 250K tối đa 80K]Bàn Phím Gaming Razer Ornata V3 X Có Dây | Full Size | Low-Profile Keycap | Keycap Phủ UV | Silent Membrane | Led Đơn,38 Đã bán,https://www.lazada.vn/products/pdp-i2138963763.html,
Smartphones,Xiaomi Brand Store,6.490.000 ₫,-15%,5516500,-17,4.9,"Điện thoại thông minh POCO M7 Pro 5G (8+256GB) | 6.67"" AMOLED 120Hz FHD+ | Camera 50MP+2MP | MD7025-Ultra | 5110mAh/45W",43 Đã bán,https://www.lazada.vn/products/pdp-i3049095866.html,
Phụ kiện Máy tính,BẢO HÂN TREASURES COMPUTER,,,,,,Bàn phím vi tính Keychron V1M-D1 V1 Max Swappable RGB Backlight - Black - Knob Version - Hàng Chính Hãng,,https://www.lazada.vn/products/pdp-i2924591238.html,
Phụ kiện Máy tính,FL-Esports Authentic Store,,,,,,Bàn phím cơ có dây FLEsport CMK87SA  Ice Mint RGB - Hotswap - Led RGB - Kết nối USB - Kailh Box switch - Hàng chính hãng,,https://www.lazada.vn/products/pdp-i1966017868.html,
Phụ kiện Máy tính,KINDLE STORE,1.800.000 ₫,-23%,1386000,,,"Bàn phím cơ Keychron K8 87 phím Tenkeyless Layout Wireless Bluetooth Mechanical Gaming Keyboard for Mac, Multitasking Type-C Wired Computer Keyboard for Windows PC Mechanical Blue Switch",,https://www.lazada.vn/products/pdp-i3142239161.html,
Thiết bị nhà bếp,PHILIPS Flagship Store,1.900.000 ₫,-26%,1406000,-2635,4.8,Máy Xay Sinh Tố Philips HR2223/00 (Trắng)|700W|-Bộ 3 Cối Xay Nhựa-5 Chế Độ Cài Đặt Sẵn- Nghiền Mịn Đá--Hàng Phân Phối Chính Hãng.,12.1K Đã bán,https://www.lazada.vn/products/pdp-i764172155.html,
Phụ kiện Máy tính,Fuhlen Store Chính Hãng,3.000.000 ₫,-20%,2400000,,,Bàn Phím Cơ Không Dây Fuhlen H95s CSA Panda 3-Mode Gasket Hotswap Mạch Xuôi Led RGB nháy theo nhạc - Bảo hành 2 năm,,https://www.lazada.vn/products/pdp-i2696800672.html,
Phụ kiện Máy tính,Fuhlen Store Chính Hãng,3.400.000 ₫,-30%,2380000,,,Bàn Phím Cơ Không Dây Fuhlen H75s Warrior 3-Mode Gasket Hotswap mạch xuôi LED RGB nháy theo nhạc - Bảo hành 2 năm,,https://www.lazada.vn/products/pdp-i2690359401.html,
Phụ kiện Máy tính,Fuhlen Store Chính Hãng,3.000.000 ₫,-20%,2400000,,,Bàn Phím Cơ Không Dây Fuhlen H95s CSA Panda 3-Mode Gasket Hotswap Mạch Xuôi Led RGB nháy theo nhạc - Bảo hành 2 năm,,https://www.lazada.vn/products/pdp-i2696737647.html,
Thiết bị nhà bếp,PHILIPS Flagship Store,2.170.000 ₫,-12%,1909600,-618,4.9,"Nồi Áp Suất Điện Philips HD2103/66 (5L)-14 Công Thức Nấu Ăn-Lồng Nồi Bền, Chống Dính-Hàng Phân Phối Chính Hãng",2.7K Đã bán,https://www.lazada.vn/products/pdp-i348516358.html,
Phụ kiện Máy tính,Phụ kiện Thanh Loan 79,,,,,,"Bàn Phím Không Dây Remax JP-1 tích hợp khe để điện thoại, máy tính bảng kết nối cùng lúc 02 thiết bị Bluetooth và 01 USB",,https://www.lazada.vn/products/pdp-i1959957751.html,
Nhà thông minh,AKIA Smarthome,2.800.000 ₫,-6%,2632000,-7,5,"Loa thông minh OLLI MAIKA - Trợ lý ảo tiếng Việt Maika, Nội dung tiếng Việt, Tích hợp giải pháp nhà thông minh, Kết nối Wifi, Bluetooth,",13 Đã bán,https://www.lazada.vn/products/pdp-i1913145159.html,
Phụ kiện điện thoại & máy tính bảng,Anker Official Store,2.490.000 ₫,-26%,1842600,-92,5,"sạc dự phòng, Anker Power Bank  25,000mAh Portable Charger with Triple 165W USB-C Ports for Multi-Device Charging, Tích hợp cáp USB-C có thể thu gọn, Built-In and Retractable Cables, for iPhone 17/ 17 Air/ 17 Pro series",257 Đã bán,https://www.lazada.vn/products/pdp-i3134998934.html,
Phụ kiện Máy tính,Razer digital,2.160.000 ₫,-65%,756000,-224,4.9,Razer | Chuột Chơi Game Nâng Cao 3D với Kết Nối Dây và Không Dây,,https://www.lazada.vn/products/pdp-i3204522718.html,
Phụ kiện Máy tính,TungCustom,,,,-1,5,"Kit bàn phím customLMK81 3 mode ,led rgb, Có núm chỉnh âm thanh đã mod full TungPhimCoCustom",,https://www.lazada.vn/products/pdp-i2209082764.html,
Thiết bị đeo thông minh,HONOR Vietnam,1.490.000 ₫,-13%,1296300,-28,4.9,"Đồng hồ thông minh Honor CHOICE Watch 2i| Màn hình  1.85 "" AMOLED, Pin 14 ngày, Nghe gọi Bluetooth",72 Đã bán,https://www.lazada.vn/products/pdp-i3048945292.html,
Thiết bị giặt là & chăm sóc trang phục,PHILIPS Flagship Store,1.699.000 ₫,-12%,1495120,-38,4.6,Bàn Ủi Hơi Nước Cầm Tay Philips STH5030/80 |1400W - Hàng Chính Hãng,147 Đã bán,https://www.lazada.vn/products/pdp-i2798634417.html,
Thiết bị nhà bếp,PHILIPS Flagship Store,980.000 ₫,-2%,960400,-114,4.9,Nồi Cơm Điện Philips Dòng 1000 Series Philips HD3008/30 - Hàng Phân Phối Chính Hãng,323 Đã bán,https://www.lazada.vn/products/pdp-i2720833807.html,
Phụ kiện Máy tính,Fuhlen Store Chính Hãng,3.000.000 ₫,-20%,2400000,,,Bàn Phím Cơ Không Dây Fuhlen H75s Saola 3-Mode Gasket Hotswap mạch xuôi LED RGB nháy theo nhạc - Bảo hành 2 năm,,https://www.lazada.vn/products/pdp-i2696755680.html,
Phụ kiện Máy tính,FL-Esports Authentic Store,2.899.000 ₫,-16%,2435160,,,Bàn phím cơ chơi game có dây FLEsport GP108CP Aqua Green RGB - Hotswap - Led RGB - Kết nối USB - Kailh Box switch - Hàng chính hãng,,https://www.lazada.vn/products/pdp-i2193039648.html,
Smartphones,HONOR Vietnam,5.490.000 ₫,-16%,4611600,-73,4.9,Điện thoại thông minh Honor X7c 16(8+8)GB + 256GB | Pin 6000mAh sạc nhanh 35W | Camera 108MP|Chip Snapdragon 685| Loa kép | Kháng nước IP64 | BH 18 Tháng Hàng chính hãng,195 Đã bán,https://www.lazada.vn/products/pdp-i2836739334.html,
Dụng cụ đo lường,KKmoon,966.600 ₫,-44%,541296,-15,5,"Máy Kiểm Tra Bức Xạ Điện Từ KKmoon, Thiết Bị Cầm Tay Kỹ Thuật Số, Có Màn Hình LCD, Máy Dò Liều Kế Trường Điện, Có Âm Thanh Và Ánh Sáng",75 Đã bán,https://www.lazada.vn/products/pdp-i297710698.html,
Điện,Linh Kiện Điện Tử 3MS Tân Phú,106.700 ₫,-14%,91762,-35,4.8,Đồng Hồ Vạn Năng Điện Tử XL830,111 Đã bán,https://www.lazada.vn/products/pdp-i249180277.html,
Thiết bị đeo thông minh,Shop Khai Quynh,,,,,,Đồng Hồ Học Sinh Điện Tử Để Bàn Thiết Kế Mỏng Đa Năng Tiện Lợi Dễ Sử Dụng,,https://www.lazada.vn/products/pdp-i2152057235.html,
Nhà thông minh,Điện Tử Nhật Minh,600.000 ₫,-18%,492000,-76,4.9,"Công Tắc Cửa Cuốn Wifi, Điều Khiển Cửa Cuốn Thông Minh Có Viền Vàng/Không Viền Tuya Smartlife Bản Mới, Hẹn Giờ Điều Khiển Từ Xa Ra Lệnh Giọng Nói",365 Đã bán,https://www.lazada.vn/products/pdp-i1771488308.html,
Điện,Energizer Store,840.000 ₫,-38%,520800,-10,4.7,"Ổ điện đa năng 5AC kèm 3USB-A và 1USB-C sạc nhanh PD (max 20W) - EPB2501EU - Hàng chính hãng, bảo hành 1 năm",38 Đã bán,https://www.lazada.vn/products/pdp-i2658613154.html,
Phụ kiện điện thoại & máy tính bảng,Anker,2.400.000 ₫,-23%,1848000,-92,5,"Anker Power Bank 25,000mAh Portable Charger with Triple 165W USB-C Ports Multi-Device Charging, Built-In and Retractable Cables, for iPhone 17",260 Đã bán,https://www.lazada.vn/products/pdp-i3054345102.html,
Smartphones,LedgerNanoX,,,,,,"Ledger Nano X ví lạnh chính hãng giúp bảo mật tối đa tài sản số，full box 100%, mới nguyên seal bảo hành chính hãng, giao hàng nhanh chóng",,https://www.lazada.vn/products/pdp-i3147556772.html,
Điện,ZOYI Tools,,,,-1,5,"Đồng hồ đo điện vạn năng kỹ thuật số Zoyi ZT-703S 3 trong 1, băng thông 280ms, tích hợp đo sóng hai kênh 50 mhz",,https://www.lazada.vn/products/pdp-i2846233159.html,
Máy tính bảng,Xiaomi Official Store,3.490.000 ₫,-29%,2477900,-42,4.9,Máy tính bảng REDMI Pad SE 8.7 Wifi (4+64G | 4+128GB | 6+128G ) | LCD 90Hz | MediaTek Helio G85 8 | Pin 6650mAh,149 Đã bán,https://www.lazada.vn/products/pdp-i3014413871.html,
Điện,ABG Official Store,,,,-41,4.7,"Đồng hồ đo điện vạn năng kỹ thuật số Zoyi ZT-703S 3 trong 1, tích hợp đo sóng hai kênh 50 mhz, băng thông 280ms, tốc độ pc, lưu trữ dữ liệu dạng sóng, máy phát tín hiệu dao động kép - Hàng Chính Hãng",138 Đã bán,https://www.lazada.vn/products/pdp-i2613338089.html,
Phụ kiện Máy tính,Phụ Kiện Công Nghệ_85,1.499.190 ₫,-34%,989465,-5,4.8,Bàn phím cơ không dây Xinmeng M87 pro - Hotswap 5 pin - Mạch xuôi - Led RGB với 3 chế độ kết nối,16 Đã bán,https://www.lazada.vn/products/pdp-i2505910020.html,
Phụ kiện Máy tính,XSmart Store,3.350.000 ₫,-35%,2177500,-1,5,Bàn Phím Cơ Không Dây Bluetooth LEOBOG K81BT 3 Mode LED RGB Hotswap 5 Pin Cấu Trúc Gasket Lót Foam,,https://www.lazada.vn/products/pdp-i2678697849.html,
Phụ kiện Máy tính,TungCustom,,,,,,"Bàn phím cơ không dây Aula F99 , RGB, Gasket,Mạch xuôi, 3 Modes, Hotswap 5 pin đã Mod Tungcustom",,https://www.lazada.vn/products/pdp-i2808713673.html,
Phụ kiện Máy tính,WK Store,1.550.000 ₫,-16%,1302000,-1,5,"Bàn Phím Cơ Dareu EK98 Pro | Bluetooth, 2.4G, Cắm Dây | Cherry PBT | Led RGB | Mới BH 24T",6 Đã bán,https://www.lazada.vn/products/pdp-i2654887600.html,
Phụ kiện điện thoại & máy tính bảng,Energizer Store,3.390.000 ₫,-35%,2203500,-1,5,"Sạc dự phòng Energizer 27000mAh XP27000PD - tích hợp 3 cổng output, công suất 140W - Hàng chính hãng, bảo hành  1 năm 1 đổi 1",,https://www.lazada.vn/products/pdp-i2724705234.html,
Smartphones,Xiaomi Official Store,,,,-2,5,"[New & Exclusive] POCO M7 | Pin khủng 7000mAh | Sạc nhanh 33W và sạc ngược 18W | Màn hình 6.9"" FHD+ tuyệt hảo | Snapdragon® 685 mạnh mẽ | Tần số quét AdaptiveSync 144Hz",8 Đã bán,https://www.lazada.vn/products/pdp-i3203849298.html,
Phụ kiện Máy tính,WK Store,2.650.000 ₫,-14%,2279000,,,"Bàn phím cơ gaming Dareu A98 PRO (Bluetooth 5.0 / Wireless 2.4Ghz / Hotswap / DAREU Dream Switch, BH 24T)",,https://www.lazada.vn/products/pdp-i2343082358.html,
Thiết bị nhà bếp,PHILIPS Flagship Store,1.860.000 ₫,-9%,1692600,-24,4.8,Nồi Cơm Điện Tử Philips HD4719/32  1.8L||công nghệ FreshDefense|Làm nóng 3D - Hàng Chính Hãng,144 Đã bán,https://www.lazada.vn/products/pdp-i2984226476.html,
Phụ kiện Máy tính,RAZER,4.990.000 ₫,-38%,3093800,,,"Bàn Phím Gaming Razer DeathStalker V2 Pro Tenkeyless | Có dây-Wireless 2,4 Ghz-Bluetooth | Switch Low-Profile | Led RGB",,https://www.lazada.vn/products/pdp-i2139018818.html,
Phụ kiện Máy tính,GiaPhuc Digital,,,,,,"Bàn phím game cơ học Logitech G512 - RGB Lightsync, 3 loại GX Switch, vật liệu cải tiến, cổng USB 2.0",,https://www.lazada.vn/products/pdp-i2093457346.html,
Phụ kiện Máy tính,Long Hưng TechZone,2.990.000 ₫,-24%,2272400,,,"Bàn phím có dây Logitech G512 Carbon Lightsync RGB - Hàng chính hãng - Tốc độ truyền tải nhanh, vật liệu AL MG bền bỉ, thiết kế vô cùng chắc chắn",,https://www.lazada.vn/products/pdp-i1890780437.html,
Thiết bị đeo thông minh,Xiaomi Official Store,1.170.000 ₫,-9%,1064700,-86,4.8,[New]  Xiaomi Smart Band 10 Glimmer Edition Glimmer Gold & Xiaomi Smart band 10 & Xiaomi Smart Band 10 Ceramic Edition Pearl White,337 Đã bán,https://www.lazada.vn/products/pdp-i3130707924.html,
Phụ kiện Máy tính,E-Dra Authentic Store,,,,,,Bàn phím cơ không dây Bluetooth E-DRA EK396W - Gateron Switch - Keycap PBT Dyesub - Kết nối Bluetooth/ USB Type C,,https://www.lazada.vn/products/pdp-i1948215110.html,
Phụ kiện Máy tính,FL-Esports Authentic Store,2.799.000 ₫,-0.70%,2.799.000 ₫,,,Bàn phím cơ chơi game có dây FLEsport GP87CP White & Green - Hotswap - Led RGB - Kết nối USB - Kailh Box switch - Hàng chính hãng,,https://www.lazada.vn/products/pdp-i2193185090.html,
Thiết bị nhà bếp,PHILIPS Flagship Store,2.799.000 ₫,-11%,2491110,-36,5,Máy Xay Cầm Tay Đa Năng Dòng 5000 Series Cao Cấp Philips HR2685/00 - Hàng Phân Phối Chính Hãng,122 Đã bán,https://www.lazada.vn/products/pdp-i2626565795.html,
Smartphones,HONOR Vietnam,11.490.000 ₫,-25%,8617500,-69,5,"Điện thoại Honor X9c 5G 12GB + 256GB | Pin 6600mAh, Camera 108MP | Bảo hành 18 Tháng| Hàng Chính Hãng",177 Đã bán,https://www.lazada.vn/products/pdp-i2944455536.html,
Smartphones,Xiaomi Official Store,9.490.000 ₫,-25%,7117500,-13,5,"Điện thoại thông minh REDMI Note 14 Pro 5G (8+256G) |  Màn hình bảo vệ mắt 1.5K, 120Hz | Camera AI 200MP | MediaTek Dimensity 7300-Ultra",49 Đã bán,https://www.lazada.vn/products/pdp-i3014322318.html,
Phụ kiện Máy tính,VintageLifestyle_VN,3.990.000 ₫,-18%,3271800,-3,5,"Bàn phím cơ không dây Lofree Flow chính hãng 84 phím, kết nối bluetooth và dây, Kailh switch, LED trắng và RGB",,https://www.lazada.vn/products/pdp-i2393807322.html,
Phụ kiện Máy tính,TungCustom,,,,,,"Kit bàn phím cơ m1w darknight và kit M3w nhôm nguyên khối 3 mode ,Led rgb,Hotswap, mạch xuôi đã mod tại Tungcustom",,https://www.lazada.vn/products/pdp-i2507669752.html,
Smartphones,Hoàng Hà Mobile,6.990.000 ₫,-48%,3634800,-30,5,Điện thoại OSCAL TIGER 12 (8+8GB/128GB) (12GB+12GB/256GB) có hỗ trợ NFC- Chính hãng,63 Đã bán,https://www.lazada.vn/products/pdp-i2614499948.html,
Phụ kiện điện thoại & máy tính bảng,Vention Digital Store,800.000 ₫,-46%,432000,,,"Vention Pin dự phòng 22,5W có cáp USB C sang C nhanh, pin dự phòng di động 10000mAh có màn hình LED cho iPhone16 15 pro Samsung Xiaomi",,https://www.lazada.vn/products/pdp-i3176093011.html,
Phụ kiện điện thoại & máy tính bảng,Essager Direct Store,5.319.440 ₫,-51%,2606525,,,Essager 27000mAh sạc dự phòng 220 Wát siêu-sạc nhanh với USB-C & Multiport USB cho máy tính xách tay máy tính xách tay máy tính bảng điện thoại di động,,https://www.lazada.vn/products/pdp-i2623403589.html,
Nhà thông minh,HUNONIC HÀ NỘI,2.990.000 ₫,-23%,2302300,-43,4.8,"Loa thông minh Olli Maika - Trợ Lý Ảo Tiếng Việt, Điều Khiển Nhà Thông Minh, Nghe Nhạc, Giải Trí",140 Đã bán,https://www.lazada.vn/products/pdp-i1524393311.html,
Thiết bị đeo thông minh,HUAWEI,1.070.000 ₫,-19%,866700,-413,5,Vòng Đeo Tay Thông Minh HUAWEI Band 10 | Khung Hợp Kim Nhôm Tinh Tế | Phân Tích Giấc Ngủ Chuyên Nghiệp | Trợ Lý Sức Khỏe Cảm Xúc,1.4K Đã bán,https://www.lazada.vn/products/pdp-i3014421301.html,
Smartphones,HONOR Vietnam,12.990.000 ₫,-11%,11561100,-11,5,Điện thoại cao cấp Honor 200 5G 12GB + 256/512GB | Bộ 3 AI Camera 50MP | Pin 5200mAh sạc nhanh 100W | Chip Snapdragon 7 Gen 3 | Bảo hành 18 Tháng Hàng Chính Hãng,119 Đã bán,https://www.lazada.vn/products/pdp-i2763814045.html,
Phụ kiện Máy tính,WK Store,1.820.000 ₫,-22%,1419600,,,"Bàn Phím Cơ AULA F75 3 Mode | USB 2.4G, Bluetooth, Type C (BH 24T)",,https://www.lazada.vn/products/pdp-i2826583965.html,
Phụ kiện Máy tính,FL-Esports Authentic Store,,,,,,Bàn phím cơ chơi game có dây FLEsport CMK98SA Graphite Green RGB - Hotswap - Led RGB - Kết nối USB - Kailh Box switch - Hàng chính hãng,,https://www.lazada.vn/products/pdp-i1966535395.html,
Thiết bị đeo thông minh,SAMSUNG Flagship Store,11.990.000 ₫,-17%,9951700,-3,5,"[SALE BRAND DAY - TỪ 20H 30.10] Đồng hồ thông minh Samsung Galaxy Watch8, Galaxy AI, Đồng hồ mỏng nhất, Theo dõi sức khỏe toàn diện, 40mm & 44mm",23 Đã bán,https://www.lazada.vn/products/pdp-i3141477312.html,
Đồ gia dụng chăm sóc cá nhân,Dyson,9.990.000 ₫,-20%,7992000,-114,4.9,Máy Sấy Tóc Dyson Supersonic HD08 Lite (Đen/Xám),677 Đã bán,https://www.lazada.vn/products/pdp-i2578485319.html,
Phụ kiện Máy tính,Phong Cách Xanh Certified Store,,,,-4,5,[Trả góp 0%] Bàn phím cơ Bluetooth Filco Minila-R Convertible Matte Black - Hàng Chính Hãng,11 Đã bán,https://www.lazada.vn/products/pdp-i747466341.html,
Điện,Landnn,,,,-22,4.6,Máy đo dòng điện điện áp công suất 100A DC (WATT METTER),66 Đã bán,https://www.lazada.vn/products/pdp-i2796233477.html,
Điện,newstyle vn,76.700 ₫,-7%,71331,-263,4.8,"[Giao hàng 12 giờ⚡️] Ổ cắm điện thông minh 5 phích cắm, 2 cổng sạc USB, 9 ổ cắm đa năng dây dài 1,8 mét điện đa năng có công tắc, điện thông minh, phích cắm điện chống giật, phích cắm đa năng",851 Đã bán,https://www.lazada.vn/products/pdp-i2609038736.html,
Điện,Landnn,,,,-4,5,003 Thiết Bị Đo Dòng Điện Mini USB Có Màn Hình Kỹ Thuật Số,11 Đã bán,https://www.lazada.vn/products/pdp-i2471508289.html,
Điện,Moscow Six,149.000 ₫,-47%,78970,,,[Nóng] Đồng hồ vạn năng kỹ thuật số Đồng hồ đo điện áp kháng Máy dò dòng điện áp LCD Đồng hồ đo ba cực đo điện áp vôn ôm kế,,https://www.lazada.vn/products/pdp-i2873808448.html,
Phụ kiện điện thoại & máy tính bảng,NAICHONG MALL,44.000 ₫,-39%,26840,,,NAICHONG 4USB sạc nhanh với đèn LED thích hợp cho điện thoại di động điện thoại và máy tính bảng,,https://www.lazada.vn/products/pdp-i3130649959.html,
Dụng cụ đo lường,Linh Kiện 024,489.000 ₫,-12%,430320,-12,5,"Đồng hồ kẹp dòng tự động ZOYI ZT-QB1, ZOYI ZT-QB4, ampe kìm đo điện tử đa năng, độ chính xác cao",38 Đã bán,https://www.lazada.vn/products/pdp-i1673061355.html,
Smartphones,HONOR Vietnam,49.990.000 ₫,-2%,48990200,,,Điện Thoại Thông Minh Cao Cấp Honor Magic V5 5G 16GB+512GB | Màn hình 7.95 inch| Camera 50MP | Bảo Hành 24 Tháng Hàng Chính Hãng,,https://www.lazada.vn/products/pdp-i3200717822.html,
Điện,KKmoon,1.418.400 ₫,-46%,765936,,,KKmoon ANENG Đồng Hồ Kẹp ST212 Đồng Hồ Vạn Năng Kẹp Kỹ Thuật Số Thông Minh Vôn Kế AC & DC Thông Minh Đếm 6000 Ampe Kế 400A Máy Kiểm Tra Loại Kẹp Phạm Vi Tự Động Hiển Thị Màu VA Máy Đo Điện Áp Không Tiếp Xúc Điện Trở Đi-ốt Nhiệt Độ Tần Số Điện Dung,,https://www.lazada.vn/products/pdp-i1699821967.html,
Phụ kiện Máy tính,Mai Dung Văn Phòng Phẩm,480.000 ₫,-40%,288000,-4,4.3,Bàn phím không dây K-SNAKE K100 kết nối không dây 3 chế độ Bluetooth và USB 2.4G thiết kế 100 phím phối màu hiện đại vớ,8 Đã bán,https://www.lazada.vn/products/pdp-i2747755303.html,
Điện,Shop Nhà Thông Minh_TT,,,,,,Công Tơ Điện Tử Thông Minh HUNONIC ENTEC,,https://www.lazada.vn/products/pdp-i3058594807.html,
Điện,Tuyếtmai,46.900 ₫,-4%,45024,,,Ổ Điện Thông Minh Chữ T Kèm Đèn Ngủ Và Sạc USB,,https://www.lazada.vn/products/pdp-i2281765917.html,
Điện,Minh Khôi Electric,300.000 ₫,-32%,204000,-5,5,"Đồng hồ vạn năng Noble NB4000P,đồng hồ đa năng NOBLE 4000P,đồng hồ đo điện vạn năng,đồng hồ điện tử vạn năng Noble NP4000, đồng hồ đa năng điện tử",7 Đã bán,https://www.lazada.vn/products/pdp-i2409821481.html,
Smartphones,Xiaomi Official Store,9.990.000 ₫,-20%,7992000,-78,4.8,"Điện thoại thông minh POCO X7 Pro 5G (8+256GB | 12+256G) | Màn hình 6.67"" 120Hz AMOLED | D8400-Ultra | Camera 50MP OIS | Pin 6000mAh",235 Đã bán,https://www.lazada.vn/products/pdp-i3014290083.html,
"Thiết bị sưởi, làm lạnh và thông gió",Dyson,11.990.000 ₫,-38%,7433800,-115,4.9,Quạt không cánh Dyson Cool AM07 (Trắng/Bạc),480 Đã bán,https://www.lazada.vn/products/pdp-i2530313983.html,
Phụ kiện Máy tính,vintagelifestyle,3.590.000 ₫,-3%,3482300,-2,5,"Bàn phím cơ 3 kiểu kết nối không dây bluetooth,2.4G, có dây Lofree Block 98 chính hãng, hotswap, có đèn LED",9 Đã bán,https://www.lazada.vn/products/pdp-i2335609627.html,
Smartphones,HONOR Vietnam,4.990.000 ₫,-10%,4491000,-3,5,Điện Thoại Di Động Honor X6c 6GB + 128GB/256GB | Pin 5300mAh | Camera 50MP| NFC | Kháng nước IP64 | BH 18 Tháng,13 Đã bán,https://www.lazada.vn/products/pdp-i3148005522.html,
Máy tính bảng,HONOR Vietnam,4.990.000 ₫,-16%,4191600,-75,5,"Máy tính bảng Honor Pad X8a 4GB+128GB | Màn hình TFT LCD 11"" 90Hz | Pin 8300mAh | BH 18 tháng Hàng Chính Hãng",184 Đã bán,https://www.lazada.vn/products/pdp-i2899742958.html,
Điện,CH thiết bị đo điện Gex.vn,,,,-1,5,Công tơ điện tử 3 pha 3  biểu giá trực tiếp 100A điện lực Emic,,https://www.lazada.vn/products/pdp-i2616701141.html,
Phụ kiện điện thoại & máy tính bảng,UGREEN,2.423.000 ₫,-44%,1356880,-267,4.9,Bộ pin sạc dự phòng 25000mAh/20000mAh 145W/100W UGREEN | Cổng sạc nhanh USB-C | 3 cổng | Màn hình kỹ thuật số | Bảo hành 18 tháng 1 đổi 1 | 90597A 25188,934 Đã bán,https://www.lazada.vn/products/pdp-i2199416095.html,
Thiết bị nhà bếp,Tefal Flagship Store,5.290.000 ₫,-46%,2856600,-1344,4.8,Máy xay sinh tố và làm sữa hạt đa năng Tefal BL967B66 - 1300W,154 Đã bán,https://www.lazada.vn/products/pdp-i2739921606.html,
Thiết bị đeo thông minh,SAMSUNG Flagship Store,,,,-7,5,"[SIÊU SALE HỘI THÀNH VIÊN 26-28.8] Đồng hồ thông minh Samsung Galaxy Watch Ultra, Galaxy AI, thiết kế từ Titan, 47mm, LTE",89 Đã bán,https://www.lazada.vn/products/pdp-i2688814736.html,
Điện,NingXiangShiXiaoQiangDongBaiHuoDian,174.096 ₫,-50%,87048,,,Đồng hồ vạn năng Thông Minh Kỹ Thuật Số Chống cháy VC921 hiển thị độ chính xác cao đa năng bỏ túi,51 Đã bán,https://www.lazada.vn/products/pdp-i2783730505.html,
Thiết bị đeo thông minh,myFirst Kids,4.080.000 ₫,-30%,2856000,-22,4.8,"Đồng hồ thông minh trẻ em Đo nhịp tim, Định vị GPS, Gọi thoại Video 4G - myFirst Fone S3",97 Đã bán,https://www.lazada.vn/products/pdp-i3063127350.html,
Thiết bị đeo thông minh,myFirst Kids,2.590.000 ₫,-24%,1968400,-16,5,"Đồng hồ thông minh trẻ em R1c | Nghe gọi video 4G, Định vị GPS | Hàng Cao cấp Chống nước | myFirst Fone R1c nhập khẩu Singapore",80 Đã bán,https://www.lazada.vn/products/pdp-i3063032559.html,
Smartphones,HONOR Vietnam,17.990.000 ₫,-12%,15831200,-2,5,Điện Thoại Honor 400 5G 12GB + Bộ Nhớ 512GB | AI Camera 200MP | Pin 6000mAh - Sạc Nhanh 80W | Snapdragon 7 Gen 3 | BH 24 Tháng Hàng Chính Hãng,17 Đã bán,https://www.lazada.vn/products/pdp-i3121244311.html,
Thiết bị đeo thông minh,HUAWEI,5.881.000 ₫,-32%,3999080,-482,5,Đồng Hồ Thông Minh | HUAWEI WATCH FIT 4 Series | Mỏng Nhẹ | Thể Thao & Sức Khỏe | Lên Đến 10 Ngày Sử Dụng| ECG,1.4K Đã bán,https://www.lazada.vn/products/pdp-i3085896052.html,
Smartphones,SAMSUNG Flagship Store,,,,-29,5,"[SALE BRAND DAY - TỪ 20H 30.10] Điện thoại Samsung Galaxy S25, Điện thoại AI, Tìm kiếm thông minh, Video camera đêm Nightography, Chip Snapdragon",187 Đã bán,https://www.lazada.vn/products/pdp-i2977989664.html,
Thiết bị đeo thông minh,myFirst Kids,3.890.000 ₫,-14%,3345400,-2,5,Đồng hồ thông minh myFirst Fone R1s Gọi Video 4G|Đo Nhịp Tim | Định Vị GPS |Chống nước,5 Đã bán,https://www.lazada.vn/products/pdp-i3063115160.html,
Phụ kiện Máy tính,vintagelifestyle,6.990.000 ₫,-11%,6221100,,,"Bàn phím cơ không dây bluetooth, 2.4G Mojo 68 Plastic hồng ngọt ngào MelGeek chính hãng LED RGB có thể hotswap",,https://www.lazada.vn/products/pdp-i2242784694.html,
Thiết bị tiện ích USB,GlobalWonderShop,218.000 ₫,-57%,93740,-297,4.9,"Quạt Điện Cầm Tay Mini Không Chổi Than, Sạc USB, Công Suất Gió Mạnh, Kiểu Dáng Máy Bay Nhỏ Gọn, Dùng Để Làm Mát Cá Nhân",1.5K Đã bán,https://www.lazada.vn/products/pdp-i3155183152.html,
Thiết bị đeo thông minh,SAMSUNG Flagship Store,,,,-2,3,"[SALE BRAND DAY - TỪ 20H 30.10] Đồng hồ thông minh Samsung Galaxy Watch Ultra (2025), Galaxy AI, Thiết kế từ Titan, 47mm",37 Đã bán,https://www.lazada.vn/products/pdp-i3141492243.html,
Smartphones,Xiaomi Brand Store,9.990.000 ₫,-18%,8191800,-57,4.9,"Điện thoại thông minh POCO X7 Pro 5G (8+256GB) | Màn hình 6.67"" 120Hz AMOLED | D8400-Ultra | Camera 50MP OIS | Pin 6000mAh",168 Đã bán,https://www.lazada.vn/products/pdp-i2938567756.html,
Smartphones,SAMSUNG Flagship Store,,,,-17,5,"[SALE BRAND DAY - TỪ 20H 30.10] Điện thoại Samsung Galaxy S25+, Điện thoại AI, Tìm kiếm thông minh, Video camera đêm Nightography, Chip Snapdragon",104 Đã bán,https://www.lazada.vn/products/pdp-i2977981604.html,
Điện thoại bàn,Refly,970.000 ₫,-23%,746900,-2,5,SOYES XS24 Pro Mini Android9.0 Điện thoại thông minh 3.0 inch RAM 2GB RAM 16GB ROM Nhận dạng khuôn mặt Dual SIM Mạng 3G Hỗ trợ Bluetooth WIFI Type-C Điện thoại nhỏ,8 Đã bán,https://www.lazada.vn/products/pdp-i2837863192.html,
Điện thoại bàn,Refly,880.000 ₫,-0.10%,880.000 ₫,-3,5,Điện thoại thông minh SOYES XS17 PRO 3G Dual SIM RAM 2GB ROM 16GB 5MP Camera sau Quad Core 3.0 ''NFC WIFI Bluetooth GPS Android 9.0 Điện thoại di động,,https://www.lazada.vn/products/pdp-i2489797879.html,
Thiết bị đeo thông minh,SAMSUNG Flagship Store,,,,-22,5,"[SALE BRAND DAY - TỪ 20H 30.10] Đồng hồ thông minh Samsung Galaxy Watch7, Galaxy AI, 44mm",125 Đã bán,https://www.lazada.vn/products/pdp-i2688788890.html,
Điện thoại bàn,Refly,920.000 ₫,-0.10%,920.000 ₫,-3,5,SOYES XS15 Điện Thoại Thông Minh Mini Màn Hình 3.0 Inch RAM 2GB ROM 16GB Hỗ Trợ Bluetooth WIFI Điện Thoại Di Động Android 8.1,9 Đã bán,https://www.lazada.vn/products/pdp-i2415253264.html,
Phụ kiện Máy tính,vintagelifestyle,5.590.000 ₫,-16%,4695600,-2,5,Bàn phím cơ không dây bluetooth phiên bản 1% trong suốt transparent chống nước có đèn LED Lofree chính hãng,5 Đã bán,https://www.lazada.vn/products/pdp-i2056797119.html,
Thiết bị đeo thông minh,HUAWEI,5.990.000 ₫,-8%,5510800,-130,5,[Quà Tai Nghe FreeBuds SE2] Đồng Hồ Thông Minh HUAWEI WATCH GT6 Series | Tập Luyện Nâng Cao | Theo Dõi Sức Khỏe,485 Đã bán,https://www.lazada.vn/products/pdp-i3194163243.html,
Thiết bị đeo thông minh,HUAWEI,9.808.000 ₫,-10%,8827200,-6,5,Đồng Hồ Thông Minh | HUAWEI WATCH 5 | Công Nghệ Đa Cảm Biến X-TAP | Đo  SpO2 Từ Đầu Ngón Tay | Gọi Thoại eSIM,32 Đã bán,https://www.lazada.vn/products/pdp-i3115283757.html,
Dụng cụ nhà bếp,Cân Điện Tử Minh Vân,1.300.000 ₫,-31%,897000,-7,5,"Đầu cân điện tử - Loại Tính tiền K012 , Chống nước TCS 619, 501E - HMV",32 Đã bán,https://www.lazada.vn/products/pdp-i1857454210.html,
Phụ kiện,audio.net,599.000 ₫,-35%,389350,-2,5,Cáp Sạc Cuktech Hít Từ Tính 6A Màn Led 240w CMC615P - Bảo Hành 18 Tháng,11 Đã bán,https://www.lazada.vn/products/pdp-i3147097279.html,
Điện,Linh Kiện 024,179.000 ₫,-22%,139620,-16,4.8,Đồng hồ đo điện tử vạn năng BEST 9205M có sẵn pin 9V,46 Đã bán,https://www.lazada.vn/products/pdp-i1241671854.html,
Điện,METAKING.VN,520.000 ₫,-16%,436800,,,"Công Tơ Điện Tử Thông Minh Wifi [ TUYA ], Chóng Rò Rỉ Điện, Đồng Hồ Đo Điện 63A, Điều Khiển Từ Xa",,https://www.lazada.vn/products/pdp-i2924917940.html,
Điện,Sakura_Shop,240.000 ₫,-55%,108000,-1,5,"Ổ Điện Đa Năng Chịu Tải A02, Phích Cắm Điện Thông Minh Có Cổng Sạc USB,  Ổ Cắm Điện Chịu Tải An Toàn, Chống Giật, Chống Cháy Nổ, Tiết Kiệm Điện Năng",,https://www.lazada.vn/products/pdp-i1933744144.html,
Điện,Thiết bị đo 365,480.000 ₫,-18%,393600,,,Đồng hồ đo điện tử Wellink HL-3000 loại bỏ túi,,https://www.lazada.vn/products/pdp-i304606559.html,
Điện,ANENG  Store,221.889 ₫,-35%,144227,-13,4.7,ANENG Đồng Hồ Vạn Năng Kỹ Thuật Số SZ301 Ampe Kế Điện Ohm Điện Trở Dòng Điện AC/DC Máy Kiểm Tra Tự Động Máy Đo Điện Dung Kiểm Tra Khác,27 Đã bán,https://www.lazada.vn/products/pdp-i2011661879.html,
Phụ kiện điện thoại & máy tính bảng,aYoJSJK7,746.000 ₫,-57%,320780,,,"[GOOJODOQ* Quà tặng* Sạc Dự Phòng Mini Ngẫu nhiên GOOJODOQ 4000MAh.Pin Hiệu Suất Cao, Cầm Tay Và Kích Thước Bỏ Túi Dự Phòng",,https://www.lazada.vn/products/pdp-i3206548548.html,
Phụ kiện Máy tính,BASEUS SAIGON STORE,51.000.000 ₫,-17%,42330000,,,Trạm sạc dự phòng Choetech BS006 di động 2000w dung lượng 605000mAh (hàng chính hãng),,https://www.lazada.vn/products/pdp-i2634288116.html,
Thiết bị nhà bếp,Zojirushi Official Store,,,,,,"Bình Thuỷ Điện Zojirushi CD-JUQ30- Chức Năng Bơm Điện Tử, Giữ Nhiệt Tự Động, Khử Clo Trong Nước, Dung Tích 3L",,https://www.lazada.vn/products/pdp-i3111424014.html,
Phụ kiện Máy tính,Fuhlen Store Chính Hãng,3.000.000 ₫,-20%,2400000,,,Bàn Phím Cơ Không Dây Fuhlen H95s Warrior 3-Mode Gasket Hotswap Mạch Xuôi Led RGB nháy theo nhạc - Bảo hành 2 năm,,https://www.lazada.vn/products/pdp-i2690184710.html,
Phụ kiện Máy tính,WK Store,1.399.000 ₫,-18%,1147180,-5,5,"Bàn phím cơ Dareu EK75 PRO - BLACK GOLDEN Dream Switch RGB (3 Modes, Hotswap, Gasket)- BH 24T",11 Đã bán,https://www.lazada.vn/products/pdp-i2403074341.html,
Phụ kiện Máy tính,Fuhlen Store Chính Hãng,3.000.000 ₫,-20%,2400000,,,Bàn Phím Cơ Không Dây Fuhlen H75s Panda 3-Mode Gasket Hotswap mạch xuôi LED RGB nháy theo nhạc - Bảo hành 2 năm,,https://www.lazada.vn/products/pdp-i2690174702.html,
Điện,OKADY MALL,45.000 ₫,-20%,36000,-38,4.8,"Đa dây Ổ cắm điện với cổng USB cho gia đình, khách sạn, sử dụng tại văn phòng",307 Đã bán,https://www.lazada.vn/products/pdp-i3072876252.html,
Điện,ESTONG Home,180.000 ₫,-31%,124200,-43,4.9,Kỹ Thuật Số Đồng Hồ Đo Dòng Điện Điện Áp Vôn Kế Bảng Ampe Kế Máy Đo Tần Số Màn Hình LED AC50-500V 1-140A Cài Đặt Nhúng,655 Đã bán,https://www.lazada.vn/products/pdp-i2214365058.html,
Điện,Awesome home,90.000 ₫,-29%,63900,-40,4.9,Ổ Cắm Điện Thông Minh Đa Năng Có 2 Cổng Sạc usb Chất Lượng Cao,139 Đã bán,https://www.lazada.vn/products/pdp-i2951352451.html,
Smartphones,Hoàng Hà Mobile,7.990.000 ₫,-6%,7510600,-13,5,Điện thoại di động Xiaomi Redmi Note 14 6GB/128GB - Chính hãng,67 Đã bán,https://www.lazada.vn/products/pdp-i2977593571.html,
Điện,Global Merch Park,91.000 ₫,-54%,41860,-682,4.9,ANENG B15 Bút Thử Cảm Ứng Chuyên Nghiệp Phát Hiện Điện Áp AC Thợ Điện Tua Vít Có Màu Sắc Nổi Bật Ánh Sáng Và Âm Thanh Báo Động,2.1K Đã bán,https://www.lazada.vn/products/pdp-i2776566763.html,
Điện,MichanK,219.600 ₫,-57%,94428,-2,3,Đồng Hồ Vạn Năng DT9205A Đồng Hồ Vạn Năng Thông Minh Màn Hình Kỹ Thuật Số Độ Chính Xác Cao Dụng Cụ Kiểm Tra Bảo Trì Thợ Điện,10 Đã bán,https://www.lazada.vn/products/pdp-i2721739294.html,
Phụ kiện Máy tính,Long Hưng TechZone,5.699.000 ₫,-23%,4388230,,,"Bàn phím không dây Bluetooth Logitech G913 TKL Lightspeed - Hàng chính hãng - LED 16 triệu màu, độ dài dây đến 1.8m, cảm giác bấm cực tốt",,https://www.lazada.vn/products/pdp-i1890959049.html,
Phụ kiện Máy tính,KING SMART STORE,200.000 ₫,-59%,82000,,,G304 không dây Lightspeed Chuột chơi game đen/trắng,,https://www.lazada.vn/products/pdp-i3213841115.html,
Điện,juan juan store,372.485 ₫,-43%,212316,-31,5,Loại-C KWS-2303C đa chức năng màn hình hiển thị kỹ thuật số vôn kế điện một chiều 4-30 Vôn kế 12A Ampe kế sạc thiết bị kiểm tra dung lượng,136 Đã bán,https://www.lazada.vn/products/pdp-i2761545104.html,
Điện,Global Merch Park,273.000 ₫,-23%,210210,-4,5,4 Chữ Số Kỹ Thuật Số Khuếch Đa Năng Điện Có Còi 3 Trong 1 Điện Áp Dòng Điện Công Cụ Đo Lường,14 Đã bán,https://www.lazada.vn/products/pdp-i2720960642.html,
Điện,Global Merch Park,212.000 ₫,-23%,163240,-90,4.7,ANENG SZ06 Vạn Năng Kỹ Thuật Số 600V AC/DC Điện Áp Chống Máy Ohm Kiểm Tra Đồng Hồ Có Đèn Nền LCD Cho Thợ Điện,176 Đã bán,https://www.lazada.vn/products/pdp-i2562838446.html,
Điện,APNEU,273.000 ₫,-41%,161070,-108,4.8,"Đồng Hồ Đo Năng Lượng Dòng Điện Điện Áp LCD Kỹ Thuật Số, AC80-260V 100A 20A Chỉ Số Vôn Kế Ampe Kế Wattmeter Tester Detector TX-061",315 Đã bán,https://www.lazada.vn/products/pdp-i1042792469.html,
Nhà thông minh,Global Merch Park,242.000 ₫,-50%,121000,-361,4.9,Tuya WIFI Ổ Cắm Thông Minh EU 16A/20A Có Giám Sát Nguồn Điện Điều Khiển Giọng Nói Hỗ Trợ Cho Nhà Thông Minh Alexa Zigbee3.0 Tương Thích Không Nối Đất Phích Cắm Điện,4.0K Đã bán,https://www.lazada.vn/products/pdp-i2752079139.html,
Điện,pcbfun tool store,240.000 ₫,-35%,156000,-16,4.9,Đồng Hồ Đo Đa Năng AC80-300V 0-20A Điện Áp Dòng Điện Năng Lượng Điện 110V 220V Vôn Kế Màn Hình Kỹ Thuật Số LCD,39 Đã bán,https://www.lazada.vn/products/pdp-i2134439730.html,
Điện,Taiye Electric,354.000 ₫,-2%,346920,,,Ba pha bốn dây Din Rail Đồng hồ đo năng lượng 380V LCD điện tử Watt Power Meter wattmeter kWh 100A AC LCD 7p 50Hz 3p4w dts017,,https://www.lazada.vn/products/pdp-i2652015025.html,
Điện,Taiye Electric,334.000 ₫,-25%,250500,,,Ampe Kế Điện Áp Xoay Chiều Màn Hình Kỹ Thuật Số Din Rail D52-2058 Đồng Hồ Đo Tần Số Đồng Hồ Đo Điện,,https://www.lazada.vn/products/pdp-i2178374943.html,
Điện,Taiye Electric,306.000 ₫,-9%,278460,-2,5,D52-2048 đa chức năng Din Rail Màn hình hiển thị kỹ thuật số AC dòng điện áp hệ số công suất mét,,https://www.lazada.vn/products/pdp-i2257214275.html,
Điện,Global Merch Park,303.000 ₫,-23%,233310,-380,4.9,ANENG M118A Mini Kỹ Thuật Số Đồng Hồ Vạn Năng Máy Kiểm Tra Không Tiếp Xúc Cảm Ứng AC/DC Điện Áp Dòng Điện Điện Dung True RMS Phạm Vi Tự Động Multimetro,1.1K Đã bán,https://www.lazada.vn/products/pdp-i2562806784.html,
Điện,hrVFASbhr,489.858 ₫,-15%,416379,,,{UU61} Agoal 8x8x8 LED Cube 3D Light Square Blue LED Electronic DIY Kit Tempered ability 2 colors red and blue in stock,,https://www.lazada.vn/products/pdp-i3105346196.html,
Điện,Taiye Electric,210.000 ₫,-10%,189000,,,Đồng hồ đo dòng điện một pha Ac Voltage Band CT Màn hình kỹ thuật số LED 220V 380V Theo dõi Loại điện tử chính xác cao,,https://www.lazada.vn/products/pdp-i2233654249.html,
Thiết bị nhà bếp,Zojirushi Official Store,,,,,,"Bình Thuỷ Điện Zojirushi CD-LCQ50 - Chế Độ Giữ Nhiệt Thông Minh, Bơm Điện Tử Tiện Lợi, Khử Clo Và Tiết Kiệm Điện, Dung Tích 5L",,https://www.lazada.vn/products/pdp-i3107597799.html,
Điện,Taiye Electric,321.000 ₫,-9%,292110,-10,5,D69-2058 6in1 vôn kế hiện tại Ampe kế Hệ số công suất điện năng lượng máy đo tần số Bảng điều khiển kỹ thuật số wattmeter LCD Volt Amp,65 Đã bán,https://www.lazada.vn/products/pdp-i2273270006.html,
Điện,Global Merch Park,1.110.000 ₫,-39%,677100,-114,5,ANENG 683 Đồng Hồ Vạn Năng Màn Hình Cảm Ứng Thông Minh 6000 Đếm Ampe Kế Kỹ Thuật Số Có Thể Sạc Lại AC/DC Máy Đo Dòng Điện NCV Diode Dành Cho Thợ Điện,184 Đã bán,https://www.lazada.vn/products/pdp-i2562654978.html,
Điện,GlobalWonderShop,235.000 ₫,-42%,136300,-5,5,Ổ Cắm Thông Minh Đường Dài Đa Chức Năng Có Cổng USB Công Suất Cao Sử Dụng Tại Nhà Cáp Cắm Ổ Cắm Điện Đa Lỗ Cổng Việt Nam,80 Đã bán,https://www.lazada.vn/products/pdp-i2953180662.html,
Điện,UNI-T Official Store,,,,,,Đồng Hồ Vạn Năng Kỹ Thuật Số UNI-T Đồng Hồ Đo Dòng Điện Điện Áp AC DC UT139C Máy Kiểm Tra Tần Số Nhiệt Độ RMS Thực Sự Cầm Tay Điện NCV,,https://www.lazada.vn/products/pdp-i2034496431.html,
Điện,Taiye Electric,502.000 ₫,-18%,411640,,,TUYA Máy Đo Thông Minh 1 Pha WIFI 2P 63A Din Rail Máy Đo Năng Lượng Điện Xoay Chiều 220V Máy Đo Dòng Điện Điện Áp KWH Đèn Nền,5 Đã bán,https://www.lazada.vn/products/pdp-i2034892604.html,
Điện,Taiye Electric,302.000 ₫,-26%,223480,-5,5,AC Điện Áp Kế Ampe Kế Power Meter Hệ Số Công Suất Tester Kỹ Thuật Số Hiển Thị Đồng Hồ Năng Lượng Wattmeter Thiết Lập Lại DL69-2047,,https://www.lazada.vn/products/pdp-i2032222836.html,
Điện thoại cơ bản,dienthoaigiatot99,,,,-14,4.9,Điện thoại 4 sim có đổi giọng nói Hope K28 pin khủng giá rẻ,43 Đã bán,https://www.lazada.vn/products/pdp-i1969637799.html,
Phụ kiện điện thoại & máy tính bảng,NOBAHSI,88.000 ₫,-21%,69520,-131,4.8,"[SẠC MỌI DÒNG ĐIỆN THOẠI] PIN DỰ PHÒNG 20000MAH CAO CẤP - SẠC DỰ PHÒNG MINI 4IN1 THIẾT KẾ HIỆN ĐẠI SANG TRỌNG - PIN SẠC DỰ PHÒNG TÍCH HỢP 2 ĐÈN LED , HIỂN THỊ PHẦN TRĂM PIN",389 Đã bán,https://www.lazada.vn/products/pdp-i3047690496.html,
Điện thoại cơ bản,LeNgan _Store,,,,-31,5,"[ RẺ VÔ ĐỊCH ] điện thoại Y56 5G 2sim ram 8G/256G Cấu hình siêu khủng, Cày game nặng mượt mà, Camera siêu nétncc",31 Đã bán,https://www.lazada.vn/products/pdp-i3213734246.html,
Smartphones,MYSON MOBILE,,,,-60,4.8,"[ RẺ VÔ ĐỊCH ] điện thoại 4G Samsung Galaxy Note 9 ram 6G/128G Chính Hãng,  Chiến Game mượt, Chụp ảnh siêu đẹp - BBMB",83 Đã bán,https://www.lazada.vn/products/pdp-i2880862317.html,
Phụ kiện điện thoại & máy tính bảng,STAR FRUIT MALL,92.000 ₫,-47%,48760,-31,4.5,Mini Pin sạc dự phòng với bốn được xây dựng trong cáp 20000mAh dung tích lớn đồ sạc di động,25 Đã bán,https://www.lazada.vn/products/pdp-i3157797310.html,
Phụ kiện điện thoại & máy tính bảng,Inno Tech,225.000 ₫,-60%,90000,-186,4.8,"Sạc Dự Phòng 10000mah Sạc Trực Tiếp Dây 15w, Kích Cỡ Viên Pin, Sạc 2 Điện Thoại Cùng Lúc, Thanh Đỡ Điện Thoại Xem Phim",620 Đã bán,https://www.lazada.vn/products/pdp-i2538264043.html,
Điện thoại bàn,MYSON MOBILE,409.000 ₫,-27%,298570,-49,5,"điện thoại A77 5G 2sim ram 8G/256G máy , Cấu hình Cao khủng, Chiến mọi game nặng siêu mượt,  - CKII",66 Đã bán,https://www.lazada.vn/products/pdp-i2859665045.html,
Phụ kiện điện thoại & máy tính bảng,z9PCM2GN,585.000 ₫,-29%,415350,-14,4.2,Sạc dự phòng 90000mAh sạc nhanh 120W pin PD20W dung lượng lớn có dây cắm nhiều điện thoại LED,34 Đã bán,https://www.lazada.vn/products/pdp-i3097575739.html,
Điện thoại bàn,LeNgan _Store,2.199.000 ₫,-32%,1495320,-74,4.7,"điện thoại A95 5G 2sim ram 12G/512G máy Chính Hãng, Cấu hình Cao khủng, Chiến mọi game nặng siêu mượt, BSPN",93 Đã bán,https://www.lazada.vn/products/pdp-i2849775908.html,
Phụ kiện điện thoại & máy tính bảng,Sạc dự phòng thông minh 3,1.099.975 ₫,-64%,395991,-25,4.9,box sạc dự phòng 100000mA Sạc dự phòng siêu nhanh đi kèm cáp sạc cắm trại ngoài trời dung lượng siêu lớn cung cấp điện thoại di động Sạc nhanh hai chiều 20W PD 120W,63 Đã bán,https://www.lazada.vn/products/pdp-i2628055474.html,
Điện,ANENG  Store,898.858 ₫,-35%,584257,-125,4.9,ANENG Đồng Hồ Vạn Năng Chuyên Nghiệp 683 Số Đếm 6000 Ampe Kế Dòng Điện AC/DC Kẹp Thử Điện Đồng Hồ Vạn Năng NCV Màn Hình Cảm Ứng Thông Minh Khác,190 Đã bán,https://www.lazada.vn/products/pdp-i2201132609.html,
Dụng cụ cầm tay & phụ kiện,ZOYI Tools,,,,-1,5,Đồng Hồ Đo Điện Zoyi ZT-102A Đo Điện Vạn Năng Tự Động - Hàng Chính Hãng - Bảo Hành 12 Tháng,,https://www.lazada.vn/products/pdp-i2846173216.html,
Điện,smart family store,157.600 ₫,-19%,127656,-30,5,【🔥Rẻ】Đồng Hồ Vạn Năng DT9205A Đồng Hồ Vạn Năng Thông Minh Màn Hình Kỹ Thuật Số Độ Chính Xác Cao Dụng Cụ Kiểm Tra Bảo Trì Thợ Điện,80 Đã bán,https://www.lazada.vn/products/pdp-i2193021836.html,
Điện,GlobalLifestyle,196.000 ₫,-46%,105840,,,Máy Đo Vạn Năng Kỹ Thuật Số ANENG XL830L 1000V AC/DC Với Dây Đo Và Đầu Dò PT1005B Đa Năng Dùng Cho Kiểm Tra Điện,17 Đã bán,https://www.lazada.vn/products/pdp-i3233605327.html,
Điện,Global Merch Park,637.000 ₫,-23%,490490,-22,5,ANENG 612 Đồng Hồ Vạn Năng Kỹ Thuật Số Thông Minh Công Cụ Đo Điện Dung Điện Áp AC/DC Thiết Bị Kiểm Tra Chuyên Nghiệp Với Màn Hình Kỹ Thuật Số,163 Đã bán,https://www.lazada.vn/products/pdp-i2726644490.html,
Dụng cụ đo lường,ABG Official Store,1.210.000 ₫,-46%,653400,-10,5,Đồng Hồ Đo Điện Vạn Năng Zoyi Zt-Y Cao Cấp Đo Điện Vạn Năng Tự Động 9999 Số Đếm - Hàng Chính Hãng - Bảo Hành 12 Tháng,25 Đã bán,https://www.lazada.vn/products/pdp-i1995280201.html,
Điện,ZOYI Tools,866.000 ₫,-35%,562900,-1,5,"Đồng Hồ Đo Điện Vạn Năng Zoyi Zt-301 Đo Điện Đa Năng Hiển Thị Kỹ Thuật Số 8000 Số Đếm Đo Tụ, Tần Số- Hàng Chính Hãng",,https://www.lazada.vn/products/pdp-i2846179155.html,
Điện,I know tool,212.000 ₫,-56%,93280,,,"Đồng Hồ Vạn Năng Kỹ Thuật Số LCD I Know, Đồng Hồ Đo Điện Áp Ôm Kế AC DC-Quốc Tế",,https://www.lazada.vn/products/pdp-i2095478520.html,
Điện,GlobalLifestyle,262.000 ₫,-50%,131000,-51,4.8,ANENG M118A Đồng Hồ Vạn Năng Kỹ Thuật Số 6000 Đếm Kích Thước Bỏ Túi True RMS AC/DC Đồng Hồ Đo Điện Áp Có Đèn Pin Transistor Bút Thử Dụng Cụ,353 Đã bán,https://www.lazada.vn/products/pdp-i3101261160.html,
Điện,Global Merch Park,72.000 ₫,-22%,56160,-36,4.3,Kỹ Thuật Số Kẹp Mét 4000 Đếm Điện Áp Hiện Tại Điện Trở Điện Dung Diode Bút Thử Đồng Hồ Vạn Năng Thông Minh Với Chức Năng Ohm Đo,89 Đã bán,https://www.lazada.vn/products/pdp-i2777311101.html,
Điện,Taiye Electric,126.000 ₫,-8%,115920,,,Bộ Điều Chỉnh Điện Áp AC 0-500V Màn Hình LCD Đồng Hồ Hiển Thị Kỹ Thuật Số Vôn Kế 3 Dây D85-21,,https://www.lazada.vn/products/pdp-i2069370348.html,
Điện,,,,,,,Ổ Cắm USB Sáng Tạo Có Dây Nối Điện Đa Chức Năng Có Nút Bấm Sạc Thông Minh Dùng Trong Gia Đình Ổ Cắm Điện Mạnh,168 Đã bán,https://www.lazada.vn/products/pdp-i2997405324.html,
Phụ kiện điện thoại & máy tính bảng,Global Merch Park,625.000 ₫,-23%,481250,-54,4.9,Bộ Sạc USB 6 Cổng Hub Charge 6 Thiết Bị Đồng Thời Với Màn Hình LED Hiển Thị Điện Áp Và Dòng Điện Bộ Sạc Máy Tính Để Bàn Nhanh,29 Đã bán,https://www.lazada.vn/products/pdp-i2626888194.html,
Phụ kiện Máy tính,Global Merch Park,517.000 ₫,-23%,398090,-19,5,Bàn Phím Bluetooth Không Dây Có Khe Cắm Thẻ Đa Chức Năng Cho Máy Tính Để Bàn Android Ios Máy Tính Xách Tay Pc Gamer 94 Phím Cao Su Dẫn Điện Phong Cách Ce Được Chứng Nhận,45 Đã bán,https://www.lazada.vn/products/pdp-i2474300054.html,
Điện,Global Joy,1.665.000 ₫,-23%,1282050,-87,4.8,BSIDE U1 Kỹ Thuật Số Kẹp Mét 100A DC AC Dĩa Ampe Kế Kìm T-RMS Hiện Tại OpenJaw Điện Tự Động Đồng Hồ Đo Vạn Năng Với Điện Áp & Đo Điện Trở,77 Đã bán,https://www.lazada.vn/products/pdp-i2581102803.html,
Điện,GlobalLifestyle,626.000 ₫,-23%,482020,,,ANENG 613 Đồng Hồ Vạn Năng Thông Minh 4000 Đếm Màn Hình Kỹ Thuật Số Ampe Kế AC/DC Vôn Kế Với Khả Năng Đo Tắt Nguồn Theo Thời Gian Thực,,https://www.lazada.vn/products/pdp-i3101739281.html,
Phụ kiện Máy tính,KONG 3C STORE [vn],2.779.111 ₫,-30%,1945377,,,"Bàn phím chơi game không dây Attack Shark X85Pro Macro - Màn hình màu TFT, Có thể hoán đổi nóng, RGB, Bluetooth 5.0, Pin 4000mAh, Núm tùy chỉnh, Giá đỡ gioăng, dành cho PC/MAC, Công tắc Linear Blueberry",,https://www.lazada.vn/products/pdp-i2934136682.html,
Thiết bị đeo thông minh,NineWind  Offical Shop.VN,999.999 ₫,-16%,839999,-34,4.5,NineWind P11 cộng với vòng đeo tay thông minh ECG không xâm lấn nhiệt độ đường huyết Nhịp tim Oxy máu huyết giám sát áp suất không thấm nước chuyển động đếm bước sức khỏe giám sát dữ liệu đồng hồ,42 Đã bán,https://www.lazada.vn/products/pdp-i2336841622.html,
Phụ kiện Máy tính,GlobalTechMart,1.147.000 ₫,-23%,883190,,,Bàn Phím Tiện Dụng Bluetooth Không Dây Aula Tarantula S99 - 98 Phím Chơi Game Văn Phòng Thiết Kế Hình Nhện Đa Chức Năng Với Đèn Nền RGB,,https://www.lazada.vn/products/pdp-i3128727182.html,
Thiết bị tiện ích USB,MU RAN,1.718.000 ₫,-78%,377960,-252,4.9,MURAN | Quạt Cầm Tay Mini Làm Mát Im Lặng,,https://www.lazada.vn/products/pdp-i3195460632.html,
"Sàn, tường & trần nhà",LINZHI.Selection,4.800 ₫,-38%,2976,-14008,4.9,Băng Keo Đen Cách Điện PVC Chống Rò Rỉ Điện (1 cuộn),58.2K Đã bán,https://www.lazada.vn/products/pdp-i2520473171.html,
"Thiết bị sưởi, làm lạnh và thông gió",KHO GIA DỤNG QUANG BÁCH,370.000 ₫,-35%,240500,,,"ĐÈN SƯỞI NHÀ TẮM 3 BÓNG  KOTTMANN MODEL K3B-G, ĐÈN 3 BÓNG CONG CAMAC CM03A CÔNG SUẤT 825W. BÓNG ĐÈN SƯỞI  R125 CÔNG SUẤT 275W HÀNG ĐẸP LOẠI 1",,https://www.lazada.vn/products/pdp-i3109003394.html,
Điện,THIẾT BỊ ĐIỆN HÙNG PHÁT,290.000 ₫,-35%,188500,-5,5,"Công tơ điện 1P 5(20)A,10(40)A dùng đo số điện phòng trọ,nhà ở",44 Đã bán,https://www.lazada.vn/products/pdp-i1667183182.html,
Smartphones,HOANG MOBILE 47,3.145.000 ₫,-46%,1698300,-6,4.7,Điện thoại A56 5G siêu đẹp cấu hình ổn 8GB/256GB thiết kế trẻ trung camera AI chụp ảnh siêu đẹp,10 Đã bán,https://www.lazada.vn/products/pdp-i3191867537.html,
Phụ kiện điện thoại & máy tính bảng,GlobalLifestyle,363.000 ₫,-57%,156090,-241,5,Transformers 35W PD Sạc Nhanh TF-K21 GaN USB A + Loại C 2 Cổng Có Thể Gập Lại Có Đèn LED Dành Cho Samsung Huawei Qualcomm,897 Đã bán,https://www.lazada.vn/products/pdp-i3027676947.html,
Phụ kiện điện thoại & máy tính bảng,Siêu thị nhập khẩu Sakurato,375.000 ₫,-39%,228750,-105,5,"Sạc dự phòng 120w/100w PD22.5w 30000Mah pin dự phòng màn hình led tích hợp 2 đầu sạc tiện dụng Type-C, lightning",311 Đã bán,https://www.lazada.vn/products/pdp-i2744682007.html,
Máy tính bảng,Đèn Led Thúy Nga,,,,-15,4.9,Nguồn tổ ong 5v 5a 10a 20a 40a 60a 70a,75 Đã bán,https://www.lazada.vn/products/pdp-i1850913147.html,
Dụng cụ cầm tay & phụ kiện,Điện Hoàn Cầu,200.000 ₫,-1%,198000,,,Công tơ điện tử 1 pha 80A LS-Electric 4 thông số siêu chính xác có sơ đồ hướng dẫn đấu nối,22 Đã bán,https://www.lazada.vn/products/pdp-i2575282687.html,
Smartphones,Nguyên Lê Store,1.200.000 ₫,-46%,648000,-43,4.9,điện thoại SS.A10s 2sim ram 3G bộ nhớ trong 32GB nguyên zin đẹp keng,107 Đã bán,https://www.lazada.vn/products/pdp-i3139382615.html,
Phụ kiện điện thoại & máy tính bảng,Phucvudoisong,67.000 ₫,-24%,50920,-76,4.8,"Mạch sạc dự phòng QC 3.0 loại tốt. Có LCD hiển thị, 3 cổng vào 2 cổng ra chuẩn hãng ,DIY Sạc dự phòng",221 Đã bán,https://www.lazada.vn/products/pdp-i2066376915.html,
"Thiết bị sưởi, làm lạnh và thông gió",ZODAN Corporation,290.000 ₫,-31%,200100,-945,4.9,[QUẠT 220V] Quạt cây 5 cánh lõi đồng- Quạt điện - quạt bàn - Quạt đứng lỡ - BẢO HÀNH ĐỘNG CƠ 12 THÁNG,2.4K Đã bán,https://www.lazada.vn/products/pdp-i2277810317.html,
Phụ kiện điện thoại & máy tính bảng,Phát Đạt Phụ Kiện,170.000 ₫,-34%,112200,-264,4.9,Sạc Dự Phòng HOCO 10.000mAh-J100(J82),830 Đã bán,https://www.lazada.vn/products/pdp-i2530308876.html,
Điện thoại bàn,LeNgan _Store,,,,-30,5,sale sốc điện thoại A53 (8/256GB) |Cấu hình Cao Chiến mọi Game mượt -SMM,31 Đã bán,https://www.lazada.vn/products/pdp-i3212739599.html,
Điện thoại bàn,MYSON MOBILE,427.000 ₫,-30%,298900,-16,5,"[SỐC CỦA SALE] điện thoại A78 - A78 5G máy 2sim ram 8G/256G, Cấu hình mạnh đỉnh Cày PUBG/Liên Quân/Free Fire/Tiktok siêu mượt Máy đủ màu",32 Đã bán,https://www.lazada.vn/products/pdp-i3130124184.html,
Phụ kiện điện thoại & máy tính bảng,VUA BÁN LẺ 88,28.800 ₫,-44%,16128,-54,4.8,Box sạc dự phòng 1 pin (không pin),303 Đã bán,https://www.lazada.vn/products/pdp-i391834353.html,
Phụ kiện điện thoại & máy tính bảng,Nam Hoài,155.000 ₫,-4%,148800,-23,4.7,Box Sạc Dự Phòng 4 Cell Pin 18650 Sạc Nhanh 22.5W Mẫu Mới X4 Tháo Lắp Dể Dàng(Không gồm pin),42 Đã bán,https://www.lazada.vn/products/pdp-i2906277113.html,
Phụ kiện điện thoại & máy tính bảng,Dosen PRO,598.000 ₫,-37%,376740,-240,4.9,"Sạc dự phòng Power bank PD22.5W 10000MAH 30000mah 50000mAh pin dự phòng màn hình Led tích hợp tích hợp Tương thích với Type-C, Micro,iPhone",2.5K Đã bán,https://www.lazada.vn/products/pdp-i2580177268.html,
Phụ kiện điện thoại & máy tính bảng,ZAPLY,420.000 ₫,-33%,281400,-28,4.6,(Tặng cáp sạc nhanh) Nguồn điện di động 50000mAh 80000mAh Sạc nhanh 120W Pin dung lượng lớn có thể sạc nhiều dây,86 Đã bán,https://www.lazada.vn/products/pdp-i3183751770.html,
Máy tính bảng,Đèn Led Thúy Nga,,,,-35,4.8,"Nguồn adapter sony 19,5v - 4,7A",119 Đã bán,https://www.lazada.vn/products/pdp-i1849768047.html,
Dụng cụ cầm tay & phụ kiện,Linhkiengiasi24/7,,,,-13,4.6,Đồng Hồ Đo Điện XL830 XL830L - Đồng Hồ Vạn Năng Điện Tử XL830L (Có Pin và Dây đo),46 Đã bán,https://www.lazada.vn/products/pdp-i2557774715.html,
Dụng cụ cầm tay & phụ kiện,Minh Khôi Electric,200.000 ₫,-42%,116000,-7,5,"Đồng hồ vạn năng Samwa YX360-TRn tặng kèm pin,đồng hồ điện tử,máy đo vạn năng, đo điện,đồng hồ đa năng đo điện trở",15 Đã bán,https://www.lazada.vn/products/pdp-i2427762199.html,
Trang trí nhà cửa,Coleen Decor bàn học,100.000 ₫,-30%,70000,,,Đồng Hồ Đa Chức Năng Mặt LED Điện Tử Báo Thức Để Bàn (tặng kèm pin) Trang Trí Bàn Học Decor COLEEN,,https://www.lazada.vn/products/pdp-i2863762054.html,
Điện,TUSUACHUAVN,139.000 ₫,-18%,113980,-20,5,"Đồng hồ vạn năng SAMWA YX-360TRN tặng kèm pin, hàng chuẩn loại xịn chính hãng CÓ BẢO HÀNH",55 Đã bán,https://www.lazada.vn/products/pdp-i1457491904.html,
Điện,ZOYI Tools,,,,-2,5,Đồng Hồ Đo Điện Vạn Năng Zoyi ZT-102 Đo Điện Đa Năng Hiển Thị Kỹ Thuật Số - Bảo Hành 12 Tháng,6 Đã bán,https://www.lazada.vn/products/pdp-i2846104617.html,
Dụng cụ đo lường,KIPRUN,301.000 ₫,-46%,162540,-170,4.7,"Ampe Kế AC/DC Đồng Hồ Đo Điện Áp Ohm Multimetro Có Cặp Nhiệt Điện, Đèn Nền LCD AN8205C-INTL",224 Đã bán,https://www.lazada.vn/products/pdp-i834942011.html,
Điện,Phụ Kiện Điện Thoại Lâm Music,,,,,,Chia Ổ Điện Kiêm Đèn Ngủ Có 2 Usb Sạc Điện Thoại và Phích Cắm Chia Ổ Điện 1 Ra 5 Lỗ. LMS,,https://www.lazada.vn/products/pdp-i3036998094.html,
Dụng cụ cầm tay & phụ kiện,KUAIQU,4.079.171 ₫,-29%,2896211,-2,5,"[UNI-T Chính Hãng] Đồng Hồ Vạn Năng Kỹ Thuật Số UT61E + UT61D + UT61B Phiên Bản Nâng Cấp Của UNI-T, Máy Kiểm Tra Điện Trở Điện Áp Dòng Điện Xoay Chiều/Một Chiều RMS Thật",7 Đã bán,https://www.lazada.vn/products/pdp-i1203167568.html,
Thiết bị đeo thông minh,AMAZFIT BRAND STORE,6.490.000 ₫,-12%,5711200,-17,5,Đồng hồ thông minh Amazfit T-Rex 3 - Hàng chính hãng - Bảo hành 12 tháng,51 Đã bán,https://www.lazada.vn/products/pdp-i2809423519.html,
Điện,Global Merch Park,747.000 ₫,-23%,575190,-18,5,"WINAPEX ET8104 True RMS Vạn Năng Kỹ Thuật Số 9999 Đếm Độ Chính Xác Cao Liên Tục AC/DC, Điện Dung Điện Dung Chống Máy",10 Đã bán,https://www.lazada.vn/products/pdp-i2625108498.html,
Máy tính bảng,Đèn Led Thúy Nga,,,,-9,4.8,"Nguồn adapter 15v 3A, 15v 2a",42 Đã bán,https://www.lazada.vn/products/pdp-i1875051383.html,
Xe máy,Đồng hồ xe máy giá rẻ,890.000 ₫,-18%,729800,-28,5,Đồng Hồ Điện Tử Dugaty Mẫu Mới - đồng hồ Ducati chế mọi loại xe,161 Đã bán,https://www.lazada.vn/products/pdp-i1592504754.html,
Điện thoại bàn,Shop 49-hàng si Nhật,260.000 ₫,-12%,228800,-1,5,"Điện thoại di động dành cho trẻ em NAMORINO 3, hàng si Nhật",,https://www.lazada.vn/products/pdp-i2865119501.html,
Điện,phukienlegiasi,120.000 ₫,-28%,86400,-2,5,Đồng Hồ Đo Vạn Năng Kỹ Thuật Số Tự Động Aneng DM850,6 Đã bán,https://www.lazada.vn/products/pdp-i2891356358.html,
Dụng cụ nhà bếp,ORIA,376.000 ₫,-12%,330880,-50,4.9,"ORIA Cân Milligram Kỹ Thuật Số 0.001 G/dải Cân Mini Kỹ Thuật Số Chuyên Nghiệp Chính Xác 0.006G-50G, Cân Bỏ Túi, Cân Hiệu Chuẩn 20G, Cân Thông Minh Điện Tử, 6 Đơn Vị, Màn Hình LCD Có Đèn Nền, Tare, tự Động Tắt, Thép Không Gỉ (Hàng Có Sẵn)",25 Đã bán,https://www.lazada.vn/products/pdp-i2053672778.html,
Smartphones,Smartchoice 247,1.000.000 ₫,-55%,450000,-33,4.7,ĐIện thoại chính hãng Samsung Galaxy J4 Plus màn to giá rẻ hỗ trợ 4G LTE Máy Cũ Tân Trang Đẹp,70 Đã bán,https://www.lazada.vn/products/pdp-i3065969434.html,
Phụ kiện điện thoại & máy tính bảng,BEN BEN TPHCM,1.074.000 ₫,-93%,75180,-73,4.8,"[MIỄN SHIP TOÀN QUỐC] SẠC DỰ PHÒNG CAO CẤP DUNG LƯỢNG 30000MAH - PIN DỰ PHÒNG MÀN HÌNH GƯƠNG BÓNG GIÁ RẺ 2 CỔNG SẠC, TẶNG KÈM CÁP SẠC - PIN SẠC DỰ PHÒNG THÔNG MNIH",100 Đã bán,https://www.lazada.vn/products/pdp-i2377899078.html,
Smartphones,Hoàng Hà Mobile,2.990.000 ₫,-36%,1913600,-24,4.6,Điện thoại di động HTC Wildfire E3 lite (4GB/64GB) - Chính hãng,59 Đã bán,https://www.lazada.vn/products/pdp-i2435617043.html,
Điện,Bull Socket,3.188.000 ₫,-58%,1338960,,,Bull | Ổ Cắm Thông Minh GaN Đa Cổng Đứng Trên Bàn,,https://www.lazada.vn/products/pdp-i3207494777.html,
Phụ kiện Máy tính,LOGITECH Flagship Store,159.000 ₫,-34%,104940,-1193,4.9,Chuột quang Logitech B100 | Logitech M90 - Dây dài 1m8,6.3K Đã bán,https://www.lazada.vn/products/pdp-i260194005.html,
Điện thoại cơ bản,NOKIA4G - 18nd,355.000 ₫,-8%,326600,-7,3.9,ĐIỆN THOẠI NOKIA - E72 chính hãng công ty cũ,17 Đã bán,https://www.lazada.vn/products/pdp-i1562282321.html,
Phụ kiện điện thoại & máy tính bảng,Shen Zhen 3C,300.000 ₫,-73%,81000,-1,1,Pin Sạc Dự Phòng mini pd 18w 5000mah Cho samsung iphone 15 14 13 12 pro max,14 Đã bán,https://www.lazada.vn/products/pdp-i3190028275.html,
,,,,,,,"Công Tắc điều khiển từ xa RF 30A - 220V,  khoảng cách lên tới 100m",314 Đã bán,https://www.lazada.vn/products/pdp-i2193598183.html,
,,,,,,,"Jasminestyle mini pin sạc dự phòng với bốn được xây dựng trong cáp, 20000mAh dung tích lớn đồ sạc di động",46 Đã bán,https://www.lazada.vn/products/pdp-i3126954256.html,
Phụ kiện điện thoại & máy tính bảng,ELLYN.E SHOP,180.000 ₫,-56%,79200,-38,4.7,"SẠC DỰ PHÒNG MẶT GƯƠNG 30000MAH - PIN DỰ PHÒNG MẶT GƯƠNG ĐEN, 2 CỔNG SẠC, CÓ ĐÈN LED CHIẾU SÁNG - PIN DỰ PHÒNG TRÂU GIÁ RẺ , SALE SỐC - PIN SẠC DỰ PHÒNG XÃ KHO",43 Đã bán,https://www.lazada.vn/products/pdp-i3044793890.html,
Phụ kiện điện thoại & máy tính bảng,QP STORE.VN,300.000 ₫,-37%,189000,-234,4.8,"Sạc dự phòng TAKASHIO, sạc dự phòng không dây TAKASHIO 20.000mah- QP STORE",696 Đã bán,https://www.lazada.vn/products/pdp-i2335323522.html,
Smartphones,Chỉ vì 3C,2.980.000 ₫,-45%,1639000,-2,5,Galax S24 Ultra điên thoại gia rẻ Full HD 16GB RAM +1TB ROM Hỗ trợ 2 SIM Mạng 3G/4G/5G Bộ Lớn 8000mAh,,https://www.lazada.vn/products/pdp-i3184343611.html,
Dụng cụ cầm tay & phụ kiện,Ruby Luxury,,,,-4,3.8,Bộ 1 Đồng hồ đo vạn năng Excel DT9205A Thích hợp cho thợ điện tử hay học sinh sinh viên học tập,15 Đã bán,https://www.lazada.vn/products/pdp-i2893237523.html,
Thiết bị nhà bếp,Bear Home Electronics Appliances,2.587.000 ₫,-69%,801970,-250,4.9,BEAR | Nồi Sức Khỏe Đa Năng Nhỏ,6 Đã bán,https://www.lazada.vn/products/pdp-i3186236422.html,
Phụ kiện điện thoại & máy tính bảng,z9PCM2GN,318.000 ₫,-16%,267120,-13,4.7,Pin sự Sạc Dự Phòng trong suốt sạc nhanh 50.000MAH đèn sạc nhiều thiết bị dung lượng 80000mah  lớn new có 4 dây,62 Đã bán,https://www.lazada.vn/products/pdp-i3096872818.html,
Phụ kiện Máy tính,,,,,,,Fun60 Gaming Mechanical Keyboard 61-Key Wired Wireless Bluetooth Low Latency Magnetic Switches Anti-Ghosting for Esports,18 Đã bán,https://www.lazada.vn/products/pdp-i3176075812.html,
Phụ kiện điện thoại & máy tính bảng,TAIDU STORE,141.000 ₫,-38%,87420,-3,5,Taidu 20000mAh Pin sạc dự phòng năng lượng mặt trời với đèn LED kép và la bàn cho cắm trại ngoài trời và sạc khẩn cấp,5 Đã bán,https://www.lazada.vn/products/pdp-i3199345653.html,
Phụ kiện điện thoại & máy tính bảng,DAMMESANGTAO,,,,-106,4.8,Box sạc dự phòng trong suốt 8 cell 18650 (K32) sạc nhanh 22.5W,389 Đã bán,https://www.lazada.vn/products/pdp-i2090374506.html,
Smartphones,MYSON MOBILE,409.000 ₫,-27%,298570,-13,4.5,"[MÁY PHỤ SIÊU RẺ] điện thoại Realme 5 Pro ram 8/256G 2sim Chính Hãng, Cày Game siêu chất- TN03",18 Đã bán,https://www.lazada.vn/products/pdp-i2866773285.html,
Máy tính bảng,Top 1 Tablet,1.680.000 ₫,-18%,1377600,-272,4.3,"Máy tính bảng X6 Pro Khuyến mãi lớn ban đầu 2023 Chính hãng 10,8 inch 16GB + 512GB Màn hình 8800mah Máy tính bảng Android Máy tính bảng học tập dành cho sinh viên 5G/WIFI Dual SIM để xem trò chơi Máy tính bảng giá rẻ COD",719 Đã bán,https://www.lazada.vn/products/pdp-i2388552502.html,
Đồ chơi thể thao,Chicken Tactical Shop,,,,-1,5,Mục tiêu bia tập bắn điện tử tự động.,5 Đã bán,https://www.lazada.vn/products/pdp-i2225481206.html,
Phụ kiện điện thoại & máy tính bảng,ELLYN.E SHOP,180.000 ₫,-53%,84600,-11,4.6,[PIN TRÂU 30000MAH - TẶNG CÁP SẠC NHANH] PIN SẠC DỰ PHÒNG CAO CẤP THIẾT KẾ MÀN HÌNH GƯƠNG CỰC SANG TRỌNG - 2 CỔNG SẠC NHANH + ĐÈN LED SIÊU SÁNG TẦM NHÌN TỐT - PIN SẠC GIÁ RẺ,25 Đã bán,https://www.lazada.vn/products/pdp-i3166118593.html,
Phụ kiện điện thoại & máy tính bảng,vneIcRnO.Selection,78.700 ₫,-23%,60599,-10,5,"Pin Sạc Dự Phòng Hình Thỏi Son – Nhỏ Gọn, Dán Được, Nhiều Màu Thời Trang – Phù Hợp Nhiều Loại Cổng Sạc",1.6K Đã bán,https://www.lazada.vn/products/pdp-i3140962316.html,
Điện,ANENG Tool Store,202.000 ₫,-52%,96960,,,【Aneng】Đồng hồ vạn năng kỹ thuật số Đồng hồ điện áp kháng đèn nền LCD votage hiện tại Ohm dụng cụ kiểm tra tự động tắt máy sfor thợ điện,,https://www.lazada.vn/products/pdp-i2651382904.html,
Phụ kiện điện thoại & máy tính bảng,vneIcRnO.Selection,59.500 ₫,-23%,45815,,,"AME216 Sạc nhanh thời trang và nhẹ hỗ trợ nhiều loại cổng sạc, phối màu đen trắng, sạc dự phòng di động",3.8K Đã bán,https://www.lazada.vn/products/pdp-i3140900939.html,
Phụ kiện điện thoại & máy tính bảng,Gia dụng công nghệ,,,,-3,5,USB test sạc dự phòng,15 Đã bán,https://www.lazada.vn/products/pdp-i274008565.html,
Điện,Hanhstore247,,,,,,"Ổ cắm điện đa năng thông minh có cổng USB tiện dụng, Ổ Điện Đa Năng Loại Xịn Có Cổng Gắn USB Sạc Điện Thoại Kiêm Đèn Ngủ Tiện Lợi, o cam dien , ổ cắm điện giá rẻ hh029",,https://www.lazada.vn/products/pdp-i2911832241.html,
Dụng cụ cầm tay & phụ kiện,YIERYI,595.538 ₫,-50%,297769,-1,5,Yieryi Công Cụ Tìm Góc Kỹ Thuật Số Đo 360 Độ Mini Máy Đo Độ Nghiêng Thước Đo Kỹ Thuật Số Từ Góc Cube Điện Tử Cấp Box Kỹ Thuật Số Giác Kê Với Màn Hình LCD,,https://www.lazada.vn/products/pdp-i2186630237.html,
Điện,KUAIQU,968.000 ₫,-49%,493680,-24,5,【Ready Stock】UNIT Digital Multimeter True RMS UT890C UT890D+ Manual Range AC DC Frequency Capacitance Temperature Tester Backligh,14 Đã bán,https://www.lazada.vn/products/pdp-i852952507.html,
Điện,Global Merch Park,452.000 ₫,-23%,348040,-99,5,ANENG ST184 Đồng Hồ Kẹp Kỹ Thuật Số True RMS Đồng Hồ Đo Dòng Điện Xoay Chiều 6000 Đếm Điện Áp DC Hz Điện Dung Ohm Kiểm Tra Đồng Hồ Vạn Năng Điện Chuyên Nghiệp,33 Đã bán,https://www.lazada.vn/products/pdp-i2562895259.html,
Điện,Taiye Electric,524.000 ₫,-2%,513520,,,Ba pha bốn dây Din Rail Đồng hồ đo năng lượng 380V LCD điện tử Watt Power Meter wattmeter kWh 100A AC LCD 7p 50Hz 3p4w dts017,,https://www.lazada.vn/products/pdp-i2652609603.html,
Điện,Taiye Electric,221.000 ₫,-9%,201110,,,Din Rail điện đồng hồ đo năng lượng AC80-270V 100A điện tử đồng hồ kWh wattmeter đa Ampe kế kỹ thuật số vôn kế TY2P-E,,https://www.lazada.vn/products/pdp-i2924917367.html,
Phụ kiện Máy tính,CP Peripheral.VN,2.240.000 ₫,-30%,1568000,,,"Bàn phím cơ Eweadn X87, Bluetooth, thiết bị ngoại vi không dây có ba chế độ, 2.4G, đèn RGB tích hợp, không rung, mới 2024 ra mắt",,https://www.lazada.vn/products/pdp-i2678054230.html,
Thiết bị nhà bếp,Bear Home Electronics Appliances,4.314.000 ₫,-77%,992220,-285,4.9,BEAR | Nồi Điện Đa Năng Di Động,13 Đã bán,https://www.lazada.vn/products/pdp-i3198759290.html,
Smartphones,Samsung Store,4.490.000 ₫,-20%,3592000,-118,4.9,Điện Thoại Samsung Galaxy A06 5G 6GB/128GB,619 Đã bán,https://www.lazada.vn/products/pdp-i3059799002.html,
Điện,METERK,5.487.217 ₫,-52%,2633864,,,Meterk Aneng mh14 Máy đo điện trở kỹ thuật số độ chính xác cao điện trở nối đất Điện áp đồng hồ đo,,https://www.lazada.vn/products/pdp-i2507612170.html,
Phụ kiện điện thoại & máy tính bảng,Pisen Official Store 1618388268,1.196.000 ₫,-30%,837200,,,"Sạc Dự Phòng Nhỏ Gọn 3IN1 | Tích Hợp 2 Cáp Sạc, Màn Hình Led Hiển Thị Pin, Tự Điều Chỉnh Dòng Điện Khi Sạc, Hỗ Trợ Sạc Iwatch, Phù Hợp Android/IOS, Tai Nghe | POWERLink Flex 22.5W | TP-D104 | Bảo Hành 24 Tháng | Bảo Hiểm 2 Triệu Đô Toàn Cầu Usb",,https://www.lazada.vn/products/pdp-i2962185134.html,
Phụ kiện Máy tính,FL-Esports Authentic Store,3.819.000 ₫,-7%,3551670,,,Bàn phím cơ chơi game không dây FL-Esports CMK87SAM Marshmallow 3 Mode Wireless  RGB - Hotswap - Led RGB - 3 chế độ kết nối - Kailh Box switch - Hàng chính hãng,,https://www.lazada.vn/products/pdp-i2191066568.html,
Phụ kiện điện thoại & máy tính bảng,Anker Official Store,1.290.000 ₫,-9%,1173900,-5,5,"Sạc dự phòng Anker PowerBank, 20,000mAh Portable Charger with Built-in USB-C Cable,87W Max Fast Charging USB C Power Bank A1383",12 Đã bán,https://www.lazada.vn/products/pdp-i3161826280.html,
Máy tính bảng,Bear appliances store,1.800.000 ₫,-22%,1404000,,,"Máy tính bảng mới V62 mỏng nhẹ, RAM 16GB+ROM 512GB, bộ nhớ siêu cao, camera ba 24MP và 48MP chất lượng cao, pin 15000mAh với thời gian sử dụng lâu, hệ điều hành Android 15, chip Snapdragon 888, hỗ trợ 4G/5G, WiFi, Bluetooth cho học tập, làm việc và xem",,https://www.lazada.vn/products/pdp-i3195175026.html,
Phụ kiện Máy tính,Punstore - Gear / Audio / Hitech,,,,-17,5,"Hàng Chính Hãng Rainy 75 - Bàn phím cơ RAINY75 Kết Nối 3 Mode, Full Nhôm, Led RGB, BH 12 Tháng",72 Đã bán,https://www.lazada.vn/products/pdp-i2531479912.html,
Thiết bị nhà bếp,AKIA Store,820.000 ₫,-7%,762600,-1,5,"Nồi điện đa năng Bear E15P2/ DRG-P16M2 - 1.6L, F30H1 - 3L, kèm xửng hấp, 2 mức độ lửa, chống dính, BH 18 tháng",,https://www.lazada.vn/products/pdp-i2657355433.html,
Phụ kiện điện thoại & máy tính bảng,SẢN PHẨM ĐIỆN,,,,,,Thành lý sạc dự phòng có màn hình hiển thị phần trăm pin,,https://www.lazada.vn/products/pdp-i2273020626.html,
Phụ kiện Máy tính,Logitech G Gaming,4.999.000 ₫,-17%,4149170,,,"Bàn phím cơ gaming Logitech G715 TKL Aurora - Bluetooth & Lightspeed, RGB, 2 switch, PC, Mac, Laptop",,https://www.lazada.vn/products/pdp-i2228541554.html,
Phụ kiện Máy tính,XSmart Store,1.900.000 ₫,-32%,1292000,-7,4.1,"Bàn Phím Cơ Bluetooth Không Dây K86 RGB PRO VIP Có Màn Hình, App Tùy Chỉnh HOTSWAP 5 Pin, Lót Foam",15 Đã bán,https://www.lazada.vn/products/pdp-i2422622401.html,
Phụ kiện Máy tính,vintagelifestyle,3.590.000 ₫,-26%,2656600,,,"Bàn phím cơ AKKO 5108B Plus 108 phím My Sweet Piano có hotswap, 3 kiểu kết nối bluetooth, 2.4g, có dây",,https://www.lazada.vn/products/pdp-i3175466791.html,
Phụ kiện Máy tính,FL-Esports Authentic Store,3.390.000 ₫,-15%,2881500,,,Bàn phím cơ chơi game có dây FLEsport GP108CP Blackish Green - Gasket Mount RGB - Hotswap - Led RGB - Kết nối USB - Kailh Box switch - Hàng chính hãng,,https://www.lazada.vn/products/pdp-i1966502838.html,
Phụ kiện điện thoại & máy tính bảng,Rocoren Official Store,1.590.000 ₫,-50%,795000,-52,5,Rocoren 20000MAh pd65w sạc dự phòng vỏ kim loại Ban Đầu Nhanh Chóng Sạc Màn hình LED kỹ thuật số USB C đồ sạc di động Powerbank bộ sạc ngoài Tương Thích Xiaomi 13 12 Cho iPhone 15 14 13 Pro Max Samsung S24 S23 Siêu,130 Đã bán,https://www.lazada.vn/products/pdp-i2929986612.html,
Phụ kiện Máy tính,RAZER,2.990.000 ₫,-47%,1584700,-3,4,Bàn Phím Gaming Razer BlackWidow V3 Mini 68 Phím | 2.4GHz - Bluetooth - Cáp USB-C | N-key với Anti-ghosting | ABS double,15 Đã bán,https://www.lazada.vn/products/pdp-i2139059119.html,
Thiết bị nhà bếp,Tefal Flagship Store,890.000 ₫,-26%,658600,-33,4.8,Bình đun Tefal 1.5L KO1408E0 - Black,180 Đã bán,https://www.lazada.vn/products/pdp-i2834697740.html,
"Thiết bị sưởi, làm lạnh và thông gió",SHOP NHẬT PHONG,2.100.000 ₫,-33%,1407000,-117,4.9,"(0 Đồng phí vận chuyển)Quạt tích điện,quạt năng lượng mặt trời ,Solar Fan JD-118F dạng nằm chân quỳ,động cơ không chổi than chạy êm gió mạnh bền gấp đôi động cơ thường,phần trăm hiển thị pin, 12 Chế Độ Gió,Tấm Pin Dây Dài gần 5M,Củ Sạc Điện 22 0",551 Đã bán,https://www.lazada.vn/products/pdp-i1473506690.html,
Smartphones,Nubia Redmagic,6.990.000 ₫,-6%,6570600,-11,5,Điện thoại Gaming Nubia Neo 3 GT 5G 24(12+12)GB I 256GB I Màn OLED 1300nits I Pin 6000mAh sạc 80w I Game Space - Hàng Chính Hãng,26 Đã bán,https://www.lazada.vn/products/pdp-i3078995505.html,
Phụ kiện Máy tính,BOSSGEAR,1.200.000 ₫,-8%,1104000,,,"Bàn Phím Cơ Attack Shark K86 RGB, 3 Modes , Có màn Hình, Núm Vặn, Hot Swap 5 Chân",,https://www.lazada.vn/products/pdp-i2421131113.html,
Smartphones,SAMSUNG Flagship Store,29.990.000 ₫,-27%,21892700,-724,4.9,"[SALE BRAND DAY - TỪ 20H 30.10] Điện thoại Samsung Galaxy Z Flip5 5G, Điện thoại AI, Bản lề Flex gập không kẽ hở, Flex cam đa góc độ",3.8K Đã bán,https://www.lazada.vn/products/pdp-i2351112090.html,
Smartphones,HONOR Vietnam,22.990.000 ₫,-17%,19081700,-2,5,"Điện Thoại Honor 400 Pro 5G 12GB + 512GB| AI Camera 200MP, Sạc Nhanh 100W | Snapdragon 8 Gen 3 |  BH 24 Tháng Hàng Chính Hãng",35 Đã bán,https://www.lazada.vn/products/pdp-i3121213596.html,
Phụ kiện Máy tính,VintageLifestyle_VN,3.090.000 ₫,-3%,2997300,,,"Bàn phím cơ không dây AKKO 5108B Plus the Legend of Hei có LED RGB hotswap, kết nối bluetooth, 2.4g, có dây",,https://www.lazada.vn/products/pdp-i2016457811.html,
Phụ kiện điện thoại & máy tính bảng,Inno Tech,165.000 ₫,-46%,89100,-182,4.7,"Sạc Dự Phòng 10000mah Cắm Sạc 20w Trực Tiếp, Sạc Cùng Lúc 2 Thiết Bị, Có Giá Kê Đứng Điện Thoại, Cổng Sạc Kép Đầu Ra",585 Đã bán,https://www.lazada.vn/products/pdp-i2554272186.html,
Phụ kiện điện thoại & máy tính bảng,CHANG TAN,190.000 ₫,-55%,85500,-241,4.2,"PIN DỰ PHÒNG 20000MAH CAO CẤP - SẠC DỰ PHÒNG MINI 4IN1 THIẾT KẾ HIỆN ĐẠI SANG TRỌNG - PIN SẠC DỰ PHÒNG TÍCH HỢP 2 ĐÈN LED , HIỂN THỊ PHẦN TRĂM PIN, BH 1 ĐỔI 1 TROG VÒNG 7 NGÀY",585 Đã bán,https://www.lazada.vn/products/pdp-i2620525339.html,
Dụng cụ cầm tay & phụ kiện,ShopAnZ,111.935 ₫,-8%,102980,-17,4.5,Bộ 1 Đồng hồ đo vạn năng Excel DT9205A Thích hợp cho thợ điện tử hay học sinh sinh viên học tập,39 Đã bán,https://www.lazada.vn/products/pdp-i2893411034.html,
Phụ kiện điện thoại & máy tính bảng,Sshopph,250.000 ₫,-42%,145000,-215,4.8,Pin sạc dự phòng không dây Polymer 10.000mAh Type C PD QC3.0 Xmobile P66D Xám ( Likenew ),635 Đã bán,https://www.lazada.vn/products/pdp-i1355663039.html,
Phụ kiện điện thoại & máy tính bảng,VINTLOOK MALL,65.000 ₫,-34%,42900,-23,3.9,Vintlook 20000MAh Gạo Đen sạc dự phòng Siêu Mỏng Xách Tay Nguồn Điện Trung Tính Quà Tặng Đóng Gói Phổ sạc nhanh đầu ra USB kép Cho Android Apple,68 Đã bán,https://www.lazada.vn/products/pdp-i3127343590.html,
Phụ kiện điện thoại & máy tính bảng,YK SHOPS,166.000 ₫,-56%,73040,-57,4.8,[PIN TRÂU 30000MAH] - TẶNG CÁP SẠC NHANH 39K - PIN SẠC DỰ PHÒNG CAO CẤP THIẾT KẾ sơ cấp GƯƠNG CÁP SANG TRỌNG - 2 CỔNG SẠC NHANH + ĐÈN LED SIÊU SÁNG TẦM NHÌN TỐT - SẠC DỰ PHÒNG AN TOÀN CHO MỌI DÒNG ĐIỆN THOẠI,84 Đã bán,https://www.lazada.vn/products/pdp-i2599131889.html,
Phụ kiện điện thoại & máy tính bảng,Phát Đạt Phụ Kiện,159.000 ₫,-26%,117660,-25,4.8,Pin sạc dự phòng Hoco J82(J100) 10000mAh 2 cổng Input/Output max 2A - Hãng phân phối chính thức,66 Đã bán,https://www.lazada.vn/products/pdp-i2530487284.html,
Phụ kiện điện thoại & máy tính bảng,CHANG TAN,160.000 ₫,-50%,80000,-101,4.6,Bộ Sạc Dự Phòng 30000mAh Mặt Gương Đen Dual USB Tặng LED Chụp Sáng - Phụ Kiện Điện Thoại Trâu Giá Rẻ,160 Đã bán,https://www.lazada.vn/products/pdp-i3058837005.html,
Phụ kiện điện thoại & máy tính bảng,YOUNA,85.394 ₫,-44%,47820,-4,5,YOUNA 1 chiếc sạc pin khẩn cấp USB 4 AA sạc điện thoại thông dụng di động,15 Đã bán,https://www.lazada.vn/products/pdp-i2974981681.html,
Phụ kiện điện thoại & máy tính bảng,BEN BEN TPHCM,1.060.000 ₫,-92%,84800,-397,4.4,[BẢO HÀNH TOÀN QUỐC - TẶNG CÁP SẠC NHANH 39K ] - PIN DỰ PHÒNG LCD MẶT GƯƠNG DUNG LƯỢNG 30000MAH - SẠC DỰ PHÒNG CÓ ĐÈN LED HIỂN THỊ DUNG LƯỢNG PIN - HỖ TRỢ SẠC NHANH,717 Đã bán,https://www.lazada.vn/products/pdp-i2588028001.html,
Đèn,My Home - Tiệm Decor,132.096 ₫,-48%,68689,-72,4.9,[Voucher 50K| 25.06 29.06] Đèn học để bàn tích điện kết hợp dải led 3 màu sắc điều chỉnh độ sáng và có giá để bút tiện lợi DN112,209 Đã bán,https://www.lazada.vn/products/pdp-i2206178957.html,
Điện,ANENG Tool Store,377.000 ₫,-58%,158340,,,【Aneng】đồng Hồ Kẹp Kỹ Thuật Số Đồng Hồ Vạn Năng DC/AC Điện Dung Dòng Điện Diode NCV Ohm Dụng Cụ Kiểm Tra,,https://www.lazada.vn/products/pdp-i2181772925.html,
Dụng cụ cầm tay & phụ kiện,MOTORBIKE 666,,,,,,"Đồng Hồ Đo Điện Ampe Kế ,Vôn Kế ,Điện Trở UT33D",5 Đã bán,https://www.lazada.vn/products/pdp-i3123003360.html,
Điện,KKmoon,157.000 ₫,-38%,97340,,,Digital Energy Tester 60-500V 0-100a AC Đồng hồ đo điện áp Kích thước nhỏ gọn cho phát hiện điện,,https://www.lazada.vn/products/pdp-i3059185234.html,
Điện,diymore Official Store,311.500 ₫,-33%,208705,-92,5,diymore Máy Kiểm Tra AN101 Đồng Hồ Vạn Năng Kỹ Thuật Số Di Động Vôn Kế Điện Áp Ohm Chống Cháy Có Thể Sạc Lại Tự Động Trên Phạm Vi Hoạt Động TRMS,64 Đã bán,https://www.lazada.vn/products/pdp-i2201123536.html,
Phụ kiện Máy tính,XSmart Store,1.200.000 ₫,-35%,780000,-7,5,"Bàn Phím Cơ Không Dây Máy Tính K8BT Bluetooth 5.0 Hotswap Red Switch LED Gaming, Gõ Êm, Lót Foam",15 Đã bán,https://www.lazada.vn/products/pdp-i2492997652.html,
Dụng cụ đo lường,Lucky Store SG,626.000 ₫,-27%,456980,-17,4.5,"Thước Điện Tử, Thước Đo Độ Dài, Thước Đo Diện Tích Khoảng Cách Từ Xa 40m. Mua Ngay Thước Đo Bằng Tia Laze Độ Chính Xác Cao, Màn Hình LCD, Công Nghệ Chống Nước IP54, Đo Nhiều Chế Độ. Bảo Hành 1 Đổi 1.",36 Đã bán,https://www.lazada.vn/products/pdp-i305448608.html,
Phụ kiện Máy tính,Patech Electronics,,,,-1,5,"Bàn Phím Cơ Có Dây Gaming Newmen GM326, LED Rainbow, Keycap Doubleshot Xuyên Led, Hotswap - Hàng Chính Hãng, Bảo Hành 24 Tháng",,https://www.lazada.vn/products/pdp-i2506465894.html,
Trường học & văn phòng,GlobalLifestyle,187.000 ₫,-23%,143990,,,"Máy Tính Khoa Học Kỹ Thuật Số Cầm Tay LCD Đa Chức Năng, Màn Hình 2 Dòng, Thân Nhựa, Dùng Cho Toán Học Và Khoa Học",,https://www.lazada.vn/products/pdp-i3140173558.html,
Điện,GlobalLifestyle,967.000 ₫,-37%,609210,,,"SUNSHINE DT-890N Vạn Năng Kỹ Thuật Số Độ Chính Xác Cao AC/DC, Điện Trở Máy Thông Minh Chống Đốt Tính Năng",,https://www.lazada.vn/products/pdp-i3188854684.html,
Phụ kiện Tivi & thiết bị video,FmzWuP.Selection,20.100 ₫,-33%,13467,-1685,4.9,"Điều Khiển Từ Xa TV 4K Thông Minh (Nền Đen) – Chất Liệu ABS An Toàn, Thân Thiện Môi Trường & Bền Bỉ Cho Gia Đình!",8.5K Đã bán,https://www.lazada.vn/products/pdp-i2890678668.html,
Phụ kiện điện thoại & máy tính bảng,UEDENSHI_SHOP,8.000 ₫,-50%,4000,-41,4.9,Mạch sạc dự phòng chính hãng like new nhiều loại lựa chọn theo nhu cầu giá cực rẻ,168 Đã bán,https://www.lazada.vn/products/pdp-i2350543911.html,
Phụ kiện điện thoại & máy tính bảng,VUA BÁN LẺ 88,30.000 ₫,-10%,27000,-20,4.6,Box sạc dự phòng 1 cell 18650 - không pin,72 Đã bán,https://www.lazada.vn/products/pdp-i330112023.html,
Phụ kiện điện thoại & máy tính bảng,AUGUST-MALL ZERO,,,,-4,5,"[Sạc nhanh] Pin dự phòng cao cấp 20000MAH - Pin dự phòng 4 trong 1, Thiết kế sang trọng hiện đại - Pin dự phòng tích hợp 2 đèn LED hiển thị phần trăm pin",18 Đã bán,https://www.lazada.vn/products/pdp-i3197357326.html,
Phụ kiện điện thoại & máy tính bảng,UGREEN,900.000 ₫,-40%,540000,-5,5,Pin sạc dự phòng 10000mAh Ugreen | Sạc nhanh PD 20W | Kèm cáp sạc USB-C | Bảo hành 18 tháng 1 đổi 1 45423,8 Đã bán,https://www.lazada.vn/products/pdp-i2955954852.html,
Phụ kiện điện thoại & máy tính bảng,MH GIA DỤNG,1.072.000 ₫,-93%,75040,-208,4.2,"SẠC DỰ PHÒNG MẶT GƯƠNG ĐEN 30000MAH - PIN DỰ PHÒNG , PIN TRÂU GIÁ TỐT - PIN SẠC DỰ PHÒNG CAO CẤP, MẶT GƯƠNG ĐEN NHIỀU MÀU SẮC - SẠC DỰ PHÒNG 30.000MAH DUNG LƯỢNG KHỦNG, SẠC NHANH, CÓ ĐÈN LED",404 Đã bán,https://www.lazada.vn/products/pdp-i3001213030.html,
Phụ kiện điện thoại & máy tính bảng,BEN BEN TPHCM,166.000 ₫,-56%,73040,-33,4.6,"[SẠC NHANH - DUNG LƯỢNG LỚN 30.000MAH] SẠC DỰ PHÒNG TRẮNG ĐEN CAO CẤP DUNG LƯỢNG LỚN - PIN SẠC DỰ PHÒNG 2 CỔNG SẠC TIỆN LỢI, TẶNG KÈM CÁP SẠC - PIN DỰ PHÒNG CHUẨN  CHẤT LƯỢNG CAO",62 Đã bán,https://www.lazada.vn/products/pdp-i2721968760.html,
Phụ kiện điện thoại & máy tính bảng,SHOP ĐỒ CHƠI & GIA DỤNG,120.000 ₫,-62%,45600,-6,4.3,Pin Sạc Dự Phòng 1500mAh Mini  có móc khóa kiêm sạc dự phòng khẩn cấp dễ mang theo tiện lợi,21 Đã bán,https://www.lazada.vn/products/pdp-i2427010229.html,
Phụ kiện điện thoại & máy tính bảng,CHANG TAN,180.000 ₫,-53%,84600,-100,4.7,"[FREESHIP] SẠC PIN DỰ PHÒNG 20000MAH CAO CẤP, SẠC DỰ PHÒNG MINI 4IN1 THIẾT KẾ HIỆN ĐẠI SANG TRỌNG, PIN SẠC DỰ PHÒNG TÍCH HỢP 2 ĐÈN LED, HIỂN THỊ PHẦN TRĂM PIN, SẠC HIỆU QUẢ GIÁ TỐT",163 Đã bán,https://www.lazada.vn/products/pdp-i2620438556.html,
Phụ kiện điện thoại & máy tính bảng,Phụ Kiện Công Nghệ KDTi,120.000 ₫,-29%,85200,-1,5,Sạc Dự Phòng - Pin Đa Năng với Công Suất 5.000mAh - Sạc Nhanh cổng sạc USB và Type-C tích hợp dây sạc,,https://www.lazada.vn/products/pdp-i3080338204.html,
Phụ kiện điện thoại & máy tính bảng,Phát Đạt Phụ Kiện,150.000 ₫,-18%,123000,-7,5,Pin Sạc Dự Phòng HoCo J82 10.000mAh-2 Cổng Sạc Vào-2 Cổng USB.,61 Đã bán,https://www.lazada.vn/products/pdp-i2530482302.html,
Thiết bị đeo thông minh,SAMSUNG Flagship Store,,,,-2,5,"[SALE BRAND DAY - TỪ 20H 30.10] Đồng hồ thông minh Samsung Galaxy Watch8 Classic, Galaxy AI, Vòng xoay bezel vật lý, 46mm",36 Đã bán,https://www.lazada.vn/products/pdp-i3141474220.html,
Phụ kiện điện thoại & máy tính bảng,CHANG TAN,180.000 ₫,-56%,79200,-64,4.9,"Pin Dự Phòng Mặt Gương LCD 30000mAh Tích Hợp Đèn LED Hiển Thị, Sạc Nhanh 2 Cổng USB - Hỗ Trợ Nhiều Thiết Bị",89 Đã bán,https://www.lazada.vn/products/pdp-i3074682687.html,
Phụ kiện điện thoại & máy tính bảng,TECH VALLEY,9.990.000 ₫,-35%,6493500,,,Trạm năng lượng di động Ecoflow River 2 Max (512WH-600W) - Hàng chính hãng - BH 5 năm,,https://www.lazada.vn/products/pdp-i2746048301.html,
Phụ kiện Máy tính,VintageLifestyle_VN,6.990.000 ₫,-11%,6221100,,,"Bàn phím cơ không dây bluetooth, 2.4G Mojo 68 Plastic hồng ngọt ngào MelGeek chính hãng LED RGB có thể hotswap",,https://www.lazada.vn/products/pdp-i2242812542.html,
Smartphones,Xiaomi Official Store,14.990.000 ₫,-3%,14540300,,,"[New] Xiaomi 15T | Thiết kế thân máy bo tròn thanh lịch | Màn hình 6.83"" bảo vệ mắt cùng tần số quét 120Hz | Xiaomi HyperAI | Sạc nhanh HyperCharge 67W | Pin bền bỉ 5500mAh (typ)",19 Đã bán,https://www.lazada.vn/products/pdp-i3181270769.html,
Phụ kiện Máy tính,GiaPhuc Digital,4.690.000 ₫,-17%,3892700,,,"Bàn phím cơ gaming không dây Logitech G715 TKL - Bluetooth và Lightspeed, RGB, kèm kê tay, 2 loại switch, tương thích PC, Mac, Laptop",,https://www.lazada.vn/products/pdp-i2093472552.html,
Phụ kiện Máy tính,RAZER,4.990.000 ₫,-16%,4191600,-1,1,Bàn Phím Gaming Razer Huntsman V3 Pro Mini 61 Phím | Analog Optical Switch | Switch Cơ Gen-2 |PBT Doubleshot | Led RGB,,https://www.lazada.vn/products/pdp-i2470680131.html,
Phụ kiện điện thoại & máy tính bảng,BQgi1kkX,418.000 ₫,-38%,259160,-12,4,"Pin 50.000mAh Sạc Dự Phòng 50.000mAh - Sạc Nhanh 120W, Có Led  Chế Độ",41 Đã bán,https://www.lazada.vn/products/pdp-i3110481622.html,
Phụ kiện điện thoại & máy tính bảng,Home_Technology_89,48.000 ₫,-27%,35040,-3,5,"[02 viên] Pin 18650 - 3,7V sạc lại - 1200mAh đầu bằng pin dung lượng thực pin quat - Pin chính hãng",9 Đã bán,https://www.lazada.vn/products/pdp-i1628949240.html,
Điện,FTP Mobie,249.000 ₫,-34%,164340,-84,4.8,Thiết bị đo công suất 100A 220V công tơ điện tử màn hình LCD hiển thị 6 thông số đồng hồ điện tử,373 Đã bán,https://www.lazada.vn/products/pdp-i789924037.html,
Điện,ForesightOfficialStore,156.200 ₫,-39%,95282,-93,4.8,Bộ điều chỉnh công suất tốc độ thiết bị điện đa năng 1 pha 220V AC 4000W,308 Đã bán,https://www.lazada.vn/products/pdp-i2847650145.html,
Ống nước,SG Music Offical,200.000 ₫,-56%,88000,-19,4.9,"Vòi Lavabo Nóng Lạnh Xoay 720 độ, vòi rửa mặt thông minh, sang trọng, đồng nguyên chất",71 Đã bán,https://www.lazada.vn/products/pdp-i3149907824.html,
Điện,KirinTech Hardware,241.500 ₫,-20%,193200,-12,4.5,"Couspan Đồng hồ kẹp dòng vạn năng kìm ampe kế đo tụ, tần số, nhiệt độ, điện trở, điện áp đèn pin",44 Đã bán,https://www.lazada.vn/products/pdp-i3105613986.html,
Phụ kiện điện thoại & máy tính bảng,A_Hoco_Shop,184.100 ₫,-37%,115983,-75,4.6,Sạc Dự Phòng  Tích Hợp 4 Dây Sạc Dung Lượng 20000mAh Có Thể Sử Dụng Năng Lượng Mặt Trời,226 Đã bán,https://www.lazada.vn/products/pdp-i2891627225.html,
Thiết bị nhà bếp,Phát Đạt Phụ Kiện,160.000 ₫,-27%,116800,-1930,4.8,Ấm Siêu Tốc Thủy Tinh Cao Cấp 2.0 Lít CUCKDD Model GD-ST16 - Bình Siêu Tốc Có Đèn Led - Tự Ngắt Khi Sôi,6.2K Đã bán,https://www.lazada.vn/products/pdp-i2585087521.html,
Điện,Coofari Tools Store,311.800 ₫,-53%,146546,-62,5,Set 1200 cos dây điện thiết bị đầu nối đầu cos dây điện Electrapick cách điện cho xe ô tô,157 Đã bán,https://www.lazada.vn/products/pdp-i2629253473.html,
Dụng cụ điện & phụ kiện,Điện thông minh Shop,155.000 ₫,-39%,94550,-67,4.8,"(1 THÔNG SỐ),Công tơ điện 220V-80A đo lượng điện tiêu thụ (KWh).Thiết bị đo số điện tiêu thụ,đồng hồ đo điện 1 pha",438 Đã bán,https://www.lazada.vn/products/pdp-i1573144578.html,
Phụ kiện Máy tính,HAWEEL.Achoice-VN,15.000 ₫,-33%,10050,-2644,4.9,"Thảm bàn PU Mouse Pad hai mặt, Kích thước: 60 x 30cm",8.6K Đã bán,https://www.lazada.vn/products/pdp-i2518438457.html,
Phụ kiện điện thoại & máy tính bảng,CHANG TAN,180.000 ₫,-57%,77400,-81,4.8,[SALE 2025]SẠC DỰ PHÒNG MẶT ĐEN CAO CẤP 20000MAH DUNG LƯỢNG KHỦNG - PIN DỰ PHÒNG CÓ MÀN HÌNH LCD HIỂN THỊ PHÂN TRĂM PIN + 2 CỔNG RA ĐÈN LED SIÊU SÁNG - PIN SẠC DỰ PHÒNG CAO CẤP,112 Đã bán,https://www.lazada.vn/products/pdp-i2951605253.html,
Trang trí nhà cửa,TAO Home Décor,1.038.000 ₫,-12%,913440,,,Đồng Hồ Điện Tử LED Số Liệu Thời Gian Vạn Niên Không Đồng Hồ Báo Thức Sáng Tạo Phòng Khách Đồng Hồ Điện Tử Không Tiếng Hoạt Hình,615 Đã bán,https://www.lazada.vn/products/pdp-i2830961219.html,
Điện,Auto Tour,400.000 ₫,-40%,240000,,,"Đồng Hồ Đo Năng Lượng Dòng Điện Điện Áp LCD Kỹ Thuật Số, AC80-260V 100A 20A Chỉ Số Vôn Kế Ampe Kế Wattmeter Tester Detector TX-061",,https://www.lazada.vn/products/pdp-i3021278373.html,
Điện,ANENG  Store,280.706 ₫,-35%,182458,-30,5,ANENG Đồng Hồ Kẹp Đo Điện Kỹ Thuật Số Đồng Hồ Vạn Năng ST170 Vôn Kế Điện Xoay Chiều/DC 1999 Đếm 500A Kiểm Thử Đi-ốt Điện Dung NCV Ohm Hz,86 Đã bán,https://www.lazada.vn/products/pdp-i1585391076.html,
Điện,ANENG  Store,225.210 ₫,-35%,146386,-3,5,Aneng Đồng hồ vạn năng thông minh mini M115 4000 đếm kỹ thuật số DC/Đồng hồ đo điện áp xoay chiều vạn năng Ohm NCV dụng cụ kiểm tra điện trở,5 Đã bán,https://www.lazada.vn/products/pdp-i3131567196.html,
Điện,3celectronicstore,110.100 ₫,-36%,70464,-2,5,Ổ cắm điện đa năng 7 Cổng Sạc USB 2 Cáp USB 3 Và 5M Dây Cáp Dày Chất Lượng Cao 100% Chính Hãng,7 Đã bán,https://www.lazada.vn/products/pdp-i2669736349.html,
Điện,Dempsey Kitto,765.504 ₫,-4%,734883,,,Đồng hồ vạn năng chống cháy thông minh đa năng aneng Q10 9999 từ với giá trị hiệu quả thực sự linh kiện điện tử dụng cụ kiểm tra,,https://www.lazada.vn/products/pdp-i2446870679.html,
Dụng cụ điện & phụ kiện,GlobalSuperBazaar,430.000 ₫,-23%,331100,,,"Bộ Dụng Cụ Điện Tử Máy Hiện Sóng Kỹ Thuật Số Mini DIY Với MCU STC8K8A Màn Hình OLED 0,96 Inch Dự Án Hàn Để Thực Hành Lắp Ráp",,https://www.lazada.vn/products/pdp-i3162804332.html,
Điện,GlobalLifestyle,631.000 ₫,-35%,410150,,,Đồng Hồ Vạn Năng Kỹ Thuật Số RZ Multimetro Ampe Kế Vôn Kế Có Đèn Nền Máy Đo Tần Số Điện Trở Diode Công Cụ Đo Điện,,https://www.lazada.vn/products/pdp-i3218841194.html,
Điện,Mao Yun,459.577 ₫,-45%,252767,-41,5,Máy Kiểm Tra Năng Lượng Điện Kỹ Thuật Số Mới 2021 Vôn Kế Ampe Kế Đồng Hồ Đo Năng Lượng Điện Áp Dòng Điện Xoay Chiều 50-300V Đồng Hồ Vôn Kế Màn Hình LED Đồng Hồ Vạn Năng 0-100A,88 Đã bán,https://www.lazada.vn/products/pdp-i1513594130.html,
Phụ kiện điện thoại & máy tính bảng,Inno Tech,169.000 ₫,-47%,89570,-241,4.6,"Sạc Dự Phòng 10000mah Không Dây, Sạc 2 Thiết Bị Cùng Lúc, Có Giá Đỡ ĐT, Dùng Trường Hợp Khẩn Cấp",697 Đã bán,https://www.lazada.vn/products/pdp-i2412411125.html,
Phụ kiện điện thoại & máy tính bảng,Ruby Luxury,,,,,,"Màn hình kỹ thuật số thời gian thực Cáp sạc siêu nhanh, có thể truyền dữ liệu cùng một lúc, cáp bện dày hơn, đồng nguyên",,https://www.lazada.vn/products/pdp-i2911416900.html,
Phụ kiện điện thoại & máy tính bảng,ELLYN.E SHOP,190.000 ₫,-54%,87400,-56,4.6,"[MÀU NGẪU NHIÊN]PIN DỰ PHÒNG 20000MAH CAO CẤP - SẠC DỰ PHÒNG MINI 4IN1 THIẾT KẾ HIỆN ĐẠI SANG TRỌNG - PIN SẠC DỰ PHÒNG TÍCH HỢP 2 ĐÈN LED , HIỂN THỊ PHẦN TRĂM PIN",97 Đã bán,https://www.lazada.vn/products/pdp-i3044942426.html,
Phụ kiện điện thoại & máy tính bảng,MỘC ÂN SHOP TPHCM,178.000 ₫,-55%,80100,-109,4.7,"SẠC DỰ PHÒNG MẶT GƯƠNG ĐEN CAO CẤP DỤNG LƯỢNG 30000MAH - PIN DỰ PHÒNG MẶT ĐEN BÓNG THIẾT KẾ 2 CỔNG SẠC HÔNG - PIN SẠC DỰ PHÒNG GIÁ RẺ CHẤT LƯỢNG, CÓ ĐÈN LED CHIẾU SÁNG TIỆN DỤNG - SẠC DỰ PHÒNG GIÁ TỐT",150 Đã bán,https://www.lazada.vn/products/pdp-i3055668308.html,
Phụ kiện Tivi & thiết bị video,phukienchinhhangTPHCM,299.000 ₫,-30%,209300,-518,4.8,Remote tivi Samsung giọng nói hàng loại 1,2.2K Đã bán,https://www.lazada.vn/products/pdp-i1364061731.html,
Phụ kiện điện thoại & máy tính bảng,Townson_Tech,300.000 ₫,-24%,228000,-128,4.7,Sạc Dự Phòng 100000mAh Có Sạc Nhanh PD 20W Kèm 4 Cáp Sạc Dung Lượng Lớn Màn Hình LED Hiện Thị Phần Trăm Pin,398 Đã bán,https://www.lazada.vn/products/pdp-i2896685791.html,
Phụ kiện điện thoại & máy tính bảng,ZAPLY,202.500 ₫,-36%,129600,,,Mini Power Bank 5000mAh/10000mAh Typc-c + LN Giao diện kép Màn hình LED Power Bank di động PD20W Sạc nhanh cho điện thoạ,,https://www.lazada.vn/products/pdp-i3183676835.html,
Điện,KHO TỔNG SỈ CƠ KHÍ - HN-SGG,188.000 ₫,-48%,97760,-22,5,THIẾT BỊ TIẾT KIỆM ĐIỆN CHO VĂN PHÒNG HỘ GIA ĐÌNH  ĐIỆN ÁP ỔN ĐỊNH,56 Đã bán,https://www.lazada.vn/products/pdp-i3133198083.html,
Phụ kiện điện thoại & máy tính bảng,TAIDU STORE,96.000 ₫,-38%,59520,,,Taidu 10000 Ma đi kèm với sạc dự phòng bốn dây Tương thích với Apple Android Loại-C sạc nhanh Màn hình hiển thị kỹ thuật số nguồn điện cầm tay,,https://www.lazada.vn/products/pdp-i3200498227.html,
Phụ kiện điện thoại & máy tính bảng,Linh Kiện Pin 247 HCM,138.000 ₫,-50%,69000,-50,4.9,"LK247 Mạch Sạc Dự Phòng QC4.0 QC3.0 Sạc nhanh 2 chiều 22.5W Type-C có tích hợp mạch Bảo Vệ cho pin 18650, lipo 3.7v Limo",141 Đã bán,https://www.lazada.vn/products/pdp-i2676713269.html,
Phụ kiện điện thoại & máy tính bảng,z9PCM2GN,685.000 ₫,-51%,335650,,,Pin sự Sạc Dự Phòng trong suốt sạc nhanh 50.000MAH đèn sạc nhiều thiết bị dung lượng 80000mah  lớn new có 2 dây,,https://www.lazada.vn/products/pdp-i3199898756.html,
Phụ kiện điện thoại & máy tính bảng,lenguyenshop1,,,,,,Box sạc dự phòng 8 Cell dùng pin 18650 mạch đã hàn chưa pin vỏ sạc dự phòng,,https://www.lazada.vn/products/pdp-i3173204594.html,
Phụ kiện điện thoại & máy tính bảng,VUA BÁN LẺ 88,80.000 ₫,-25%,60000,-53,4.7,Box sạc dự phòng 4 cell nhôm (chưa bao gồm pin)[ giảm cực khủng ] .,157 Đã bán,https://www.lazada.vn/products/pdp-i391800946.html,
Phụ kiện điện thoại & máy tính bảng,Townson_Tech,180.000 ₫,-23%,138600,-50,4.4,Sạc Dự Phòng 30000mAh Có Sạc Nhanh PD 20W Kèm 3 Cáp Sạc Dung Lượng Lớn Màn Hình LED Hiện Thị Phần Trăm Pin,173 Đã bán,https://www.lazada.vn/products/pdp-i2896757736.html,
Phụ kiện điện thoại & máy tính bảng,CHANG TAN,80.000 ₫,-75%,20000,-39,4.5,"[SẠC ĐƯỢC MỌI DÒNG MÁY] SẠC DỰ PHÒNG CAO CẤP 20000MAH - PIN DỰ PHÒNG 4 ĐẦU SẠC THÔNG MINH, HỖ TRỢ SẠC NHIỀU ĐIỆN THOẠI CÙNG LÚC, CÓ ĐÈN LED CHIẾU SÁNG",69 Đã bán,https://www.lazada.vn/products/pdp-i2620397951.html,
Phụ kiện điện thoại & máy tính bảng,Bella Pumps,127.000 ₫,-27%,92710,,,"Bella nhỏ gọn pin sạc dự phòng với cáp và đèn LED tích hợp, đồ sạc di động sức chứa lớn",,https://www.lazada.vn/products/pdp-i3146307124.html,
Phụ kiện điện thoại & máy tính bảng,thaolinh950950,,,,,,Pin Sạc Dự Phòng Năng Lượng Mặt Trời Nhoe Gon Tiện Dụng,,https://www.lazada.vn/products/pdp-i1945087627.html,
Phụ kiện điện thoại & máy tính bảng,BEN BEN TPHCM,170.000 ₫,-50%,85000,-106,4.8,"[HÀNG Y HÌNH] PIN SẠC DỰ PHÒNG 20000MAH CAO CẤP, SẠC DỰ PHÒNG MINI 4IN1 THIẾT KẾ HIỆN ĐẠI SANG TRỌNG, PIN SẠC DỰ PHÒNG TÍCH HỢP 2 ĐÈN LED HIỂN THỊ PHẦN TRĂM PIN BH 1 ĐỔI 1 TRONG VÒNG 7 NGÀY - SẠC DỰ PHÒNG CÔNG NGHỆ CAO",140 Đã bán,https://www.lazada.vn/products/pdp-i2649667361.html,
Phụ kiện Tivi & thiết bị video,CÔNG TY TNHH ANH QUÂN,34.900 ₫,-11%,31061,-67,4.7,ĐIỀU KHIỂN TV SAMSUNG SMART Vuông Dẹt ĐA NĂNG TƯƠNG THÍCH TẤT CẢ CÁC MẪU TV [Loại Thẳng không micro],419 Đã bán,https://www.lazada.vn/products/pdp-i2517645505.html,
Phụ kiện Máy tính,HDC HOME,100.000 ₫,-50%,50000,-5,5,"Thảm Lót Chuột Cỡ Lớn, Chất Kiệu Da PU Chống Nước, Dùng Được 2 Mặt",27 Đã bán,https://www.lazada.vn/products/pdp-i1572754454.html,
Phụ kiện điện thoại & máy tính bảng,7bekZzat,300.000 ₫,-33%,201000,-8,5,"Sạc dự phòng 20000mAh tích hợp cáp sạc nhanh và màn hình LED cho thiết bị di động,  có 3 dây cáp cổng ra",21 Đã bán,https://www.lazada.vn/products/pdp-i3084625176.html,
Ống nước,Shop Vattudailoc ( Công Đại Lộc ),350.000 ₫,-49%,178500,-68,5,"Đầu nong ống PVC đa kích thước 21,27,34,42,49,60 – giải pháp cho thợ điện nước loe măng xông Tiện Lợi",213 Đã bán,https://www.lazada.vn/products/pdp-i3167764102.html,
Phụ kiện điện thoại & máy tính bảng,GUTEK,250.000 ₫,-45%,137500,-127,4.9,Pin Sạc dự phòng 20000mah sạc nhanh 20W nhỏ gọn có sẵn dây sạc điện thoại – Gutek GT18,472 Đã bán,https://www.lazada.vn/products/pdp-i3104235642.html,
Đồ gia dụng chăm sóc cá nhân,LAKA TRADING,70.000 ₫,-31%,48300,-181,4.9,[HCM](Sales Có Quà) Bút Massage mắt mini cầm tay 308 (Tặng Kèm 1 Móc Khoá Bất Kỳ) - Electric Mini Vibrations Pouch Eye Massage Pen (Bút Massage mini cầm tay máy mát xa mắt mini),865 Đã bán,https://www.lazada.vn/products/pdp-i900712807.html,
Điện thoại bàn,LeNgan _Store,399.000 ₫,-25%,299250,-65,4.9,"điện thoại Realme V20 5G Chính Hãng 2sim ram 8G bộ nhớ 256G, Cấu hình Chip Cao mạnh mẽ Cày Liên Quân- PUBG-Free Fire-Tiktok siêu mượt-SS",71 Đã bán,https://www.lazada.vn/products/pdp-i2973940359.html,
Trò chơi bàn cờ & trí naoz,Z0xXxc.Selection,65.000 ₫,-24%,49400,-3151,4.9,Đồ Chơi Teaser Giáo Dục Giảm Căng Thẳng Cho Trẻ Em - Trò Chơi Giải Nén Vui Nhộn Giúp Tăng Cường Nồng Độ,11.1K Đã bán,https://www.lazada.vn/products/pdp-i2526365935.html,
Phụ kiện điện thoại & máy tính bảng,Store Houseware,198.000 ₫,-56%,87120,-17,4.9,5 Trong 1 60W Nhanh Chóng Sạc đa năng Cáp dữ liệu Điện Thoại Di Động Giá để điện thoại Lưu Trữ Hộp Với Lấy Thẻ Pin,83 Đã bán,https://www.lazada.vn/products/pdp-i2738301521.html,
Đồ dùng tiệc,lieyh9,119.000 ₫,-41%,70210,-56,4.4,LIEYH Truyện cười thực tế Mới lạ Trò đùa Gậy điện giật Gậy đèn pin Gây sốc Chống căng thẳng Đồ chơi an toàn hiện tại thấp Đồ chơi đùa đèn pin Đồ chơi gậy điện giả mạo Đèn pin,202 Đã bán,https://www.lazada.vn/products/pdp-i1749730941.html,
Dụng cụ đo lường,Home_Technology_89,199.000 ₫,-27%,145270,-56,4.9,"Đồng hồ đo công suất tiêu thụ điện thiết bị 220V, ổ cắm đo công suất",185 Đã bán,https://www.lazada.vn/products/pdp-i1599521552.html,
Phụ kiện điện thoại & máy tính bảng,CHANG TAN,180.000 ₫,-57%,77400,-69,4.6,"[PIN TRÂU 30000MAH] SẠC DỰ PHÒNG CAO CẤP 30.000MAH THIẾT KẾ MÀN HÌNH GƯƠNG CỰC SANG TRỌNG, 2 CỔNG SẠC NHANH,ĐÈN LED SIÊU SÁNG TẦM NHÌN TỐT, SẠC DỰ PHÒNG AN TOÀN CHO MỌI DÒNG ĐIỆN THOẠI",87 Đã bán,https://www.lazada.vn/products/pdp-i2620556140.html,
Phụ kiện điện thoại & máy tính bảng,NOBAHSI,102.000 ₫,-14%,87720,-22,4.9,Pin Sạc 20000mah sạc nhanh 20W nhỏ gọn có sẵn dây sạc điện thoại,66 Đã bán,https://www.lazada.vn/products/pdp-i3189163339.html,
Dụng cụ cầm tay & phụ kiện,Smart Room,,,,-19,4.9,Đồng hồ vạn năng điện tử ZOYI ZT102 đồng hồ đa năng kỹ thuật số màn hình LCD ZT 102,91 Đã bán,https://www.lazada.vn/products/pdp-i1993688449.html,
Trường học & văn phòng,MMLUCK,82.000 ₫,-24%,62320,,,MMLUCK Thuận tiện Cầm tay Cầm tay Máy đếm Màn hình điện tử Tay LCD Kỹ thuật số,,https://www.lazada.vn/products/pdp-i3074652489.html,
Trang trí nhà cửa,MijiaPlay,129.000 ₫,-31%,89010,-1,5,Đồng hồ điện tử 3Life Ngày hiển thị tuần Cài đặt báo thức kép Nghiêng góc nhìn 15 ° Đồng hồ đầu giường kỹ thuật số,,https://www.lazada.vn/products/pdp-i3188910426.html,
Điện,SimpleProject Home,199.868 ₫,-13%,173885,-145,4.8,"Vôn Kế, Đồng Hồ Vạn Năng Kỹ Thuật Số Bỏ Túi AC/DC XB866-INTL",333 Đã bán,https://www.lazada.vn/products/pdp-i1089560157.html,
Điện,ANENG  Store,322.454 ₫,-35%,209595,-60,4.7,"Aneng Đồng Hồ Kẹp Kỹ Thuật Số RMS Thật Đếm Được ST180 4000 Đồng Hồ Vạn Năng Điện Áp Dòng Điện Xoay Chiều Đo Đặc Biệt Dành Cho Thợ Điện Ampe Kế, Hiển Thị Đèn Nền Kiểm Tra Điện Áp Công Cụ Ohm Giữ Dữ Liệu NCV Tụ HZ",191 Đã bán,https://www.lazada.vn/products/pdp-i1279730475.html,
Điện,CH thiết bị đo điện Gex.vn,,,,-4,4.5,Công tơ điện tử 3 pha 1 biểu giá  trực tiếp 100A,23 Đã bán,https://www.lazada.vn/products/pdp-i2616535856.html,
Điện,ĐIỆN TUẤN KHANG,1.550.000 ₫,-26%,1147000,,,"[NEXUS]Công Tơ Điện Tử và Cơ Điện Tử  3 Pha 4 Dây,Chính Hãng Có Giấy Kiểm Định, Công Suất 100A",,https://www.lazada.vn/products/pdp-i2697179308.html,
Phụ kiện điện thoại & máy tính bảng,Vention Franchised Store,998.000 ₫,-43%,568860,-19,5,Vention 10000mAh 35W Sạc Dự Phòng - Dây Type-C Tích Hợp - Sạc Nhanh PD PPS - Thiết Kế Nhỏ Gọn - Đủ Tiêu Chuẩn Lên Máy Bay - Chính Hãng,39 Đã bán,https://www.lazada.vn/products/pdp-i2842177786.html,
Phụ kiện Máy tính,HOSAN OFFICIAL,1.500.000 ₫,-37%,945000,-3,5,"Bàn Phím Cơ Bluetooth Không Dây Attack Shark X85 - Bàn Phím Gaming Led RGB, Hotswap, 3 Mode Kết Nối",5 Đã bán,https://www.lazada.vn/products/pdp-i2793501039.html,
Phụ kiện điện thoại & máy tính bảng,HD Store Q -Phụ Kiện Điện Tử,250.000 ₫,-23%,192500,-8,4.8,Đế sạc nhanh không dây 30W thích hợp cho iphone 11 Pro Xs Max X Xr 8 Samsung S20 Xiaomi mi 9 và nhiều thiết bị,25 Đã bán,https://www.lazada.vn/products/pdp-i3101418095.html,
Điện thoại bàn,UniverTechno,,,,,,ĐIỆN THOẠI BÀN PANASONIC KX-TSC11.MÀN HÌNH HIỆN SỐ.HÀNG CŨ NHƯ HÌNH VÀ VIDEO THẬT,,https://www.lazada.vn/products/pdp-i2537904239.html,
Phụ kiện điện thoại & máy tính bảng,Điện Tử Giá Tốt 1626690982,,,,-18,4.9,Mạch sạc dự phòng màn led 5V2A báo % pin siêu rẻ,82 Đã bán,https://www.lazada.vn/products/pdp-i1598907350.html,
Điện,TBĐ NAM ĐỊNH,,,,,,Công tơ điện tử đa chức năng - Bảo vệ mất pha trung tính - Bảo vệ quá tải,,https://www.lazada.vn/products/pdp-i2825362267.html,
Phụ kiện Máy tính,BẢO HÂN TREASURES COMPUTER,,,,,,Bàn phím vi tính Keychron Q1M/ Q1 Max Swappable RGB Backlight Knob Version - Hàng Chính Hãng,,https://www.lazada.vn/products/pdp-i2923629603.html,
Phụ kiện Máy tính,BẢO HÂN TREASURES COMPUTER,,,,,,Bàn phím vi tính Keychron L1-M3 L1 Swappable RGB Backlight Brown Switch Knob Version - Black - Hàng Chính Hãng,,https://www.lazada.vn/products/pdp-i2924775038.html,
Dụng cụ cầm tay & phụ kiện,Lâm Nghĩa,100.000 ₫,-31%,69000,-14,4.9,Đồng hồ đo vạn năng cho thợ điện tử DT-830D ( Loa báo thông mạch),38 Đã bán,https://www.lazada.vn/products/pdp-i311866533.html,
Điện,TAO Hard Tools,231.000 ₫,-6%,217140,-2,5,"Độ Chính Xác Cao Nguồn Điện Máy Đo Tần Số Điện Năng Lượng Máy Hiển Thị Kỹ Thuật Số, Điện Máy Đo 220V 100A Điện Đa Năng Dụng Cụ",604 Đã bán,https://www.lazada.vn/products/pdp-i2524241934.html,
Phụ kiện Máy tính,krh383,999.999 ₫,-3%,969999,,,Aigo A100 gaming mechanical keyboard 2.4g wireless USB Type-C wired Blue switch 100 key hot swap rechargeable gamer keyboard,,https://www.lazada.vn/products/pdp-i2600008778.html,
Phụ kiện Máy tính,i1fyeu,,,,,,"K68 Không Dây Bàn Phím Cơ Khí, Bluetooth 5.0/2.4Ghz Với 2-Trong-1 Receiver, 68-Key Bàn Phím Chơi Game, Cho PC Mac X điện thoại thông minh",,https://www.lazada.vn/products/pdp-i2640633575.html,
Phụ kiện điện thoại & máy tính bảng,BEN BEN TPHCM,1.070.000 ₫,-93%,74900,-89,4.3,"[SẠC DỰ PHÒNG CAO CẤP] SẠC DỰ PHÒNG 30.000MAH CHẤT LƯỢNG CAO VÔ PIN NHANH - PIN DỰ PHÒNG CAO CẤP , 2 CỔNG SẠC, TẶNG KÈM CÁP SẠC - PIN SẠC DỰ PHÒNG GIÁ RẺ CAO CẤP SANG TRỌNG, SALE SỐC",171 Đã bán,https://www.lazada.vn/products/pdp-i2820581714.html,
Phụ kiện điện thoại & máy tính bảng,PHỤ KIỆN NHÀ MÍT,170.000 ₫,-51%,83300,-44,4.9,"[TẶNG CÁP - DUNG LƯỢNG KHỦNG 30000MAH] SẠC DỰ PHÒNG MẶT GƯƠNG HIỂN THỊ DUNG LƯỢNG 30000MAH - PIN DỰ PHÒNG TRÁNG GƯƠNG THIẾT KẾ CAO CẤP SANG TRỌNG, HỖ TRỢ SẠC NHANH, 2 CỔNG SẠC USB TIỆN DỤNG, THÍCH HỢP VỚI MỌI DÒNG MÁY",62 Đã bán,https://www.lazada.vn/products/pdp-i2652012080.html,
Phụ kiện điện thoại & máy tính bảng,YK SHOPS,172.000 ₫,-56%,75680,-1,5,"GIÁ TỐT -  PIN DỰ PHÒNG 20000MAH CAO CẤP - SẠC DỰ PHÒNG MINI 4IN1 THIẾT KẾ HIỆN ĐẠI SANG TRỌNG - PIN SẠC DỰ PHÒNG TÍCH HỢP 2 ĐÈN LED , HIỂN THỊ PHẦN TRĂM PIN, BH 1 ĐỔI 1 TROG VÒNG 7 NGÀY",,https://www.lazada.vn/products/pdp-i2697186313.html,
Phụ kiện điện thoại & máy tính bảng,htk_h,270.000 ₫,-26%,199800,-70,4.9,[41] Box sạc 8 cell 18650 sạc nhanh 22.5W PD3.0 QC3.0 vỏ nhôm M8,298 Đã bán,https://www.lazada.vn/products/pdp-i278124562.html,
Phụ kiện điện thoại & máy tính bảng,KEBETEME,198.412 ₫,-29%,140872,-263,4.7,Kebememe 60W sạc không dây có thể gập lại Trạm Sạc nhanh cho điện thoại,430 Đã bán,https://www.lazada.vn/products/pdp-i2448769146.html,
Trường học & văn phòng,KOUZIO.Selection,11.400 ₫,-38%,7068,-5826,4.9,"Bộ 3 Bút Dạ Kép Viền Màu – Viết Ghi Chú, Trang Trí Sổ Tay | Mực Khô Nhanh, Viền Ánh Kim, Quà Tặng Sáng Tạo",18.4K Đã bán,https://www.lazada.vn/products/pdp-i2501286452.html,
Phụ kiện điện thoại & máy tính bảng,MỘC ÂN SHOP TPHCM,170.000 ₫,-54%,78200,-47,4.7,"[CHẤT LƯỢNG CAO] PIN SẠC DỰ PHÒNG 20000MAH CAO CẤP, SẠC DỰ PHÒNG MINI 4IN1 THIẾT KẾ HIỆN ĐẠI SANG TRỌNG, PIN SẠC DỰ PHÒNG TÍCH HỢP 2 ĐÈN LED HIỂN THỊ PHẦN TRĂM PIN - SẠC DỰ PHÒNG DUNG LƯỢNG CAO",68 Đã bán,https://www.lazada.vn/products/pdp-i2650069523.html,
Phụ kiện điện thoại & máy tính bảng,AUGUST-MALL ZERO,,,,-3,5,"[SALE XẢ KHO] PIN DỰ PHÒNG 20000MAH CAO CẤP - SẠC DỰ PHÒNG MINI 4IN1 THIẾT KẾ HIỆN ĐẠI SANG TRỌNG - PIN SẠC DỰ PHÒNG TÍCH HỢP 2 ĐÈN LED , HIỂN THỊ PHẦN TRĂM PIN",13 Đã bán,https://www.lazada.vn/products/pdp-i3197344877.html,
Máy tính để bàn,shopdientugiare88,,,,-8,4.5,Case máy tính đồng bộ Acer H81+core i3 + Ram 4gb/8Gb+SSD120gb/256gb tùy loại,41 Đã bán,https://www.lazada.vn/products/pdp-i2611204104.html,
Dụng cụ cầm tay & phụ kiện,lenguyenshop1,,,,,,Đồng hồ đo điện vạn năng Samwa YX-960TR,,https://www.lazada.vn/products/pdp-i3156597824.html,
Đồ chơi cho trẻ sơ sinh & trẻ nhỏ,5rsdiD.Selection,45.800 ₫,-29%,32518,-2508,4.9,"Đèn ngủ LED chiếu sáng trần nhà , tạo không gian sống động vui nhộn ........Nhiều màu sắc lựa chọn",7.0K Đã bán,https://www.lazada.vn/products/pdp-i2537949166.html,
Phụ kiện điện thoại & máy tính bảng,Inno Tech,300.000 ₫,-7%,279000,-49,4.9,"Sạc Dự Phòng 20000mAh, 50000mah Sạc Nhanh PD 22.5w Nối Sẵn Dây Sạc Iightning và type-c, Sạc Cùng Lúc Nhiều Thiết Bị, Sạc Dự Phòng",186 Đã bán,https://www.lazada.vn/products/pdp-i2733120446.html,
Túi xách nữ,STAR FRUIT MALL,86.000 ₫,-31%,59340,-4,5,Dải nguồn điện phổ quát với nhiều cửa hàng và cổng USB cho gia đình và văn phòng,,https://www.lazada.vn/products/pdp-i3157697845.html,
Phụ kiện Máy tính,LAMJAD 9,597.000 ₫,-44%,334320,-104,4.5,Bộ bàn phím chuột + dock điện thoại G6 - M1 pro chơi Game nhạy +  (Tặng kèm lót chuột  + giá đỡ)  - K1351,301 Đã bán,https://www.lazada.vn/products/pdp-i2500181961.html,
Phụ kiện điện thoại & máy tính bảng,HC SHOP HCM,1.074.000 ₫,-92%,85920,-24,5,"[DUNG LƯỢNG 30000MAH - TẶNG CÁP SẠC] SẠC DỰ PHÒNG MẶT GƯƠNG DUNG LƯỢNG 300000MAH - PIN DỰ PHÒNG TRÁNG GƯƠNG CAO CẤP, DUNG LƯỢNG CAO - PIN SẠC DỰ PHÒNG 30 000 MAH , HỖ TRỢ SẠC NHIỀU MÁY CÙNG LÚC, CÓ ĐÈN LED CHIẾU SÁNG THÔNG MINH",32 Đã bán,https://www.lazada.vn/products/pdp-i2496444006.html,
Điện,cosmetics.beauty,428.000 ₫,-57%,184040,-1,5,Công Tơ Điện 1 Pha Thông Minh D52-2066 - Đồng Hồ Điện Tử Gia Đình 220V 5-60A - Màn Hình LCD Hiển Thị Số,,https://www.lazada.vn/products/pdp-i3178087615.html,
Dụng cụ cầm tay & phụ kiện,TI DO,,,,-42,4.9,[HCM]Đồng Hồ Kìm Đo Dòng Điện Ampe Kế Đa Năng,111 Đã bán,https://www.lazada.vn/products/pdp-i366552918.html,
Điện thoại bàn,MYSON MOBILE,1.297.000 ₫,-38%,804140,-31,4.9,"GIÁ RẺ RENO 2Z điện thoai  RENO2 Z 2SIM, 8GB/256GB MÁY FULL CHỨC NĂNG.. NGON BỔ RẺ..MS",32 Đã bán,https://www.lazada.vn/products/pdp-i3050533297.html,
Thiết bị nhà bếp,TUVINA SHOP,749.000 ₫,-20%,599200,-23,5,Lò Nướng Điện Đa Năng Comet CM6510 10L 10 Lít - Hàng Chính Hãng (Bảo Hành 12 Tháng),141 Đã bán,https://www.lazada.vn/products/pdp-i1526736860.html,
Phụ kiện điện thoại & máy tính bảng,GinKa,998.000 ₫,-55%,449100,-2128,4.8,"(PIN SIÊU LỚN - SẠC SIÊU NHANH) Sạc Dự Phòng chất lượng cao GK-YM177 PIN Polymer cao cấp 30000mAh, 3 cổng sạc đầu vào, 2 cổng sạc đầu ra, hỗ trợ sạc nhanh, ngân hàng dự trữ năng lượng lớn, màn hình LED hiển thị sắc nét (GINKA)",4.6K Đã bán,https://www.lazada.vn/products/pdp-i1487088109.html,
Đồ chơi nhồi bông,zhakuzu,250.000 ₫,-36%,160000,-332,4.9,"(Có link BigSize 2m] Gấu bông Khủng long đuôi tim, mắt lồi",1.1K Đã bán,https://www.lazada.vn/products/pdp-i2343185436.html,
,,,,,,,Đồng Hồ Đo Điện Vạn Năng Zoyi Zt-301 Đo Điện Đa Năng Hiển Thị Kỹ Thuật Số 8000 Số Đếm Đo Tụ & Tần Số - Hàng Chính Hãng,,https://www.lazada.vn/products/pdp-i1952277195.html,
Đồ gia dụng chăm sóc cá nhân,ZODAN Corporation,278.000 ₫,-64%,100080,-1740,4.9,"Máy mát xa cầm tay, massage toàn thân ZB720 Với 4 Đầu Thay Thế 6 Cấp Độ BH 12 Tháng",5.5K Đã bán,https://www.lazada.vn/products/pdp-i2531814408.html,
Điện,Tổng Kho Linh Kiện Điện Tử VN,,,,-34,4.6,"Đồng Hồ Vạn Năng Điện Tử XL830L XL830 830 - Đồng Hồ Đo Điện áp DC, AC, Đo dòng điện, đo điện trở (Có Pin)",124 Đã bán,https://www.lazada.vn/products/pdp-i2225479414.html,
Dụng cụ đo lường,Electrical,139.000 ₫,-37%,87570,-64,4.8,Công tơ điện tử 1 pha 220V-80A LW - đồng hồ đo công suất tiêu thụ Kwh,578 Đã bán,https://www.lazada.vn/products/pdp-i2120640285.html,
Smartphones,MYSON MOBILE,409.000 ₫,-27%,298570,-78,4.6,Điện thoại Xiaomi Mi 11 Lite 5G Ram 8GB bộ nhớ 128GB chính hãng full chức năng_MBMS,101 Đã bán,https://www.lazada.vn/products/pdp-i2880131373.html,
Điện,yến sàoo,70.000 ₫,-39%,42700,-77,4.8,Combo 2 ổ Cắm Điện Thông Minh Đa Năng Cổng Sạc USB,328 Đã bán,https://www.lazada.vn/products/pdp-i2626240202.html,
Điện thoại bàn,PhanLong10 Store,,,,,,"Điện Thoại Thông Minh 5S quốc tế, kèm sạc, bảo hành 3 tháng",,https://www.lazada.vn/products/pdp-i3217465970.html,
Dụng cụ đo lường,Thợ Máy,245.000 ₫,-3%,237650,-17,5,"Đồng Hồ Vạn Năng Zoyi ZT-100 Đo Điện Kỹ Thuật Số Thiết Kế Nhỏ Gọn, Màn Hình Hiển Thị Lớn, Dễ Đọc",53 Đã bán,https://www.lazada.vn/products/pdp-i1952290089.html,
Dụng cụ đo lường,Điện tử nmt,,,,-6,5,Đồng hồ đo điện vạn năng SANWA YX-306TRn,19 Đã bán,https://www.lazada.vn/products/pdp-i2148688475.html,
Thiết bị đeo thông minh,Pilot Star_VN.Selection,16.500 ₫,-33%,11055,-561,4.8,"Thiết kế cổ điển Đồng hồ nam kỹ thuật số LED, đồng hồ thép",1.8K Đã bán,https://www.lazada.vn/products/pdp-i2529200179.html,
Dụng cụ đo lường,Home elictric,119.000 ₫,-25%,89250,-6,4.3,Công tơ điện tử 1 pha 220V-80A LW - đồng hồ đo công suất tiêu thụ Kwh,27 Đã bán,https://www.lazada.vn/products/pdp-i1570212121.html,
Dụng cụ nhà bếp,CleverOfficial Store,136.000 ₫,-42%,78880,-7,5,⚡Miễn Phí Vận Chuyển⚡Cân Tiểu Ly Điện Tử Dùng Pha Chế 3Kg/0.1g (Tặng Kèm Khay Trong Suốt I2000),209 Đã bán,https://www.lazada.vn/products/pdp-i2439073989.html,
Dụng cụ cầm tay & phụ kiện,Thế Giới Linh Kiện 720,71.000 ₫,-40%,42600,-229,4.8,"Đồng hồ đo điện tử vạn năng DT830B Digital Multimeter, đồng hồ đo điện đa năng, đo điện áp, ampe, diode... hiển thị kỹ thuật số, đồng hồ đo có kèm pin theo",742 Đã bán,https://www.lazada.vn/products/pdp-i1427164470.html,
Điện,Good Luck VN,100.000 ₫,-45%,55000,-119,4.4,"Đồng hồ đo điện vạn năng Samwa YX-360 TRn, Đồng hồ vạn năng tương tự Sanwa, tặng kèm pin 9V",467 Đã bán,https://www.lazada.vn/products/pdp-i2671225712.html,
"Thiết bị sưởi, làm lạnh và thông gió",JYShiZhiKeJi,62.200 ₫,-48%,32344,-8827,4.9,"Quạt Tích Điện Mini Super Fan, Để Bàn Văn Phòng Gấp Gọn Có Thể Kéo Dài 3 Tốc Độ Gió Xoay 360 Độ Cổng sạc USB",30.8K Đã bán,https://www.lazada.vn/products/pdp-i2535083203.html,
Điện,Landnn,,,,-22,4.6,Máy đo dòng điện điện áp công suất 100A DC (WATT METTER),66 Đã bán,https://www.lazada.vn/products/pdp-i2796233477.html,
Dụng cụ đo lường,Home_Technology_89,139.000 ₫,-36%,88960,-6,4.8,"Công tơ điện tử 1 pha đa năng LW80A/220v đo công suất, điện áp, cường độ,",72 Đã bán,https://www.lazada.vn/products/pdp-i1599514740.html,
Điện,HC CENTER,75.000 ₫,-48%,39000,-244,4.4,"Ổ Cắm Điện - Ổ Điện Đa Năng Loại Xịn Có Cổng Gắn USB Sạc Điện Thoại Kiêm Đèn Ngủ Cực Đẹp - Ổ điện chia 2 cổng USB kiêm đèn ngủ, Ổ CẮM ĐIỆN THÔNG MINH KIÊM ĐÈN NGỦ LED & 2 CỔNG USB CÓ CÔNG TẮC",1.4K Đã bán,https://www.lazada.vn/products/pdp-i479292758.html,
Điện,Thế Giới Linh Kiện 720,150.000 ₫,-36%,96000,-75,4.7,"Đồng hồ đo điện tử đa năng DT9205A, đo điện áp, dòng điện, vôn kế... có kèm pin 9V, bảo hành 1 tháng",236 Đã bán,https://www.lazada.vn/products/pdp-i1427130713.html,
Điện,Shop Hoàng Bách,,,,-8,4.9,Công Tơ Điện Tử 4 Thông Số 80A 220V có RESET độ chính xác cao màn hình LCD,41 Đã bán,https://www.lazada.vn/products/pdp-i2792861171.html,
Phụ kiện điện thoại & máy tính bảng,ZAPLY,345.000 ₫,-33%,231150,-23,4.7,Sạc dự phòng100000mAh cổng sạc nhanh 120W pd20W kèm 4 đầu cáp sạc màn hình led bảo hành 12 tháng,82 Đã bán,https://www.lazada.vn/products/pdp-i3183903202.html,
Phụ kiện điện thoại & máy tính bảng,Siêu thị nhập khẩu Sakurato,528.000 ₫,-49%,269280,-82,4.9,(TẶNG CÁP SẠC NHANH) PIN Dự Phòng CONTAINER 50000mAh  tích hợp 4 dây ra bảo hành 12 Tháng phụ Kiện Điện Thoại Pin Dự Phòng Sạc Pin Đèn,412 Đã bán,https://www.lazada.vn/products/pdp-i3058537778.html,
Dụng cụ cầm tay & phụ kiện,Linh Kiện 024,51.500 ₫,-4%,49440,-487,4.8,"Đồng hồ đo điện tử vạn năng DT830B Digital Multimeter, đồng hồ đo điện tử đa năng, đo điện áp, ampe, diode hiển thị kỹ thuật số, đồng hồ đo có kèm pin theo",1.4K Đã bán,https://www.lazada.vn/products/pdp-i1339643352.html,
Trang trí nhà cửa,Vinetteam Store,132.900 ₫,-35%,86385,-29,4.7,"Đồng Hồ Báo Thức Điện Tử Để Bàn Màn Hình LCD Đa Chức Năng: Thời Gian, Lịch, Báo Thức, Nhiệt Độ -dc2998",118 Đã bán,https://www.lazada.vn/products/pdp-i1383975156.html,
Điện,ZzSunnyzZ,25.900 ₫,-13%,22533,-8,5,"Volt Kế Điện Tử Hai Dây AC 220V 0.56 inch, Đồng Hồ Đo Vôn, Điện Áp AC 70V-500V, LED Hiển Thị",116 Đã bán,https://www.lazada.vn/products/pdp-i2786475469.html,
Dụng cụ đo lường,Điện máy thành hưng,,,,-1,5,Đồng hồ đo điện vạn năng kỹ thuật số ZOYI VC921 - Hàng chuẩn,,https://www.lazada.vn/products/pdp-i2319982443.html,
Phụ kiện điện thoại & máy tính bảng,AUGUST-MALL ZERO,,,,-7,4.9,"Pin sạc dự phòng 20000mAh di động,với đèn LED,Đi kèm với bốn dây có thể tháo rời,Pin lithium-ion polymer, sạc an toàn",12 Đã bán,https://www.lazada.vn/products/pdp-i3197415195.html,
Điện,Good Luck VN,208.000 ₫,-52%,99840,-65,5,"Đồng hồ đo điện, loại kim, model vạn năng sunma sanwai YX-360TR, tặng kèm 2 pin AA + 1 pin 9V, loại con trỏ YX-360TRN, đồng hồ vạn năng analog, đồng hồ điện sunwa",113 Đã bán,https://www.lazada.vn/products/pdp-i2465263003.html,
Điện,TỔNG KHO GIA DỤNG 1587825305,,,,-67,4.7,Ổ cắm điện đa năng 7 Cổng Sạc USB 2 Cáp USB 3 Và 5M Dây Cáp Dày Chất Lượng Cao 100% Chính Hãng,274 Đã bán,https://www.lazada.vn/products/pdp-i2708713623.html,
Điện,Thiết bị điện 123,358.000 ₫,-48%,186160,-53,4.7,Công tơ điện tử có RESET 1 pha 220V-60A Nakasi - đồng hồ đo công suất tiêu thụ Kwh,377 Đã bán,https://www.lazada.vn/products/pdp-i1393542260.html,
"Sàn, tường & trần nhà",LINZHI.Selection,4.800 ₫,-38%,2976,-14008,4.9,Băng Keo Đen Cách Điện PVC Chống Rò Rỉ Điện (1 cuộn),58.6K Đã bán,https://www.lazada.vn/products/pdp-i2520473171.html,
Phụ kiện điện thoại & máy tính bảng,Shen Zhen 3C,600.000 ₫,-75%,150000,-24,4.7,"[năng lượng mặt trời]pin sạc dự phòng  100000mAh dung lượng  khủng,lớn với ngân hàng điện bốn dây đèn LED sạc nhanh 120W",68 Đã bán,https://www.lazada.vn/products/pdp-i3189241362.html,
Đồ gia dụng chăm sóc cá nhân,LALA TRADING,65.000 ₫,-42%,37700,-1514,4.9,"Massage mắt mini cầm tay 208 (Tặng 1 SP Ngẫu Nhiên) - Electric Mini Vibrations Pouch Eye Massage Pen (Bút Massage mini cầm tay, máy mát xa mắt mini)",6.4K Đã bán,https://www.lazada.vn/products/pdp-i498490174.html,
Smartphones,bình minh mobile TQ 22,875.000 ₫,-7%,813750,-17,4.5,điện thoại samsung cũ A03 ram 3G bộ nhớ 32G máy qua sử dụng 97% tặng kèm sạc.ốp cường lực 815k,40 Đã bán,https://www.lazada.vn/products/pdp-i2826080373.html,
Smartphones,shop thúy diễm,1.250.000 ₫,-34%,825000,-7,5,"Điện Thoại  ( O.P.P.O ) A3s Ram 6/128Gb Máy mới Nguyên Sill  ,2 Xim 2 Sóng ,Loa To Sóng Khỏe ,Cân Mọi Game Nặng ,Lướt Wed Xem Phim Siêu Nhanh ,Bảo Hành 12 Tháng ,Tặng Sạc Cáp Ốp Lưng",26 Đã bán,https://www.lazada.vn/products/pdp-i3225251971.html,
Smartphones,LPK_dienthoaigiare,299.000 ₫,-3%,290030,-78,4.4,Điện thoại oppo neo5 _a31. Điện thoại gia rẻ HÀNG CHÍNH HÃNG đã qua sử dụng,182 Đã bán,https://www.lazada.vn/products/pdp-i2500695835.html,
Smartphones,Smartchoice 247,600.000 ₫,-50%,300000,-22,4.6,Điện Thoại Thông Minh Giá Rẻ Samsung Galaxy J2 prime G532 Hỗ Trợ 4G Máy Cũ Tân Trang,87 Đã bán,https://www.lazada.vn/products/pdp-i3065998302.html,
Dụng cụ cầm tay & phụ kiện,Thế Giới Thợ Xe,487.000 ₫,-54%,224020,-21,5,Đồng hồ vạn năng UT33D+ | Đồng hồ đo điện đa năng điện tử hiển thị số - Thế Giới Thợ Xe,58 Đã bán,https://www.lazada.vn/products/pdp-i1985148452.html,
Phụ kiện điện thoại & máy tính bảng,NAICHONG MALL,80.000 ₫,-44%,44800,-15,4.2,"NAICHONG Mini Pin sạc dự phòng với bốn được xây dựng trong cáp, 20000mAh dung tích lớn đồ sạc di động",57 Đã bán,https://www.lazada.vn/products/pdp-i3141279173.html,
Phụ kiện điện thoại & máy tính bảng,ZAPLY,337.500 ₫,-33%,226125,-10,4.5,"Bộ sạc điện thoại 50.000MAH , 4 cổng USB, sạc nhanh PD 120W, bảo hành 6 tháng sạc dự phòng di động dung lượng lớn  đi kè",47 Đã bán,https://www.lazada.vn/products/pdp-i3183867327.html,
Dụng cụ đo lường,HomelifeOfficialStore,194.923 ₫,-27%,142293,-115,4.8,(Thanh lý lỗ) ⚡Đồng hồ vạn năng DT9205A màn hình kỹ thuật số đồng hồ vạn năng thông minh Máy đo bảo dưỡng thợ điện chính xác cao,333 Đã bán,https://www.lazada.vn/products/pdp-i1904497392.html,
Điện,FOXSUR VIỆT NAM,199.920 ₫,-50%,99960,-55,4.8,Công tơ điện tử 1 pha đo điện năng tiêu thụ kwh LW công suất lớn 60A 15KW màn hình LCD hiển thị kỹ thuật số hàng CHÍNH HÃNG,246 Đã bán,https://www.lazada.vn/products/pdp-i1299156694.html,
Smartphones,MYSON MOBILE,419.000 ₫,-29%,297490,-33,4.4,"điện thoại Xiaomi Redmi Note 10 2sim ram 6G/128G Chính hãng, cấu hình khủng Cân game mượt - CMS",78 Đã bán,https://www.lazada.vn/products/pdp-i2879921936.html,
Thiết bị tiện ích USB,Ranvoo,5.148.000 ₫,-87%,669240,-204,4.9,RANVOO | Quạt Cổ Đeo USB Sạc Điện,,https://www.lazada.vn/products/pdp-i3181365656.html,
Thiết bị đeo thông minh,Pilot Star_VN.Selection,40.100 ₫,-29%,28471,-141,5,Đồng hồ thể thao sinh viên tối giản xu hướng khí chất cá nhân cảm ứng phát sáng gương màn hình đồng hồ vuông phong cách Ins,785 Đã bán,https://www.lazada.vn/products/pdp-i2545533423.html,
Đồ gia dụng chăm sóc cá nhân,SADA Shopping Mall,272.000 ₫,-34%,179520,-54,4.9,SADA 120W sạc dự phòng 20000 mAh sạc siêu nhanh dung tích lớn Sạc dự phòng di động sạc dự phòng Phù hợp với Huawei Apple,88 Đã bán,https://www.lazada.vn/products/pdp-i2943071571.html,
Thiết bị y tế,Thiết Bị KQ,,,,-2,5,Đồng hồ điện tử kiêm nhiệt ẩm kế siêu mỏng,20 Đã bán,https://www.lazada.vn/products/pdp-i264602105.html,
Điện,Smart power,240.000 ₫,-27%,175200,-45,5,"Đồng hồ điện tử hiển thị 6 thông số,Thiết bị đo công suất 100A 220V,công tơ điện tử",214 Đã bán,https://www.lazada.vn/products/pdp-i815182788.html,
Phụ kiện điện thoại & máy tính bảng,violet56,147.000 ₫,-33%,98490,-5,5,"Sạc Siêu Nhanh 66W 20000MAh Cáp Tự Dây Điện Dung Tích Lớn, In Logo Nguồn Điện Di Động Trong Suốt Quà Tặng",17 Đã bán,https://www.lazada.vn/products/pdp-i3121216575.html,
Phụ kiện điện thoại & máy tính bảng,CHANG TAN,180.000 ₫,-56%,79200,-87,4.7,[ FREESHIP KÈM CÁP SẠC] PIN SẠC DỰ PHÒNG CAO CẤP THIẾT KẾ MÀN HÌNH LED CỰC SANG TRỌNG - 2 CỔNG SẠC NHANH + ĐÈN LED SIÊU SÁNG TẦM NHÌN TỐT - SẠC DỰ PHÒNG AN TOÀN CHO MỌI DÒNG ĐIỆN THOẠI,129 Đã bán,https://www.lazada.vn/products/pdp-i2620443676.html,
Điện,MichanK,120.000 ₫,-57%,51600,-116,4.3,(Có Đèn & Loa) Đồng Hồ Đo Điện Vạn Năng VOM SANWAI YX-360TRE-L-B Có Đèn Và Loa Báo Đo Thông Mạch Tiện Dụng,403 Đã bán,https://www.lazada.vn/products/pdp-i2777827659.html,
Điện,orientation,240.000 ₫,-25%,180000,-7,4.6,"Đồng hồ điện tử hiển thị 6 thông số,Thiết bị đo công suất 100A 220V,công tơ điện tử",39 Đã bán,https://www.lazada.vn/products/pdp-i815210303.html,
Đèn,Điện Việt,82.000 ₫,-35%,53300,-2424,4.8,"Đèn bàn học bài, đọc sách loại tốt nhiều mẫu - Điện Việt",7.8K Đã bán,https://www.lazada.vn/products/pdp-i286082657.html,
Phụ kiện điện thoại & máy tính bảng,Sun_mon,200.000 ₫,-18%,164000,-3,5,[28] Box Sạc QC4.0 Sạc Nhanh Không Hàn 4 * 21700 Trong Suốt SCP25W Vooc 22.5W PD20W QC18W Chưa Có Pin,11 Đã bán,https://www.lazada.vn/products/pdp-i3163263073.html,
Smartphones,Phone Mai Mobile,1.569.000 ₫,-14%,1349340,-4,4.3,"Điện thoại realme 7 5G Ram 8G/128GB 2Sim đẹp keng, Full chức năng, Pin 5000 mAh",14 Đã bán,https://www.lazada.vn/products/pdp-i3161341162.html,
Điện,hoangvietstore,60.000 ₫,-25%,45000,-191,4.8,Ổ Điện 3 Cổng Sạc USB Cắm Điện Thoại Tiện Lợi Đa Năng,738 Đã bán,https://www.lazada.vn/products/pdp-i1557390801.html,
Điện,Smart power,240.000 ₫,-27%,175200,-41,4.6,Thiết bị đo công suất 100A công tơ điện tử,234 Đã bán,https://www.lazada.vn/products/pdp-i815080952.html,
Phụ kiện điện thoại & máy tính bảng,MichanK,230.000 ₫,-57%,98900,-4,4,Sạc dự phòng Xiaomi Mi Gen 3 10000mAh Tích Hợp Cổng Type-C chính hãng Sạc nhanh 18W cho nhiều thiết bị hỗ trợ sạc nhanh,29 Đã bán,https://www.lazada.vn/products/pdp-i2726061719.html,
Điện,CleverOfficial Store,226.000 ₫,-40%,135600,-27,5,⚡Miễn Phí Vận Chuyển⚡vận chuyển nhanh DT9205A Đồng hồ vạn năng kỹ thuật số AC DC Vôn kế Ampe kế Máy đo,167 Đã bán,https://www.lazada.vn/products/pdp-i2302226891.html,
Dụng cụ đo lường,Linh Kiện Điện Tử Chợ Trời Hà Nội,33.000 ₫,-33%,22110,-5,5,"Đồng hồ đo điện vạn năng Diymore ANENG M113, đo volt, điện trở",31 Đã bán,https://www.lazada.vn/products/pdp-i2707652807.html,
Phụ kiện điện thoại & máy tính bảng,Smart Tech Mall,560.000 ₫,-57%,240800,-207,4.9,"Sạc Dự Phòng Không Dây 10000mAh, Pin Dự Phòng Tích Hợp 2 Dây Sạc, Sạc Nhanh An Toàn Không Nóng Máy, Pin Lithium Dùng Cho IP Và Androi, Đèn LED Thông Báo Tình Trạng Pin, Màu Sắc Đa Dạng. Bảo Hành 12 Tháng, Lỗi Đổi Mới.",415 Đã bán,https://www.lazada.vn/products/pdp-i2945514407.html,
Điện,47shop-net,320.000 ₫,-39%,195200,-42,5,"Công tơ - đồng hồ điện tử 6 thông số đo công suất, cường độ (100A)",132 Đã bán,https://www.lazada.vn/products/pdp-i2484576728.html,
Đèn,Điện Việt,84.000 ₫,-29%,59640,-651,4.8,Đèn bàn học bài đọc sách đa năng loại tốt -  Điện Việt,2.1K Đã bán,https://www.lazada.vn/products/pdp-i248018800.html,
Điện,ĐIỆN TỬ HỒNG UYÊN,98.000 ₫,-24%,74480,-2,4.5,Đồng hồ vạn năng Điện tử kỹ thuật số màn hình LCD XL830L độ chính xác cao (Bán kèm pin 9v) - Điện tử hồng uyên,5 Đã bán,https://www.lazada.vn/products/pdp-i2797897710.html,
"Thiết bị sưởi, làm lạnh và thông gió",DIVA SHOPPING,129.000 ₫,-23%,99330,-155,4.6,Quạt Sắt Để Bàn Nhỏ Gọn Xoay 360 Độ Tiện Dụng Cổng Sạc USB Không Cần Ổ Cắm Tạo Không Khí Thoáng Mát Tiết Kiệm Điện Năng,508 Đã bán,https://www.lazada.vn/products/pdp-i1994822216.html,
Phụ kiện điện thoại & máy tính bảng,Siêu thị nhập khẩu Sakurato,375.000 ₫,-41%,221250,-378,4.9,"Sạc Dự Phòng 30000mAh 120W Trong Suốt Sạc Siêu Nhanh Siêu Bền Kết Hợp Led Soi Sáng Với 4 Đầu Sạc Và 3 Cổng Sạc Tiện Dụng 2 Cổng USB, 1 Cổng Type C",1.4K Đã bán,https://www.lazada.vn/products/pdp-i2662954801.html,
Điện,CleverOfficial Store,90.990 ₫,-40%,54594,-5,5,"⚡Miễn Phí Vận Chuyển⚡ Ổ Cắm Điện Power Strip Đa Năng Thông Minh-Ổ cắm điện thông minh kèm cổng sạc 2 USB，5 plugs, 9 universal socket",22 Đã bán,https://www.lazada.vn/products/pdp-i2630667207.html,
Điện,homelifestorevn,96.800 ₫,-39%,59048,-17,4.6,Thiết Bị Kiểm Tra Vôn Kế 0-100A 3 Trong 1 Màn Hình LED 22mm AC 60-500V HOME,173 Đã bán,https://www.lazada.vn/products/pdp-i2811217338.html,
Thiết bị thông minh,phụ kiện đèn led,,,,,,Màn Hình LED Trang Trí Thông Minh Chỉnh Qua App Điện Thoại,,https://www.lazada.vn/products/pdp-i3180463209.html,
Điện,Gia Dụng PINGS,110.000 ₫,-37%,69300,-27,4.8,Ổ điện đa năng ổ cắm điện thông minh 2200W chống giật chống cháy 4 ổ USB 5V2A và đèn ngủ tiện lợi,108 Đã bán,https://www.lazada.vn/products/pdp-i2433640919.html,
Phụ kiện điện thoại & máy tính bảng,BEN BEN TPHCM,1.065.000 ₫,-92%,85200,-406,4,[DUNG LƯỢNG KHỦNG 30000MAH - TẶNG KÈM CÁP SẠC] PIN SẠC DỰ PHÒNG MẶT ĐEN CAO CẤP 30000MAH DUNG LƯỢNG KHỦNG - PIN DỰ PHÒNG CÓ MÀN HÌNH LCD HIỂN THỊ PHÂN TRĂM PIN + 2 CỔNG RA ĐÈN LED SIÊU SÁNG - PIN SẠC DỰ PHÒNG CAO CẤP,1.0K Đã bán,https://www.lazada.vn/products/pdp-i2220468958.html,
Điện thoại bàn,MYSON MOBILE,1.499.000 ₫,-27%,1094270,-69,4.4,"điện thoại A92 2sim ram 8G/256G máy Chính Hãng, Cấu hình Cao khủng, Chiến mọi game nặng siêu mượt,- BNLN",127 Đã bán,https://www.lazada.vn/products/pdp-i2859791308.html,
Phụ kiện Máy tính,aNaUrC.Selection,65.000 ₫,-31%,44850,-2200,4.9,"Ổ cắm điện USB đa năng cao cấp chống giật, 2 cổng USB, có chốt an toàn tiện dụng",9.3K Đã bán,https://www.lazada.vn/products/pdp-i2746301678.html,
Phụ kiện điện thoại & máy tính bảng,YK SHOPS,20.000 ₫,-53%,9400,-65,4.7,[ FREESHIP KÈM CÁP SẠC] PIN SẠC DỰ PHÒNG CAO CẤP THIẾT KẾ MÀN HÌNH LED CỰC SANG TRỌNG - 2 CỔNG SẠC NHANH + ĐÈN LED SIÊU SÁNG TẦM NHÌN TỐT - SẠC DỰ PHÒNG AN TOÀN CHO MỌI DÒNG ĐIỆN THOẠI,89 Đã bán,https://www.lazada.vn/products/pdp-i2696970713.html,
Thiết bị theo dõi GPS & Phụ kiện,LadyTime_Shop,290.000 ₫,-48%,150800,-27,4.9,"Thiết Bị Định Vị GPS Hoco E100 , Định Vị Chính Xác , Không Giới Hạn Khoảng Cách , Theo Dõi Trẻ Em , Đồ Vật ,Tránh Thất Lạc",193 Đã bán,https://www.lazada.vn/products/pdp-i3207757520.html,
Smartphones,shop thúy diễm,1.950.000 ₫,-37%,1228500,-7,5,"Giảm Giá Rẻ ,Điện Thoại  ( OP.PO ) A53 Ram 8/256Gb Máy mới Nguyên Sill  ,2 Xim 2 Sóng ,Loa To Sóng Khỏe ,Cân Mọi Game Nặng ,Lướt Wed Xem Phim Siêu Nhanh ,Bảo Hành 12 Tháng ,Tặng Sạc Cáp Ốp Lưng",27 Đã bán,https://www.lazada.vn/products/pdp-i3222474014.html,
Phụ kiện điện thoại & máy tính bảng,ZAPLY,500.000 ₫,-54%,230000,-6,4.3,"Pin Sạc Dự Phòng 100% Chính Hãng 100000mAh, Sạc Nhanh, Kèm 4 Cáp, Pin Dự Phòng Di Động 100000mAh",18 Đã bán,https://www.lazada.vn/products/pdp-i3188860464.html,
Trang trí nhà cửa,Thiết Bị Số 686,,,,-7,4.1,"Đồng Hồ Báo Thức Điện Tử Để Bàn Màn Hình LCD Đa Chức Năng: Thời Gian, Lịch, Báo Thức, Nhiệt Độ -dc2998",42 Đã bán,https://www.lazada.vn/products/pdp-i1361631966.html,
Thiết bị nhà bếp,ZODAN Corporation,198.000 ₫,-50%,99000,-1944,4.9,"[BH 1 NĂM] Ấm đun siêu tốc, Bình đun nước siêu tốc 2.3L - Bảo Hành 1 Năm",5.1K Đã bán,https://www.lazada.vn/products/pdp-i2531847264.html,
Phụ kiện điện thoại & máy tính bảng,KnHNvryq,780.000 ₫,-57%,335400,,,Sạc dự phòng 90000mAh sạc nhanh 120W pin PD20W dung lượng lớn có dây cắm nhiều điện thoại sạc sự Dựng phòng LED,,https://www.lazada.vn/products/pdp-i3199943958.html,
Điện,smart world,249.000 ₫,-30%,174300,-22,4.8,Thiết bị đo công suất 100A 220V công tơ điện tử màn hình LCD hiển thị 6 thông số đồng hồ điện tử,105 Đã bán,https://www.lazada.vn/products/pdp-i789860944.html,
Điện,Thiết Bị Điện 024,100.000 ₫,-2%,98000,-3,3.7,"Đồng Hồ Đo Điện Dây Kim SAMWA YX-360TR Tặng 1 Pin 9V + 2 Pin 1,5V AA",16 Đã bán,https://www.lazada.vn/products/pdp-i1878248923.html,
Điện,A_hoco__Store,207.300 ₫,-37%,130599,-30,3.9,"【🔥HCM/24H】Đồng hồ vạn năng VOM YX360-TRD tặng kèm pin đo điện trở, dòng điện xoay chiều 1 chiều",107 Đã bán,https://www.lazada.vn/products/pdp-i2152003885.html,
Điện,ĐIỆN TỬ HỒNG UYÊN,75.000 ₫,-25%,56250,-53,4.7,"Mạch sạc dự phòng Sịn - Nhiều cổng SẠC NHANH. Có LCD hiển thị, Mạch không giới hạn số lượng pin nhiều cổng Type-C + USB+ Lightning và MicroUSB",224 Đã bán,https://www.lazada.vn/products/pdp-i1483871946.html,
Điện,XUKO Shop.,,,,-30,5,"Công tơ điện tử đa năng hiển thị 1 thông số và 4 thông số 80A LW đo công suất, điện áp, cường độ dòng điện",145 Đã bán,https://www.lazada.vn/products/pdp-i1762828678.html,
Điện,newstyle vn,76.700 ₫,-7%,71331,-263,4.8,"[Giao hàng 12 giờ⚡️] Ổ cắm điện thông minh 5 phích cắm, 2 cổng sạc USB, 9 ổ cắm đa năng dây dài 1,8 mét điện đa năng có công tắc, điện thông minh, phích cắm điện chống giật, phích cắm đa năng",851 Đã bán,https://www.lazada.vn/products/pdp-i2609038736.html,
Điện,A_Hoco_Shop,213.300 ₫,-39%,130113,-352,4.9,Đồng hồ đo công suất điện 220V có nút RESET độ chính xác cao màn hình hiển thị LCD P U I Kwh bộ công tơ điện tử,1.3K Đã bán,https://www.lazada.vn/products/pdp-i2381928314.html,
Điện,Linh Kiện Điện Tử ViNa,,,,-428,4.9,"Đồng Hồ Vạn Năng Điện Tử XL830L XL830 830 - Đồng Hồ Đo Điện áp DC, AC, Đo dòng điện, đo điện trở (Có Pin)",1.2K Đã bán,https://www.lazada.vn/products/pdp-i2225409929.html,
Điện,Home_Technology_89,,,,-4,5,"Công tơ điện tử 6 Thông Số 220V-100A LWDSS1 ,công tơ điện tử ,đồng hồ đo điện,thiết bị đo công suất lắp phòng trọ,hộ gia đình.",15 Đã bán,https://www.lazada.vn/products/pdp-i2913534102.html,
Phụ kiện điện thoại & máy tính bảng,CHANG TAN,180.000 ₫,-56%,79200,-122,4.7,"GIÁ SỈ TẶNG CÁP SẠC NHANH 39K - PIN TRÂU 30000MAH, PIN SẠC DỰ PHÒNG CAO CẤP THIẾT KẾ MÀN HÌNH GƯƠNG 2 CỔNG SẠC NHANH",177 Đã bán,https://www.lazada.vn/products/pdp-i2634869031.html,
Điện,TBD THUẬN PHONG,288.000 ₫,-34%,190080,-21,5,Công tơ điện tử 1 pha 60A Nakasi  có RESET - Đồng hồ đo công suất Kwh hiển thị nhiều thông số,105 Đã bán,https://www.lazada.vn/products/pdp-i1477980032.html,
Điện,Samebeauty,341.167 ₫,-40%,204700,-4,4,[Giao hàng 24 giờ⚡️] Đồng hồ đo điện áp D52-2066 6 trong 1 đa năng 110V 220V 380V 100A,17 Đã bán,https://www.lazada.vn/products/pdp-i2807379856.html,
Trang trí nhà cửa,Sáng Tạo 88,,,,-87,5,"Đồng Hồ Để Bàn Điện Tử T10 Hiển Thị Nhiệt Độ, Độ Ẩm",250 Đã bán,https://www.lazada.vn/products/pdp-i1562505179.html,
Trang trí nhà cửa,shopbonbon56,240.000 ₫,-46%,129600,-193,4.9,[ SALE SẬP SÀN ] Đồng Hồ Để Bàn Điện Tử Led Trang Trí Cao Cấp,2.1K Đã bán,https://www.lazada.vn/products/pdp-i1299808407.html,
Điện,PhongNhi,,,,-32,4.8,Đồng hồ vạn năng điện tử ZOYI ZT-S1 đồng hồ đa năng kỹ thuật số màn hình LCD,108 Đã bán,https://www.lazada.vn/products/pdp-i1481014347.html,
Điện,smart world,240.000 ₫,-27%,175200,-17,4.5,Thiết bị đo công suất 100A công tơ điện tử,89 Đã bán,https://www.lazada.vn/products/pdp-i815122336.html,
Smartphones,Ngọc Xuân Mobile,1.950.000 ₫,-26%,1443000,-25,5,"Điện thoại Opo A53s 5G Ram 8GB/256GB nguyên zin đẹp keng TẶNG (cường lực, ốp lưng) - Bảo hành 3 tháng",49 Đã bán,https://www.lazada.vn/products/pdp-i3060490150.html,
Nhà thông minh,Hometek,117.000 ₫,-42%,67860,-1151,4.9,"Công tắc điều khiển từ xa Công suất lớn 3000W - 220V, Bh 1 tháng",5.5K Đã bán,https://www.lazada.vn/products/pdp-i2024613592.html,
Smartphones,BDF Tablet PC,1.860.000 ₫,-50%,930000,-1,5,BDF M3PRO 8GB/256GB Global Phiên bản 5G Điện thoại thông minh 48MP Camera 67W Sạc điện thoại di động 144Hz,20 Đã bán,https://www.lazada.vn/products/pdp-i2220789765.html,
Điện,Townson_Tech,160.000 ₫,-13%,139200,-5,4.8,"Đồng Hồ Vạn Năng Thông Minh Màn Hình Kỹ Thuật Số Độ Chính Xác Cao Đo Volt, Ampe, Điện Trở Và Linh Kiện Điện Tử Cơ Bản",14 Đã bán,https://www.lazada.vn/products/pdp-i3049087434.html,
Thiết bị y tế,OOKAS Đồ gia dụng nhỏ,176.098 ₫,-29%,125029,-9,5,OOKAS Trang chủ Kích thước lớn LED HD Hiển thị Quy mô điện tử,39 Đã bán,https://www.lazada.vn/products/pdp-i2578443485.html,
Điện,Plata,85.000 ₫,-24%,64600,-2,5,Đồng hồ đo điện Volt Ohm Amp AC/DC đa năng Digital Multimeter DT-830B cho thợ điện tử thiết kế nhỏ gọn dễ sử dụng chi phí thấp,16 Đã bán,https://www.lazada.vn/products/pdp-i2592565128.html,
Điện,ForesightOfficialStore,216.600 ₫,-39%,132126,-12,3.9,"Đồng hồ đo điện vạn năng VOM Sanwa Yx 360 TRD kèm pin có còi báo, ốp da bọc",39 Đã bán,https://www.lazada.vn/products/pdp-i2152147516.html,
Phụ kiện điện thoại & máy tính bảng,GUTEK,290.000 ₫,-32%,197200,-514,4.9,Sạc dự phòng 20000mah Gutek GT160 sạc nhanh 100w dung lượng pin lớn có sẵn dây sạc cho nhiều thiết bị điện thoại,1.5K Đã bán,https://www.lazada.vn/products/pdp-i2404940782.html,
Dụng cụ đo lường,Esc Viet Nam,240.000 ₫,-21%,189600,-1,5,"Đồng hồ điện tử hiển thị 6 thông số,Thiết bị đo công suất 100A 220V,công tơ điện tử",17 Đã bán,https://www.lazada.vn/products/pdp-i815192595.html,
Điện,TỔNG KHO GIA DỤNG 1587825305,,,,-43,4.8,"Ổ điện đa năng sạc nhanh, ổ cắm điện tự ngắt dây nối dài ổ điện thông minh chịu tải cao 2200w",140 Đã bán,https://www.lazada.vn/products/pdp-i2708808190.html,
Điện,FTP Mobie,240.000 ₫,-27%,175200,-30,5,Thiết bị đo công suất 100A công tơ điện tử,203 Đã bán,https://www.lazada.vn/products/pdp-i815100709.html,
Trang trí nhà cửa,Esc Viet Nam,65.000 ₫,-10%,58500,,,"Đồng Hồ Báo Thức Điện Tử Để Bàn Màn Hình LCD Đa Chức Năng: Thời Gian, Lịch, Báo Thức, Nhiệt Độ -dc2998 dong ho bao t huc",,https://www.lazada.vn/products/pdp-i2178955695.html,
Dụng cụ đo lường,ĐìnhVăn Shop,154.000 ₫,-7%,143220,,,Đồng hồ đo vạn năng Digital DT-9205A,,https://www.lazada.vn/products/pdp-i2044181848.html,
Smartphones,Hoàng Hà Mobile,4.290.000 ₫,-33%,2874300,-404,5,Điện thoại Xiaomi Redmi 13 (6GB/128GB) - Chính Hãng,1.4K Đã bán,https://www.lazada.vn/products/pdp-i2484389320.html,
Phụ kiện trò chơi điện tử,HAWEEL.Achoice-VN,11.200 ₫,-38%,6944,-829,4.9,Đồng Hồ Trẻ Em Màn Hình Cảm Ứng – Đồng Hồ Kỹ Thuật Số Dây Đeo Điều Chỉnh,5.0K Đã bán,https://www.lazada.vn/products/pdp-i2520228597.html,
Phụ kiện Máy tính,xDnUIM.Selection,49.000 ₫,-29%,34790,-6231,5,"Ổ cắm điện đa chức năng , gồm 6 đầu chuyển , tiện lợi , dễ di chuyển",17.7K Đã bán,https://www.lazada.vn/products/pdp-i2534662796.html,
Điện,NingXiangShiHaiJunDaiBaiHuoDian,178.490 ₫,-50%,89245,,,Đồng hồ vạn năng Thông Minh Kỹ Thuật Số Chống cháy VC921 hiển thị độ chính xác cao đa năng bỏ túi,6 Đã bán,https://www.lazada.vn/products/pdp-i2783818011.html,
Điện,GlobalLifestyle,582.000 ₫,-53%,273540,-65,5,KWS-X1 4V-30V 12A Loại C Khuếch Phát Hiện Sạc Nhanh Dung Lượng Đo Màn Hình Hiển Thị Kỹ Thuật Số Bút Thử Điện,402 Đã bán,https://www.lazada.vn/products/pdp-i3120436965.html,
Điện,Cosette,58.000 ₫,-33%,38860,-54,4.8,Ổ Cắm Điện Thông Minh Đa Năng Cổng Sạc USB Tiện Dụng,205 Đã bán,https://www.lazada.vn/products/pdp-i2279881737.html,
Đồ gia dụng chăm sóc cá nhân,KHO BÁCH HÓA QUẢNG NGÃI,199.000 ₫,-50%,99500,-2,5,"T10 Bàn chải điện Electric 5 chế độ làm sạch, sạc qua dây USB tặng kèm 4 đầu chải mềm mịn, bảo vệ sức khỏe răng miệng gia đình bạn. Bảo hành 6 tháng",5 Đã bán,https://www.lazada.vn/products/pdp-i3211688195.html,
Phụ kiện điện thoại & máy tính bảng,GUTEK,350.000 ₫,-37%,220500,-98,4.8,Sạc dự phòng 30000mah Pin dung lượng lớn sạc nhanh 120W/PD20W đi kèm dây sạc điện thoại – Gutek GT69,321 Đã bán,https://www.lazada.vn/products/pdp-i3055593743.html,
Dụng cụ cầm tay & phụ kiện,Vinetteam Store,159.000 ₫,-44%,89040,,,"Đồng hồ vạn năng DT9205A đồng hồ đo điện thông minh màn hình kĩ thuật số, độ chính xác cao - dc5266",,https://www.lazada.vn/products/pdp-i2613856196.html,
Phụ kiện điện thoại & máy tính bảng,Siêu thị nhập khẩu Sakurato,590.000 ₫,-51%,289100,-58,4.9,"(Tặng thêm cáp 4in1) Sạc Pin Dự Phòng 50000mah Tên PD120W Bảo hành 12 tháng Trong Suốt Có đồng hồ Hiển Thị Hiệu Điện Thế(V), Cường độ dòng điện(A) tích hợp 10 đèn Led",216 Đã bán,https://www.lazada.vn/products/pdp-i2945486165.html,
Điện,Đàn Nguyễn Store,75.000 ₫,-5%,71250,-9,5,Ổ cắm chia điện đa năng 2500W chân 2 chấu đi kèm cổng sạc Usb 5V2A có đèn ngủ và công tắc riêng,29 Đã bán,https://www.lazada.vn/products/pdp-i3097313235.html,
Điện,Linh Kiện 024,73.000 ₫,-3%,70810,-115,4.7,Combo 3 món đồng hồ điện tử XL830L + Mỏ hàn chỉnh nhiệt TQ936 + Hút thiếc chì mini sửa chữa điện tử hàn mạch đo điện V1,367 Đã bán,https://www.lazada.vn/products/pdp-i1963236385.html,
Điện,ForesightOfficialStore,216.600 ₫,-40%,129960,-45,4.9,Đồng hồ đo công suất điện 220V có nút độ chính xác cao màn hình hiển thị LCD P U I Kwh bộ công tơ điện tử,117 Đã bán,https://www.lazada.vn/products/pdp-i2406089583.html,
Điện,Linh Kiện Điện Tử 3MS Tân Phú,143.000 ₫,-11%,127270,-731,4.9,Đồng Hồ Vạn Năng BEST 9205M,2.0K Đã bán,https://www.lazada.vn/products/pdp-i249175428.html,
Điện,BUM BI,,,,-1,5,"Đồng Hồ Đo Điện Tử XL830L Có Màn Hình LCD Cầm Tay Nhỏ Gọn, Thiết Bị Đo Dòng Điện Độ Chính Xác Cao Kèm Pin Và Dây Đo",,https://www.lazada.vn/products/pdp-i3052023345.html,
Điện,homelifestorevn,218.100 ₫,-41%,128679,-30,5,Đồng hồ đo công suất điện 220V có nút độ chính xác cao màn hình hiển thị LCD P U I Kwh bộ công tơ điện tử A,128 Đã bán,https://www.lazada.vn/products/pdp-i2406997860.html,
Dụng cụ đo lường,YZL-tools,147.000 ₫,-46%,79380,-36,5,Đồng hồ vạn năng kỹ thuật số Mini 4000 đếm AC DC dụng cụ điện Tester Auto multimetro kỹ thuật số Profesional Meter,6 Đã bán,https://www.lazada.vn/products/pdp-i2302404321.html,
Điện,BUM STORE.,,,,,,"Đồng Hồ Đo Điện Kỹ Thuật Số XL830L Độ Chính Xác Cao, Dụng Cụ Đo Điện Tử Kiểm Tra Điện Kèm Pin Và Dây Đo Chuyên Dụng",,https://www.lazada.vn/products/pdp-i3052001413.html,
Điện,Gia Dụng PINGS,62.000 ₫,-21%,48980,-27,4.8,Ổ Cắm Điện Đa Năng Chữ T Siêu Tiện Dụng (4 Chấu + 2 Cổng USB) - Ổ Điện Tiện Lợi Kết Hợp Đèn Ngủ,179 Đã bán,https://www.lazada.vn/products/pdp-i2188067563.html,
Điện,THIẾT BỊ ĐIỆN HÙNG PHÁT,280.000 ₫,-21%,221200,-1,5,"Công tơ điện tử,đồng hồ đo điện 1 pha",,https://www.lazada.vn/products/pdp-i1985533898.html,
Điện,AONISU,179.000 ₫,-31%,123510,-540,4.9,"Ổ Cắm Điện Thông Minh 5 Phích , 3 Cổng Sạc USB , Dây Dài 5 Mét - Ổ Điện Đa Năng Có Công Tắc , Ổ Điện Thông Minh , Phích Cắm Điện Chống Giật , Phích Cắm Đa Năng",1.9K Đã bán,https://www.lazada.vn/products/pdp-i886830366.html,
Điện,Npp Điện Nước Online,290.000 ₫,-55%,130500,-63,4.8,Công Tơ Điện Tử 1 Pha 2 Dây 5(80)A. Đồng Hồ Đo Điện Điện Tử Máy Đo Điện Sử Dụng Cho Gia Đình Phòng Trọ Phòng Cho Thuê Giá Rẻ.,373 Đã bán,https://www.lazada.vn/products/pdp-i2623000010.html,
"Thiết bị sưởi, làm lạnh và thông gió",goojodoqstore.vn,900.000 ₫,-52%,432000,-136,4.9,"Quạt di động mini GOOJODOQ GFS007 5 cấp độ gió,4000mAh,Đèn LED Hiển Thị,cường độ gió tăng cường 10x, Sử Dụng Lên Đến 12H",456 Đã bán,https://www.lazada.vn/products/pdp-i3028067195.html,
Dụng cụ cầm tay & phụ kiện,ZOYI Tools,452.000 ₫,-47%,239560,-2,5,Đồng Hồ Đo Điện Vạn Năng Điện Tử Đo Điện Mini Bỏ Túi Ac/Dc Zoyi Vc921 - Bảo Hành 12 Tháng,5 Đã bán,https://www.lazada.vn/products/pdp-i2846063857.html,
Điện,NAYA STORE,188.000 ₫,-58%,78960,-61,4.6,【Miễn phí vận chuyển】ANENG Đồng Hồ Vạn Năng Kỹ Thuật Số DM850 Máy Kiểm Tra Điện Áp AC/DC Tự Động 1999 Số Đếm Công Cụ Dò Ampe Kế Ohm Dòng Điện,289 Đã bán,https://www.lazada.vn/products/pdp-i2062400662.html,
Điện,Lâm Khải Phong_shop,52.500 ₫,-6%,49350,-2,5,Ổ Điện Xanh Lá Có 3 Usb Sạc Điện Thoại và Chia Ổ Điện Kiêm Đèn Ngủ Có 2 Usb Sạc Điện Thoại,,https://www.lazada.vn/products/pdp-i3140848523.html,
Điện,Nhím shop 94,239.000 ₫,-17%,198370,,,"Đồng hồ Màn Hình 6 Trong 1 KWh Công Suất Đo Tần Số 110V 220V 380V 100A, Điện Hệ Số Công Suất Hoạt Động màn Hình",,https://www.lazada.vn/products/pdp-i3149351626.html,
Điện,Aliang_ SHOP,186.000 ₫,-47%,98580,-13,5,Đồng hồ đo điện đa năng Đồng hồ vạn năng kỹ thuật số thông Minh Màn Hình Kỹ Thuật Số Độ Chính Xác Cao Dụng Cụ Kiểm Tra Bảo Trì Thợ Điện,41 Đã bán,https://www.lazada.vn/products/pdp-i2507158874.html,
Điện,Đồ Chơi Sáng Tạo - DIY,70.000 ₫,-20%,56000,-51,4.8,Đồng hồ vạn năng đo điện A830L và DT-830B,234 Đã bán,https://www.lazada.vn/products/pdp-i1968125827.html,
Điện,unicorntools.vn,275.000 ₫,-18%,225500,-32,4.6,"Đồng hồ kẹp dòng vạn năng đo tụ, tần số, nhiệt độ, điện trở, điện áp",110 Đã bán,https://www.lazada.vn/products/pdp-i2394689894.html,
Phụ kiện điện thoại & máy tính bảng,ESSAGER,1.131.856 ₫,-69%,350875,-133,4.9,Essager 22.5W sạc dự phòng S 20000mAh Màn hình hiển thị kỹ thuật số được xây dựng trong Loại C Cáp Lightning di động USB-A Type-C pd20w sạc nhanh 10000mAh sạc dự phòng S 4 đầu ra 2 lnputs cho iphone16 15-5 Huawei Samsung máy tính bảng Máy Tính Xách Tay Ta,380 Đã bán,https://www.lazada.vn/products/pdp-i3090593990.html,
Điện,Phương Đông Lighting,170.000 ₫,-32%,115600,-692,4.9,Đồng hồ đo điện vạn năng Samwa YX-360 TRn,2.4K Đã bán,https://www.lazada.vn/products/pdp-i1640031219.html,
Điện,Gia dụng Thông Minh HCG,,,,-1,5,Ổ Cắm Điện Đa Năng Chữ T Siêu Tiện Dụng (4 Chấu + 2 Cổng USB) - Ổ Điện Tiện Lợi Kết Hợp Đèn Ngủ,,https://www.lazada.vn/products/pdp-i3005791974.html,
Dụng cụ điện & phụ kiện,HANDPHONEVN,,,,-1,5,Nhiệt Kế Điện Tử Đo Nhiệt Độ Hiển Thị Số LCD Dây Đầu Dò Nhiệt Độ Dây Dò Dài 2m,,https://www.lazada.vn/products/pdp-i2347393821.html,
Điện,A_hoco__Store,206.000 ₫,-36%,131840,-1,5,Đồng hồ đo công suất điện 220V có nút RESET độ chính xác cao màn hình hiển thị LCD P U I Kwh bộ công tơ điện tử,9 Đã bán,https://www.lazada.vn/products/pdp-i2663550641.html,
Phụ kiện Máy tính,Vinetteam Store,162.000 ₫,-47%,85860,-36,4.8,Xả hàng - Bàn phím không dây Bluetooth mini cho máy tính bảng/BÀN PHÍM  KÈM CHUỘT KEYBOARD + MOUSE BLUETOOTH KHÔNG DÂY MINI KIT dùng Pin AA,65 Đã bán,https://www.lazada.vn/products/pdp-i1073560656.html,
Điện,Ba3Van,182.000 ₫,-24%,138320,-4,5,Đồng Hồ Đo Điện Vạn Năng Kỹ Thuật Số Tự Động Hiển Thị Và Lưu Chuyên Nghiệp Kiểm Tra Điện Áp AC/DC,7 Đã bán,https://www.lazada.vn/products/pdp-i3083752404.html,
Điện,Khánh Ngọc Store,60.000 ₫,-8%,55200,-15,5,Ổ Điện Thông Minh Chữ T Kèm Đèn Ngủ Và Sạc USB Tiện Dụng,5.7K Đã bán,https://www.lazada.vn/products/pdp-i2487771268.html,
Phụ kiện điện thoại & máy tính bảng,Túi đồ nghề và dụng cụ cầm tay,,,,-9,4.9,Bộ sạc nhanh 120w + dây sạc 4 trong 1 đa năng,31 Đã bán,https://www.lazada.vn/products/pdp-i3077950199.html,
Điện,A_hoco__Store,229.000 ₫,-41%,135110,-23,4.9,【🔥HCM/24H】Đồng hồ vạn năng DT9205A màn hình kỹ thuật số đồng hồ vạn năng thông minh Máy đo bảo dưỡng thợ điện chính xác cao,57 Đã bán,https://www.lazada.vn/products/pdp-i1904566071.html,
Điện,Auto Tour,298.000 ₫,-13%,259260,-143,4.9,"Đồng hồ đo điện Puucai Ampe kế Vôn kế 20A 100a 6 trong 1 Vôn kế Đồng hồ điện tử hiển thị 6 thông số 100A,Thiết bị đo công suất 100A 220V,công tơ điện tử 1 pha AC22KW 110~250V 100A Digital Voltage Power Energy",378 Đã bán,https://www.lazada.vn/products/pdp-i2720628481.html,
Điện,TOP GOAT MALL,340.000 ₫,-53%,159800,-39,4.9,"LazMall Điện Tử Nhật Bản Cục Giảm Điện Nhật Bản Bộ Tiết Kiệm Điện Nhật Bản Tiện Lợi, An Toàn Và Dễ Sử Dụng Giúp Cắt Giảm Đến 43% Lượng Tiêu Thụ Điện Hàng Tháng",64 Đã bán,https://www.lazada.vn/products/pdp-i3168357070.html,
Nhà thông minh,Điện Việt,75.000 ₫,-30%,52500,-3,5,Bộ điều khiển từ xa công suất cao 3000W loại tốt - Điện Việt,20 Đã bán,https://www.lazada.vn/products/pdp-i1743344233.html,
Máy tính bảng,Top 1 Tablet,1.680.000 ₫,-19%,1360800,-21,4.6,Máy tính bảng thông minh X6 Pro Tablet Android Bản gốc 2023 Máy tính bảng thông minh 10.8Inch 4K FHD Màn hình Buletooth 8800mAh Pin Trực tuyến Class Tablet 12GB RAM + 512GB ROM 5G WiFi Android Dành cho trẻ em Gaming Pad Giao hàng miễn phí COD,61 Đã bán,https://www.lazada.vn/products/pdp-i2388594288.html,
Phụ kiện điện thoại & máy tính bảng,NOBAHSI,,,,-143,4.5,Bộ sạc dự phòng 66W mới Sạc nhanh 50000 mAh Công suất lớn Mini nhỏ gọn Điện thoại di động ngoài trời sạc kho báu PD 20W Kèm 4 Đầu Sạc Siêu Tiện Lợi,377 Đã bán,https://www.lazada.vn/products/pdp-i3047365410.html,
Trang trí nhà cửa,Nhím shop 94,65.000 ₫,-42%,37700,-4,4,"Đồng Hồ Điện Tử Để Bàn Có Đèn LED Đổi Màu, Đa Chức Năng : Thời Gian, Ngày Tháng, Báo Thức, Đo Độ",13 Đã bán,https://www.lazada.vn/products/pdp-i1729439181.html,
Phụ kiện điện thoại & máy tính bảng,GUTEK,450.000 ₫,-39%,274500,-17,4.9,"Pin sạc dự phòng Gutek GT239 dung lượng 30000mAh sạc nhanh 22,5W/120W tích hợp dây cáp",84 Đã bán,https://www.lazada.vn/products/pdp-i3182941628.html,
Điện,Global Village-Hà Nội,81.667 ₫,-40%,49000,-34,5,"Ổ Cắm Điện Power Strip 2 USB, 5 plugs, 9 universal socket wire long 2/4 meters",132 Đã bán,https://www.lazada.vn/products/pdp-i2928816407.html,
Điện,bansi08,70.000 ₫,-39%,42700,-13,4.8,Combo 2 ổ Cắm Điện Thông Minh Đa Năng Cổng Sạc USB Tiện Dụng,60 Đã bán,https://www.lazada.vn/products/pdp-i2626208182.html,
Thiết bị âm thanh,TinAnOffice,258.000 ₫,-15%,219300,-111,4.9,"Micro Đa Hướng SK30/M60 Độ Nhạy Cao Kết Nối USB Hoặc Jack 3.5 Cho PC, Laptop, Máy Tính",428 Đã bán,https://www.lazada.vn/products/pdp-i1399726307.html,
Phụ kiện Máy tính,Richky05,300.000 ₫,-74%,78000,-3,5,Chuột chơi game Logitech G102 lightsync chuột quang có dây USB 8000DPI 6 nút Có Đèn Led Đẹp Mắt LIGHTSYNC Gaming Mouse Gen 2,44 Đã bán,https://www.lazada.vn/products/pdp-i3190963435.html,
Dụng cụ đo lường,Electrical,179.000 ₫,-41%,105610,-1,5,"Công tơ điện tử 1 pha đa năng 80A đo công suất, điện áp, cường độ",,https://www.lazada.vn/products/pdp-i2120699108.html,
Dụng cụ đo lường,Linh Kiện 024,89.000 ₫,-2%,87220,-8,4.8,Đồng hồ đo vạn năng Digital Multimeter VC830L màn hình kỹ thuật số đo điện đa năng,34 Đã bán,https://www.lazada.vn/products/pdp-i1235400959.html,
Điện,BUM STORE.,,,,,,"Ổ Điện Thông Minh Tích Hợp Cổng Usb Dây Dài 1m5, Ổ Cắm Usb Chất Liệu Nhựa Abs Chịu Nhiệt Có Công Tắc An Toàn Cho Bạn",,https://www.lazada.vn/products/pdp-i2665989377.html,
Điện,Điện tử dân dụng 24h,,,,-67,4.9,"Đồng Hồ Vạn Năng Điện Tử XL830L XL830 830 - Đồng Hồ Đo Điện áp DC, AC, Đo dòng điện, đo điện trở (Có Pin + dây)",237 Đã bán,https://www.lazada.vn/products/pdp-i2513928308.html,
Điện,tuantinhelec,133.100 ₫,-24%,101156,-3,5,"Đồng hồ đo điện áp, dòng điện AC 60-500Vac 10A # linh kiện điện tử",12 Đã bán,https://www.lazada.vn/products/pdp-i2312119471.html,
Xe hơi,flyingskystore,184.100 ₫,-39%,112301,-56,4.9,Đồng Hồ Vạn Năng DT9205A Đồng Hồ Vạn Năng Thông Minh Màn Hình Kỹ Thuật Số Độ Chính Xác Cao Dụng Cụ Kiểm Tra Bảo Trì Thợ Điện,157 Đã bán,https://www.lazada.vn/products/pdp-i2038736366.html,
Điện,Linh Kiện 024,160.000 ₫,-34%,105600,-8,4.9,"Đồng hồ đo điện vạn năng DT9205A, đo dòng điện, vôn kế có kèm pin 9V, bảo hành 1 tháng",26 Đã bán,https://www.lazada.vn/products/pdp-i1236380888.html,
Trường học & văn phòng,SEHENA3,81.626 ₫,-44%,45710,,,SEHVN 12 chữ số điện kép chức năng Tiêu chuẩn điện tử máy tính cầm tay cho văn phòng hàng ngày và cơ bản,,https://www.lazada.vn/products/pdp-i3065513061.html,
Thiết bị tiện ích USB,Seller Tịnh Minh,58.000 ₫,-17%,48140,,,"Quạt Hoa Mini Sáng Tạo - Sạc USB, Quạt Để Bàn & Cầm Tay Yên Tĩnh - Dễ Thương & Tiện Lợi Có Chân Đế - Vật Dụng Thiết Yếu Cho Học Sinh",,https://www.lazada.vn/products/pdp-i3200989431.html,
Phụ kiện điện thoại & máy tính bảng,Phụ Kiện Mydo,125.000 ₫,-20%,100000,-177,4.8,Củ Sạc  Xiaomi 67W 6A 2 Cổng USB A - USB C Công Nghệ Turbo Sạc Siêu Nhanh,629 Đã bán,https://www.lazada.vn/products/pdp-i2180385084.html,
Điện,Phụ Kiện Điện Thoại Lâm Music,54.075 ₫,-11%,48126,-4,5,Chia Ổ Điện Kiêm Đèn Ngủ Có 2 Usb Sạc Điện Thoại. Ổ Điện Thông Minh Chữ T Kèm Đèn Ngủ Và Sạc USB - Bộ Chia Ổ Điện 2 Cổng,25 Đã bán,https://www.lazada.vn/products/pdp-i2765933878.html,
Dụng cụ cầm tay & phụ kiện,Minh Khôi Electric,300.000 ₫,-31%,207000,-86,4.6,"Đồng hồ vạn năng Samwa KH-965 tặng kèm pin,đồng hồ điện tử,máy đo vạn năng, đo điện,đồng hồ đa năng đo điện trở,đồng hồ vạn năng kim,đồng hồ đo vạn năng,đồng hồ điện tử,đồng hồ đo dòng điện,dong ho van nang,đồng hồ đo tụ điện,đồng hồ đo điện trở,đồng hồ đ",205 Đã bán,https://www.lazada.vn/products/pdp-i2469802008.html,
"Thiết bị sưởi, làm lạnh và thông gió",goojodoqstore.vn,120.000 ₫,-35%,78000,-238,4.9,"quạt mini sạc điện GOOJODOQ quạt cầm tay mini tích điện sạc USB,tiện lợi, quạt usb,Thích hợp cho công việc và trường học",946 Đã bán,https://www.lazada.vn/products/pdp-i2597937297.html,
Điện,Samebeauty,254.500 ₫,-40%,152700,-1,5,FREESHIP🎁Đồng hồ đo công suất điện 220V có nút RESET độ chính xác cao màn hình hiển thị LCD P U I Kwh bộ công tơ điện tử,,https://www.lazada.vn/products/pdp-i2560991397.html,
Điện,Thiết bị điện và đèn led chiếu sáng,150.000 ₫,-30%,105000,-143,4.9,Đồng Hồ Đo Điện SAMWA - 360 Đỏ,410 Đã bán,https://www.lazada.vn/products/pdp-i1476476740.html,
Điện,Charming House,120.000 ₫,-12%,105600,-491,4.6,"Đồng hồ vạn năng VOM Samwa YX360-TRn - Đồng hồ đo điện kèm pin chuyên đo dòng điện xoay chiều, một chiều và điện trở",1.6K Đã bán,https://www.lazada.vn/products/pdp-i702958917.html,
Điện,PowerOfficial Store,285.800 ₫,-50%,142900,-11,4.9,"Đồng hồ đo điện vạn năng VOM Sanwa YX360TRD kèm pin, có còi báo, ốp da bọc",29 Đã bán,https://www.lazada.vn/products/pdp-i2166134831.html,
Dụng cụ đo lường,UKSTORE,190.000 ₫,-28%,136800,,,[Bảo hành 1 đổi 1] Đồng hồ đo điện vạn năng DT9205A Digital Multimeter Excel,,https://www.lazada.vn/products/pdp-i1330333960.html,
Dụng cụ điện & phụ kiện,GlobalSuperBazaar,848.000 ₫,-23%,652960,,,"Bộ Dụng Cụ Hàn Kỹ Thuật Số T12, Màn Hình LCD Di Động, Điều Khiển Nhiệt Độ, Sửa Chữa Điện Tử, Không Kèm Nguồn Điện",31 Đã bán,https://www.lazada.vn/products/pdp-i3145453956.html,
Điện,homeappliancescollectionstore,233.000 ₫,-42%,135140,-5,4.6,【HCM/24H】Vastar Đồng Hồ Vạn Năng DT9205A Đồng Hồ Vạn Năng Thông Minh Màn Hình Kỹ Thuật Số Độ Chính Xác Cao,9 Đã bán,https://www.lazada.vn/products/pdp-i3130251301.html,
Điện,Điện Hoàn Cầu,210.000 ₫,-1%,207900,-8,5,Công tơ điện tử 1 pha 2 dây CE-18G GELEX,45 Đã bán,https://www.lazada.vn/products/pdp-i2696488950.html,
Điện,Landnn,,,,-4,5,003 Thiết Bị Đo Dòng Điện Mini USB Có Màn Hình Kỹ Thuật Số,11 Đã bán,https://www.lazada.vn/products/pdp-i2471508289.html,
Điện,KUAIQU,520.000 ₫,-48%,270400,-133,4.9,Đồng Hồ Vạn Năng Kẹp Kỹ Thuật Số Mini A3399 Máy Kiểm Tra Tần Số Điện Dung Điện Trở Điện Áp AC/DC-INTL,300 Đã bán,https://www.lazada.vn/products/pdp-i1516816982.html,
Phụ kiện điện thoại & máy tính bảng,goojodoqstore.vn,450.000 ₫,-46%,243000,-144,4.8,"sạc dự phòng GOOJODOQ 20000mAh PD 22.5W sạc nhanh, đi kèm 4 dây ,Đèn pin độ sáng cao Sạc Pin Phụ Kiện,Power Bank",521 Đã bán,https://www.lazada.vn/products/pdp-i2717184317.html,
Điện,Gia Dụng Marrre,105.000 ₫,-41%,61950,-26,4.9,2500W Ổ Cắm Điện Đa Năng 6 Cổng Tích Hợp Sạc USB 2 Cáp USB 3 Và 5M Dây Cáp Dày Chất Có Chốt An Toàn Tiện Dụng OD01,82 Đã bán,https://www.lazada.vn/products/pdp-i2747027575.html,
Dụng cụ đo lường,Linh Kiện Điện Tử 3MS Tân Phú,247.500 ₫,-12%,217800,,,Đồng Hồ Đo Vạn Năng DT-9208A,,https://www.lazada.vn/products/pdp-i1529139988.html,
Điện,ANENG  Store,277.015 ₫,-35%,180059,-103,4.6,ANENG M118A Máy Đo Vạn Năng Kĩ Thuật Số Mini Tự Động Mmultimetro Rms Thật Tranistor Meter Với NCV Lưu Dữ Liệu 6000 Đếm Đèn Pin,155 Đã bán,https://www.lazada.vn/products/pdp-i761950900.html,
Dụng cụ đo lường,KKmoon,520.000 ₫,-50%,260000,-3,5,Máy đo độ nghiêng điện tử thước đo kỹ thuật số từ ebtn LCD độ chính xác cao hoạt động dễ dàng cho các góc đo,9 Đã bán,https://www.lazada.vn/products/pdp-i2964157164.html,
Điện,Linh Kiện Điện Tử LiKi,,,,,,Đồng Hồ Vạn Năng Điện Tử DT-33D Tự Động Tắt Nguồn - Chống Cháy Khi Đo Sai Điện Áp,5 Đã bán,https://www.lazada.vn/products/pdp-i2519361929.html,
Điện,Smart Room,,,,-116,4.9,Máy đo dòng điện điện áp công suất watt metter 100A 150A. Tích hợp đồng hồ đo điện vôn kế ampe kế và đồng hồ đo năng lượng điện. Độ chính xác cao.,348 Đã bán,https://www.lazada.vn/products/pdp-i470942416.html,
Phụ kiện điện thoại & máy tính bảng,CHANG TAN,180.000 ₫,-65%,63000,-317,4,[FREESHIP TẶNG CÁP SẠC NHANH 39K] PIN DỰ PHÒNG LCD MẶT GƯƠNG DUNG LƯỢNG 30000MAH - SẠC DỰ PHÒNG CÓ ĐÈN LED HIỂN THỊ DUNG LƯỢNG PIN - HỖ TRỢ SẠC NHANH ],792 Đã bán,https://www.lazada.vn/products/pdp-i3006110713.html,
Thiết bị đeo thông minh,Pilot Star_VN.Selection,29.300 ₫,-23%,22561,-852,4.9,Đồng Hồ Thông Minh Thể Thao Bọ Cạp Dành Cho Nữ Màn Hình LED Tích Hợp Đầy Đủ Theo Dõi Hoạt Động Dây Đeo Cổ Tay Kỹ Thuật Số Thời Trang Tương Thích Với Android,4.2K Đã bán,https://www.lazada.vn/products/pdp-i2545488293.html,
Nhà thông minh,PK Happy Shop,196.000 ₫,-12%,172480,-438,4.9,"New 2022 , Loa Bluetooth XM 520 Thiết Kế Vỏ Gỗ Sang Trọng Dạng Thanh Để Bàn , Bass Chuẩn , Ấm , Công Suất 20W Siêu Trầm - Bảo Hành 1 Năm - Happy Shop",1.1K Đã bán,https://www.lazada.vn/products/pdp-i2011975962.html,
Dụng cụ điện & phụ kiện,shounahe,650.272 ₫,-23%,500709,-3,5,Shounahe💕Sissi Trạm Hàn Kỹ Thuật Số OLED Mini T12-942 Tay Cầm T12-907 + Đầu T12-K,13 Đã bán,https://www.lazada.vn/products/pdp-i2106444851.html,
Dụng cụ đo lường,kettra,300.000 ₫,-38%,186000,-15,4.7,"Máy cân bằng laser 12 Tia,máy bắn cốt laser xanh lá,Bóng Led Siêu Sáng , tự động san bằng mức Laser có sẵn ngoài trời",78 Đã bán,https://www.lazada.vn/products/pdp-i3155334384.html,
Thiết bị nhà bếp,Gaabor Official Store,280.000 ₫,-20%,224000,-835,4.9,"FLASH SALE Nồi điện đa năng dung tích 1,5L Gaabor GR-N15A công suất 600W 2 mức nhiệt tặng kèm xửng hấp - Bảo hành 12 tháng 1 đổi 1",2.7K Đã bán,https://www.lazada.vn/products/pdp-i2239704386.html,
Phụ kiện Máy tính,XSmart Store,600.000 ₫,-35%,390000,-22,5,Bàn Phím Không Dây Bluetooh Full Size Giả Cơ K94 Full LED Kết Nối 2 Chế Độ Pin Sạc,76 Đã bán,https://www.lazada.vn/products/pdp-i2667934060.html,
Phụ kiện điện thoại & máy tính bảng,GUTEK,550.000 ₫,-28%,396000,-23,5,"Pin Sạc dự phòng 50000mAh sạc nhanh 22,5W/120W có dây cắm nhiều điện thoại - Gutek GT240",98 Đã bán,https://www.lazada.vn/products/pdp-i3182935643.html,
Điện,Kim Khí Tổng Hợp HD,165.000 ₫,-6%,155100,-48,4.7,"XẢ KHO 3 NGÀY_Aptomat Panasonic 2 pha 20,32,40,63A",430 Đã bán,https://www.lazada.vn/products/pdp-i1962399809.html,
Thiết bị nhà bếp,SG Music Offical,1.000.000 ₫,-75%,250000,-2,5,"Máy Xay Sinh Tố Cầm Tay Đa Năng OSTMARS Dung Tích 500ML 10 Lưỡi Dao Sắc Bén, Máy Xay Sạc Pin Tích Điện 2IN1 Kiêm Bình Nước Tặng Kèm Dây Đeo Tiện Lợi",6 Đã bán,https://www.lazada.vn/products/pdp-i3218905882.html,
Điện,Jianak,,,,,,Bộ đếm điện tử 5 chữ số BEM-5C dùng trong công nghiệp,10 Đã bán,https://www.lazada.vn/products/pdp-i2494217153.html,
Thiết bị tiện ích USB,EChipTECmall,43.800 ₫,-40%,26280,-96,4.9,"Đèn LED Mini, Đèn Đọc 24 LED USB DC 5V Cầm Tay Màu Trắng/Màu Ấm SMD5730 12W Đèn Ban Đêm",574 Đã bán,https://www.lazada.vn/products/pdp-i1594578265.html,
Điện,ZOYI Tools,,,,-1,5,"Đồng Hồ Vạn Năng Zoyi ZT-100 Đo Điện Kỹ Thuật Số Thiết Kế Nhỏ Gọn, Màn Hình Hiển Thị Lớn, Dễ Đọc",,https://www.lazada.vn/products/pdp-i2846106634.html,
Phụ kiện điện thoại & máy tính bảng,Vention Franchised Store,2.874.000 ₫,-50%,1437000,-18,4.6,Vention 27000mAh 100W/140W Sạc Dự Phòng - Màn Hình Màu TFT Thông Minh - Sạc Laptop Gaming/Creator - 3 Cổng (2C1A) - Cáp 240W Đi Kèm - Vỏ Nhôm - Hàng Chính Hãng,67 Đã bán,https://www.lazada.vn/products/pdp-i2983928196.html,
Smartphones,VN341S62Z5,2.590.000 ₫,-35%,1683500,-8,4.9,"Xiaomi Qin F22 không camera - Nocam bản Quốc tế tiếng Việt, đủ Ch Play mới tinh fullbox - Bảo hành 12 tháng",27 Đã bán,https://www.lazada.vn/products/pdp-i2386658070.html,
Trường học & văn phòng,WHPHous Vietnam,77.206 ₫,-44%,43235,-1,5,WHPHous 12 chữ số điện kép chức năng Tiêu chuẩn điện tử máy tính cầm tay cho văn phòng hàng ngày và cơ bản,,https://www.lazada.vn/products/pdp-i3019264820.html,
Điện,INGCO TOOLS STORE,432.000 ₫,-50%,216000,-33,4.9,"INGCO DM2002 ""Đồng hồ đo điện vạn năng (2000 số đếm)",99 Đã bán,https://www.lazada.vn/products/pdp-i2266581917.html,
Điện,WHUEAL5,258.795 ₫,-44%,144925,-52,4.8,WHUEAL5 Aneng Đồng hồ vạn năng kỹ thuật số m118a Máy kiểm tra AC/DC cầm tay máy đo điện trở Mini RMS,151 Đã bán,https://www.lazada.vn/products/pdp-i2774503409.html,
Điện,techstuffstore,59.900 ₫,-15%,50915,,,"Đồng hồ đo điện mini, đo điện DC, màn hình kỹ thuật số",,https://www.lazada.vn/products/pdp-i1945608699.html,
Điện,EChipTECmall,289.200 ₫,-40%,173520,-89,4.9,Máy Kiểm Tra DC Type-C Hiển Thị Màu 10 Trong 1 Máy Kiểm Tra Bộ Sạc USB Điện Áp 4-30V Hiện Tại 0-5A Đồng Hồ Đo Điện Máy Dò Pin Di Động,245 Đã bán,https://www.lazada.vn/products/pdp-i817634805.html,
Smartphones,OPPO Official Store,,,,-85,5,[Sale 25.10] Điện Thoại OPPO A3 (8GB/128GB) - Hàng chính hãng,207 Đã bán,https://www.lazada.vn/products/pdp-i3210658076.html,
Điện,3celectronicstore,180.000 ₫,-36%,115200,-29,4.7,[FREESHIP🎁]Đồng hồ vạn năng DT9205A màn hình kỹ thuật số đồng hồ vạn năng thông minh Máy đo bảo dưỡng thợ điện chính xác cao,75 Đã bán,https://www.lazada.vn/products/pdp-i2279930254.html,
Điện,Phukiensitphcm,27.000 ₫,-7%,25110,-1,5,Đồng Hồ Vạn Năng DT9205A Đồng Hồ Vạn Năng Thông Minh Màn Hình Kỹ Thuật Số Độ Chính Xác Cao Dụng Cụ Kiểm Tra Bảo Trì Thợ Điện,,https://www.lazada.vn/products/pdp-i2126909126.html,
Điện,GlobalTechMart,543.000 ₫,-42%,314940,-21,5,MASTFUYI Mini Vạn Năng Kỹ Thuật Số Thông Minh Thợ Điện Bút Thử Điện Áp DC/AC Điện Dung Ohm Hz NCV Chuyên Nghiệp Multitester Cho DIY Điện Làm Việc,51 Đã bán,https://www.lazada.vn/products/pdp-i2843225444.html,
Điện,Bảo Hộ Thinksafe,276.000 ₫,-28%,198720,-15,4.9,"Đồng hồ đo điện vạn năng Total hiển thị 2000 - 4000 số RMS, AC/DC 0.8~600V, điện trở 600kΩ, tự động tắt nguồn - Thinksafe",36 Đã bán,https://www.lazada.vn/products/pdp-i2591489861.html,
Phụ kiện điện thoại & máy tính bảng,aYoJSJK7,746.000 ₫,-57%,320780,,,"[GOOJODOQ* Quà tặng* Sạc Dự Phòng Mini Ngẫu nhiên GOOJODOQ 4000MAh.Pin Hiệu Suất Cao, Cầm Tay Và Kích Thước Bỏ Túi Dự Phòng",,https://www.lazada.vn/products/pdp-i3206548548.html,
Trường học & văn phòng,Kangaroo store 1595312584,81.900 ₫,-49%,41769,,,Máy tính điện tử cỡ nhỏ máy tính Màu kẹo đẹp cho học sinh máy tính lật dễ di chuyển nhỏ,,https://www.lazada.vn/products/pdp-i3076854601.html,
Điện,homelifestorevn,230.700 ₫,-42%,133806,,,Vastar Đồng Hồ Vạn Năng DT9205A Đồng Hồ Vạn Năng Thông Minh Màn Hình Kỹ Thuật Số Độ Chính Xác Cao,8 Đã bán,https://www.lazada.vn/products/pdp-i2885777794.html,
Điện thoại cơ bản,phukien0846899000,1.098.000 ₫,-50%,549000,-328,5,"Điện thoại 4G Nokia 105 2021-2024, 2 Sim Chuẩn Quy Định Của Bộ Thông Tin Fullbox Loa To Sóng Khỏe Pin Bền",1.5K Đã bán,https://www.lazada.vn/products/pdp-i1592471939.html,
Điện,Foriot tools Store,445.050 ₫,-37%,280381,-66,4.9,Foriot Đồng Hồ Đo Điện Áp Và Dòng Điện Kỹ Thuật Số Màn Hình LCD Màn Hình Màu AC 50-300V 0-100A KWS-AC301 Vôn Kế Ampe Kế,237 Đã bán,https://www.lazada.vn/products/pdp-i2086480566.html,
Dụng cụ đo lường,Linh Kiện Điện Tử 3MS Tân Phú,,,,,,"Đồng hồ đo điện vạn năng Diymore ANENG M113, đo volt, điện trở",,https://www.lazada.vn/products/pdp-i2708210242.html,
Điện,AGBBG,261.547 ₫,-44%,146466,-15,5,AGBBG Aneng Đồng hồ vạn năng kỹ thuật số m118a Máy kiểm tra AC DC cầm tay máy đo điện trở Mini RMS,50 Đã bán,https://www.lazada.vn/products/pdp-i2748564876.html,
Phụ kiện Máy tính,goojodoqstore.vn,200.000 ₫,-58%,84000,-472,4.8,GOOJODOQ Chuột không dây 2 trong 1 Dual Mode 2.4Ghz Wireless Bluetooth Cordless Mouse,1.9K Đã bán,https://www.lazada.vn/products/pdp-i2108053538.html,
Điện,Samebeauty,211.167 ₫,-40%,126700,-12,4.9,Vastar Đồng Hồ Vạn Năng DT9205A Đồng Hồ Vạn Năng Thông Minh Màn Hình Kỹ Thuật Số Độ Chính Xác Cao,28 Đã bán,https://www.lazada.vn/products/pdp-i2483807135.html,
Điện,NAYA STORE,258.000 ₫,-53%,121260,,,【Miễn phí vận chuyển/COD】 NJTY Đồng Hồ Vạn Năng Kỹ Thuật Số LCD Kích Thước Lòng Bàn Tay NCV Phạm Vi Tự Động 4000 Đếm True RMS Máy Kiểm Tra Phổ Thông Thông Thông Minh Vôn Kế 600V Ohm Và Máy Kiểm Tra Điện Áp Đo Còi,,https://www.lazada.vn/products/pdp-i2493628237.html,
Dụng cụ điện & phụ kiện,momian personal care,401.000 ₫,-41%,236590,,,MOMIAN | Bộ Vít Điện Gia Đình Di Động Có Chức Năng Sạc,,https://www.lazada.vn/products/pdp-i3208211138.html,
Trang trí nhà cửa,Mickeyshop,,,,-2,5,"Đồng Hồ Để Bàn LED Màn Hình LCD Báo Thức, Cảm Biến Âm Thanh",5 Đã bán,https://www.lazada.vn/products/pdp-i3071080375.html,
Điện,ĐAIVIETBIG,,,,,,Công Tơ Điện Tử Cao Cấp ĐÃ Kiểm Định EVN 1 Pha CHINT DDSU777 5(80)A,,https://www.lazada.vn/products/pdp-i2921114309.html,
Điện thoại bàn,Xuyn.offiicial,,,,-1,5,"Điện thoại gập Philips E6515 - 4G, pin lâu, sạc typeC, sang trọng 2 màn hình",9 Đã bán,https://www.lazada.vn/products/pdp-i3021060067.html,
Phụ kiện Máy tính,Tech7,,,,-13,4.6,Bàn phím không dây mini W201S - đa kết nối bluetooth 5.0 + 3.0 + Usb wireless 2.4G,36 Đã bán,https://www.lazada.vn/products/pdp-i1913872027.html,
Điện,PBS SHOP,229.000 ₫,-33%,153430,,,Máy đo điện áp vạn năng HT93 kỹ thuật số thông minh 2000 Máy đo điện áp đếm NCV,5 Đã bán,https://www.lazada.vn/products/pdp-i3167205425.html,
Phụ kiện Máy tính,epoosuo,300.000 ₫,-77%,69000,-393,4.9,EPOOSUO | Chuột Bluetooth Đôi Chế Độ Không Dây Sạc Không Dây Im Lặng,,https://www.lazada.vn/products/pdp-i3205154155.html,
Phụ kiện điện thoại & máy tính bảng,7bekZzat,839.000 ₫,-24%,637640,-1,5,"[Hỏa tốc] Sạc Dự Phòng Bonne TECHNOLOGIQUE BP09 , Sạc Dự Phòng 10.000 mAh Kiêm Củ Sạc Đa Năng, Sạc Dự Phòng Tích hợp",5 Đã bán,https://www.lazada.vn/products/pdp-i3098722117.html,
Phụ kiện điện thoại & máy tính bảng,NAICHONG MALL,44.000 ₫,-39%,26840,,,NAICHONG 4USB sạc nhanh với đèn LED thích hợp cho điện thoại di động điện thoại và máy tính bảng,,https://www.lazada.vn/products/pdp-i3130649959.html,
Điện,LIJINGF,79.970 ₫,-44%,44783,,,LIJINGF LCD tự động phạm vi kỹ thuật số vôn kế vạn năng ohmmeter Volt Tester các biện pháp điện áp AC DC điện áp hiện tại Điện dung tần số,,https://www.lazada.vn/products/pdp-i3157744291.html,
Phụ kiện Máy tính,epoosuo,343.000 ₫,-68%,109760,-135,4.9,EPOOSUO | Chuột Chơi Game Không Dây Nhẹ Nhàng Im Lặng với Bluetooth Hai Chế Độ,9 Đã bán,https://www.lazada.vn/products/pdp-i3204502616.html,
Phụ kiện Máy tính,XSmart Store,320.000 ₫,-44%,179200,-1001,4.9,"Chuột Máy Tính Bluetooth X7 Wireless Pin Sạc Kết Nối 2 Chế Độ Cho Mọi Thiết Bị Máy Tính, Laptop, ipad",3.0K Đã bán,https://www.lazada.vn/products/pdp-i2292903269.html,
Phụ kiện Máy tính,EWEADN,859.000 ₫,-86%,120260,-13,4.8,"EWEADN | Chuột không dây AI M12 Series, Điều khiển bằng giọng nói, Nhập liệu & Dịch thuật, 2 chế độ, Pin sạc",43 Đã bán,https://www.lazada.vn/products/pdp-i3195359680.html,
Phụ kiện Máy tính,THIẾT BỊ CÔNG NGHỆ HUY LONG,649.000 ₫,-22%,506220,-33,4.8,"Bàn phím không dây FREEWOLF M96 kết nối bằng Bluetooth và 2.4G có đèn led 7 màu, nút văn âm lượng và màn hình led mini",96 Đã bán,https://www.lazada.vn/products/pdp-i2636447362.html,
Phụ kiện Máy tính,xunmei digital,275.000 ₫,-65%,96250,-9,4.8,GOIIOG | Chuột Không Dây Bluetooth Đôi Chế Độ Im Lặng Sạc Được cho Máy Tính xách Tay và Văn Phòng,5 Đã bán,https://www.lazada.vn/products/pdp-i3204990510.html,
Điện,Linh Kiện 35,263.940 ₫,-13%,229627,,,"Công tơ điện tử 1080 1 pha điện áp 220V 80A đo số điện tiêu thụ KWH nhựa ABS chống cháy, màn hình LCD",,https://www.lazada.vn/products/pdp-i2091883084.html,
Dụng cụ đo lường,Thế Giới Linh Kiện 720,469.000 ₫,-13%,408030,-2,5,"Đồng hồ kẹp dòng tự động ZOYI ZT-QB1, ZOYI ZT-QB4, ampe kìm đo điện tử đa năng, độ chính xác cao",22 Đã bán,https://www.lazada.vn/products/pdp-i1682103315.html,
Điện,Auto Tour,80.000 ₫,-48%,41600,,,Ổ Điện Thông Minh Chữ T Kèm Đèn Ngủ Và Sạc USB Tiện Dụng - PHÍCH CẮM 3 CHẤU - Màu sắc ngẫu nhiên,,https://www.lazada.vn/products/pdp-i2963467892.html,
Điện,Auto Tour,198.000 ₫,-38%,122760,-22,4.8,Đồng hồ vạn năng Vastar Dt9205a Đồng hồ vạn năng Màn hình kỹ thuật số thông minh Độ chính xác cao,59 Đã bán,https://www.lazada.vn/products/pdp-i2720332765.html,
Điện,Phụ Kiện Công Nghệ_85,165.000 ₫,-30%,115500,-7,4.3,Đồng Hồ Đo Vạn Năng DT9205A / DT9205A M2 Màn Hình Kỹ Thuật Số Bảo Dưỡng Chính Xác Cao,19 Đã bán,https://www.lazada.vn/products/pdp-i2609450125.html,
Điện,Global Merch Park,254.000 ₫,-23%,195580,-128,4.9,Đồng Hồ Vạn Năng Kỹ Thuật Số Mini Thông Minh 4000 Đếm Vôn Kế RMS Với Phạm Vi Tự Động Để Kiểm Tra Điện Áp Liên Tục Điện Trở NCV Hộ Gia Đình,312 Đã bán,https://www.lazada.vn/products/pdp-i2465577025.html,
Điện,EChipTECmall,529.500 ₫,-34%,349470,-20,4.9,D69-2058 Vôn Kế Đồng Hồ Đo Tần Số Năng Lượng Điện KWH Hoạt Động Hệ Số Công Suất Hiện Tại Đồng Hồ Vạn Năng Kỹ Thuật Số CT Ampe Vôn Kế LCD Kỹ Thuật Số,104 Đã bán,https://www.lazada.vn/products/pdp-i797854735.html,
Phụ kiện Máy tính,XSmart Store,890.000 ₫,-45%,489500,-158,5,"Bàn Phím Cơ Bluetooth Không Dây K68BT Trục Cơ Red Switch Gõ Cực Đã, Thiết Kế Nhỏ Gọn Có Hotswap Có Thể Custom Kết Nối Máy Tính / Điện Thoại / Tablet",496 Đã bán,https://www.lazada.vn/products/pdp-i2075890883.html,
Phụ kiện Máy tính,GlobalLifestyle,352.000 ₫,-42%,204160,,,Chuột Kchibo Không Dây 2.4G Dạ Quang Di Động 3600DPI Văn Phòng Trò Chơi Quang Điện Tử Hướng Tay Phải Giao Diện USB,47 Đã bán,https://www.lazada.vn/products/pdp-i3199030805.html,
Phụ kiện Máy tính,goojodoqstore.vn,320.000 ₫,-54%,147200,-108,4.8,chuột chơi game GOOJODOQ Chuột Không Dây 2.4Ghz Có Kết Nối Bluetooth Với Pin Cuộn,294 Đã bán,https://www.lazada.vn/products/pdp-i2106892721.html,
Trang trí nhà cửa,mengmian selected,144.000 ₫,-44%,80640,,,MENGMIAN | Đồng Hồ Báo Thức Quản Lý Thời Gian Điện Tử cho Học Sinh Tự Kỷ Luật,,https://www.lazada.vn/products/pdp-i3208257446.html,
Phụ kiện Máy tính,KONG 3C STORE [vn],476.000 ₫,-35%,309400,-18,5,"APAYADO K61 Mini Wired Mechanical Keyboard, 61 Keys, Red/Blue Switch, Phantom RGB Lighting, 60% Portable, Hot-Swappable",56 Đã bán,https://www.lazada.vn/products/pdp-i2921286645.html,
Thiết bị nhà bếp,JENNIFEROOM Vietnam,3.120.000 ₫,-45%,1716000,-5,4.6,"JRK-OT1201 - Lò nướng điện Jenniferoom 220 V~, 50 Hz, 1000 W, 12 L",16 Đã bán,https://www.lazada.vn/products/pdp-i3160640906.html,
Điện,CH thiết bị đo điện Gex.vn,,,,-5,5,Công tơ điện tử 1 pha 1 biểu giá trực tiếp 80A emic ce38,27 Đã bán,https://www.lazada.vn/products/pdp-i2265105915.html,
Điện,TRÙM SỈ ĐIỆN NƯỚC,,,,,,"Đồng Hồ Công Tơ Điện Tử 3 Pha 4 Dây NEXUS & HỮU HỒNG Chính Hãng Có Giấy Kiểm Định, Công Suất 100A",,https://www.lazada.vn/products/pdp-i2662620092.html,
Điện,G01 Phụ Kiện Thông Minh,84.915 ₫,-27%,61987,-4,5,Ổ cắm điện đa năng nhiều Cổng sạc USB 2 Cáp USB 3 Và 5M Dây Cáp Dày Chất Lượng Cao,20 Đã bán,https://www.lazada.vn/products/pdp-i2664809678.html,
Phụ kiện Máy tính,Plata,450.000 ₫,-32%,306000,,,"Bàn Phím Mini K61 LED RGB 10 Chế Độ Rainbow Cực Đẹp, Phím Bấm Êm, Thiết Kế Nhỏ Gọn, Dùng Cho Máy Tính, Laptop,PC",,https://www.lazada.vn/products/pdp-i2590505891.html,
Phụ kiện Máy tính,PHUKIENVTQ22,,,,,,"Bàn phím cơ JEDEL KL-125 dùng cho văn phòng,chơi game có 8 chế độ đèn led. Kết nối có dây bluetooth, usb",,https://www.lazada.vn/products/pdp-i2670789517.html,
Thiết bị nhà bếp,Simplus Home Appliances,429.000 ₫,-28%,308880,-20,5,[New Arrival] Simplus Nồi Hấp Trứng Nồi Hấp Đa Năng 7 Chế Độ Hẹn Giờ 24 Tiếng Điều Khiển Cảm Ứng Hấp Trứng Làm Sữa Chua DZEG006,83 Đã bán,https://www.lazada.vn/products/pdp-i2885507151.html,
Điện,Global Merch Park,316.000 ₫,-50%,158000,-8,5,ANENG SZ06 Đồng Hồ Vạn Năng Kỹ Thuật Số 2000 Đếm AC/DC Bút Thử Điện Áp DC Ohm Mini Thông Minh Multimetro Điện Chuyên Nghiệp Dụng Cụ,43 Đã bán,https://www.lazada.vn/products/pdp-i2713259600.html,
Thiết bị nhà bếp,EPICURE Store,,,,,,"Ấm đun nước siêu tốc SMEG KLF04, Tùy Chỉnh Nhiệt Độ, Dung Tích 1.7 Lít, Nhập Khẩu Chính Hãng",,https://www.lazada.vn/products/pdp-i3185048720.html,
Thiết bị nhà bếp,Ailian Small Appliances,,,,-98,4.9,AILIAN | Cốc Ép Trái Cây Điện Tử Di Động,,https://www.lazada.vn/products/pdp-i3192572522.html,
Thiết bị tiện ích USB,MU RAN,992.000 ₫,-50%,496000,-270,4.9,MURAN | Quạt Bàn Mini Di Động Sạc USB,,https://www.lazada.vn/products/pdp-i3193657488.html,
Phụ kiện Máy tính,Long Hưng TechZone,5.699.000 ₫,-23%,4388230,,,"Bàn phím không dây Bluetooth Logitech G913 TKL Lightspeed - Hàng chính hãng - LED 16 triệu màu, độ dài dây đến 1.8m, cảm giác bấm cực tốt",,https://www.lazada.vn/products/pdp-i1890959049.html,
Phụ kiện Máy tính,vintagelifestyle,6.990.000 ₫,-11%,6221100,,,"Bàn phím cơ không dây bluetooth, 2.4G Mojo 68 Plastic hồng ngọt ngào MelGeek chính hãng LED RGB có thể hotswap",,https://www.lazada.vn/products/pdp-i2242784694.html,
"Thiết bị sưởi, làm lạnh và thông gió",goojodoqstore.vn,600.000 ₫,-42%,348000,-325,4.9,"Quạt để bàn GOOJODOQ 2025 Quạt tốc độ cao để bàn- Im lặng turbo gió 100 tốc độ ,Màn hình kỹ thuật số LED ,Có thể treo tường ,Đèn chiếu sáng RGB",899 Đã bán,https://www.lazada.vn/products/pdp-i3061715223.html,
Thiết bị studio,TB Thiết Bị Quay Phim - Chụp Ảnh,5.350.000 ₫,-21%,4226500,,,Đèn Led ZSYB Y-500S - 500W Bi Color 3200-5600K Chỉ Số Hoàn Màu Cao Cho Chất Lượng Ảnh Tốt,,https://www.lazada.vn/products/pdp-i3038722708.html,
Phụ kiện Máy tính,josenlighting,,,,,,Bộ Lưu Điện Cầm Tay Quay Tay 220V 150W,,https://www.lazada.vn/products/pdp-i3231156371.html,
Dụng cụ cầm tay & phụ kiện,ThaiDuongTD,226.000 ₫,-49%,115260,-7,4.7,Đồng hồ đo vạn năng Digital EXCEL DT9205A (Mẩu mới 2020-2021),19 Đã bán,https://www.lazada.vn/products/pdp-i2422272.html,
Phụ kiện Máy tính,Phong Cách Xanh Certified Store,,,,-4,5,[Trả góp 0%] Bàn phím cơ Bluetooth Filco Minila-R Convertible Matte Black - Hàng Chính Hãng,11 Đã bán,https://www.lazada.vn/products/pdp-i747466341.html,
Điện,Forwarm,159.000 ₫,-47%,84270,,,【Miễn phí vận chuyển】 NAYA ANENG DT9205A Đồng hồ vạn năng kỹ thuật số AC DC Vôn kế Ampe kế đo điện dung,15 Đã bán,https://www.lazada.vn/products/pdp-i2561349264.html,
Điện,SMH,240.000 ₫,-30%,168000,-131,4.9,Thiết bị đo công suất 100A công tơ điện tử,588 Đã bán,https://www.lazada.vn/products/pdp-i815138110.html,
Dụng cụ cầm tay & phụ kiện,XSafe,475.000 ₫,-30%,332500,-417,4.9,Đồng hồ đo điện vạn năng TOTAL màn hình LCD có đèn nền ban đêm đo dòng điện điện áp điện trở thông mạch TMT46001 TMT460012,1.4K Đã bán,https://www.lazada.vn/products/pdp-i1471373735.html,
Thiết bị nhà bếp,Little Bear Kitchen Appliances Specialty Store,946.000 ₫,-69%,293260,-13,4.8,BEAR | Máy Ép Trái Cây Điện Tử Di Động với Sạc Không Dây,7 Đã bán,https://www.lazada.vn/products/pdp-i3194617115.html,
Phụ kiện Máy tính,Punstore - Gear / Audio / Hitech,,,,-16,4.9,"RICCKS RS8 - Bàn phím cơ RICCKS RS8 HIFI Mạch Xuôi , RGB , 3 MODE , QMK/VIA Chính Hãng BH 12 THÁNG",42 Đã bán,https://www.lazada.vn/products/pdp-i3025858719.html,
Phụ kiện điện thoại & máy tính bảng,Vention flagship store,915.000 ₫,-53%,430050,-1228,5,"Vention Sạc Dự Phòng 20000mAh 22.5W - 3 Cổng Sạc, Sạc Nhanh PD QC, Màn Hình LED Số, Chống Nóng - Đen / Trắng - Hàng Chính Hãng",3.9K Đã bán,https://www.lazada.vn/products/pdp-i2569230806.html,
Phụ kiện điện thoại & máy tính bảng,CÔNG TY TNHH MTV GROWN TECH,799.200 ₫,-27%,583416,-1,5,"Sạc dự phòng DEIOG DY-208 20000mAh không dây 22.5W chính hãng, sạc nhanh đa năng, đa cổng sạc",6 Đã bán,https://www.lazada.vn/products/pdp-i3126715783.html,
Phụ kiện Máy tính,epoosuo,520.000 ₫,-81%,98800,-224,4.9,EPOOSUO | Chuột Không Dây Bluetooth Sạc Lại Yên Tĩnh cho Văn Phòng và Chơi Game,15 Đã bán,https://www.lazada.vn/products/pdp-i3206038635.html,
Điện,POROMETISTO Tools,532.767 ₫,-44%,298349,-15,4.9,"UT01C USB-C Power Meter: 280W PD3.1/QC4+ Fast Charging Tester 12A Current Voltage Monitor w/Offline Save, HD IPS Display for iPhone/MacBook",30 Đã bán,https://www.lazada.vn/products/pdp-i3110025915.html,
Smartphones,HONOR Vietnam,3.990.000 ₫,-26%,2952600,-212,4.9,"Điện thoại Honor X6b (6+6)GB+128GB | Pin 5200mAh, Camera 50MP AI, tần số quét 90Hz| Chống bể vỡ | Bảo hành 18 tháng Hàng Chính Hãng",509 Đã bán,https://www.lazada.vn/products/pdp-i2728102787.html,
Smartphones,LedgerNanoX,,,,,,"Ledger Nano X ví lạnh chính hãng giúp bảo mật tối đa tài sản số，full box 100%, mới nguyên seal bảo hành chính hãng, giao hàng nhanh chóng",,https://www.lazada.vn/products/pdp-i3147556772.html,
Điện,Auto Tour,250.000 ₫,-36%,160000,,,Đồng hồ đo công suất điện 220V có nút RESET độ chính xác cao màn hình hiển thị LCD P U I Kwh bộ công tơ điện tử,,https://www.lazada.vn/products/pdp-i3021061754.html,
Dụng cụ đo lường,Điện Tử Viễn Thông Đông Đô,,,,,,"Đồng hồ đo vạn năng kỹ thuật số FNIRSI DMT-99 đo điện áp, điện trở, tụ điện, tần số, dòng điện",,https://www.lazada.vn/products/pdp-i2928684965.html,
Điện,METERK,602.411 ₫,-50%,301205,-9,5,"Meterk Đồng Hồ Đo Dòng Điện Xoay Chiều ANENG ST182 Pro 4000 Đếm, Đồng Hồ Đo Điện Áp Đèn Nền Đa Năng Phạm Vi 400A, Kiểm Tra Ampe Kế Nhiệt Độ/Điện Dung/Diode/Dòng Điện Xoay Chiều/Điện Áp AC/DC",,https://www.lazada.vn/products/pdp-i837190201.html,
Điện,Minh Khôi Electric,400.000 ₫,-18%,328000,,,"Đồng hồ vạn năng Victor VC921,đồng hồ đo điện tử,đồng hồ đa năng,đồng hồ điện tử,máy đo vạn năng,dong ho van nang,đồng hồ đo điện trở,đồng hồ vạn năng kim,đồng hồ đo vạn năng,đồng hồ đo dòng điện,đồng hồ đo tụ điện,đồng hồ đo điện trở,đồng hồ đa năng đo đ",,https://www.lazada.vn/products/pdp-i3186472107.html,
Điện,ĐIỆN TUẤN KHANG,325.000 ₫,-28%,234000,-1,5,[Ảnh thật] Công tơ điện tử 1 pha Nexus 5(60)A-5(80)A TH-92,9 Đã bán,https://www.lazada.vn/products/pdp-i2807100504.html,
Điện,Điện thông minh & Đèn Led Kawasan,260.000 ₫,-7%,241800,-2,5,ĐỒNG HỒ ĐO ĐIỆN NĂNG 1 PHA ĐỒNG HỒ CƠ ĐO ĐIỆN NĂNG– Model: APM10,5 Đã bán,https://www.lazada.vn/products/pdp-i3080017341.html,
Điện,Thiết bị điện 123,800.000 ₫,-39%,488000,,,"Đồng hồ đa chức năng CW96 màn hình LCD hiển thị nhiều thông số điện áp, công suất, dòng điện, cos phi",,https://www.lazada.vn/products/pdp-i3053307382.html,
Thiết bị nhà bếp,Lebenlang Store,380.000 ₫,-34%,250800,-252,5,"Máy vắt cam mini Lebenlang LBL3383 công suất 40W, dung tích 500ml, bảo hành 2 năm - hàng chính hãng",583 Đã bán,https://www.lazada.vn/products/pdp-i2599522736.html,
Phụ kiện Máy tính,GOES TiME,,,,-1,5,GOES TiME | Chuột Bluetooth Không Dây có Sạc Yên Tĩnh cho Laptop và Máy Tính Để Bàn,,https://www.lazada.vn/products/pdp-i3198384000.html,
Nhà thông minh,Điện Tử Nhật Minh,350.000 ₫,-20%,280000,-325,4.8,"Công Tắc Tuya Thông Minh Wifi Smart Life (Wifi+RF433) 1,2,3,4 Nút Cảm Ứng Chữ Nhật, Công Tắc Hẹn Giờ Điều Khiển Từ Xa 10A-2200W, Hỗ Trợ Điều Khiển Giọng Nói Tiếng Việt",1.9K Đã bán,https://www.lazada.vn/products/pdp-i290882776.html,
Nhà thông minh,Điện Tử Nhật Minh,600.000 ₫,-39%,366000,-12,4.7,"Công Tắc Tuya Thông Minh Wifi+Rf433, 1,2,3,4 Nút Viền Vàng Hình Vuông Smartlife Hẹn Giờ Điều Khiển Từ Xa Điều Khiển Giọng Nói",214 Đã bán,https://www.lazada.vn/products/pdp-i1771454411.html,
Điện,KUAIQU,1.100.000 ₫,-47%,583000,-3,5,"【Hàng Có Sẵn】 UNI-T Đồng Hồ Vạn Năng Kỹ Thuật Số UNI T, Máy Đo Nhiệt Độ Điện Dung Tần Số AC DC Phạm Vi Thủ Công RMS UT890C UT890D + Đèn Nền",8 Đã bán,https://www.lazada.vn/products/pdp-i1269057000.html,
Nhà thông minh,Hunonic Miền Nam Store,300.000 ₫,-35%,195000,-93,4.9,Bộ hồng ngoại Hunonic IR Smart - Điều khiển thiết bị từ xa qua điện thoạii,280 Đã bán,https://www.lazada.vn/products/pdp-i2589161580.html,
Thiết bị nhà bếp,Elmich Vietnam,590.000 ₫,-42%,342200,-1315,4.9,(Chỉ 25-29.10)Ấm đun nước siêu tốc Smartcook ICS-3859,3.9K Đã bán,https://www.lazada.vn/products/pdp-i1686680854.html,
Nhà thông minh,Hunonic Miền Nam Store,600.000 ₫,-18%,492000,-287,4.9,Công Tắc Thông Minh Wifi Hunonic Lahu 4 Kênh - 500W/kênh điều khiển mọi thiết bị từ xa qua điện thoại,1.1K Đã bán,https://www.lazada.vn/products/pdp-i2589137650.html,
Điện,KUAIQU,1.200.000 ₫,-45%,660000,-14,4.8,Đồng Hồ Vạn Năng Kỹ Thuật Số UNI-T UT136C + LCD Máy Đo Điện Áp DC/AC Máy Đo Dòng Điện Điện Dung Điện Trở Diode Máy Đo Vôn Kế Ampe Kế,76 Đã bán,https://www.lazada.vn/products/pdp-i505356381.html,
Phụ kiện Máy tính,MijiaPlay,413.846 ₫,-35%,268999,-1,5,Bàn phím không dây acer Bluetooth có thể sạc lại Đèn nền RGB Chơi game văn phòng Bàn phím có dây cho máy tính để bàn Máy tính xách tay,,https://www.lazada.vn/products/pdp-i3070366180.html,
Điện,Enrich garden shop,55.000 ₫,-9%,50050,,,( Hỏa Tốc HCM ) Ổ Điện Thông Minh Chữ T Kèm Đèn Ngủ Và Sạc USB,,https://www.lazada.vn/products/pdp-i2344751569.html,
Phụ kiện Máy tính,xunmei digital,386.000 ₫,-63%,142820,-301,4.9,GOIIOG | Chuột Không Dây Bluetooth Chế Độ Đôi Sạc Im Lặng,,https://www.lazada.vn/products/pdp-i3205707841.html,
Phụ kiện Máy tính,Sidotech Official,1.599.000 ₫,-26%,1183260,-39,4.9,Bàn phím cơ gaming không dây SIDOTECH Y95 bluetooth 3 mode 95 phím có màn hình núm xoay hotswap mạch xuôi led RGB chơi game làm việc có gaket mount pin 8000mAh switch riêng đã lube - Hàng chính hãng,106 Đã bán,https://www.lazada.vn/products/pdp-i2627031774.html,
Điện,VOKTTA Official Store,447.150 ₫,-33%,299590,-6,5,"Vôn Kế Đa Chức Năng Tester, Đồng Hồ Đo Dòng Điện Áp Bộ Kiểm Tra USB Dung Lượng Sạc Dự Phòng",9 Đã bán,https://www.lazada.vn/products/pdp-i1304015637.html,
Phụ kiện Máy tính,Sky Blue shop,423.225 ₫,-33%,283560,-1,5,"Bàn phím cơ DY-M303 có dây kết nối bluetooth, có hệ thống đèn led bắt mắt, chơi game làm việc siêu tiện lợi.",5 Đã bán,https://www.lazada.vn/products/pdp-i2686005714.html,
Điện,GlobalWonderShop,241.000 ₫,-23%,185570,-7,3.7,Ổ Cắm Tường Đa Chức Năng Có Sạc Nhanh USB Công Tắc Đường Dài Ổ Cắm Phòng Ngủ Thiết Kế Nhiều Lỗ W Cho Bảng Dây Điện,39 Đã bán,https://www.lazada.vn/products/pdp-i2901944588.html,
Điện,Aeneas Shop,,,,-1,5,"Đồng hồ đo điện,đồng hồ vạn năng đo Volt, ampe, điện trở và linh kiện điện tử cơ bản -AENEA",,https://www.lazada.vn/products/pdp-i2826876455.html,
Nhà thông minh,Hunonic Miền Nam Store,150.000 ₫,-14%,129000,-629,4.9,"Công Tắc Thông Minh Hunonic Datic Basic, Điều Khiển Từ Xa, Hẹn Giờ Tắt/Bật, Dễ Lắp Đặt, Có Nút Cơ",2.4K Đã bán,https://www.lazada.vn/products/pdp-i2207603661.html,
Phụ kiện điện thoại & máy tính bảng,Pisen Official Store 1618388268,1.010.000 ₫,-35%,656500,-6,5,"Sạc dự phòng PISEN QUICK Power Cube (LC) Digital 22.5W 10000mAh/20000mAh , sạc nhanh, an toàn, chống chai pin, chứng chỉ CCC ( 3C cho lên máy bay ) , phù hợp cho Iphone, samsung, huawei, xiaomi, Model : TP-D260/261 ....  Hàng chính hãng, bảo hành 24 tháng",21 Đã bán,https://www.lazada.vn/products/pdp-i3149210646.html,
Nhà thông minh,Hunonic Miền Nam Store,700.000 ₫,-7%,651000,-34,4.8,"Công Tắc Thông Minh Lahu 04 RTC Tích Hợp IC Thời Gian Thực, Điều Khiển Từ Xa Qua Điện Thoại, Hẹn Giờ Tự Động",122 Đã bán,https://www.lazada.vn/products/pdp-i2589155610.html,
Phụ kiện Máy tính,BASEUS SAIGON STORE,51.000.000 ₫,-17%,42330000,,,Trạm sạc dự phòng Choetech BS006 di động 2000w dung lượng 605000mAh (hàng chính hãng),,https://www.lazada.vn/products/pdp-i2634288116.html,
Điện,EChipTECmall,744.300 ₫,-34%,491238,,,1 Chiếc PZEM-026 Vôn Kế Kỹ Thuật Số AC Một Pha 400V 100A Thông Minh Sạc Điện Tử Vôn Kế,,https://www.lazada.vn/products/pdp-i2208456979.html,
Phụ kiện điện thoại & máy tính bảng,MỘC ÂN SHOP TPHCM,1.070.000 ₫,-93%,74900,-630,4,[BẢO HÀNH TOÀN QUỐC - TẶNG CÁP SẠC NHANH 39K ] - PIN DỰ PHÒNG LCD MẶT GƯƠNG DUNG LƯỢNG 30000MAH - SẠC DỰ PHÒNG CÓ ĐÈN LED HIỂN THỊ DUNG LƯỢNG PIN - HỖ TRỢ SẠC NHANH,1.7K Đã bán,https://www.lazada.vn/products/pdp-i2587994059.html,
Phụ kiện điện thoại & máy tính bảng,BEN BEN TPHCM,1.060.000 ₫,-92%,84800,-397,4.4,[BẢO HÀNH TOÀN QUỐC - TẶNG CÁP SẠC NHANH 39K ] - PIN DỰ PHÒNG LCD MẶT GƯƠNG DUNG LƯỢNG 30000MAH - SẠC DỰ PHÒNG CÓ ĐÈN LED HIỂN THỊ DUNG LƯỢNG PIN - HỖ TRỢ SẠC NHANH,718 Đã bán,https://www.lazada.vn/products/pdp-i2588028001.html,
Điện,MichanK,179.600 ₫,-57%,77228,-3,4.3,"ĐỒNG HỒ ĐO VẠN NĂNG YX-360TRn SAMWA (TẶNG KÈM PIN ),  Đồng hồ vạn năng SAMWA, Đồng hồ đo điện vạn năng",14 Đã bán,https://www.lazada.vn/products/pdp-i2733386553.html,
Phụ kiện điện thoại & máy tính bảng,OKILA MALL,463.000 ₫,-49%,236130,-143,4.8,"(HCM) Sạc Dự Phòng Xiaomi 10000mAh gen3 Cầm cực nặng tay chắc chắn Sạc nhanh 2 chiều cổng Type-C- Thiết Kế Tinh Tế, vỏ kim loại sang trọng, Cổng sạc vào Micro USB & USB-C, chuẩn QC3.0 - Nhỏ Gọn - Bền Bỉ Tiện Lợi  - OKILA MaLL",343 Đã bán,https://www.lazada.vn/products/pdp-i2184267064.html,
Điện,home smart 89,200.000 ₫,-28%,144000,-73,4.9,"Đồng hồ đo công suất tiêu thụ điện thiết bị 220V, ổ cắm đo công suất",309 Đã bán,https://www.lazada.vn/products/pdp-i1241286325.html,
"Thiết bị sưởi, làm lạnh và thông gió",Tonnifu dụng cụ điện,400.000 ₫,-23%,308000,-348,4.8,"Quạt tích điện đế pin Tonnifu 21v phổ thông 8 inch, quạt xoay 2 tốc, bảo hành 06 tháng.",1.0K Đã bán,https://www.lazada.vn/products/pdp-i2825687409.html,
Smartphones,HONOR Vietnam,2.790.000 ₫,-22%,2176200,-34,4.6,"Điện thoại Honor X5b 4GB+64GB | Pin 5200mAh 90Hz | Màn hình 6.56"" | BH 18 Tháng Hàng Chính Hãng",98 Đã bán,https://www.lazada.vn/products/pdp-i2967101620.html,
Smartphones,Hoàng Hà Mobile,4.190.000 ₫,-19%,3393900,-28,4.9,Điện thoại di động Xiaomi Redmi 13 6GB/128GB - 8GB/128GB - Chính hãng bảo hành 18 tháng,114 Đã bán,https://www.lazada.vn/products/pdp-i3064853539.html,
Phụ kiện điện thoại & máy tính bảng,Pisen Official Store 1618388268,1.380.000 ₫,-54%,634800,-71,4.9,"Pin sạc dự phòng chân cắm PISEN Quick High Power Box kèm cáp sạc C/L, sạc nhanh công suất 22.5w, 20000mAh, TS-D313 - Hàng chính hãng, BH 24 tháng",203 Đã bán,https://www.lazada.vn/products/pdp-i2395426282.html,
Trang trí nhà cửa,HomelifeOfficialStore,164.923 ₫,-27%,120393,-2,5,"Đồng Hồ Để Bàn LED Màn Hình LCD Báo Thức, Cảm Biến Âm Thanh",6 Đã bán,https://www.lazada.vn/products/pdp-i2665762566.html,
Điện,ANENG Tool Store,202.000 ₫,-52%,96960,,,【Aneng】Đồng hồ vạn năng kỹ thuật số Đồng hồ điện áp kháng đèn nền LCD votage hiện tại Ohm dụng cụ kiểm tra tự động tắt máy sfor thợ điện,,https://www.lazada.vn/products/pdp-i2651382904.html,
Điện,EChipTECmall,114.300 ₫,-40%,68580,-10,5,Máy Kiểm Tra Sạc USB Máy Đo Dòng Điện Áp Bác Sĩ Vôn Kế Ampe Kế Máy Kiểm Tra Dung Lượng Pin Máy Dò Điện Di Động,24 Đã bán,https://www.lazada.vn/products/pdp-i1630104384.html,
Thiết bị nhà bếp,LEBENLANG Gia dụng Đức chính hãng,380.000 ₫,-29%,269800,-29,5,"Máy vắt cam LEBENLANG LB389 máy xoay đảo 2 chiều, 700ml, công suất 40W, bảo hành 2 năm - hàng chính hãng",78 Đã bán,https://www.lazada.vn/products/pdp-i2601860803.html,
Điện,KUAIQU,999.999 ₫,-41%,589999,-14,5,11.11 (Sẵn Sàng) Máy Đo Vạn Năng Kỹ Thuật Số UNI-T UT136B +/UT136C + Đồng Hồ Vạn Năng Kế AC DC Vôn Kế Ampe Kế Ohm Điện Dung HFE Diode/Bóng Bán Dẫn,22 Đã bán,https://www.lazada.vn/products/pdp-i491468589.html,
Điện,KUAIQU,999.999 ₫,-25%,749999,-13,4,Đồng Hồ Vạn Năng Thông Minh Kỹ Thuật Số UNI-T Mới 2021 Vôn Kế AC DC UT60S UT60BT 1000V Ampe Kế Đồng Hồ Vạn Năng Kiểm Tra Nhiệt Độ Tụ Điện RMS Thật,5 Đã bán,https://www.lazada.vn/products/pdp-i1644366301.html,
Phụ kiện Máy tính,goojodoqstore.vn,300.000 ₫,-37%,189000,-1,5,Chuột không dây GOOJODOQ kết nối Bluetooth chế độ kép DPI1200/1800/2400/3600 chống nhiễu IPS tương thích rộng,,https://www.lazada.vn/products/pdp-i3215407157.html,
Nhà thông minh,Hunonic Miền Nam Store,510.000 ₫,-18%,418200,-126,5,"Công tắc cảm ứng Hunonic Datic 1-2-3-4 nút kết nối Wifi điều khiển mọi thiết bị từ xa qua điện thoại, Bảo hành 12 tháng.",467 Đã bán,https://www.lazada.vn/products/pdp-i2589262226.html,
Phụ kiện Máy tính,epoosuo,277.000 ₫,-60%,110800,-243,4.9,EPOOSUO | Chuột Không Dây Bluetooth Im Lặng Sạc Lại Được cho Văn Phòng và Chơi Game,,https://www.lazada.vn/products/pdp-i3205307914.html,
Điện,GlobalLifestyle,582.000 ₫,-53%,273540,-65,5,KWS-X1 4V-30V 12A Loại C Khuếch Phát Hiện Sạc Nhanh Dung Lượng Đo Màn Hình Hiển Thị Kỹ Thuật Số Bút Thử Điện,402 Đã bán,https://www.lazada.vn/products/pdp-i3120436965.html,
Phụ kiện điện thoại & máy tính bảng,Siêu thị nhập khẩu Sakurato,528.000 ₫,-49%,269280,-82,4.9,(TẶNG CÁP SẠC NHANH) PIN Dự Phòng CONTAINER 50000mAh  tích hợp 4 dây ra bảo hành 12 Tháng phụ Kiện Điện Thoại Pin Dự Phòng Sạc Pin Đèn,412 Đã bán,https://www.lazada.vn/products/pdp-i3058537778.html,
"Thiết bị sưởi, làm lạnh và thông gió",JYShiZhiKeJi,62.200 ₫,-48%,32344,-8827,4.9,"Quạt Tích Điện Mini Super Fan, Để Bàn Văn Phòng Gấp Gọn Có Thể Kéo Dài 3 Tốc Độ Gió Xoay 360 Độ Cổng sạc USB",30.8K Đã bán,https://www.lazada.vn/products/pdp-i2535083203.html,
Phụ kiện điện thoại & máy tính bảng,ZAPLY,345.000 ₫,-33%,231150,-23,4.7,Sạc dự phòng100000mAh cổng sạc nhanh 120W pd20W kèm 4 đầu cáp sạc màn hình led bảo hành 12 tháng,82 Đã bán,https://www.lazada.vn/products/pdp-i3183903202.html,
Phụ kiện điện thoại & máy tính bảng,Shen Zhen 3C,600.000 ₫,-75%,150000,-24,4.7,"[năng lượng mặt trời]pin sạc dự phòng  100000mAh dung lượng  khủng,lớn với ngân hàng điện bốn dây đèn LED sạc nhanh 120W",68 Đã bán,https://www.lazada.vn/products/pdp-i3189241362.html,
Thiết bị theo dõi GPS & Phụ kiện,LadyTime_Shop,290.000 ₫,-48%,150800,-27,4.9,"Thiết Bị Định Vị GPS Hoco E100 , Định Vị Chính Xác , Không Giới Hạn Khoảng Cách , Theo Dõi Trẻ Em , Đồ Vật ,Tránh Thất Lạc",193 Đã bán,https://www.lazada.vn/products/pdp-i3207757520.html,
Phụ kiện điện thoại & máy tính bảng,vneIcRnO.Selection,64.700 ₫,-28%,46584,-669,4.7,"Pin Sạc Dự Phòng Aimier Mini – Sạc Nhanh PD, Màn Hình LCD Hiển Thị, Nhỏ Gọn Dễ Mang Theo – Tương Thích Nhiều Cổng Sạc",2.3K Đã bán,https://www.lazada.vn/products/pdp-i2651287533.html,
Phụ kiện điện thoại & máy tính bảng,NAICHONG MALL,80.000 ₫,-44%,44800,-15,4.2,"NAICHONG Mini Pin sạc dự phòng với bốn được xây dựng trong cáp, 20000mAh dung tích lớn đồ sạc di động",57 Đã bán,https://www.lazada.vn/products/pdp-i3141279173.html,
Thiết bị đeo thông minh,Pilot Star_VN.Selection,40.100 ₫,-29%,28471,-141,5,Đồng hồ thể thao sinh viên tối giản xu hướng khí chất cá nhân cảm ứng phát sáng gương màn hình đồng hồ vuông phong cách Ins,785 Đã bán,https://www.lazada.vn/products/pdp-i2545533423.html,
Phụ kiện điện thoại & máy tính bảng,ZAPLY,337.500 ₫,-33%,226125,-10,4.5,"Bộ sạc điện thoại 50.000MAH , 4 cổng USB, sạc nhanh PD 120W, bảo hành 6 tháng sạc dự phòng di động dung lượng lớn  đi kè",47 Đã bán,https://www.lazada.vn/products/pdp-i3183867327.html,
Phụ kiện điện thoại & máy tính bảng,Sun_mon,200.000 ₫,-18%,164000,-3,5,[28] Box Sạc QC4.0 Sạc Nhanh Không Hàn 4 * 21700 Trong Suốt SCP25W Vooc 22.5W PD20W QC18W Chưa Có Pin,11 Đã bán,https://www.lazada.vn/products/pdp-i3163263073.html,
Phụ kiện điện thoại & máy tính bảng,AUGUST-MALL ZERO,,,,-7,4.9,"Pin sạc dự phòng 20000mAh di động,với đèn LED,Đi kèm với bốn dây có thể tháo rời,Pin lithium-ion polymer, sạc an toàn",12 Đã bán,https://www.lazada.vn/products/pdp-i3197415195.html,
Trang trí nhà cửa,Thiết Bị Số 686,,,,-7,4.1,"Đồng Hồ Báo Thức Điện Tử Để Bàn Màn Hình LCD Đa Chức Năng: Thời Gian, Lịch, Báo Thức, Nhiệt Độ -dc2998",42 Đã bán,https://www.lazada.vn/products/pdp-i1361631966.html,
Phụ kiện Máy tính,aNaUrC.Selection,65.000 ₫,-31%,44850,-2200,4.9,"Ổ cắm điện USB đa năng cao cấp chống giật, 2 cổng USB, có chốt an toàn tiện dụng",9.3K Đã bán,https://www.lazada.vn/products/pdp-i2746301678.html,
Phụ kiện điện thoại & máy tính bảng,Mu1NqZN9,658.000 ₫,-63%,243460,-1,5,Sạc dự phòng 80000mAh 50000mah sạc nhanh 120W pin PD20W dung lượng lớn có dây cắm nhiều điện thoại,10 Đã bán,https://www.lazada.vn/products/pdp-i3199906575.html,
Dụng cụ đo lường,ĐìnhVăn Shop,154.000 ₫,-7%,143220,,,Đồng hồ đo vạn năng Digital DT-9205A,,https://www.lazada.vn/products/pdp-i2044181848.html,
Phụ kiện điện thoại & máy tính bảng,Smart Tech Mall,560.000 ₫,-57%,240800,-207,4.9,"Sạc Dự Phòng Không Dây 10000mAh, Pin Dự Phòng Tích Hợp 2 Dây Sạc, Sạc Nhanh An Toàn Không Nóng Máy, Pin Lithium Dùng Cho IP Và Androi, Đèn LED Thông Báo Tình Trạng Pin, Màu Sắc Đa Dạng. Bảo Hành 12 Tháng, Lỗi Đổi Mới.",415 Đã bán,https://www.lazada.vn/products/pdp-i2945514407.html,
Đồ gia dụng chăm sóc cá nhân,KHO BÁCH HÓA QUẢNG NGÃI,199.000 ₫,-50%,99500,-2,5,"T10 Bàn chải điện Electric 5 chế độ làm sạch, sạc qua dây USB tặng kèm 4 đầu chải mềm mịn, bảo vệ sức khỏe răng miệng gia đình bạn. Bảo hành 6 tháng",5 Đã bán,https://www.lazada.vn/products/pdp-i3211688195.html,
Trang trí nhà cửa,Esc Viet Nam,65.000 ₫,-10%,58500,,,"Đồng Hồ Báo Thức Điện Tử Để Bàn Màn Hình LCD Đa Chức Năng: Thời Gian, Lịch, Báo Thức, Nhiệt Độ -dc2998 dong ho bao t huc",,https://www.lazada.vn/products/pdp-i2178955695.html,
Điện,Thế Giới Linh Kiện 720,150.000 ₫,-36%,96000,-75,4.7,"Đồng hồ đo điện tử đa năng DT9205A, đo điện áp, dòng điện, vôn kế... có kèm pin 9V, bảo hành 1 tháng",236 Đã bán,https://www.lazada.vn/products/pdp-i1427130713.html,
Dụng cụ đo lường,Linh Kiện 024,89.000 ₫,-2%,87220,-8,4.8,Đồng hồ đo vạn năng Digital Multimeter VC830L màn hình kỹ thuật số đo điện đa năng,34 Đã bán,https://www.lazada.vn/products/pdp-i1235400959.html,
Phụ kiện điện thoại & máy tính bảng,Shen Zhen 3C,300.000 ₫,-73%,81000,-22,4.8,12000mAh Mini Power Bank Sạc di động Type-C và phích cắm cho điện thoại/đồng hồ/tai nghe,90 Đã bán,https://www.lazada.vn/products/pdp-i3189989000.html,
Phụ kiện điện thoại & máy tính bảng,ESSAGER,1.131.856 ₫,-69%,350875,-133,4.9,Essager 22.5W sạc dự phòng S 20000mAh Màn hình hiển thị kỹ thuật số được xây dựng trong Loại C Cáp Lightning di động USB-A Type-C pd20w sạc nhanh 10000mAh sạc dự phòng S 4 đầu ra 2 lnputs cho iphone16 15-5 Huawei Samsung máy tính bảng Máy Tính Xách Tay Ta,380 Đã bán,https://www.lazada.vn/products/pdp-i3090593990.html,
Đồ gia dụng chăm sóc cá nhân,LALA TRADING,65.000 ₫,-42%,37700,-1514,4.9,"Massage mắt mini cầm tay 208 (Tặng 1 SP Ngẫu Nhiên) - Electric Mini Vibrations Pouch Eye Massage Pen (Bút Massage mini cầm tay, máy mát xa mắt mini)",6.4K Đã bán,https://www.lazada.vn/products/pdp-i498490174.html,
Nhà thông minh,Hometek,117.000 ₫,-42%,67860,-1151,4.9,"Công tắc điều khiển từ xa Công suất lớn 3000W - 220V, Bh 1 tháng",5.5K Đã bán,https://www.lazada.vn/products/pdp-i2024613592.html,
Smartphones,LeNgan _Store,,,,-163,4.6,"[ RẺ HỦY DIỆT ] điện thoại 4G Samsung Galaxy Note 9 ram 6G/128G Chính Hãng, Chiến Game mượt, Chụp ảnh siêu đẹp - Máy đủ máu, MYSS",259 Đã bán,https://www.lazada.vn/products/pdp-i2890895031.html,
Đèn,Điện Việt,84.000 ₫,-29%,59640,-651,4.8,Đèn bàn học bài đọc sách đa năng loại tốt -  Điện Việt,2.1K Đã bán,https://www.lazada.vn/products/pdp-i248018800.html,
Điện,Cosette,58.000 ₫,-33%,38860,-54,4.8,Ổ Cắm Điện Thông Minh Đa Năng Cổng Sạc USB Tiện Dụng,205 Đã bán,https://www.lazada.vn/products/pdp-i2279881737.html,
Điện,Good Luck VN,208.000 ₫,-52%,99840,-65,5,"Đồng hồ đo điện, loại kim, model vạn năng sunma sanwai YX-360TR, tặng kèm 2 pin AA + 1 pin 9V, loại con trỏ YX-360TRN, đồng hồ vạn năng analog, đồng hồ điện sunwa",113 Đã bán,https://www.lazada.vn/products/pdp-i2465263003.html,
Phụ kiện điện thoại & máy tính bảng,Siêu thị nhập khẩu Sakurato,590.000 ₫,-51%,289100,-58,4.9,"(Tặng thêm cáp 4in1) Sạc Pin Dự Phòng 50000mah Tên PD120W Bảo hành 12 tháng Trong Suốt Có đồng hồ Hiển Thị Hiệu Điện Thế(V), Cường độ dòng điện(A) tích hợp 10 đèn Led",216 Đã bán,https://www.lazada.vn/products/pdp-i2945486165.html,
Phụ kiện điện thoại & máy tính bảng,MichanK,230.000 ₫,-57%,98900,-4,4,Sạc dự phòng Xiaomi Mi Gen 3 10000mAh Tích Hợp Cổng Type-C chính hãng Sạc nhanh 18W cho nhiều thiết bị hỗ trợ sạc nhanh,29 Đã bán,https://www.lazada.vn/products/pdp-i2726061719.html,
Đèn,Điện Việt,82.000 ₫,-35%,53300,-2424,4.8,"Đèn bàn học bài, đọc sách loại tốt nhiều mẫu - Điện Việt",7.8K Đã bán,https://www.lazada.vn/products/pdp-i286082657.html,
Smartphones,Smartchoice 247,600.000 ₫,-50%,300000,-22,4.6,Điện Thoại Thông Minh Giá Rẻ Samsung Galaxy J2 prime G532 Hỗ Trợ 4G Máy Cũ Tân Trang,87 Đã bán,https://www.lazada.vn/products/pdp-i3065998302.html,
Thiết bị tiện ích USB,Ranvoo,5.148.000 ₫,-87%,669240,-204,4.9,RANVOO | Quạt Cổ Đeo USB Sạc Điện,,https://www.lazada.vn/products/pdp-i3181365656.html,
Smartphones,bình minh mobile TQ 22,875.000 ₫,-7%,813750,-17,4.5,điện thoại samsung cũ A03 ram 3G bộ nhớ 32G máy qua sử dụng 97% tặng kèm sạc.ốp cường lực 815k,40 Đã bán,https://www.lazada.vn/products/pdp-i2826080373.html,
Phụ kiện điện thoại & máy tính bảng,CHANG TAN,180.000 ₫,-56%,79200,-87,4.7,[ FREESHIP KÈM CÁP SẠC] PIN SẠC DỰ PHÒNG CAO CẤP THIẾT KẾ MÀN HÌNH LED CỰC SANG TRỌNG - 2 CỔNG SẠC NHANH + ĐÈN LED SIÊU SÁNG TẦM NHÌN TỐT - SẠC DỰ PHÒNG AN TOÀN CHO MỌI DÒNG ĐIỆN THOẠI,129 Đã bán,https://www.lazada.vn/products/pdp-i2620443676.html,
Phụ kiện điện thoại & máy tính bảng,Siêu thị nhập khẩu Sakurato,375.000 ₫,-41%,221250,-378,4.9,"Sạc Dự Phòng 30000mAh 120W Trong Suốt Sạc Siêu Nhanh Siêu Bền Kết Hợp Led Soi Sáng Với 4 Đầu Sạc Và 3 Cổng Sạc Tiện Dụng 2 Cổng USB, 1 Cổng Type C",1.4K Đã bán,https://www.lazada.vn/products/pdp-i2662954801.html,
Phụ kiện điện thoại & máy tính bảng,GUTEK,290.000 ₫,-32%,197200,-514,4.9,Sạc dự phòng 20000mah Gutek GT160 sạc nhanh 100w dung lượng pin lớn có sẵn dây sạc cho nhiều thiết bị điện thoại,1.5K Đã bán,https://www.lazada.vn/products/pdp-i2404940782.html,
Điện,ĐIỆN TỬ HỒNG UYÊN,98.000 ₫,-24%,74480,-2,4.5,Đồng hồ vạn năng Điện tử kỹ thuật số màn hình LCD XL830L độ chính xác cao (Bán kèm pin 9v) - Điện tử hồng uyên,5 Đã bán,https://www.lazada.vn/products/pdp-i2797897710.html,
Thiết bị y tế,OOKAS Đồ gia dụng nhỏ,176.098 ₫,-29%,125029,-9,5,OOKAS Trang chủ Kích thước lớn LED HD Hiển thị Quy mô điện tử,39 Đã bán,https://www.lazada.vn/products/pdp-i2578443485.html,
Dụng cụ đo lường,HomelifeOfficialStore,194.923 ₫,-27%,142293,-115,4.8,(Thanh lý lỗ) ⚡Đồng hồ vạn năng DT9205A màn hình kỹ thuật số đồng hồ vạn năng thông minh Máy đo bảo dưỡng thợ điện chính xác cao,333 Đã bán,https://www.lazada.vn/products/pdp-i1904497392.html,
Smartphones,MYSON MOBILE,419.000 ₫,-29%,297490,-33,4.4,"điện thoại Xiaomi Redmi Note 10 2sim ram 6G/128G Chính hãng, cấu hình khủng Cân game mượt - CMS",78 Đã bán,https://www.lazada.vn/products/pdp-i2879921936.html,
,,,,,,,,,https://www.lazada.vn/products/pdp-i2302404321.html,
Phụ kiện điện thoại & máy tính bảng,Siêu thị nhập khẩu Sakurato,528.000 ₫,-49%,269280,-82,4.9,(TẶNG CÁP SẠC NHANH) PIN Dự Phòng CONTAINER 50000mAh  tích hợp 4 dây ra bảo hành 12 Tháng phụ Kiện Điện Thoại Pin Dự Phòng Sạc Pin Đèn,412 Đã bán,https://www.lazada.vn/products/pdp-i3058537778.html,
Phụ kiện điện thoại & máy tính bảng,ZAPLY,345.000 ₫,-33%,231150,-23,4.7,Sạc dự phòng100000mAh cổng sạc nhanh 120W pd20W kèm 4 đầu cáp sạc màn hình led bảo hành 12 tháng,82 Đã bán,https://www.lazada.vn/products/pdp-i3183903202.html,
Phụ kiện điện thoại & máy tính bảng,vneIcRnO.Selection,62.100 ₫,-42%,36018,-1175,4.8,"AME216 Sạc nhanh thời trang và nhẹ hỗ trợ nhiều loại cổng sạc, phối màu đen trắng, sạc dự phòng di động",3.8K Đã bán,https://www.lazada.vn/products/pdp-i2533033956.html,
Điện,Good Luck VN,100.000 ₫,-45%,55000,-119,4.4,"Đồng hồ đo điện vạn năng Samwa YX-360 TRn, Đồng hồ vạn năng tương tự Sanwa, tặng kèm pin 9V",467 Đã bán,https://www.lazada.vn/products/pdp-i2671225712.html,
Dụng cụ cầm tay & phụ kiện,Thế Giới Thợ Xe,487.000 ₫,-54%,224020,-21,5,Đồng hồ vạn năng UT33D+ | Đồng hồ đo điện đa năng điện tử hiển thị số - Thế Giới Thợ Xe,58 Đã bán,https://www.lazada.vn/products/pdp-i1985148452.html,
Phụ kiện điện thoại & máy tính bảng,vneIcRnO.Selection,64.700 ₫,-28%,46584,-669,4.7,"Pin Sạc Dự Phòng Aimier Mini – Sạc Nhanh PD, Màn Hình LCD Hiển Thị, Nhỏ Gọn Dễ Mang Theo – Tương Thích Nhiều Cổng Sạc",2.3K Đã bán,https://www.lazada.vn/products/pdp-i2651287533.html,
Thiết bị theo dõi GPS & Phụ kiện,LadyTime_Shop,290.000 ₫,-48%,150800,-27,4.9,"Thiết Bị Định Vị GPS Hoco E100 , Định Vị Chính Xác , Không Giới Hạn Khoảng Cách , Theo Dõi Trẻ Em , Đồ Vật ,Tránh Thất Lạc",193 Đã bán,https://www.lazada.vn/products/pdp-i3207757520.html,
Phụ kiện Máy tính,aNaUrC.Selection,65.000 ₫,-31%,44850,-2200,4.9,"Ổ cắm điện USB đa năng cao cấp chống giật, 2 cổng USB, có chốt an toàn tiện dụng",9.3K Đã bán,https://www.lazada.vn/products/pdp-i2746301678.html,
Thiết bị đeo thông minh,Pilot Star_VN.Selection,40.100 ₫,-29%,28471,-141,5,Đồng hồ thể thao sinh viên tối giản xu hướng khí chất cá nhân cảm ứng phát sáng gương màn hình đồng hồ vuông phong cách Ins,785 Đã bán,https://www.lazada.vn/products/pdp-i2545533423.html,
Dụng cụ cầm tay & phụ kiện,Thế Giới Linh Kiện 720,71.000 ₫,-40%,42600,-229,4.8,"Đồng hồ đo điện tử vạn năng DT830B Digital Multimeter, đồng hồ đo điện đa năng, đo điện áp, ampe, diode... hiển thị kỹ thuật số, đồng hồ đo có kèm pin theo",742 Đã bán,https://www.lazada.vn/products/pdp-i1427164470.html,
Điện thoại bàn,BSNT.PN,,,,-19,5,"[SALE SỐC SỐC] điện thoại giá rẻ Realme V20 5G ram 8G/256G 2sim máy Chính Hãng, Camera siêu đẹp, Cấu hình Cao cấp, Chiến mọi game nặng siêu mượt,máy đủ màu L",30 Đã bán,https://www.lazada.vn/products/pdp-i3229532567.html,
Điện,NingXiangShiHaiJunDaiBaiHuoDian,178.490 ₫,-50%,89245,,,Đồng hồ vạn năng Thông Minh Kỹ Thuật Số Chống cháy VC921 hiển thị độ chính xác cao đa năng bỏ túi,6 Đã bán,https://www.lazada.vn/products/pdp-i2783818011.html,
Phụ kiện điện thoại & máy tính bảng,Shen Zhen 3C,600.000 ₫,-75%,150000,-24,4.7,"[năng lượng mặt trời]pin sạc dự phòng  100000mAh dung lượng  khủng,lớn với ngân hàng điện bốn dây đèn LED sạc nhanh 120W",68 Đã bán,https://www.lazada.vn/products/pdp-i3189241362.html,
Dụng cụ đo lường,Electrical,139.000 ₫,-37%,87570,-64,4.8,Công tơ điện tử 1 pha 220V-80A LW - đồng hồ đo công suất tiêu thụ Kwh,578 Đã bán,https://www.lazada.vn/products/pdp-i2120640285.html,
Trang trí nhà cửa,Thiết Bị Số 686,,,,-7,4.1,"Đồng Hồ Báo Thức Điện Tử Để Bàn Màn Hình LCD Đa Chức Năng: Thời Gian, Lịch, Báo Thức, Nhiệt Độ -dc2998",42 Đã bán,https://www.lazada.vn/products/pdp-i1361631966.html,
Điện,TỔNG KHO GIA DỤNG 1587825305,,,,-67,4.7,Ổ cắm điện đa năng 7 Cổng Sạc USB 2 Cáp USB 3 Và 5M Dây Cáp Dày Chất Lượng Cao 100% Chính Hãng,274 Đã bán,https://www.lazada.vn/products/pdp-i2708713623.html,
Điện,Tổng Kho Linh Kiện Điện Tử VN,,,,-34,4.6,"Đồng Hồ Vạn Năng Điện Tử XL830L XL830 830 - Đồng Hồ Đo Điện áp DC, AC, Đo dòng điện, đo điện trở (Có Pin)",124 Đã bán,https://www.lazada.vn/products/pdp-i2225479414.html,
Phụ kiện điện thoại & máy tính bảng,NAICHONG MALL,80.000 ₫,-44%,44800,-15,4.2,"NAICHONG Mini Pin sạc dự phòng với bốn được xây dựng trong cáp, 20000mAh dung tích lớn đồ sạc di động",57 Đã bán,https://www.lazada.vn/products/pdp-i3141279173.html,
Dụng cụ cầm tay & phụ kiện,Linh Kiện 024,51.500 ₫,-4%,49440,-487,4.8,"Đồng hồ đo điện tử vạn năng DT830B Digital Multimeter, đồng hồ đo điện tử đa năng, đo điện áp, ampe, diode hiển thị kỹ thuật số, đồng hồ đo có kèm pin theo",1.4K Đã bán,https://www.lazada.vn/products/pdp-i1339643352.html,
Điện,yến sàoo,70.000 ₫,-39%,42700,-77,4.8,Combo 2 ổ Cắm Điện Thông Minh Đa Năng Cổng Sạc USB,328 Đã bán,https://www.lazada.vn/products/pdp-i2626240202.html,
Điện thoại bàn,MYSON MOBILE,1.499.000 ₫,-27%,1094270,-69,4.4,"điện thoại A92 2sim ram 8G/256G máy Chính Hãng, Cấu hình Cao khủng, Chiến mọi game nặng siêu mượt,- BNLN",127 Đã bán,https://www.lazada.vn/products/pdp-i2859791308.html,
Phụ kiện điện thoại & máy tính bảng,ESSAGER,1.131.856 ₫,-69%,350875,-133,4.9,Essager 22.5W sạc dự phòng S 20000mAh Màn hình hiển thị kỹ thuật số được xây dựng trong Loại C Cáp Lightning di động USB-A Type-C pd20w sạc nhanh 10000mAh sạc dự phòng S 4 đầu ra 2 lnputs cho iphone16 15-5 Huawei Samsung máy tính bảng Máy Tính Xách Tay Ta,380 Đã bán,https://www.lazada.vn/products/pdp-i3090593990.html,
Đồ gia dụng chăm sóc cá nhân,SADA Shopping Mall,272.000 ₫,-34%,179520,-54,4.9,SADA 120W sạc dự phòng 20000 mAh sạc siêu nhanh dung tích lớn Sạc dự phòng di động sạc dự phòng Phù hợp với Huawei Apple,88 Đã bán,https://www.lazada.vn/products/pdp-i2943071571.html,
Thiết bị nhà bếp,ZODAN Corporation,198.000 ₫,-50%,99000,-1944,4.9,"[BH 1 NĂM] Ấm đun siêu tốc, Bình đun nước siêu tốc 2.3L - Bảo Hành 1 Năm",5.1K Đã bán,https://www.lazada.vn/products/pdp-i2531847264.html,
Phụ kiện điện thoại & máy tính bảng,MỘC ÂN SHOP TPHCM,1.070.000 ₫,-93%,74900,-630,4,[BẢO HÀNH TOÀN QUỐC - TẶNG CÁP SẠC NHANH 39K ] - PIN DỰ PHÒNG LCD MẶT GƯƠNG DUNG LƯỢNG 30000MAH - SẠC DỰ PHÒNG CÓ ĐÈN LED HIỂN THỊ DUNG LƯỢNG PIN - HỖ TRỢ SẠC NHANH,1.7K Đã bán,https://www.lazada.vn/products/pdp-i2587994059.html,
Smartphones,LPK_dienthoaigiare,299.000 ₫,-3%,290030,-78,4.4,Điện thoại oppo neo5 _a31. Điện thoại gia rẻ HÀNG CHÍNH HÃNG đã qua sử dụng,182 Đã bán,https://www.lazada.vn/products/pdp-i2500695835.html,
Điện,TOP GOAT MALL,340.000 ₫,-53%,159800,-39,4.9,"LazMall Điện Tử Nhật Bản Cục Giảm Điện Nhật Bản Bộ Tiết Kiệm Điện Nhật Bản Tiện Lợi, An Toàn Và Dễ Sử Dụng Giúp Cắt Giảm Đến 43% Lượng Tiêu Thụ Điện Hàng Tháng",64 Đã bán,https://www.lazada.vn/products/pdp-i3168357070.html,
Dụng cụ đo lường,Home elictric,119.000 ₫,-25%,89250,-6,4.3,Công tơ điện tử 1 pha 220V-80A LW - đồng hồ đo công suất tiêu thụ Kwh,27 Đã bán,https://www.lazada.vn/products/pdp-i1570212121.html,
Dụng cụ nhà bếp,CleverOfficial Store,136.000 ₫,-42%,78880,-7,5,⚡Miễn Phí Vận Chuyển⚡Cân Tiểu Ly Điện Tử Dùng Pha Chế 3Kg/0.1g (Tặng Kèm Khay Trong Suốt I2000),209 Đã bán,https://www.lazada.vn/products/pdp-i2439073989.html,
Nhà thông minh,Điện Việt,75.000 ₫,-30%,52500,-3,5,Bộ điều khiển từ xa công suất cao 3000W loại tốt - Điện Việt,20 Đã bán,https://www.lazada.vn/products/pdp-i1743344233.html,
Thiết bị thông minh,phụ kiện đèn led,,,,,,Màn Hình LED Trang Trí Thông Minh Chỉnh Qua App Điện Thoại,,https://www.lazada.vn/products/pdp-i3180463209.html,
Smartphones,shop thúy diễm,1.250.000 ₫,-34%,825000,-7,5,"Điện Thoại  ( O.P.P.O ) A3s Ram 6/128Gb Máy mới Nguyên Sill  ,2 Xim 2 Sóng ,Loa To Sóng Khỏe ,Cân Mọi Game Nặng ,Lướt Wed Xem Phim Siêu Nhanh ,Bảo Hành 12 Tháng ,Tặng Sạc Cáp Ốp Lưng",26 Đã bán,https://www.lazada.vn/products/pdp-i3225251971.html,
Phụ kiện điện thoại & máy tính bảng,ZAPLY,337.500 ₫,-33%,226125,-10,4.5,"Bộ sạc điện thoại 50.000MAH , 4 cổng USB, sạc nhanh PD 120W, bảo hành 6 tháng sạc dự phòng di động dung lượng lớn  đi kè",47 Đã bán,https://www.lazada.vn/products/pdp-i3183867327.html,
Phụ kiện điện thoại & máy tính bảng,Sun_mon,200.000 ₫,-18%,164000,-3,5,[28] Box Sạc QC4.0 Sạc Nhanh Không Hàn 4 * 21700 Trong Suốt SCP25W Vooc 22.5W PD20W QC18W Chưa Có Pin,11 Đã bán,https://www.lazada.vn/products/pdp-i3163263073.html,
Điện,Linh Kiện 024,73.000 ₫,-3%,70810,-115,4.7,Combo 3 món đồng hồ điện tử XL830L + Mỏ hàn chỉnh nhiệt TQ936 + Hút thiếc chì mini sửa chữa điện tử hàn mạch đo điện V1,367 Đã bán,https://www.lazada.vn/products/pdp-i1963236385.html,
Phụ kiện điện thoại & máy tính bảng,KnHNvryq,780.000 ₫,-57%,335400,,,Sạc dự phòng 90000mAh sạc nhanh 120W pin PD20W dung lượng lớn có dây cắm nhiều điện thoại sạc sự Dựng phòng LED,,https://www.lazada.vn/products/pdp-i3199943958.html,
Điện,Shop Hoàng Bách,,,,-8,4.9,Công Tơ Điện Tử 4 Thông Số 80A 220V có RESET độ chính xác cao màn hình LCD,41 Đã bán,https://www.lazada.vn/products/pdp-i2792861171.html,
Dụng cụ đo lường,Home_Technology_89,139.000 ₫,-36%,88960,-6,4.8,"Công tơ điện tử 1 pha đa năng LW80A/220v đo công suất, điện áp, cường độ,",72 Đã bán,https://www.lazada.vn/products/pdp-i1599514740.html,
Dụng cụ đo lường,Linh Kiện Điện Tử Chợ Trời Hà Nội,33.000 ₫,-33%,22110,-5,5,"Đồng hồ đo điện vạn năng Diymore ANENG M113, đo volt, điện trở",31 Đã bán,https://www.lazada.vn/products/pdp-i2707652807.html,
Dụng cụ đo lường,ĐìnhVăn Shop,154.000 ₫,-7%,143220,,,Đồng hồ đo vạn năng Digital DT-9205A,,https://www.lazada.vn/products/pdp-i2044181848.html,
Trang trí nhà cửa,Vinetteam Store,132.900 ₫,-35%,86385,-29,4.7,"Đồng Hồ Báo Thức Điện Tử Để Bàn Màn Hình LCD Đa Chức Năng: Thời Gian, Lịch, Báo Thức, Nhiệt Độ -dc2998",118 Đã bán,https://www.lazada.vn/products/pdp-i1383975156.html,
Phụ kiện trò chơi điện tử,HAWEEL.Achoice-VN,11.200 ₫,-38%,6944,-831,4.9,Đồng Hồ Trẻ Em Màn Hình Cảm Ứng – Đồng Hồ Kỹ Thuật Số Dây Đeo Điều Chỉnh,5.0K Đã bán,https://www.lazada.vn/products/pdp-i2520228597.html,
Phụ kiện điện thoại & máy tính bảng,violet56,147.000 ₫,-33%,98490,-5,5,"Sạc Siêu Nhanh 66W 20000MAh Cáp Tự Dây Điện Dung Tích Lớn, In Logo Nguồn Điện Di Động Trong Suốt Quà Tặng",17 Đã bán,https://www.lazada.vn/products/pdp-i3121216575.html,
Smartphones,Smartchoice 247,600.000 ₫,-50%,300000,-22,4.6,Điện Thoại Thông Minh Giá Rẻ Samsung Galaxy J2 prime G532 Hỗ Trợ 4G Máy Cũ Tân Trang,87 Đã bán,https://www.lazada.vn/products/pdp-i3065998302.html,
Phụ kiện điện thoại & máy tính bảng,Mu1NqZN9,658.000 ₫,-63%,243460,-1,5,Sạc dự phòng 80000mAh 50000mah sạc nhanh 120W pin PD20W dung lượng lớn có dây cắm nhiều điện thoại,10 Đã bán,https://www.lazada.vn/products/pdp-i3199906575.html,
Điện,Đàn Nguyễn Store,75.000 ₫,-5%,71250,-9,5,Ổ cắm chia điện đa năng 2500W chân 2 chấu đi kèm cổng sạc Usb 5V2A có đèn ngủ và công tắc riêng,29 Đã bán,https://www.lazada.vn/products/pdp-i3097313235.html,
Phụ kiện điện thoại & máy tính bảng,YK SHOPS,20.000 ₫,-53%,9400,-65,4.7,[ FREESHIP KÈM CÁP SẠC] PIN SẠC DỰ PHÒNG CAO CẤP THIẾT KẾ MÀN HÌNH LED CỰC SANG TRỌNG - 2 CỔNG SẠC NHANH + ĐÈN LED SIÊU SÁNG TẦM NHÌN TỐT - SẠC DỰ PHÒNG AN TOÀN CHO MỌI DÒNG ĐIỆN THOẠI,89 Đã bán,https://www.lazada.vn/products/pdp-i2696970713.html,
Thiết bị tiện ích USB,Ranvoo,5.148.000 ₫,-87%,669240,-204,4.9,RANVOO | Quạt Cổ Đeo USB Sạc Điện,,https://www.lazada.vn/products/pdp-i3181365656.html,
Điện,PBS SHOP,229.000 ₫,-33%,153430,,,Máy đo điện áp vạn năng HT93 kỹ thuật số thông minh 2000 Máy đo điện áp đếm NCV,5 Đã bán,https://www.lazada.vn/products/pdp-i3167205425.html,
Trang trí nhà cửa,Esc Viet Nam,65.000 ₫,-10%,58500,,,"Đồng Hồ Báo Thức Điện Tử Để Bàn Màn Hình LCD Đa Chức Năng: Thời Gian, Lịch, Báo Thức, Nhiệt Độ -dc2998 dong ho bao t huc",,https://www.lazada.vn/products/pdp-i2178955695.html,
Điện,Thế Giới Linh Kiện 720,150.000 ₫,-36%,96000,-75,4.7,"Đồng hồ đo điện tử đa năng DT9205A, đo điện áp, dòng điện, vôn kế... có kèm pin 9V, bảo hành 1 tháng",236 Đã bán,https://www.lazada.vn/products/pdp-i1427130713.html,
Smartphones,bình minh mobile TQ 22,875.000 ₫,-7%,813750,-17,4.5,điện thoại samsung cũ A03 ram 3G bộ nhớ 32G máy qua sử dụng 97% tặng kèm sạc.ốp cường lực 815k,40 Đã bán,https://www.lazada.vn/products/pdp-i2826080373.html,
Phụ kiện Máy tính,xDnUIM.Selection,49.000 ₫,-29%,34790,-6231,5,"Ổ cắm điện đa chức năng , gồm 6 đầu chuyển , tiện lợi , dễ di chuyển",17.7K Đã bán,https://www.lazada.vn/products/pdp-i2534662796.html,
Phụ kiện điện thoại & máy tính bảng,Smart Tech Mall,560.000 ₫,-57%,240800,-207,4.9,"Sạc Dự Phòng Không Dây 10000mAh, Pin Dự Phòng Tích Hợp 2 Dây Sạc, Sạc Nhanh An Toàn Không Nóng Máy, Pin Lithium Dùng Cho IP Và Androi, Đèn LED Thông Báo Tình Trạng Pin, Màu Sắc Đa Dạng. Bảo Hành 12 Tháng, Lỗi Đổi Mới.",415 Đã bán,https://www.lazada.vn/products/pdp-i2945514407.html,
Thiết bị y tế,OOKAS Đồ gia dụng nhỏ,176.098 ₫,-29%,125029,-9,5,OOKAS Trang chủ Kích thước lớn LED HD Hiển thị Quy mô điện tử,39 Đã bán,https://www.lazada.vn/products/pdp-i2578443485.html,
Điện,ZzSunnyzZ,25.900 ₫,-13%,22533,-8,5,"Volt Kế Điện Tử Hai Dây AC 220V 0.56 inch, Đồng Hồ Đo Vôn, Điện Áp AC 70V-500V, LED Hiển Thị",116 Đã bán,https://www.lazada.vn/products/pdp-i2786475469.html,
Smartphones,MYSON MOBILE,419.000 ₫,-29%,297490,-33,4.4,"điện thoại Xiaomi Redmi Note 10 2sim ram 6G/128G Chính hãng, cấu hình khủng Cân game mượt - CMS",78 Đã bán,https://www.lazada.vn/products/pdp-i2879921936.html,
Điện,FOXSUR VIỆT NAM,199.920 ₫,-50%,99960,-55,4.8,Công tơ điện tử 1 pha đo điện năng tiêu thụ kwh LW công suất lớn 60A 15KW màn hình LCD hiển thị kỹ thuật số hàng CHÍNH HÃNG,246 Đã bán,https://www.lazada.vn/products/pdp-i1299156694.html,
Phụ kiện điện thoại & máy tính bảng,Siêu thị nhập khẩu Sakurato,375.000 ₫,-41%,221250,-378,4.9,"Sạc Dự Phòng 30000mAh 120W Trong Suốt Sạc Siêu Nhanh Siêu Bền Kết Hợp Led Soi Sáng Với 4 Đầu Sạc Và 3 Cổng Sạc Tiện Dụng 2 Cổng USB, 1 Cổng Type C",1.4K Đã bán,https://www.lazada.vn/products/pdp-i2662954801.html,
Phụ kiện điện thoại & máy tính bảng,CHANG TAN,180.000 ₫,-56%,79200,-87,4.7,[ FREESHIP KÈM CÁP SẠC] PIN SẠC DỰ PHÒNG CAO CẤP THIẾT KẾ MÀN HÌNH LED CỰC SANG TRỌNG - 2 CỔNG SẠC NHANH + ĐÈN LED SIÊU SÁNG TẦM NHÌN TỐT - SẠC DỰ PHÒNG AN TOÀN CHO MỌI DÒNG ĐIỆN THOẠI,129 Đã bán,https://www.lazada.vn/products/pdp-i2620443676.html,
Smartphones,shop thúy diễm,1.950.000 ₫,-37%,1228500,-7,5,"Giảm Giá Rẻ ,Điện Thoại  ( OP.PO ) A53 Ram 8/256Gb Máy mới Nguyên Sill  ,2 Xim 2 Sóng ,Loa To Sóng Khỏe ,Cân Mọi Game Nặng ,Lướt Wed Xem Phim Siêu Nhanh ,Bảo Hành 12 Tháng ,Tặng Sạc Cáp Ốp Lưng",27 Đã bán,https://www.lazada.vn/products/pdp-i3222474014.html,
Smartphones,shop thúy diễm,1.950.000 ₫,-37%,1228500,-7,5,"Giảm Giá Rẻ ,Điện Thoại  ( OP.PO ) A53 Ram 8/256Gb Máy mới Nguyên Sill  ,2 Xim 2 Sóng ,Loa To Sóng Khỏe ,Cân Mọi Game Nặng ,Lướt Wed Xem Phim Siêu Nhanh ,Bảo Hành 12 Tháng ,Tặng Sạc Cáp Ốp Lưng",27 Đã bán,https://www.lazada.vn/products/pdp-i3222474014.html,
Smartphones,shop thúy diễm,1.950.000 ₫,-37%,1228500,-7,5,"Giảm Giá Rẻ ,Điện Thoại  ( OP.PO ) A53 Ram 8/256Gb Máy mới Nguyên Sill  ,2 Xim 2 Sóng ,Loa To Sóng Khỏe ,Cân Mọi Game Nặng ,Lướt Wed Xem Phim Siêu Nhanh ,Bảo Hành 12 Tháng ,Tặng Sạc Cáp Ốp Lưng",27 Đã bán,https://www.lazada.vn/products/pdp-i3222474014.html,
Nhà thông minh,Hometek,117.000 ₫,-42%,67860,-1152,4.9,"Công tắc điều khiển từ xa Công suất lớn 3000W - 220V, Bh 1 tháng",5.5K Đã bán,https://www.lazada.vn/products/pdp-i2024613592.html,
Điện,CleverOfficial Store,226.000 ₫,-40%,135600,-27,5,⚡Miễn Phí Vận Chuyển⚡vận chuyển nhanh DT9205A Đồng hồ vạn năng kỹ thuật số AC DC Vôn kế Ampe kế Máy đo,167 Đã bán,https://www.lazada.vn/products/pdp-i2302226891.html,
Đồ gia dụng chăm sóc cá nhân,LALA TRADING,65.000 ₫,-42%,37700,-1514,4.9,"Massage mắt mini cầm tay 208 (Tặng 1 SP Ngẫu Nhiên) - Electric Mini Vibrations Pouch Eye Massage Pen (Bút Massage mini cầm tay, máy mát xa mắt mini)",6.4K Đã bán,https://www.lazada.vn/products/pdp-i498490174.html,
Smartphones,LeNgan _Store,,,,-163,4.6,"[ RẺ HỦY DIỆT ] điện thoại 4G Samsung Galaxy Note 9 ram 6G/128G Chính Hãng, Chiến Game mượt, Chụp ảnh siêu đẹp - Máy đủ máu, MYSS",259 Đã bán,https://www.lazada.vn/products/pdp-i2890895031.html,
Phụ kiện điện thoại & máy tính bảng,Siêu thị nhập khẩu Sakurato,590.000 ₫,-51%,289100,-58,4.9,"(Tặng thêm cáp 4in1) Sạc Pin Dự Phòng 50000mah Tên PD120W Bảo hành 12 tháng Trong Suốt Có đồng hồ Hiển Thị Hiệu Điện Thế(V), Cường độ dòng điện(A) tích hợp 10 đèn Led",216 Đã bán,https://www.lazada.vn/products/pdp-i2945486165.html,
Điện,homelifestorevn,96.800 ₫,-39%,59048,-17,4.6,Thiết Bị Kiểm Tra Vôn Kế 0-100A 3 Trong 1 Màn Hình LED 22mm AC 60-500V HOME,173 Đã bán,https://www.lazada.vn/products/pdp-i2811217338.html,
Đèn,Điện Việt,84.000 ₫,-29%,59640,-651,4.8,Đèn bàn học bài đọc sách đa năng loại tốt -  Điện Việt,2.1K Đã bán,https://www.lazada.vn/products/pdp-i248018800.html,
Điện,Cosette,58.000 ₫,-33%,38860,-54,4.8,Ổ Cắm Điện Thông Minh Đa Năng Cổng Sạc USB Tiện Dụng,205 Đã bán,https://www.lazada.vn/products/pdp-i2279881737.html,
Điện,Samebeauty,341.167 ₫,-40%,204700,-4,4,[Giao hàng 24 giờ⚡️] Đồng hồ đo điện áp D52-2066 6 trong 1 đa năng 110V 220V 380V 100A,17 Đã bán,https://www.lazada.vn/products/pdp-i2807379856.html,
Điện,A_Hoco_Shop,213.300 ₫,-39%,130113,-352,4.9,Đồng hồ đo công suất điện 220V có nút RESET độ chính xác cao màn hình hiển thị LCD P U I Kwh bộ công tơ điện tử,1.3K Đã bán,https://www.lazada.vn/products/pdp-i2381928314.html,
Điện,SMH,240.000 ₫,-30%,168000,-131,4.9,Thiết bị đo công suất 100A công tơ điện tử,588 Đã bán,https://www.lazada.vn/products/pdp-i815138110.html,
Dụng cụ cầm tay & phụ kiện,Thế Giới Linh Kiện 720,131.000 ₫,-46%,70740,-193,4.8,"Đồng hồ đo điện tử vạn năng XL830L, đồng hồ đo điện đa năng, đo điện áp,.. hiển thị số, đồng hồ đo có kèm pin theo",641 Đã bán,https://www.lazada.vn/products/pdp-i1427120796.html,
Điện,ĐIỆN TỬ HỒNG UYÊN,98.000 ₫,-24%,74480,-2,4.5,Đồng hồ vạn năng Điện tử kỹ thuật số màn hình LCD XL830L độ chính xác cao (Bán kèm pin 9v) - Điện tử hồng uyên,5 Đã bán,https://www.lazada.vn/products/pdp-i2797897710.html,
Dụng cụ đo lường,HomelifeOfficialStore,194.923 ₫,-27%,142293,-115,4.8,(Thanh lý lỗ) ⚡Đồng hồ vạn năng DT9205A màn hình kỹ thuật số đồng hồ vạn năng thông minh Máy đo bảo dưỡng thợ điện chính xác cao,333 Đã bán,https://www.lazada.vn/products/pdp-i1904497392.html,
Dụng cụ đo lường,YZL-tools,147.000 ₫,-46%,79380,-36,5,Đồng hồ vạn năng kỹ thuật số Mini 4000 đếm AC DC dụng cụ điện Tester Auto multimetro kỹ thuật số Profesional Meter,6 Đã bán,https://www.lazada.vn/products/pdp-i2302404321.html,
Đèn,Điện Việt,82.000 ₫,-35%,53300,-2424,4.8,"Đèn bàn học bài, đọc sách loại tốt nhiều mẫu - Điện Việt",7.8K Đã bán,https://www.lazada.vn/products/pdp-i286082657.html,
Điện,TỔNG KHO GIA DỤNG 1587825305,,,,-43,4.8,"Ổ điện đa năng sạc nhanh, ổ cắm điện tự ngắt dây nối dài ổ điện thông minh chịu tải cao 2200w",140 Đã bán,https://www.lazada.vn/products/pdp-i2708808190.html,
Phụ kiện điện thoại & máy tính bảng,CHANG TAN,180.000 ₫,-56%,79200,-122,4.7,"GIÁ SỈ TẶNG CÁP SẠC NHANH 39K - PIN TRÂU 30000MAH, PIN SẠC DỰ PHÒNG CAO CẤP THIẾT KẾ MÀN HÌNH GƯƠNG 2 CỔNG SẠC NHANH",177 Đã bán,https://www.lazada.vn/products/pdp-i2634869031.html,
Điện,Plata,85.000 ₫,-24%,64600,-2,5,Đồng hồ đo điện Volt Ohm Amp AC/DC đa năng Digital Multimeter DT-830B cho thợ điện tử thiết kế nhỏ gọn dễ sử dụng chi phí thấp,16 Đã bán,https://www.lazada.vn/products/pdp-i2592565128.html,
Dụng cụ cầm tay & phụ kiện,Vinetteam Store,159.000 ₫,-44%,89040,,,"Đồng hồ vạn năng DT9205A đồng hồ đo điện thông minh màn hình kĩ thuật số, độ chính xác cao - dc5266",,https://www.lazada.vn/products/pdp-i2613856196.html,
Dụng cụ đo lường,Linh Kiện Điện Tử 3MS Tân Phú,247.500 ₫,-12%,217800,,,Đồng Hồ Đo Vạn Năng DT-9208A,,https://www.lazada.vn/products/pdp-i1529139988.html,
Trang trí nhà cửa,Nhím shop 94,65.000 ₫,-42%,37700,-4,4,"Đồng Hồ Điện Tử Để Bàn Có Đèn LED Đổi Màu, Đa Chức Năng : Thời Gian, Ngày Tháng, Báo Thức, Đo Độ",13 Đã bán,https://www.lazada.vn/products/pdp-i1729439181.html,
Đồ gia dụng chăm sóc cá nhân,KHO BÁCH HÓA QUẢNG NGÃI,199.000 ₫,-50%,99500,-2,5,"T10 Bàn chải điện Electric 5 chế độ làm sạch, sạc qua dây USB tặng kèm 4 đầu chải mềm mịn, bảo vệ sức khỏe răng miệng gia đình bạn. Bảo hành 6 tháng",5 Đã bán,https://www.lazada.vn/products/pdp-i3211688195.html,
Điện,Linh Kiện 024,73.000 ₫,-3%,70810,-787,4.8,"Đồng hồ đo điện tử vạn năng XL830L, đồng hồ đo điện đa năng XL 830L, đo điện áp hiển thị số, đồng hồ đo có kèm pin theo",2.8K Đã bán,https://www.lazada.vn/products/pdp-i1236182554.html,
Điện,Linh Kiện Điện Tử ViNa,,,,-428,4.9,"Đồng Hồ Vạn Năng Điện Tử XL830L XL830 830 - Đồng Hồ Đo Điện áp DC, AC, Đo dòng điện, đo điện trở (Có Pin)",1.2K Đã bán,https://www.lazada.vn/products/pdp-i2225409929.html,
"Thiết bị sưởi, làm lạnh và thông gió",Tonnifu dụng cụ điện,400.000 ₫,-23%,308000,-348,4.8,"Quạt tích điện đế pin Tonnifu 21v phổ thông 8 inch, quạt xoay 2 tốc, bảo hành 06 tháng.",1.0K Đã bán,https://www.lazada.vn/products/pdp-i2825687409.html,
Trường học & văn phòng,SEHENA3,81.626 ₫,-44%,45710,,,SEHVN 12 chữ số điện kép chức năng Tiêu chuẩn điện tử máy tính cầm tay cho văn phòng hàng ngày và cơ bản,,https://www.lazada.vn/products/pdp-i3065513061.html,
Thiết bị đeo thông minh,Pilot Star_VN.Selection,29.300 ₫,-23%,22561,-852,4.9,Đồng Hồ Thông Minh Thể Thao Bọ Cạp Dành Cho Nữ Màn Hình LED Tích Hợp Đầy Đủ Theo Dõi Hoạt Động Dây Đeo Cổ Tay Kỹ Thuật Số Thời Trang Tương Thích Với Android,4.2K Đã bán,https://www.lazada.vn/products/pdp-i2545488293.html,
Điện,Nhím shop 94,239.000 ₫,-17%,198370,,,"Đồng hồ Màn Hình 6 Trong 1 KWh Công Suất Đo Tần Số 110V 220V 380V 100A, Điện Hệ Số Công Suất Hoạt Động màn Hình",,https://www.lazada.vn/products/pdp-i3149351626.html,
Điện,MichanK,120.000 ₫,-57%,51600,-116,4.3,(Có Đèn & Loa) Đồng Hồ Đo Điện Vạn Năng VOM SANWAI YX-360TRE-L-B Có Đèn Và Loa Báo Đo Thông Mạch Tiện Dụng,403 Đã bán,https://www.lazada.vn/products/pdp-i2777827659.html,
Dụng cụ cầm tay & phụ kiện,ZOYI Tools,452.000 ₫,-47%,239560,-2,5,Đồng Hồ Đo Điện Vạn Năng Điện Tử Đo Điện Mini Bỏ Túi Ac/Dc Zoyi Vc921 - Bảo Hành 12 Tháng,5 Đã bán,https://www.lazada.vn/products/pdp-i2846063857.html,
Điện,Gia Dụng PINGS,110.000 ₫,-37%,69300,-27,4.8,Ổ điện đa năng ổ cắm điện thông minh 2200W chống giật chống cháy 4 ổ USB 5V2A và đèn ngủ tiện lợi,108 Đã bán,https://www.lazada.vn/products/pdp-i2433640919.html,
Dụng cụ điện & phụ kiện,HANDPHONEVN,,,,-1,5,Nhiệt Kế Điện Tử Đo Nhiệt Độ Hiển Thị Số LCD Dây Đầu Dò Nhiệt Độ Dây Dò Dài 2m,,https://www.lazada.vn/products/pdp-i2347393821.html,
Điện,CleverOfficial Store,90.990 ₫,-40%,54594,-5,5,"⚡Miễn Phí Vận Chuyển⚡ Ổ Cắm Điện Power Strip Đa Năng Thông Minh-Ổ cắm điện thông minh kèm cổng sạc 2 USB，5 plugs, 9 universal socket",22 Đã bán,https://www.lazada.vn/products/pdp-i2630667207.html,
Điện,orientation,245.000 ₫,-26%,181300,-21,5,Máy đo điện áp cường độ dòng điện công suất công tơ điện tử PUUCAI ampe kế vôn kế 100A 6 trong 1,104 Đã bán,https://www.lazada.vn/products/pdp-i815104860.html,
Dụng cụ đo lường,Esc Viet Nam,240.000 ₫,-21%,189600,-1,5,"Đồng hồ điện tử hiển thị 6 thông số,Thiết bị đo công suất 100A 220V,công tơ điện tử",17 Đã bán,https://www.lazada.vn/products/pdp-i815192595.html,
Điện,Samebeauty,103.000 ₫,-39%,62830,-12,4.8,"[Giao hàng 24 giờ⚡️] Ổ cắm điện thông minh 5 phích cắm, 2 cổng sạc USB, 9 ổ cắm đa năng dây dài 1,8 mét điện đa năng có công tắc, điện thông minh, phích cắm điện chống giật, phích cắm đa năng",43 Đã bán,https://www.lazada.vn/products/pdp-i2861700648.html,
Điện,BUM BI,,,,-1,5,"Đồng Hồ Đo Điện Tử XL830L Có Màn Hình LCD Cầm Tay Nhỏ Gọn, Thiết Bị Đo Dòng Điện Độ Chính Xác Cao Kèm Pin Và Dây Đo",,https://www.lazada.vn/products/pdp-i3052023345.html,
Điện,XUKO Shop.,,,,-30,5,"Công tơ điện tử đa năng hiển thị 1 thông số và 4 thông số 80A LW đo công suất, điện áp, cường độ dòng điện",145 Đã bán,https://www.lazada.vn/products/pdp-i1762828678.html,
Điện,NingXiangShiXiaoQiangDongBaiHuoDian,174.096 ₫,-50%,87048,,,Đồng hồ vạn năng Thông Minh Kỹ Thuật Số Chống cháy VC921 hiển thị độ chính xác cao đa năng bỏ túi,51 Đã bán,https://www.lazada.vn/products/pdp-i2783730505.html,
Phụ kiện điện thoại & máy tính bảng,GUTEK,550.000 ₫,-28%,396000,-23,5,"Pin Sạc dự phòng 50000mAh sạc nhanh 22,5W/120W có dây cắm nhiều điện thoại - Gutek GT240",98 Đã bán,https://www.lazada.vn/products/pdp-i3182935643.html,
Thiết bị tiện ích USB,GlobalWonderShop,218.000 ₫,-57%,93740,-308,5,"Quạt Điện Cầm Tay Mini Không Chổi Than, Sạc USB, Công Suất Gió Mạnh, Kiểu Dáng Máy Bay Nhỏ Gọn, Dùng Để Làm Mát Cá Nhân",1.7K Đã bán,https://www.lazada.vn/products/pdp-i3155183152.html,
Điện,MichanK,179.600 ₫,-57%,77228,-3,4.3,"ĐỒNG HỒ ĐO VẠN NĂNG YX-360TRn SAMWA (TẶNG KÈM PIN ),  Đồng hồ vạn năng SAMWA, Đồng hồ đo điện vạn năng",14 Đã bán,https://www.lazada.vn/products/pdp-i2733386553.html,
Điện,A_hoco__Store,207.300 ₫,-37%,130599,-30,3.9,"【🔥HCM/24H】Đồng hồ vạn năng VOM YX360-TRD tặng kèm pin đo điện trở, dòng điện xoay chiều 1 chiều",107 Đã bán,https://www.lazada.vn/products/pdp-i2152003885.html,
Điện,Good Luck VN,208.000 ₫,-52%,99840,-65,5,"Đồng hồ đo điện, loại kim, model vạn năng sunma sanwai YX-360TR, tặng kèm 2 pin AA + 1 pin 9V, loại con trỏ YX-360TRN, đồng hồ vạn năng analog, đồng hồ điện sunwa",113 Đã bán,https://www.lazada.vn/products/pdp-i2465263003.html,
Dụng cụ đo lường,KKmoon,520.000 ₫,-50%,260000,-3,5,Máy đo độ nghiêng điện tử thước đo kỹ thuật số từ ebtn LCD độ chính xác cao hoạt động dễ dàng cho các góc đo,9 Đã bán,https://www.lazada.vn/products/pdp-i2964157164.html,
Điện,Linh Kiện Điện Tử 3MS Tân Phú,143.000 ₫,-11%,127270,-731,4.9,Đồng Hồ Vạn Năng BEST 9205M,2.0K Đã bán,https://www.lazada.vn/products/pdp-i249175428.html,
Điện,Smart power,240.000 ₫,-27%,175200,-45,5,"Đồng hồ điện tử hiển thị 6 thông số,Thiết bị đo công suất 100A 220V,công tơ điện tử",214 Đã bán,https://www.lazada.vn/products/pdp-i815182788.html,
Điện,Home_Technology_89,,,,-4,5,"Công tơ điện tử 6 Thông Số 220V-100A LWDSS1 ,công tơ điện tử ,đồng hồ đo điện,thiết bị đo công suất lắp phòng trọ,hộ gia đình.",15 Đã bán,https://www.lazada.vn/products/pdp-i2913534102.html,
Điện thoại bàn,Refly,920.000 ₫,-0.10%,920.000 ₫,-3,5,SOYES XS15 Điện Thoại Thông Minh Mini Màn Hình 3.0 Inch RAM 2GB ROM 16GB Hỗ Trợ Bluetooth WIFI Điện Thoại Di Động Android 8.1,9 Đã bán,https://www.lazada.vn/products/pdp-i2415253264.html,
Điện,47shop-net,320.000 ₫,-39%,195200,-42,5,"Công tơ - đồng hồ điện tử 6 thông số đo công suất, cường độ (100A)",132 Đã bán,https://www.lazada.vn/products/pdp-i2484576728.html,
Điện,home smart 89,200.000 ₫,-28%,144000,-73,4.9,"Đồng hồ đo công suất tiêu thụ điện thiết bị 220V, ổ cắm đo công suất",309 Đã bán,https://www.lazada.vn/products/pdp-i1241286325.html,
Dụng cụ đo lường,Điện Tử Viễn Thông Đông Đô,,,,,,"Đồng hồ đo vạn năng kỹ thuật số FNIRSI DMT-99 đo điện áp, điện trở, tụ điện, tần số, dòng điện",,https://www.lazada.vn/products/pdp-i2928684965.html,
Điện,Lâm Khải Phong_shop,52.500 ₫,-6%,49350,-2,5,Ổ Điện Xanh Lá Có 3 Usb Sạc Điện Thoại và Chia Ổ Điện Kiêm Đèn Ngủ Có 2 Usb Sạc Điện Thoại,,https://www.lazada.vn/products/pdp-i3140848523.html,
Điện,BUM STORE.,,,,,,"Đồng Hồ Đo Điện Kỹ Thuật Số XL830L Độ Chính Xác Cao, Dụng Cụ Đo Điện Tử Kiểm Tra Điện Kèm Pin Và Dây Đo Chuyên Dụng",,https://www.lazada.vn/products/pdp-i3052001413.html,
Điện,NAYA STORE,188.000 ₫,-58%,78960,-61,4.6,【Miễn phí vận chuyển】ANENG Đồng Hồ Vạn Năng Kỹ Thuật Số DM850 Máy Kiểm Tra Điện Áp AC/DC Tự Động 1999 Số Đếm Công Cụ Dò Ampe Kế Ohm Dòng Điện,289 Đã bán,https://www.lazada.vn/products/pdp-i2062400662.html,
Điện,Townson_Tech,160.000 ₫,-13%,139200,-5,4.8,"Đồng Hồ Vạn Năng Thông Minh Màn Hình Kỹ Thuật Số Độ Chính Xác Cao Đo Volt, Ampe, Điện Trở Và Linh Kiện Điện Tử Cơ Bản",14 Đã bán,https://www.lazada.vn/products/pdp-i3049087434.html,
Điện,Linh Kiện 024,160.000 ₫,-34%,105600,-8,4.9,"Đồng hồ đo điện vạn năng DT9205A, đo dòng điện, vôn kế có kèm pin 9V, bảo hành 1 tháng",26 Đã bán,https://www.lazada.vn/products/pdp-i1236380888.html,
Dụng cụ đo lường,UKSTORE,190.000 ₫,-28%,136800,,,[Bảo hành 1 đổi 1] Đồng hồ đo điện vạn năng DT9205A Digital Multimeter Excel,,https://www.lazada.vn/products/pdp-i1330333960.html,
Điện,Đồ Chơi Sáng Tạo - DIY,70.000 ₫,-20%,56000,-51,4.8,Đồng hồ vạn năng đo điện A830L và DT-830B,234 Đã bán,https://www.lazada.vn/products/pdp-i1968125827.html,
Điện,Smart power,240.000 ₫,-27%,175200,-41,4.6,Thiết bị đo công suất 100A công tơ điện tử,234 Đã bán,https://www.lazada.vn/products/pdp-i815080952.html,
Dụng cụ điện & phụ kiện,momian personal care,401.000 ₫,-41%,236590,,,MOMIAN | Bộ Vít Điện Gia Đình Di Động Có Chức Năng Sạc,,https://www.lazada.vn/products/pdp-i3208211138.html,
Điện,bansi08,70.000 ₫,-39%,42700,-13,4.8,Combo 2 ổ Cắm Điện Thông Minh Đa Năng Cổng Sạc USB Tiện Dụng,60 Đã bán,https://www.lazada.vn/products/pdp-i2626208182.html,
Điện,orientation,240.000 ₫,-25%,180000,-7,4.6,"Đồng hồ điện tử hiển thị 6 thông số,Thiết bị đo công suất 100A 220V,công tơ điện tử",39 Đã bán,https://www.lazada.vn/products/pdp-i815210303.html,
Dụng cụ đo lường,Thế Giới Linh Kiện 720,469.000 ₫,-13%,408030,-2,5,"Đồng hồ kẹp dòng tự động ZOYI ZT-QB1, ZOYI ZT-QB4, ampe kìm đo điện tử đa năng, độ chính xác cao",22 Đã bán,https://www.lazada.vn/products/pdp-i1682103315.html,
Trường học & văn phòng,WHPHous Vietnam,77.206 ₫,-44%,43235,-1,5,WHPHous 12 chữ số điện kép chức năng Tiêu chuẩn điện tử máy tính cầm tay cho văn phòng hàng ngày và cơ bản,,https://www.lazada.vn/products/pdp-i3019264820.html,
Điện,Gia Dụng PINGS,62.000 ₫,-21%,48980,-27,4.8,Ổ Cắm Điện Đa Năng Chữ T Siêu Tiện Dụng (4 Chấu + 2 Cổng USB) - Ổ Điện Tiện Lợi Kết Hợp Đèn Ngủ,179 Đã bán,https://www.lazada.vn/products/pdp-i2188067563.html,
Điện,newstyle vn,76.700 ₫,-7%,71331,-263,4.8,"[Giao hàng 12 giờ⚡️] Ổ cắm điện thông minh 5 phích cắm, 2 cổng sạc USB, 9 ổ cắm đa năng dây dài 1,8 mét điện đa năng có công tắc, điện thông minh, phích cắm điện chống giật, phích cắm đa năng",851 Đã bán,https://www.lazada.vn/products/pdp-i2609038736.html,
Smartphones,BDF Tablet PC,1.860.000 ₫,-50%,930000,-1,5,BDF M3PRO 8GB/256GB Global Phiên bản 5G Điện thoại thông minh 48MP Camera 67W Sạc điện thoại di động 144Hz,20 Đã bán,https://www.lazada.vn/products/pdp-i2220789765.html,
Dụng cụ cầm tay & phụ kiện,ThaiDuongTD,226.000 ₫,-49%,115260,-7,4.7,Đồng hồ đo vạn năng Digital EXCEL DT9205A (Mẩu mới 2020-2021),19 Đã bán,https://www.lazada.vn/products/pdp-i2422272.html,
Điện,Thiết bị điện 123,358.000 ₫,-48%,186160,-53,4.7,Công tơ điện tử có RESET 1 pha 220V-60A Nakasi - đồng hồ đo công suất tiêu thụ Kwh,377 Đã bán,https://www.lazada.vn/products/pdp-i1393542260.html,
Smartphones,Phone Mai Mobile,1.569.000 ₫,-14%,1349340,-4,4.3,"Điện thoại realme 7 5G Ram 8G/128GB 2Sim đẹp keng, Full chức năng, Pin 5000 mAh",14 Đã bán,https://www.lazada.vn/products/pdp-i3161341162.html,
Điện,Auto Tour,298.000 ₫,-13%,259260,-143,4.9,"Đồng hồ đo điện Puucai Ampe kế Vôn kế 20A 100a 6 trong 1 Vôn kế Đồng hồ điện tử hiển thị 6 thông số 100A,Thiết bị đo công suất 100A 220V,công tơ điện tử 1 pha AC22KW 110~250V 100A Digital Voltage Power Energy",378 Đã bán,https://www.lazada.vn/products/pdp-i2720628481.html,
Điện,PhongNhi,,,,-32,4.8,Đồng hồ vạn năng điện tử ZOYI ZT-S1 đồng hồ đa năng kỹ thuật số màn hình LCD,108 Đã bán,https://www.lazada.vn/products/pdp-i1481014347.html,
Điện,ForesightOfficialStore,216.600 ₫,-40%,129960,-45,4.9,Đồng hồ đo công suất điện 220V có nút độ chính xác cao màn hình hiển thị LCD P U I Kwh bộ công tơ điện tử,117 Đã bán,https://www.lazada.vn/products/pdp-i2406089583.html,
Trang trí nhà cửa,Sáng Tạo 88,,,,-87,5,"Đồng Hồ Để Bàn Điện Tử T10 Hiển Thị Nhiệt Độ, Độ Ẩm",250 Đã bán,https://www.lazada.vn/products/pdp-i1562505179.html,
Dụng cụ đo lường,kettra,300.000 ₫,-38%,186000,-15,4.7,"Máy cân bằng laser 12 Tia,máy bắn cốt laser xanh lá,Bóng Led Siêu Sáng , tự động san bằng mức Laser có sẵn ngoài trời",78 Đã bán,https://www.lazada.vn/products/pdp-i3155334384.html,
Điện,Jianak,,,,,,Bộ đếm điện tử 5 chữ số BEM-5C dùng trong công nghiệp,10 Đã bán,https://www.lazada.vn/products/pdp-i2494217153.html,
Điện,HomelifeOfficialStore,95.077 ₫,-37%,59898,-6,4.8,"Ổ cắm điện thông minh 5 phích cắm, 2 cổng sạc USB, 9 ổ cắm đa năng dây dài 1,8 mét điện đa năng có công tắc, điện thông minh, phích cắm điện chống giật, phích cắm đa năng",15 Đã bán,https://www.lazada.vn/products/pdp-i2874180753.html,
Điện thoại bàn,LeNgan _Store,,,,-68,4.7,"[XẢ KHO - GIÁ RẺ SỐC] điện thoại 5G A78 5G 2sim ram 8G/256G máy Cấu hình Cao khủng, Chiến mọi game nặng siêu mượt, máy đủ màu- BNMSS1",98 Đã bán,https://www.lazada.vn/products/pdp-i2892939298.html,
Phụ kiện điện thoại & máy tính bảng,Shen Zhen 3C,300.000 ₫,-73%,81000,-22,4.8,12000mAh Mini Power Bank Sạc di động Type-C và phích cắm cho điện thoại/đồng hồ/tai nghe,90 Đã bán,https://www.lazada.vn/products/pdp-i3189989000.html,
Điện,A_hoco__Store,229.000 ₫,-41%,135110,-23,4.9,【🔥HCM/24H】Đồng hồ vạn năng DT9205A màn hình kỹ thuật số đồng hồ vạn năng thông minh Máy đo bảo dưỡng thợ điện chính xác cao,57 Đã bán,https://www.lazada.vn/products/pdp-i1904566071.html,
Điện,unicorntools.vn,275.000 ₫,-18%,225500,-32,4.6,"Đồng hồ kẹp dòng vạn năng đo tụ, tần số, nhiệt độ, điện trở, điện áp",110 Đã bán,https://www.lazada.vn/products/pdp-i2394689894.html,
Nhà thông minh,PK Happy Shop,196.000 ₫,-12%,172480,-438,4.9,"New 2022 , Loa Bluetooth XM 520 Thiết Kế Vỏ Gỗ Sang Trọng Dạng Thanh Để Bàn , Bass Chuẩn , Ấm , Công Suất 20W Siêu Trầm - Bảo Hành 1 Năm - Happy Shop",1.1K Đã bán,https://www.lazada.vn/products/pdp-i2011975962.html,
"Thiết bị sưởi, làm lạnh và thông gió",goojodoqstore.vn,900.000 ₫,-52%,432000,-136,4.9,"Quạt di động mini GOOJODOQ GFS007 5 cấp độ gió,4000mAh,Đèn LED Hiển Thị,cường độ gió tăng cường 10x, Sử Dụng Lên Đến 12H",456 Đã bán,https://www.lazada.vn/products/pdp-i3028067195.html,
Điện,Foriot tools Store,445.050 ₫,-37%,280381,-66,4.9,Foriot Đồng Hồ Đo Điện Áp Và Dòng Điện Kỹ Thuật Số Màn Hình LCD Màn Hình Màu AC 50-300V 0-100A KWS-AC301 Vôn Kế Ampe Kế,237 Đã bán,https://www.lazada.vn/products/pdp-i2086480566.html,
Smartphones,Ngọc Xuân Mobile,1.950.000 ₫,-26%,1443000,-25,5,"Điện thoại Opo A53s 5G Ram 8GB/256GB nguyên zin đẹp keng TẶNG (cường lực, ốp lưng) - Bảo hành 3 tháng",49 Đã bán,https://www.lazada.vn/products/pdp-i3060490150.html,
Thiết bị đeo thông minh,Haupiphe shop,,,,-283,4.7,"Đồng hồ thông minh trẻ em định vị chống nước Z19 lắp sim nghe gọi 2 chiều có tiếng việt, camera, nghe lén từ xa, màn hình cảm ứng, có đèn pin(đồng hồ hot, đồng hồ đeo tay cho bé)",1.2K Đã bán,https://www.lazada.vn/products/pdp-i1310761481.html,
Điện,Samebeauty,254.500 ₫,-40%,152700,-1,5,FREESHIP🎁Đồng hồ đo công suất điện 220V có nút RESET độ chính xác cao màn hình hiển thị LCD P U I Kwh bộ công tơ điện tử,,https://www.lazada.vn/products/pdp-i2560991397.html,
Phụ kiện Tivi & thiết bị video,PhongNhi,,,,-13,4.8,Máy đo điện áp cường độ dòng điện công suất công tơ điện tử PUUCAI ampe kế vôn kế 20A 100A 6 trong 1,64 Đã bán,https://www.lazada.vn/products/pdp-i395290618.html,
Điện,Kim Khí Tổng Hợp HD,165.000 ₫,-6%,155100,-48,4.7,"XẢ KHO 3 NGÀY_Aptomat Panasonic 2 pha 20,32,40,63A",430 Đã bán,https://www.lazada.vn/products/pdp-i1962399809.html,
Phụ kiện Máy tính,xunmei digital,300.000 ₫,-66%,102000,-9,4.8,GOIIOG | Chuột Không Dây Bluetooth Đôi Chế Độ Im Lặng Sạc Được cho Máy Tính xách Tay và Văn Phòng,5 Đã bán,https://www.lazada.vn/products/pdp-i3204990510.html,
Thiết bị đeo thông minh,Pilot Star_VN.Selection,16.500 ₫,-33%,11055,-562,4.8,"Thiết kế cổ điển Đồng hồ nam kỹ thuật số LED, đồng hồ thép",1.8K Đã bán,https://www.lazada.vn/products/pdp-i2529200179.html,
Dụng cụ đo lường,Thiết Bị Đo Lường DWTech,,,,-11,5,"Đồng hồ vạn năng mã hiệu M118A ( Multimeter ) hãng ANENG đo điện, điện tử",27 Đã bán,https://www.lazada.vn/products/pdp-i2371983745.html,
"Thiết bị sưởi, làm lạnh và thông gió",JYShiZhiKeJi,62.200 ₫,-48%,32344,-8828,4.9,"Quạt Tích Điện Mini Super Fan, Để Bàn Văn Phòng Gấp Gọn Có Thể Kéo Dài 3 Tốc Độ Gió Xoay 360 Độ Cổng sạc USB",30.8K Đã bán,https://www.lazada.vn/products/pdp-i2535083203.html,
Đồ gia dụng chăm sóc cá nhân,ZODAN Corporation,278.000 ₫,-64%,100080,-1740,4.9,"Máy mát xa cầm tay, massage toàn thân ZB720 Với 4 Đầu Thay Thế 6 Cấp Độ BH 12 Tháng",5.5K Đã bán,https://www.lazada.vn/products/pdp-i2531814408.html,
Thiết bị đeo thông minh,Pilot Star_VN.Selection,40.100 ₫,-29%,28471,-143,5,Đồng hồ thể thao sinh viên tối giản xu hướng khí chất cá nhân cảm ứng phát sáng gương màn hình đồng hồ vuông phong cách Ins,785 Đã bán,https://www.lazada.vn/products/pdp-i2545533423.html,
Điện,Good Luck VN,100.000 ₫,-45%,55000,-119,4.4,"Đồng hồ đo điện vạn năng Samwa YX-360 TRn, Đồng hồ vạn năng tương tự Sanwa, tặng kèm pin 9V",467 Đã bán,https://www.lazada.vn/products/pdp-i2671225712.html,
Điện,NingXiangShiHaiJunDaiBaiHuoDian,178.490 ₫,-50%,89245,,,Đồng hồ vạn năng Thông Minh Kỹ Thuật Số Chống cháy VC921 hiển thị độ chính xác cao đa năng bỏ túi,6 Đã bán,https://www.lazada.vn/products/pdp-i2783818011.html,
Phụ kiện Máy tính,aNaUrC.Selection,65.000 ₫,-31%,44850,-2201,4.9,"Ổ cắm điện USB đa năng cao cấp chống giật, 2 cổng USB, có chốt an toàn tiện dụng",9.3K Đã bán,https://www.lazada.vn/products/pdp-i2746301678.html,
Phụ kiện Máy tính,xDnUIM.Selection,49.000 ₫,-29%,34790,-6237,5,"Ổ cắm điện đa chức năng , gồm 6 đầu chuyển , tiện lợi , dễ di chuyển",17.7K Đã bán,https://www.lazada.vn/products/pdp-i2534662796.html,
Điện,GlobalLifestyle,582.000 ₫,-53%,273540,-65,5,KWS-X1 4V-30V 12A Loại C Khuếch Phát Hiện Sạc Nhanh Dung Lượng Đo Màn Hình Hiển Thị Kỹ Thuật Số Bút Thử Điện,402 Đã bán,https://www.lazada.vn/products/pdp-i3120436965.html,
Dụng cụ đo lường,Electrical,139.000 ₫,-37%,87570,-64,4.8,Công tơ điện tử 1 pha 220V-80A LW - đồng hồ đo công suất tiêu thụ Kwh,578 Đã bán,https://www.lazada.vn/products/pdp-i2120640285.html,
Dụng cụ đo lường,Home elictric,119.000 ₫,-25%,89250,-6,4.3,Công tơ điện tử 1 pha 220V-80A LW - đồng hồ đo công suất tiêu thụ Kwh,27 Đã bán,https://www.lazada.vn/products/pdp-i1570212121.html,
Điện,TỔNG KHO GIA DỤNG 1587825305,,,,-67,4.7,Ổ cắm điện đa năng 7 Cổng Sạc USB 2 Cáp USB 3 Và 5M Dây Cáp Dày Chất Lượng Cao 100% Chính Hãng,274 Đã bán,https://www.lazada.vn/products/pdp-i2708713623.html,
Dụng cụ đo lường,Thợ Máy,245.000 ₫,-3%,237650,-17,5,"Đồng Hồ Vạn Năng Zoyi ZT-100 Đo Điện Kỹ Thuật Số Thiết Kế Nhỏ Gọn, Màn Hình Hiển Thị Lớn, Dễ Đọc",53 Đã bán,https://www.lazada.vn/products/pdp-i1952290089.html,
Điện,Landnn,,,,-22,4.6,Máy đo dòng điện điện áp công suất 100A DC (WATT METTER),66 Đã bán,https://www.lazada.vn/products/pdp-i2796233477.html,
Dụng cụ cầm tay & phụ kiện,Thế Giới Thợ Xe,487.000 ₫,-54%,224020,-21,5,Đồng hồ vạn năng UT33D+ | Đồng hồ đo điện đa năng điện tử hiển thị số - Thế Giới Thợ Xe,58 Đã bán,https://www.lazada.vn/products/pdp-i1985148452.html,
Vệ sinh nhà cửa,d3odSmYq.Selection,64.000 ₫,-47%,33920,-1409,4.9,"Máy Hút Bụi Ô Tô Không Dây 120W – Nhỏ Gọn, Mạnh Mẽ, Dùng Nguồn Sạc 12V – Trọng Lượng 310g, 17x12cm",3.9K Đã bán,https://www.lazada.vn/products/pdp-i2507825435.html,
Dụng cụ cầm tay & phụ kiện,Thế Giới Linh Kiện 720,71.000 ₫,-40%,42600,-229,4.8,"Đồng hồ đo điện tử vạn năng DT830B Digital Multimeter, đồng hồ đo điện đa năng, đo điện áp, ampe, diode... hiển thị kỹ thuật số, đồng hồ đo có kèm pin theo",742 Đã bán,https://www.lazada.vn/products/pdp-i1427164470.html,
Phụ kiện điện thoại & máy tính bảng,vneIcRnO.Selection,64.700 ₫,-28%,46584,-670,4.7,"Pin Sạc Dự Phòng Aimier Mini – Sạc Nhanh PD, Màn Hình LCD Hiển Thị, Nhỏ Gọn Dễ Mang Theo – Tương Thích Nhiều Cổng Sạc",2.3K Đã bán,https://www.lazada.vn/products/pdp-i2651287533.html,
Thiết bị theo dõi GPS & Phụ kiện,LadyTime_Shop,290.000 ₫,-48%,150800,-36,4.9,"Thiết Bị Định Vị GPS Hoco E100 , Định Vị Chính Xác , Không Giới Hạn Khoảng Cách , Theo Dõi Trẻ Em , Đồ Vật ,Tránh Thất Lạc",193 Đã bán,https://www.lazada.vn/products/pdp-i3207757520.html,
Điện,Shop Hoàng Bách,,,,-8,4.9,Công Tơ Điện Tử 4 Thông Số 80A 220V có RESET độ chính xác cao màn hình LCD,41 Đã bán,https://www.lazada.vn/products/pdp-i2792861171.html,
Phụ kiện điện thoại & máy tính bảng,ZAPLY,345.000 ₫,-33%,231150,-23,4.7,Sạc dự phòng100000mAh cổng sạc nhanh 120W pd20W kèm 4 đầu cáp sạc màn hình led bảo hành 12 tháng,82 Đã bán,https://www.lazada.vn/products/pdp-i3183903202.html,
Dụng cụ cầm tay & phụ kiện,Linh Kiện 024,51.500 ₫,-4%,49440,-487,4.8,"Đồng hồ đo điện tử vạn năng DT830B Digital Multimeter, đồng hồ đo điện tử đa năng, đo điện áp, ampe, diode hiển thị kỹ thuật số, đồng hồ đo có kèm pin theo",1.4K Đã bán,https://www.lazada.vn/products/pdp-i1339643352.html,
Điện,yến sàoo,70.000 ₫,-39%,42700,-77,4.8,Combo 2 ổ Cắm Điện Thông Minh Đa Năng Cổng Sạc USB,328 Đã bán,https://www.lazada.vn/products/pdp-i2626240202.html,
Phụ kiện điện thoại & máy tính bảng,KnHNvryq,780.000 ₫,-57%,335400,,,Sạc dự phòng 90000mAh sạc nhanh 120W pin PD20W dung lượng lớn có dây cắm nhiều điện thoại sạc sự Dựng phòng LED,,https://www.lazada.vn/products/pdp-i3199943958.html,
Phụ kiện điện thoại & máy tính bảng,NAICHONG MALL,80.000 ₫,-44%,44800,-15,4.2,"NAICHONG Mini Pin sạc dự phòng với bốn được xây dựng trong cáp, 20000mAh dung tích lớn đồ sạc di động",57 Đã bán,https://www.lazada.vn/products/pdp-i3141279173.html,
Thiết bị nhà bếp,ZODAN Corporation,198.000 ₫,-50%,99000,-1945,4.9,"[BH 1 NĂM] Ấm đun siêu tốc, Bình đun nước siêu tốc 2.3L - Bảo Hành 1 Năm",5.1K Đã bán,https://www.lazada.vn/products/pdp-i2531847264.html,
Phụ kiện điện thoại & máy tính bảng,ELLYN.E SHOP,180.000 ₫,-69%,55800,-491,3.5,"[DUNG LƯỢNG 30000MAH] SẠC DỰ PHÒNG MẶT GƯƠNG DUNG LƯỢNG 300000MAH - PIN SẠC DỰ PHÒNG 30000 MAH, HỖ TRỢ SẠC NHIỀU MÁY CÙNG LÚC, CÓ ĐÈN LED CHIẾU SÁNG THÔNG MINH",1.3K Đã bán,https://www.lazada.vn/products/pdp-i3039991615.html,
Phụ kiện điện thoại & máy tính bảng,BEN BEN TPHCM,1.065.000 ₫,-92%,85200,-406,4,[DUNG LƯỢNG KHỦNG 30000MAH - TẶNG KÈM CÁP SẠC] PIN SẠC DỰ PHÒNG MẶT ĐEN CAO CẤP 30000MAH DUNG LƯỢNG KHỦNG - PIN DỰ PHÒNG CÓ MÀN HÌNH LCD HIỂN THỊ PHÂN TRĂM PIN + 2 CỔNG RA ĐÈN LED SIÊU SÁNG - PIN SẠC DỰ PHÒNG CAO CẤP,1.0K Đã bán,https://www.lazada.vn/products/pdp-i2220468958.html,
Phụ kiện điện thoại & máy tính bảng,Shen Zhen 3C,300.000 ₫,-73%,81000,-22,4.8,12000mAh Mini Power Bank Sạc di động Type-C và phích cắm cho điện thoại/đồng hồ/tai nghe,90 Đã bán,https://www.lazada.vn/products/pdp-i3189989000.html,
Phụ kiện điện thoại & máy tính bảng,Breaking Bad,84.500 ₫,-35%,54925,-1501,4.6,[READY STOCK] 5000mAh Super Fast Charge Powerbank 120W Portable Charger Power Bank Fast Charging Display/LED Light,3.7K Đã bán,https://www.lazada.vn/products/pdp-i2522170104.html,
Phụ kiện điện thoại & máy tính bảng,Shen Zhen 3C,600.000 ₫,-75%,150000,-24,4.7,"[năng lượng mặt trời]pin sạc dự phòng  100000mAh dung lượng  khủng,lớn với ngân hàng điện bốn dây đèn LED sạc nhanh 120W",68 Đã bán,https://www.lazada.vn/products/pdp-i3189241362.html,
Phụ kiện điện thoại & máy tính bảng,vneIcRnO.Selection,78.700 ₫,-36%,50368,-398,4.5,"Pin Sạc Dự Phòng Hình Thỏi Son – Nhỏ Gọn, Dán Được, Nhiều Màu Thời Trang – Phù Hợp Nhiều Loại Cổng Sạc",1.6K Đã bán,https://www.lazada.vn/products/pdp-i2657941529.html,
Điện thoại bàn,PhanLong10 Store,,,,,,"Điện Thoại Thông Minh 5S quốc tế, kèm sạc, bảo hành 3 tháng",,https://www.lazada.vn/products/pdp-i3217465970.html,
Smartphones,bình minh mobile TQ 22,745.000 ₫,-22%,581100,-18,4.6,điện thoại samsung chính hãng a10 cũ 97%,33 Đã bán,https://www.lazada.vn/products/pdp-i2811755135.html,
Phụ kiện điện thoại & máy tính bảng,Mu1NqZN9,658.000 ₫,-63%,243460,-1,5,Sạc dự phòng 80000mAh 50000mah sạc nhanh 120W pin PD20W dung lượng lớn có dây cắm nhiều điện thoại,10 Đã bán,https://www.lazada.vn/products/pdp-i3199906575.html,
Smartphones,bình minh mobile TQ 22,875.000 ₫,-7%,813750,-17,4.5,điện thoại samsung cũ A03 ram 3G bộ nhớ 32G máy qua sử dụng 97% tặng kèm sạc.ốp cường lực 815k,40 Đã bán,https://www.lazada.vn/products/pdp-i2826080373.html,
Dụng cụ nhà bếp,CleverOfficial Store,136.000 ₫,-42%,78880,-7,5,⚡Miễn Phí Vận Chuyển⚡Cân Tiểu Ly Điện Tử Dùng Pha Chế 3Kg/0.1g (Tặng Kèm Khay Trong Suốt I2000),209 Đã bán,https://www.lazada.vn/products/pdp-i2439073989.html,
Thiết bị thông minh,phụ kiện đèn led,,,,,,Màn Hình LED Trang Trí Thông Minh Chỉnh Qua App Điện Thoại,,https://www.lazada.vn/products/pdp-i3180463209.html,
Trang trí nhà cửa,Vinetteam Store,132.900 ₫,-35%,86385,-29,4.7,"Đồng Hồ Báo Thức Điện Tử Để Bàn Màn Hình LCD Đa Chức Năng: Thời Gian, Lịch, Báo Thức, Nhiệt Độ -dc2998",118 Đã bán,https://www.lazada.vn/products/pdp-i1383975156.html,
Smartphones,Smartchoice 247,600.000 ₫,-50%,300000,-22,4.6,Điện Thoại Thông Minh Giá Rẻ Samsung Galaxy J2 prime G532 Hỗ Trợ 4G Máy Cũ Tân Trang,87 Đã bán,https://www.lazada.vn/products/pdp-i3065998302.html,
Phụ kiện điện thoại & máy tính bảng,ZAPLY,337.500 ₫,-33%,226125,-10,4.5,"Bộ sạc điện thoại 50.000MAH , 4 cổng USB, sạc nhanh PD 120W, bảo hành 6 tháng sạc dự phòng di động dung lượng lớn  đi kè",47 Đã bán,https://www.lazada.vn/products/pdp-i3183867327.html,
Phụ kiện điện thoại & máy tính bảng,CHANG TAN,180.000 ₫,-56%,79200,-87,4.7,[ FREESHIP KÈM CÁP SẠC] PIN SẠC DỰ PHÒNG CAO CẤP THIẾT KẾ MÀN HÌNH LED CỰC SANG TRỌNG - 2 CỔNG SẠC NHANH + ĐÈN LED SIÊU SÁNG TẦM NHÌN TỐT - SẠC DỰ PHÒNG AN TOÀN CHO MỌI DÒNG ĐIỆN THOẠI,129 Đã bán,https://www.lazada.vn/products/pdp-i2620443676.html,
Dụng cụ đo lường,Điện máy thành hưng,,,,-1,5,Đồng hồ đo điện vạn năng kỹ thuật số ZOYI VC921 - Hàng chuẩn,,https://www.lazada.vn/products/pdp-i2319982443.html,
"Thiết bị sưởi, làm lạnh và thông gió",Tonnifu dụng cụ điện,400.000 ₫,-23%,308000,-348,4.8,"Quạt tích điện đế pin Tonnifu 21v phổ thông 8 inch, quạt xoay 2 tốc, bảo hành 06 tháng.",1.0K Đã bán,https://www.lazada.vn/products/pdp-i2825687409.html,
Dụng cụ đo lường,HomelifeOfficialStore,194.923 ₫,-27%,142293,-115,4.8,(Thanh lý lỗ) ⚡Đồng hồ vạn năng DT9205A màn hình kỹ thuật số đồng hồ vạn năng thông minh Máy đo bảo dưỡng thợ điện chính xác cao,333 Đã bán,https://www.lazada.vn/products/pdp-i1904497392.html,
Điện,Smart power,240.000 ₫,-27%,175200,-45,5,"Đồng hồ điện tử hiển thị 6 thông số,Thiết bị đo công suất 100A 220V,công tơ điện tử",214 Đã bán,https://www.lazada.vn/products/pdp-i815182788.html,
Dụng cụ đo lường,Home_Technology_89,139.000 ₫,-36%,88960,-6,4.8,"Công tơ điện tử 1 pha đa năng LW80A/220v đo công suất, điện áp, cường độ,",72 Đã bán,https://www.lazada.vn/products/pdp-i1599514740.html,
Điện,Tổng Kho Linh Kiện Điện Tử VN,,,,-34,4.6,"Đồng Hồ Vạn Năng Điện Tử XL830L XL830 830 - Đồng Hồ Đo Điện áp DC, AC, Đo dòng điện, đo điện trở (Có Pin)",124 Đã bán,https://www.lazada.vn/products/pdp-i2225479414.html,
Dụng cụ đo lường,YZL-tools,147.000 ₫,-46%,79380,-36,5,Đồng hồ vạn năng kỹ thuật số Mini 4000 đếm AC DC dụng cụ điện Tester Auto multimetro kỹ thuật số Profesional Meter,6 Đã bán,https://www.lazada.vn/products/pdp-i2302404321.html,
Phụ kiện điện thoại & máy tính bảng,AUGUST-MALL ZERO,,,,-7,4.9,"Pin sạc dự phòng 20000mAh di động,với đèn LED,Đi kèm với bốn dây có thể tháo rời,Pin lithium-ion polymer, sạc an toàn",12 Đã bán,https://www.lazada.vn/products/pdp-i3197415195.html,
Điện,hoangvietstore,60.000 ₫,-25%,45000,-191,4.8,Ổ Điện 3 Cổng Sạc USB Cắm Điện Thoại Tiện Lợi Đa Năng,738 Đã bán,https://www.lazada.vn/products/pdp-i1557390801.html,
Điện,ZzSunnyzZ,25.900 ₫,-13%,22533,-8,5,"Volt Kế Điện Tử Hai Dây AC 220V 0.56 inch, Đồng Hồ Đo Vôn, Điện Áp AC 70V-500V, LED Hiển Thị",116 Đã bán,https://www.lazada.vn/products/pdp-i2786475469.html,
Điện,homelifestorevn,96.800 ₫,-39%,59048,-17,4.6,Thiết Bị Kiểm Tra Vôn Kế 0-100A 3 Trong 1 Màn Hình LED 22mm AC 60-500V HOME,173 Đã bán,https://www.lazada.vn/products/pdp-i2811217338.html,
Phụ kiện điện thoại & máy tính bảng,ZAPLY,500.000 ₫,-54%,230000,-6,4.3,"Pin Sạc Dự Phòng 100% Chính Hãng 100000mAh, Sạc Nhanh, Kèm 4 Cáp, Pin Dự Phòng Di Động 100000mAh",18 Đã bán,https://www.lazada.vn/products/pdp-i3188860464.html,
Điện,FOXSUR VIỆT NAM,199.920 ₫,-50%,99960,-55,4.8,Công tơ điện tử 1 pha đo điện năng tiêu thụ kwh LW công suất lớn 60A 15KW màn hình LCD hiển thị kỹ thuật số hàng CHÍNH HÃNG,246 Đã bán,https://www.lazada.vn/products/pdp-i1299156694.html,
Dụng cụ đo lường,ĐìnhVăn Shop,154.000 ₫,-7%,143220,,,Đồng hồ đo vạn năng Digital DT-9205A,,https://www.lazada.vn/products/pdp-i2044181848.html,
Điện,NAYA STORE,188.000 ₫,-58%,78960,-61,4.6,【Miễn phí vận chuyển】ANENG Đồng Hồ Vạn Năng Kỹ Thuật Số DM850 Máy Kiểm Tra Điện Áp AC/DC Tự Động 1999 Số Đếm Công Cụ Dò Ampe Kế Ohm Dòng Điện,289 Đã bán,https://www.lazada.vn/products/pdp-i2062400662.html,
Điện,TOP GOAT MALL,340.000 ₫,-53%,159800,-39,4.9,"LazMall Điện Tử Nhật Bản Cục Giảm Điện Nhật Bản Bộ Tiết Kiệm Điện Nhật Bản Tiện Lợi, An Toàn Và Dễ Sử Dụng Giúp Cắt Giảm Đến 43% Lượng Tiêu Thụ Điện Hàng Tháng",64 Đã bán,https://www.lazada.vn/products/pdp-i3168357070.html,
Trang trí nhà cửa,Thiết Bị Số 686,,,,-7,4.1,"Đồng Hồ Báo Thức Điện Tử Để Bàn Màn Hình LCD Đa Chức Năng: Thời Gian, Lịch, Báo Thức, Nhiệt Độ -dc2998",42 Đã bán,https://www.lazada.vn/products/pdp-i1361631966.html,
Điện,Linh Kiện 024,73.000 ₫,-3%,70810,-115,4.7,Combo 3 món đồng hồ điện tử XL830L + Mỏ hàn chỉnh nhiệt TQ936 + Hút thiếc chì mini sửa chữa điện tử hàn mạch đo điện V1,367 Đã bán,https://www.lazada.vn/products/pdp-i1963236385.html,
Điện,Thế Giới Linh Kiện 720,150.000 ₫,-36%,96000,-76,4.7,"Đồng hồ đo điện tử đa năng DT9205A, đo điện áp, dòng điện, vôn kế... có kèm pin 9V, bảo hành 1 tháng",236 Đã bán,https://www.lazada.vn/products/pdp-i1427130713.html,
Phụ kiện điện thoại & máy tính bảng,MỘC ÂN SHOP TPHCM,1.070.000 ₫,-93%,74900,-631,4,[BẢO HÀNH TOÀN QUỐC - TẶNG CÁP SẠC NHANH 39K ] - PIN DỰ PHÒNG LCD MẶT GƯƠNG DUNG LƯỢNG 30000MAH - SẠC DỰ PHÒNG CÓ ĐÈN LED HIỂN THỊ DUNG LƯỢNG PIN - HỖ TRỢ SẠC NHANH,1.7K Đã bán,https://www.lazada.vn/products/pdp-i2587994059.html,
Smartphones,shop thúy diễm,1.250.000 ₫,-34%,825000,-7,5,"Điện Thoại  ( O.P.P.O ) A3s Ram 6/128Gb Máy mới Nguyên Sill  ,2 Xim 2 Sóng ,Loa To Sóng Khỏe ,Cân Mọi Game Nặng ,Lướt Wed Xem Phim Siêu Nhanh ,Bảo Hành 12 Tháng ,Tặng Sạc Cáp Ốp Lưng",26 Đã bán,https://www.lazada.vn/products/pdp-i3225251971.html,
Phụ kiện điện thoại & máy tính bảng,violet56,147.000 ₫,-33%,98490,-5,5,"Sạc Siêu Nhanh 66W 20000MAh Cáp Tự Dây Điện Dung Tích Lớn, In Logo Nguồn Điện Di Động Trong Suốt Quà Tặng",17 Đã bán,https://www.lazada.vn/products/pdp-i3121216575.html,
Điện,bansi08,70.000 ₫,-39%,42700,-13,4.8,Combo 2 ổ Cắm Điện Thông Minh Đa Năng Cổng Sạc USB Tiện Dụng,60 Đã bán,https://www.lazada.vn/products/pdp-i2626208182.html,
Thiết bị tiện ích USB,Ranvoo,5.140.000 ₫,-82%,925200,-204,4.9,RANVOO | Quạt Cổ Đeo USB Sạc Điện,,https://www.lazada.vn/products/pdp-i3181365656.html,
Phụ kiện điện thoại & máy tính bảng,BEN BEN TPHCM,1.060.000 ₫,-92%,84800,-397,4.4,[BẢO HÀNH TOÀN QUỐC - TẶNG CÁP SẠC NHANH 39K ] - PIN DỰ PHÒNG LCD MẶT GƯƠNG DUNG LƯỢNG 30000MAH - SẠC DỰ PHÒNG CÓ ĐÈN LED HIỂN THỊ DUNG LƯỢNG PIN - HỖ TRỢ SẠC NHANH,718 Đã bán,https://www.lazada.vn/products/pdp-i2588028001.html,
Phụ kiện điện thoại & máy tính bảng,YK SHOPS,20.000 ₫,-53%,9400,-65,4.7,[ FREESHIP KÈM CÁP SẠC] PIN SẠC DỰ PHÒNG CAO CẤP THIẾT KẾ MÀN HÌNH LED CỰC SANG TRỌNG - 2 CỔNG SẠC NHANH + ĐÈN LED SIÊU SÁNG TẦM NHÌN TỐT - SẠC DỰ PHÒNG AN TOÀN CHO MỌI DÒNG ĐIỆN THOẠI,89 Đã bán,https://www.lazada.vn/products/pdp-i2696970713.html,
Dụng cụ cầm tay & phụ kiện,Linhkiengiasi24/7,,,,-13,4.6,Đồng Hồ Đo Điện XL830 XL830L - Đồng Hồ Vạn Năng Điện Tử XL830L (Có Pin và Dây đo),46 Đã bán,https://www.lazada.vn/products/pdp-i2557774715.html,
Phụ kiện điện thoại & máy tính bảng,Siêu thị nhập khẩu Sakurato,590.000 ₫,-51%,289100,-58,4.9,"(Tặng thêm cáp 4in1) Sạc Pin Dự Phòng 50000mah Tên PD120W Bảo hành 12 tháng Trong Suốt Có đồng hồ Hiển Thị Hiệu Điện Thế(V), Cường độ dòng điện(A) tích hợp 10 đèn Led",216 Đã bán,https://www.lazada.vn/products/pdp-i2945486165.html,
Phụ kiện điện thoại & máy tính bảng,CHANG TAN,180.000 ₫,-56%,79200,-122,4.7,"GIÁ SỈ TẶNG CÁP SẠC NHANH 39K - PIN TRÂU 30000MAH, PIN SẠC DỰ PHÒNG CAO CẤP THIẾT KẾ MÀN HÌNH GƯƠNG 2 CỔNG SẠC NHANH",177 Đã bán,https://www.lazada.vn/products/pdp-i2634869031.html,
Phụ kiện Máy tính,epoosuo,300.000 ₫,-77%,69000,-393,4.9,EPOOSUO | Chuột Bluetooth Đôi Chế Độ Không Dây Sạc Không Dây Im Lặng,,https://www.lazada.vn/products/pdp-i3205154155.html,
Trang trí nhà cửa,Esc Viet Nam,65.000 ₫,-10%,58500,,,"Đồng Hồ Báo Thức Điện Tử Để Bàn Màn Hình LCD Đa Chức Năng: Thời Gian, Lịch, Báo Thức, Nhiệt Độ -dc2998 dong ho bao t huc",,https://www.lazada.vn/products/pdp-i2178955695.html,
Điện,smart world,249.000 ₫,-30%,174300,-22,4.8,Thiết bị đo công suất 100A 220V công tơ điện tử màn hình LCD hiển thị 6 thông số đồng hồ điện tử,105 Đã bán,https://www.lazada.vn/products/pdp-i789860944.html,
Điện,HC CENTER,75.000 ₫,-48%,39000,-244,4.4,"Ổ Cắm Điện - Ổ Điện Đa Năng Loại Xịn Có Cổng Gắn USB Sạc Điện Thoại Kiêm Đèn Ngủ Cực Đẹp - Ổ điện chia 2 cổng USB kiêm đèn ngủ, Ổ CẮM ĐIỆN THÔNG MINH KIÊM ĐÈN NGỦ LED & 2 CỔNG USB CÓ CÔNG TẮC",1.4K Đã bán,https://www.lazada.vn/products/pdp-i479292758.html,
Điện,CleverOfficial Store,90.990 ₫,-40%,54594,-5,5,"⚡Miễn Phí Vận Chuyển⚡ Ổ Cắm Điện Power Strip Đa Năng Thông Minh-Ổ cắm điện thông minh kèm cổng sạc 2 USB，5 plugs, 9 universal socket",22 Đã bán,https://www.lazada.vn/products/pdp-i2630667207.html,
Đèn,My Home - Tiệm Decor,132.096 ₫,-48%,68689,-72,4.9,[Voucher 50K| 25.06 29.06] Đèn học để bàn tích điện kết hợp dải led 3 màu sắc điều chỉnh độ sáng và có giá để bút tiện lợi DN112,210 Đã bán,https://www.lazada.vn/products/pdp-i2206178957.html,
Điện,Plata,85.000 ₫,-24%,64600,-2,5,Đồng hồ đo điện Volt Ohm Amp AC/DC đa năng Digital Multimeter DT-830B cho thợ điện tử thiết kế nhỏ gọn dễ sử dụng chi phí thấp,16 Đã bán,https://www.lazada.vn/products/pdp-i2592565128.html,
Điện,ĐIỆN TỬ HỒNG UYÊN,98.000 ₫,-24%,74480,-2,4.5,Đồng hồ vạn năng Điện tử kỹ thuật số màn hình LCD XL830L độ chính xác cao (Bán kèm pin 9v) - Điện tử hồng uyên,5 Đã bán,https://www.lazada.vn/products/pdp-i2797897710.html,
Phụ kiện điện thoại & máy tính bảng,Siêu thị nhập khẩu Sakurato,375.000 ₫,-41%,221250,-378,4.9,"Sạc Dự Phòng 30000mAh 120W Trong Suốt Sạc Siêu Nhanh Siêu Bền Kết Hợp Led Soi Sáng Với 4 Đầu Sạc Và 3 Cổng Sạc Tiện Dụng 2 Cổng USB, 1 Cổng Type C",1.4K Đã bán,https://www.lazada.vn/products/pdp-i2662954801.html,
Điện,Linh Kiện 024,73.000 ₫,-3%,70810,-787,4.8,"Đồng hồ đo điện tử vạn năng XL830L, đồng hồ đo điện đa năng XL 830L, đo điện áp hiển thị số, đồng hồ đo có kèm pin theo",2.8K Đã bán,https://www.lazada.vn/products/pdp-i1236182554.html,
Phụ kiện điện thoại & máy tính bảng,ESSAGER,1.131.856 ₫,-69%,350875,-133,4.9,Essager 22.5W sạc dự phòng S 20000mAh Màn hình hiển thị kỹ thuật số được xây dựng trong Loại C Cáp Lightning di động USB-A Type-C pd20w sạc nhanh 10000mAh sạc dự phòng S 4 đầu ra 2 lnputs cho iphone16 15-5 Huawei Samsung máy tính bảng Máy Tính Xách Tay Ta,380 Đã bán,https://www.lazada.vn/products/pdp-i3090593990.html,
Điện,orientation,245.000 ₫,-26%,181300,-21,5,Máy đo điện áp cường độ dòng điện công suất công tơ điện tử PUUCAI ampe kế vôn kế 100A 6 trong 1,104 Đã bán,https://www.lazada.vn/products/pdp-i815104860.html,
Điện,Samebeauty,103.000 ₫,-39%,62830,-12,4.8,"[Giao hàng 24 giờ⚡️] Ổ cắm điện thông minh 5 phích cắm, 2 cổng sạc USB, 9 ổ cắm đa năng dây dài 1,8 mét điện đa năng có công tắc, điện thông minh, phích cắm điện chống giật, phích cắm đa năng",43 Đã bán,https://www.lazada.vn/products/pdp-i2861700648.html,
Phụ kiện điện thoại & máy tính bảng,GUTEK,290.000 ₫,-32%,197200,-515,4.9,Sạc dự phòng 20000mah Gutek GT160 sạc nhanh 100w dung lượng pin lớn có sẵn dây sạc cho nhiều thiết bị điện thoại,1.5K Đã bán,https://www.lazada.vn/products/pdp-i2404940782.html,
Đèn,Điện Việt,82.000 ₫,-35%,53300,-2424,4.8,"Đèn bàn học bài, đọc sách loại tốt nhiều mẫu - Điện Việt",7.8K Đã bán,https://www.lazada.vn/products/pdp-i286082657.html,
Điện,Shop Hoàng Bách,,,,-4,5,"Công Tơ Điện Tử 100A 6 thông số, Đo Công Suất, Điện Áp, Cường Độ Dòng Điện -Chính hãng",7 Đã bán,https://www.lazada.vn/products/pdp-i2610041803.html,
Đèn,Vy Vy Shop ĐỒ ĐIỆN GIA DỤNG,,,,,,Đèn bàn học led sạc điện DP-666,13 Đã bán,https://www.lazada.vn/products/pdp-i2081588469.html,
Dụng cụ cầm tay & phụ kiện,Thế Giới Linh Kiện 720,131.000 ₫,-46%,70740,-193,4.8,"Đồng hồ đo điện tử vạn năng XL830L, đồng hồ đo điện đa năng, đo điện áp,.. hiển thị số, đồng hồ đo có kèm pin theo",641 Đã bán,https://www.lazada.vn/products/pdp-i1427120796.html,
Phụ kiện điện thoại & máy tính bảng,Smart Tech Mall,560.000 ₫,-57%,240800,-207,4.9,"Sạc Dự Phòng Không Dây 10000mAh, Pin Dự Phòng Tích Hợp 2 Dây Sạc, Sạc Nhanh An Toàn Không Nóng Máy, Pin Lithium Dùng Cho IP Và Androi, Đèn LED Thông Báo Tình Trạng Pin, Màu Sắc Đa Dạng. Bảo Hành 12 Tháng, Lỗi Đổi Mới.",415 Đã bán,https://www.lazada.vn/products/pdp-i2945514407.html,
Điện,Global Village-Hà Nội,81.667 ₫,-40%,49000,-34,5,"Ổ Cắm Điện Power Strip 2 USB, 5 plugs, 9 universal socket wire long 2/4 meters",132 Đã bán,https://www.lazada.vn/products/pdp-i2928816407.html,
Điện,TỔNG KHO GIA DỤNG 1587825305,,,,-43,4.8,"Ổ điện đa năng sạc nhanh, ổ cắm điện tự ngắt dây nối dài ổ điện thông minh chịu tải cao 2200w",140 Đã bán,https://www.lazada.vn/products/pdp-i2708808190.html,
Đèn,Điện Việt,84.000 ₫,-29%,59640,-651,4.8,Đèn bàn học bài đọc sách đa năng loại tốt -  Điện Việt,2.1K Đã bán,https://www.lazada.vn/products/pdp-i248018800.html,
Điện,47shop-net,320.000 ₫,-39%,195200,-42,5,"Công tơ - đồng hồ điện tử 6 thông số đo công suất, cường độ (100A)",132 Đã bán,https://www.lazada.vn/products/pdp-i2484576728.html,
Dụng cụ đo lường,ABG Official Store,400.000 ₫,-29%,284000,-21,5,"Đồng Hồ Đo Điện Vạn Năng Zoyi ZT-101 Đo Điện Đa Năng Hiển Thị Kỹ Thuật Số Đồng Hồ Đo Von Kế, Đo Tụ, Điện Áp, Dòng AC/DC Đa Năng - Hàng Chính Hãng BH 12 tháng",61 Đã bán,https://www.lazada.vn/products/pdp-i981890934.html,
Điện,PBS SHOP,229.000 ₫,-33%,153430,,,Máy đo điện áp vạn năng HT93 kỹ thuật số thông minh 2000 Máy đo điện áp đếm NCV,5 Đã bán,https://www.lazada.vn/products/pdp-i3167205425.html,
Phụ kiện điện thoại & máy tính bảng,Cửu Long Store,125.000 ₫,-30%,87500,-508,4.9,Cáp Sạc Đa Năng 3 Đầu Đèn LED 3in1 Sạc Mọi Điện Thoại Chống Rối Xoắn Gãy Gập 3 màu cáp sạc nhiều đầu CuuLongstore,1.5K Đã bán,https://www.lazada.vn/products/pdp-i681742884.html,
Đèn,Cửa hàng Minh Phong,105.000 ₫,-14%,90300,,,Đèn bàn sạc led KY6665,,https://www.lazada.vn/products/pdp-i2100900050.html,
Điện,Townson_Tech,160.000 ₫,-13%,139200,-5,4.8,"Đồng Hồ Vạn Năng Thông Minh Màn Hình Kỹ Thuật Số Độ Chính Xác Cao Đo Volt, Ampe, Điện Trở Và Linh Kiện Điện Tử Cơ Bản",14 Đã bán,https://www.lazada.vn/products/pdp-i3049087434.html,
Điện,Cosette,58.000 ₫,-33%,38860,-54,4.8,Ổ Cắm Điện Thông Minh Đa Năng Cổng Sạc USB Tiện Dụng,205 Đã bán,https://www.lazada.vn/products/pdp-i2279881737.html,
Điện,Gia Dụng PINGS,110.000 ₫,-37%,69300,-27,4.8,Ổ điện đa năng ổ cắm điện thông minh 2200W chống giật chống cháy 4 ổ USB 5V2A và đèn ngủ tiện lợi,108 Đã bán,https://www.lazada.vn/products/pdp-i2433640919.html,
Điện,ANENG  Store,322.454 ₫,-35%,209595,-60,4.7,"Aneng Đồng Hồ Kẹp Kỹ Thuật Số RMS Thật Đếm Được ST180 4000 Đồng Hồ Vạn Năng Điện Áp Dòng Điện Xoay Chiều Đo Đặc Biệt Dành Cho Thợ Điện Ampe Kế, Hiển Thị Đèn Nền Kiểm Tra Điện Áp Công Cụ Ohm Giữ Dữ Liệu NCV Tụ HZ",191 Đã bán,https://www.lazada.vn/products/pdp-i1279730475.html,
Trang trí nhà cửa,Nhím shop 94,65.000 ₫,-42%,37700,-4,4,"Đồng Hồ Điện Tử Để Bàn Có Đèn LED Đổi Màu, Đa Chức Năng : Thời Gian, Ngày Tháng, Báo Thức, Đo Độ",13 Đã bán,https://www.lazada.vn/products/pdp-i1729439181.html,
Điện,orientation,240.000 ₫,-25%,180000,-7,4.6,"Đồng hồ điện tử hiển thị 6 thông số,Thiết bị đo công suất 100A 220V,công tơ điện tử",39 Đã bán,https://www.lazada.vn/products/pdp-i815210303.html,
Điện,A_Hoco_Shop,213.300 ₫,-39%,130113,-353,4.9,Đồng hồ đo công suất điện 220V có nút RESET độ chính xác cao màn hình hiển thị LCD P U I Kwh bộ công tơ điện tử,1.3K Đã bán,https://www.lazada.vn/products/pdp-i2381928314.html,
Dụng cụ đo lường,Thợ Máy,600.000 ₫,-9%,546000,,,Đồng Hồ Đo Điện Vạn Năng Zoyi Zt-301 Đo Điện Đa Năng Hiển Thị Kỹ Thuật Số 8000 Số Đếm Đo Tụ & Tần Số - Hàng Chính Hãng,,https://www.lazada.vn/products/pdp-i1952277195.html,
Smartphones,LeNgan _Store,,,,-163,4.6,"[ RẺ HỦY DIỆT ] điện thoại 4G Samsung Galaxy Note 9 ram 6G/128G Chính Hãng, Chiến Game mượt, Chụp ảnh siêu đẹp - Máy đủ máu, MYSS",259 Đã bán,https://www.lazada.vn/products/pdp-i2890895031.html,
Đồ gia dụng chăm sóc cá nhân,LALA TRADING,65.000 ₫,-42%,37700,-1514,4.9,"Massage mắt mini cầm tay 208 (Tặng 1 SP Ngẫu Nhiên) - Electric Mini Vibrations Pouch Eye Massage Pen (Bút Massage mini cầm tay, máy mát xa mắt mini)",6.4K Đã bán,https://www.lazada.vn/products/pdp-i498490174.html,
Phụ kiện điện thoại & máy tính bảng,Sạc dự phòng giá sỉ 2,518.000 ₫,-49%,264180,-1,5,Sạc dự phòng 50000 80000MAH sạc nhanh PD120W/20W trong suốt tích hợp 2 dây sạc tích hợp đèn led chiếu sáng,5 Đã bán,https://www.lazada.vn/products/pdp-i3199946762.html,
Smartphones,LPK_dienthoaigiare,299.000 ₫,-3%,290030,-78,4.4,Điện thoại oppo neo5 _a31. Điện thoại gia rẻ HÀNG CHÍNH HÃNG đã qua sử dụng,182 Đã bán,https://www.lazada.vn/products/pdp-i2500695835.html,
Smartphones,MYSON MOBILE,419.000 ₫,-29%,297490,-33,4.4,"điện thoại Xiaomi Redmi Note 10 2sim ram 6G/128G Chính hãng, cấu hình khủng Cân game mượt - CMS",78 Đã bán,https://www.lazada.vn/products/pdp-i2879921936.html,
"Thiết bị sưởi, làm lạnh và thông gió",ADVOr5hp,110.000 ₫,-37%,69300,-57,4.8,Quạt Mini Quạt phản lực cầm tay có thể sạc lại Gió mạnh 100Gear Tốc độ gió Màn hình kỹ thuật số Quạt,228 Đã bán,https://www.lazada.vn/products/pdp-i3094701749.html,
Phụ kiện điện thoại & máy tính bảng,NAICHONG MALL,44.000 ₫,-39%,26840,,,NAICHONG 4USB sạc nhanh với đèn LED thích hợp cho điện thoại di động điện thoại và máy tính bảng,,https://www.lazada.vn/products/pdp-i3130649959.html,
Điện,Samebeauty,341.167 ₫,-40%,204700,-4,4,[Giao hàng 24 giờ⚡️] Đồng hồ đo điện áp D52-2066 6 trong 1 đa năng 110V 220V 380V 100A,17 Đã bán,https://www.lazada.vn/products/pdp-i2807379856.html,
Thiết bị y tế,Thiết Bị KQ,,,,-2,5,Đồng hồ điện tử kiêm nhiệt ẩm kế siêu mỏng,20 Đã bán,https://www.lazada.vn/products/pdp-i264602105.html,
Dụng cụ đo lường,Linh Kiện Điện Tử Chợ Trời Hà Nội,33.000 ₫,-33%,22110,-5,5,"Đồng hồ đo điện vạn năng Diymore ANENG M113, đo volt, điện trở",31 Đã bán,https://www.lazada.vn/products/pdp-i2707652807.html,
Nhà thông minh,Điện Việt,75.000 ₫,-30%,52500,-3,5,Bộ điều khiển từ xa công suất cao 3000W loại tốt - Điện Việt,20 Đã bán,https://www.lazada.vn/products/pdp-i1743344233.html,
Thiết bị y tế,OOKAS Đồ gia dụng nhỏ,176.098 ₫,-29%,125029,-9,5,OOKAS Trang chủ Kích thước lớn LED HD Hiển thị Quy mô điện tử,39 Đã bán,https://www.lazada.vn/products/pdp-i2578443485.html,
Điện,Nhím shop 94,239.000 ₫,-17%,198370,,,"Đồng hồ Màn Hình 6 Trong 1 KWh Công Suất Đo Tần Số 110V 220V 380V 100A, Điện Hệ Số Công Suất Hoạt Động màn Hình",,https://www.lazada.vn/products/pdp-i3149351626.html,
,,,,,,,"Công tắc điều khiển từ xa Công suất lớn 3000W - 220V, Bh 1 tháng",5.5K Đã bán,https://www.lazada.vn/products/pdp-i2024613592.html,
Điện,CleverOfficial Store,226.000 ₫,-40%,135600,-27,5,⚡Miễn Phí Vận Chuyển⚡vận chuyển nhanh DT9205A Đồng hồ vạn năng kỹ thuật số AC DC Vôn kế Ampe kế Máy đo,167 Đã bán,https://www.lazada.vn/products/pdp-i2302226891.html,
Thiết bị đeo thông minh,Pilot Star_VN.Selection,29.300 ₫,-23%,22561,-852,4.9,Đồng Hồ Thông Minh Thể Thao Bọ Cạp Dành Cho Nữ Màn Hình LED Tích Hợp Đầy Đủ Theo Dõi Hoạt Động Dây Đeo Cổ Tay Kỹ Thuật Số Thời Trang Tương Thích Với Android,4.2K Đã bán,https://www.lazada.vn/products/pdp-i2545488293.html,
Điện,MichanK,120.000 ₫,-57%,51600,-116,4.3,(Có Đèn & Loa) Đồng Hồ Đo Điện Vạn Năng VOM SANWAI YX-360TRE-L-B Có Đèn Và Loa Báo Đo Thông Mạch Tiện Dụng,403 Đã bán,https://www.lazada.vn/products/pdp-i2777827659.html,
Điện,A_Hoco_Shop,291.200 ₫,-39%,177632,-36,5,"AC Màn Hình 6 Trong 1 KWh Công Suất Đo Tần Số 110V 220V 380V 100A, Điện Hệ Số Công Suất Hoạt Động màn Hình HOCO",162 Đã bán,https://www.lazada.vn/products/pdp-i2810565830.html,
Điện,ForesightOfficialStore,87.900 ₫,-40%,52740,-17,4.5,"Ổ cắm điện thông minh 5 phích cắm, 2 cổng sạc USB, 9 ổ cắm đa năng dây dài 1,8 mét điện đa năng có công tắc",44 Đã bán,https://www.lazada.vn/products/pdp-i2638967012.html,
Điện,ĐIỆN TỬ HỒNG UYÊN,75.000 ₫,-25%,56250,-53,4.7,"Mạch sạc dự phòng Sịn - Nhiều cổng SẠC NHANH. Có LCD hiển thị, Mạch không giới hạn số lượng pin nhiều cổng Type-C + USB+ Lightning và MicroUSB",224 Đã bán,https://www.lazada.vn/products/pdp-i1483871946.html,
Điện,Linh Kiện Điện Tử ViNa,,,,-428,4.9,"Đồng Hồ Vạn Năng Điện Tử XL830L XL830 830 - Đồng Hồ Đo Điện áp DC, AC, Đo dòng điện, đo điện trở (Có Pin)",1.2K Đã bán,https://www.lazada.vn/products/pdp-i2225409929.html,
Phụ kiện Máy tính,Richky05,300.000 ₫,-74%,78000,-3,5,Chuột chơi game Logitech G102 lightsync chuột quang có dây USB 8000DPI 6 nút Có Đèn Led Đẹp Mắt LIGHTSYNC Gaming Mouse Gen 2,44 Đã bán,https://www.lazada.vn/products/pdp-i3190963435.html,
Điện,ForesightOfficialStore,216.600 ₫,-40%,129960,-45,4.9,Đồng hồ đo công suất điện 220V có nút độ chính xác cao màn hình hiển thị LCD P U I Kwh bộ công tơ điện tử,117 Đã bán,https://www.lazada.vn/products/pdp-i2406089583.html,
Camera giám sát & hệ thống,Camera Yoosee Super Guard,550.000 ₫,-33%,368500,-599,4.8,"[HÀNG XỊN - FREESHIP] Camera wifi yoosee fullhd 1920 x 1080P 3 râu, camera wifi giám sát lắp trong nhà ban đêm có hồng ngoại xoay 360 độ, phát hiện chuyển động di chuyển theo người, camera đàm thoại 2 chiều ghi âm",2.8K Đã bán,https://www.lazada.vn/products/pdp-i1005458086.html,
Điện,FTP Mobie,195.000 ₫,-10%,175500,-57,4.8,Công tơ điện tử đồng hồ điện thiết bị đo công suất 6 thông số 100A 220V - HÀNG CHÍNH HÃNG,232 Đã bán,https://www.lazada.vn/products/pdp-i2152014887.html,
Điện,smart world,240.000 ₫,-27%,175200,-17,4.5,Thiết bị đo công suất 100A công tơ điện tử,89 Đã bán,https://www.lazada.vn/products/pdp-i815122336.html,
Điện,Kim Khí Tổng Hợp HD,165.000 ₫,-6%,155100,-49,4.7,"XẢ KHO 3 NGÀY_Aptomat Panasonic 2 pha 20,32,40,63A",430 Đã bán,https://www.lazada.vn/products/pdp-i1962399809.html,
Điện,Thiết bị điện 123,358.000 ₫,-48%,186160,-53,4.7,Công tơ điện tử có RESET 1 pha 220V-60A Nakasi - đồng hồ đo công suất tiêu thụ Kwh,377 Đã bán,https://www.lazada.vn/products/pdp-i1393542260.html,
Điện,Good Luck VN,208.000 ₫,-52%,99840,-65,5,"Đồng hồ đo điện, loại kim, model vạn năng sunma sanwai YX-360TR, tặng kèm 2 pin AA + 1 pin 9V, loại con trỏ YX-360TRN, đồng hồ vạn năng analog, đồng hồ điện sunwa",113 Đã bán,https://www.lazada.vn/products/pdp-i2465263003.html,
Điện,BUM BI,,,,-1,5,"Đồng Hồ Đo Điện Tử XL830L Có Màn Hình LCD Cầm Tay Nhỏ Gọn, Thiết Bị Đo Dòng Điện Độ Chính Xác Cao Kèm Pin Và Dây Đo",,https://www.lazada.vn/products/pdp-i3052023345.html,
Điện,XUKO Shop.,,,,-30,5,"Công tơ điện tử đa năng hiển thị 1 thông số và 4 thông số 80A LW đo công suất, điện áp, cường độ dòng điện",145 Đã bán,https://www.lazada.vn/products/pdp-i1762828678.html,
Điện,smart world,245.000 ₫,-29%,173950,-12,5,Máy đo điện áp cường độ dòng điện công suất công tơ điện tử PUUCAI ampe kế vôn kế 100A 6 trong 1,58 Đã bán,https://www.lazada.vn/products/pdp-i815156194.html,
Dụng cụ cầm tay & phụ kiện,Vinetteam Store,159.000 ₫,-44%,89040,,,"Đồng hồ vạn năng DT9205A đồng hồ đo điện thông minh màn hình kĩ thuật số, độ chính xác cao - dc5266",,https://www.lazada.vn/products/pdp-i2613856196.html,
Dụng cụ đo lường,UKSTORE,190.000 ₫,-28%,136800,,,[Bảo hành 1 đổi 1] Đồng hồ đo điện vạn năng DT9205A Digital Multimeter Excel,,https://www.lazada.vn/products/pdp-i1330333960.html,
Điện,Gia Dụng PINGS,62.000 ₫,-21%,48980,-27,4.8,Ổ Cắm Điện Đa Năng Chữ T Siêu Tiện Dụng (4 Chấu + 2 Cổng USB) - Ổ Điện Tiện Lợi Kết Hợp Đèn Ngủ,179 Đã bán,https://www.lazada.vn/products/pdp-i2188067563.html,
Điện,Smart power,240.000 ₫,-27%,175200,-41,4.6,Thiết bị đo công suất 100A công tơ điện tử,234 Đã bán,https://www.lazada.vn/products/pdp-i815080952.html,
Trang trí nhà cửa,shopbonbon56,240.000 ₫,-46%,129600,-193,4.9,[ SALE SẬP SÀN ] Đồng Hồ Để Bàn Điện Tử Led Trang Trí Cao Cấp,2.1K Đã bán,https://www.lazada.vn/products/pdp-i1299808407.html,
Điện,PhongNhi,,,,-32,4.8,Đồng hồ vạn năng điện tử ZOYI ZT-S1 đồng hồ đa năng kỹ thuật số màn hình LCD,108 Đã bán,https://www.lazada.vn/products/pdp-i1481014347.html,
Điện,FTP Mobie,240.000 ₫,-27%,175200,-31,4.9,Thiết bị đo công suất 100A công tơ điện tử,203 Đã bán,https://www.lazada.vn/products/pdp-i815100709.html,
Dụng cụ điện & phụ kiện,HANDPHONEVN,,,,-1,5,Nhiệt Kế Điện Tử Đo Nhiệt Độ Hiển Thị Số LCD Dây Đầu Dò Nhiệt Độ Dây Dò Dài 2m,,https://www.lazada.vn/products/pdp-i2347393821.html,
Smartphones,shop thúy diễm,1.950.000 ₫,-37%,1228500,-7,5,"Giảm Giá Rẻ ,Điện Thoại  ( OP.PO ) A53 Ram 8/256Gb Máy mới Nguyên Sill  ,2 Xim 2 Sóng ,Loa To Sóng Khỏe ,Cân Mọi Game Nặng ,Lướt Wed Xem Phim Siêu Nhanh ,Bảo Hành 12 Tháng ,Tặng Sạc Cáp Ốp Lưng",27 Đã bán,https://www.lazada.vn/products/pdp-i3222474014.html,
Smartphones,BDF Tablet PC,1.860.000 ₫,-50%,930000,-1,5,BDF M3PRO 8GB/256GB Global Phiên bản 5G Điện thoại thông minh 48MP Camera 67W Sạc điện thoại di động 144Hz,20 Đã bán,https://www.lazada.vn/products/pdp-i2220789765.html,
Dụng cụ điện & phụ kiện,GlobalSuperBazaar,848.000 ₫,-23%,652960,,,"Bộ Dụng Cụ Hàn Kỹ Thuật Số T12, Màn Hình LCD Di Động, Điều Khiển Nhiệt Độ, Sửa Chữa Điện Tử, Không Kèm Nguồn Điện",31 Đã bán,https://www.lazada.vn/products/pdp-i3145453956.html,
Dụng cụ đo lường,Esc Viet Nam,240.000 ₫,-21%,189600,-1,5,"Đồng hồ điện tử hiển thị 6 thông số,Thiết bị đo công suất 100A 220V,công tơ điện tử",17 Đã bán,https://www.lazada.vn/products/pdp-i815192595.html,
Dụng cụ cầm tay & phụ kiện,ZOYI Tools,452.000 ₫,-47%,239560,-2,5,Đồng Hồ Đo Điện Vạn Năng Điện Tử Đo Điện Mini Bỏ Túi Ac/Dc Zoyi Vc921 - Bảo Hành 12 Tháng,5 Đã bán,https://www.lazada.vn/products/pdp-i2846063857.html,
Thiết bị nhà bếp,SG Music Offical,1.000.000 ₫,-75%,250000,-2,5,"Máy Xay Sinh Tố Cầm Tay Đa Năng OSTMARS Dung Tích 500ML 10 Lưỡi Dao Sắc Bén, Máy Xay Sạc Pin Tích Điện 2IN1 Kiêm Bình Nước Tặng Kèm Dây Đeo Tiện Lợi",6 Đã bán,https://www.lazada.vn/products/pdp-i3218905882.html,
Phụ kiện điện thoại & máy tính bảng,GUTEK,350.000 ₫,-37%,220500,-98,4.8,Sạc dự phòng 30000mah Pin dung lượng lớn sạc nhanh 120W/PD20W đi kèm dây sạc điện thoại – Gutek GT69,321 Đã bán,https://www.lazada.vn/products/pdp-i3055593743.html,
Điện,INGCO TOOLS STORE,432.000 ₫,-50%,216000,-33,4.9,"INGCO DM2002 ""Đồng hồ đo điện vạn năng (2000 số đếm)",99 Đã bán,https://www.lazada.vn/products/pdp-i2266581917.html,
Điện,Đồ Chơi Sáng Tạo - DIY,70.000 ₫,-20%,56000,-51,4.8,Đồng hồ vạn năng đo điện A830L và DT-830B,234 Đã bán,https://www.lazada.vn/products/pdp-i1968125827.html,
Trang trí nhà cửa,Sáng Tạo 88,,,,-87,5,"Đồng Hồ Để Bàn Điện Tử T10 Hiển Thị Nhiệt Độ, Độ Ẩm",250 Đã bán,https://www.lazada.vn/products/pdp-i1562505179.html,
Phụ kiện Máy tính,Razer digital,10.696.000 ₫,-32%,7273280,-233,4.9,Razer | Chuột Chơi Game Không Dây,,https://www.lazada.vn/products/pdp-i3204607819.html,
Điện,BUM STORE.,,,,,,"Đồng Hồ Đo Điện Kỹ Thuật Số XL830L Độ Chính Xác Cao, Dụng Cụ Đo Điện Tử Kiểm Tra Điện Kèm Pin Và Dây Đo Chuyên Dụng",,https://www.lazada.vn/products/pdp-i3052001413.html,
Điện,Auto Tour,298.000 ₫,-13%,259260,-143,4.9,"Đồng hồ đo điện Puucai Ampe kế Vôn kế 20A 100a 6 trong 1 Vôn kế Đồng hồ điện tử hiển thị 6 thông số 100A,Thiết bị đo công suất 100A 220V,công tơ điện tử 1 pha AC22KW 110~250V 100A Digital Voltage Power Energy",378 Đã bán,https://www.lazada.vn/products/pdp-i2720628481.html,
Điện,Home_Technology_89,,,,-4,5,"Công tơ điện tử 6 Thông Số 220V-100A LWDSS1 ,công tơ điện tử ,đồng hồ đo điện,thiết bị đo công suất lắp phòng trọ,hộ gia đình.",15 Đã bán,https://www.lazada.vn/products/pdp-i2913534102.html,
"Thiết bị sưởi, làm lạnh và thông gió",goojodoqstore.vn,900.000 ₫,-52%,432000,-137,4.9,"Quạt di động mini GOOJODOQ GFS007 5 cấp độ gió,4000mAh,Đèn LED Hiển Thị,cường độ gió tăng cường 10x, Sử Dụng Lên Đến 12H",456 Đã bán,https://www.lazada.vn/products/pdp-i3028067195.html,
Điện,Khánh Ngọc Store,60.000 ₫,-8%,55200,-15,5,Ổ Điện Thông Minh Chữ T Kèm Đèn Ngủ Và Sạc USB Tiện Dụng,5.7K Đã bán,https://www.lazada.vn/products/pdp-i2487771268.html,
Dụng cụ đo lường,Linh Kiện Điện Tử 3MS Tân Phú,247.500 ₫,-12%,217800,,,Đồng Hồ Đo Vạn Năng DT-9208A,,https://www.lazada.vn/products/pdp-i1529139988.html,
Điện,Xanh LazmaIl,320.000 ₫,-53%,150400,-40,4.8,"[HÀNG MỸ Tiết Kiệm Dõ Dệt Sau 1 Tháng Sử Dụng] Thiết bị tiết kiệm điện Eletricity saving box - Thiết Bị Tiết Kiệm Điện, Máy Tiết Kiệm Điện Eletricity Saving Box 220V, Thiết Bị Tiết Kiệm Điện Thông Minh Giữ Nguồn Điện Ổn Định Bộ Tiết Kiệm Điện Đa Năng",80 Đã bán,https://www.lazada.vn/products/pdp-i2941740909.html,
Dụng cụ đo lường,kettra,300.000 ₫,-38%,186000,-15,4.7,"Máy cân bằng laser 12 Tia,máy bắn cốt laser xanh lá,Bóng Led Siêu Sáng , tự động san bằng mức Laser có sẵn ngoài trời",78 Đã bán,https://www.lazada.vn/products/pdp-i3155334384.html,
Điện,AONISU,179.000 ₫,-31%,123510,-540,4.9,"Ổ Cắm Điện Thông Minh 5 Phích , 3 Cổng Sạc USB , Dây Dài 5 Mét - Ổ Điện Đa Năng Có Công Tắc , Ổ Điện Thông Minh , Phích Cắm Điện Chống Giật , Phích Cắm Đa Năng",1.9K Đã bán,https://www.lazada.vn/products/pdp-i886830366.html,
Điện,Auto Tour,80.000 ₫,-48%,41600,,,Ổ Điện Thông Minh Chữ T Kèm Đèn Ngủ Và Sạc USB Tiện Dụng - PHÍCH CẮM 3 CHẤU - Màu sắc ngẫu nhiên,,https://www.lazada.vn/products/pdp-i2963467892.html,
Điện,homelifestorevn,218.100 ₫,-41%,128679,-30,5,Đồng hồ đo công suất điện 220V có nút độ chính xác cao màn hình hiển thị LCD P U I Kwh bộ công tơ điện tử A,128 Đã bán,https://www.lazada.vn/products/pdp-i2406997860.html,
Điện,Npp Điện Nước Online,290.000 ₫,-55%,130500,-63,4.8,Công Tơ Điện Tử 1 Pha 2 Dây 5(80)A. Đồng Hồ Đo Điện Điện Tử Máy Đo Điện Sử Dụng Cho Gia Đình Phòng Trọ Phòng Cho Thuê Giá Rẻ.,373 Đã bán,https://www.lazada.vn/products/pdp-i2623000010.html,
Điện,AGBBG,261.547 ₫,-44%,146466,-15,5,AGBBG Aneng Đồng hồ vạn năng kỹ thuật số m118a Máy kiểm tra AC DC cầm tay máy đo điện trở Mini RMS,50 Đã bán,https://www.lazada.vn/products/pdp-i2748564876.html,
Điện,Foriot tools Store,445.050 ₫,-37%,280381,-66,4.9,Foriot Đồng Hồ Đo Điện Áp Và Dòng Điện Kỹ Thuật Số Màn Hình LCD Màn Hình Màu AC 50-300V 0-100A KWS-AC301 Vôn Kế Ampe Kế,237 Đã bán,https://www.lazada.vn/products/pdp-i2086480566.html,
Điện,A_hoco__Store,229.000 ₫,-41%,135110,-23,4.9,【🔥HCM/24H】Đồng hồ vạn năng DT9205A màn hình kỹ thuật số đồng hồ vạn năng thông minh Máy đo bảo dưỡng thợ điện chính xác cao,57 Đã bán,https://www.lazada.vn/products/pdp-i1904566071.html,
Dụng cụ đo lường,KKmoon,520.000 ₫,-50%,260000,-3,5,Máy đo độ nghiêng điện tử thước đo kỹ thuật số từ ebtn LCD độ chính xác cao hoạt động dễ dàng cho các góc đo,9 Đã bán,https://www.lazada.vn/products/pdp-i2964157164.html,
Phụ kiện điện thoại & máy tính bảng,Phụ Kiện Mydo,125.000 ₫,-20%,100000,-177,4.8,Củ Sạc  Xiaomi 67W 6A 2 Cổng USB A - USB C Công Nghệ Turbo Sạc Siêu Nhanh,629 Đã bán,https://www.lazada.vn/products/pdp-i2180385084.html,
Dụng cụ cầm tay & phụ kiện,XSafe,475.000 ₫,-30%,332500,-417,4.9,Đồng hồ đo điện vạn năng TOTAL màn hình LCD có đèn nền ban đêm đo dòng điện điện áp điện trở thông mạch TMT46001 TMT460012,1.4K Đã bán,https://www.lazada.vn/products/pdp-i1471373735.html,
Phụ kiện Máy tính,xunmei digital,300.000 ₫,-66%,102000,-9,4.8,GOIIOG | Chuột Không Dây Bluetooth Đôi Chế Độ Im Lặng Sạc Được cho Máy Tính xách Tay và Văn Phòng,5 Đã bán,https://www.lazada.vn/products/pdp-i3204990510.html,
Điện,VOKTTA Official Store,138.150 ₫,-33%,92560,-217,4.8,VOKTTA Vôn Kế Kỹ Thuật Số Mini Bốn Chữ Số M4430 0.28 Inch Chính Hãng Ampe Kế Máy Đo Dòng Điện Điện Áp Hiển Thị Kép LED DC 100V 200V 10A Máy Dò,576 Đã bán,https://www.lazada.vn/products/pdp-i1064372788.html,
Điện,Landnn,,,,-4,5,003 Thiết Bị Đo Dòng Điện Mini USB Có Màn Hình Kỹ Thuật Số,11 Đã bán,https://www.lazada.vn/products/pdp-i2471508289.html,
Nhà thông minh,PK Happy Shop,325.000 ₫,-30%,227500,-439,4.9,"New 2022 , Loa Bluetooth XM 520 Thiết Kế Vỏ Gỗ Sang Trọng Dạng Thanh Để Bàn , Bass Chuẩn , Ấm , Công Suất 20W Siêu Trầm - Bảo Hành 1 Năm - Happy Shop",1.1K Đã bán,https://www.lazada.vn/products/pdp-i2011975962.html,
Điện,WHUEAL5,258.795 ₫,-44%,144925,-52,4.8,WHUEAL5 Aneng Đồng hồ vạn năng kỹ thuật số m118a Máy kiểm tra AC/DC cầm tay máy đo điện trở Mini RMS,151 Đã bán,https://www.lazada.vn/products/pdp-i2774503409.html,
Điện,unicorntools.vn,275.000 ₫,-18%,225500,-32,4.6,"Đồng hồ kẹp dòng vạn năng đo tụ, tần số, nhiệt độ, điện trở, điện áp",110 Đã bán,https://www.lazada.vn/products/pdp-i2394689894.html,
Điện,NAYA STORE,258.000 ₫,-53%,121260,,,【Miễn phí vận chuyển/COD】 NJTY Đồng Hồ Vạn Năng Kỹ Thuật Số LCD Kích Thước Lòng Bàn Tay NCV Phạm Vi Tự Động 4000 Đếm True RMS Máy Kiểm Tra Phổ Thông Thông Thông Minh Vôn Kế 600V Ohm Và Máy Kiểm Tra Điện Áp Đo Còi,,https://www.lazada.vn/products/pdp-i2493628237.html,
Điện,Jianak,,,,,,Bộ đếm điện tử 5 chữ số BEM-5C dùng trong công nghiệp,10 Đã bán,https://www.lazada.vn/products/pdp-i2494217153.html,
Điện,Phụ Kiện Điện Thoại Lâm Music,54.075 ₫,-11%,48126,-4,5,Chia Ổ Điện Kiêm Đèn Ngủ Có 2 Usb Sạc Điện Thoại. Ổ Điện Thông Minh Chữ T Kèm Đèn Ngủ Và Sạc USB - Bộ Chia Ổ Điện 2 Cổng,25 Đã bán,https://www.lazada.vn/products/pdp-i2765933878.html,
Điện,Phương Đông Lighting,170.000 ₫,-32%,115600,-692,4.9,Đồng hồ đo điện vạn năng Samwa YX-360 TRn,2.4K Đã bán,https://www.lazada.vn/products/pdp-i1640031219.html,
Điện,HomelifeOfficialStore,234.923 ₫,-35%,152699,-25,5,Đồng hồ đo công suất điện 220V có nút RESET độ chính xác cao màn hình hiển thị LCD P U I Kwh bộ công tơ điện tử,74 Đã bán,https://www.lazada.vn/products/pdp-i2415527672.html,
Smartphones,Ngọc Xuân Mobile,1.950.000 ₫,-26%,1443000,-26,5,"Điện thoại Opo A53s 5G Ram 8GB/256GB nguyên zin đẹp keng TẶNG (cường lực, ốp lưng) - Bảo hành 3 tháng",49 Đã bán,https://www.lazada.vn/products/pdp-i3060490150.html,
Điện,SMH,240.000 ₫,-30%,168000,-131,4.9,Thiết bị đo công suất 100A công tơ điện tử,588 Đã bán,https://www.lazada.vn/products/pdp-i815138110.html,
Phụ kiện điện thoại & máy tính bảng,NOBAHSI,,,,-144,4.5,Bộ sạc dự phòng 66W mới Sạc nhanh 50000 mAh Công suất lớn Mini nhỏ gọn Điện thoại di động ngoài trời sạc kho báu PD 20W Kèm 4 Đầu Sạc Siêu Tiện Lợi,377 Đã bán,https://www.lazada.vn/products/pdp-i3047365410.html,
Phụ kiện Máy tính,XSmart Store,600.000 ₫,-35%,390000,-22,5,Bàn Phím Không Dây Bluetooh Full Size Giả Cơ K94 Full LED Kết Nối 2 Chế Độ Pin Sạc,76 Đã bán,https://www.lazada.vn/products/pdp-i2667934060.html,
Thiết bị âm thanh,TinAnOffice,258.000 ₫,-15%,219300,-111,4.9,"Micro Đa Hướng SK30/M60 Độ Nhạy Cao Kết Nối USB Hoặc Jack 3.5 Cho PC, Laptop, Máy Tính",428 Đã bán,https://www.lazada.vn/products/pdp-i1399726307.html,
Thiết bị nhà bếp,Gaabor Official Store,280.000 ₫,-20%,224000,-837,4.9,"FLASH SALE Nồi điện đa năng dung tích 1,5L Gaabor GR-N15A công suất 600W 2 mức nhiệt tặng kèm xửng hấp - Bảo hành 12 tháng 1 đổi 1",2.7K Đã bán,https://www.lazada.vn/products/pdp-i2239704386.html,
Dụng cụ đo lường,Thế Giới Linh Kiện 720,469.000 ₫,-13%,408030,-2,5,"Đồng hồ kẹp dòng tự động ZOYI ZT-QB1, ZOYI ZT-QB4, ampe kìm đo điện tử đa năng, độ chính xác cao",22 Đã bán,https://www.lazada.vn/products/pdp-i1682103315.html,
Điện,Linh Kiện Điện Tử LiKi,,,,,,Đồng Hồ Vạn Năng Điện Tử DT-33D Tự Động Tắt Nguồn - Chống Cháy Khi Đo Sai Điện Áp,5 Đã bán,https://www.lazada.vn/products/pdp-i2519361929.html,
Dụng cụ cầm tay & phụ kiện,Minh Khôi Electric,300.000 ₫,-31%,207000,-86,4.6,"Đồng hồ vạn năng Samwa KH-965 tặng kèm pin,đồng hồ điện tử,máy đo vạn năng, đo điện,đồng hồ đa năng đo điện trở,đồng hồ vạn năng kim,đồng hồ đo vạn năng,đồng hồ điện tử,đồng hồ đo dòng điện,dong ho van nang,đồng hồ đo tụ điện,đồng hồ đo điện trở,đồng hồ đ",205 Đã bán,https://www.lazada.vn/products/pdp-i2469802008.html,
Điện,THIẾT BỊ ĐIỆN HÙNG PHÁT,280.000 ₫,-21%,221200,-1,5,"Công tơ điện tử,đồng hồ đo điện 1 pha",,https://www.lazada.vn/products/pdp-i1985533898.html,
Điện,Auto Tour,250.000 ₫,-36%,160000,,,Đồng hồ đo công suất điện 220V có nút RESET độ chính xác cao màn hình hiển thị LCD P U I Kwh bộ công tơ điện tử,,https://www.lazada.vn/products/pdp-i3021061754.html,
Phụ kiện điện thoại & máy tính bảng,goojodoqstore.vn,450.000 ₫,-46%,243000,-145,4.8,"sạc dự phòng GOOJODOQ 20000mAh PD 22.5W sạc nhanh, đi kèm 4 dây ,Đèn pin độ sáng cao Sạc Pin Phụ Kiện,Power Bank",521 Đã bán,https://www.lazada.vn/products/pdp-i2717184317.html,
Điện,HomelifeOfficialStore,95.077 ₫,-37%,59898,-6,4.8,"Ổ cắm điện thông minh 5 phích cắm, 2 cổng sạc USB, 9 ổ cắm đa năng dây dài 1,8 mét điện đa năng có công tắc, điện thông minh, phích cắm điện chống giật, phích cắm đa năng",15 Đã bán,https://www.lazada.vn/products/pdp-i2874180753.html,
Xe hơi,flyingskystore,184.100 ₫,-39%,112301,-56,4.9,Đồng Hồ Vạn Năng DT9205A Đồng Hồ Vạn Năng Thông Minh Màn Hình Kỹ Thuật Số Độ Chính Xác Cao Dụng Cụ Kiểm Tra Bảo Trì Thợ Điện,157 Đã bán,https://www.lazada.vn/products/pdp-i2038736366.html,
Điện,PowerOfficial Store,285.800 ₫,-47%,151474,-103,4.9,Đồng hồ đo công suất điện 220V có nút RESET độ chính xác cao màn hình hiển thị LCD P U I Kwh bộ công tơ điện tử,395 Đã bán,https://www.lazada.vn/products/pdp-i2385465278.html,
Điện,A_Hoco_Shop,184.100 ₫,-33%,123347,-160,4.9,Đồng Hồ Vạn Năng DT9205A Đồng Hồ Vạn Năng Thông Minh Màn Hình Kỹ Thuật Số Độ Chính Xác Cao Dụng Cụ Kiểm Tra Bảo Trì Thợ Điện,624 Đã bán,https://www.lazada.vn/products/pdp-i2038478379.html,
Điện,Linh Kiện 024,160.000 ₫,-34%,105600,-8,4.9,"Đồng hồ đo điện vạn năng DT9205A, đo dòng điện, vôn kế có kèm pin 9V, bảo hành 1 tháng",26 Đã bán,https://www.lazada.vn/products/pdp-i1236380888.html,
Điện,A_hoco__Store,206.000 ₫,-36%,131840,-1,5,Đồng hồ đo công suất điện 220V có nút RESET độ chính xác cao màn hình hiển thị LCD P U I Kwh bộ công tơ điện tử,9 Đã bán,https://www.lazada.vn/products/pdp-i2663550641.html,
Thiết bị tiện ích USB,EChipTECmall,43.800 ₫,-40%,26280,-96,4.9,"Đèn LED Mini, Đèn Đọc 24 LED USB DC 5V Cầm Tay Màu Trắng/Màu Ấm SMD5730 12W Đèn Ban Đêm",574 Đã bán,https://www.lazada.vn/products/pdp-i1594578265.html,
"Thiết bị sưởi, làm lạnh và thông gió",DIVA SHOPPING,129.000 ₫,-23%,99330,-155,4.6,Quạt Sắt Để Bàn Nhỏ Gọn Xoay 360 Độ Tiện Dụng Cổng Sạc USB Không Cần Ổ Cắm Tạo Không Khí Thoáng Mát Tiết Kiệm Điện Năng,508 Đã bán,https://www.lazada.vn/products/pdp-i1994822216.html,
Điện,Aliang_ SHOP,186.000 ₫,-47%,98580,-13,5,Đồng hồ đo điện đa năng Đồng hồ vạn năng kỹ thuật số thông Minh Màn Hình Kỹ Thuật Số Độ Chính Xác Cao Dụng Cụ Kiểm Tra Bảo Trì Thợ Điện,41 Đã bán,https://www.lazada.vn/products/pdp-i2507158874.html,
Điện,Samebeauty,254.500 ₫,-40%,152700,-1,5,FREESHIP🎁Đồng hồ đo công suất điện 220V có nút RESET độ chính xác cao màn hình hiển thị LCD P U I Kwh bộ công tơ điện tử,,https://www.lazada.vn/products/pdp-i2560991397.html,
Phụ kiện Máy tính,GOES TiME,233.000 ₫,-30%,163100,-1,5,GOES TiME | Chuột Bluetooth Không Dây có Sạc Yên Tĩnh cho Laptop và Máy Tính Để Bàn,,https://www.lazada.vn/products/pdp-i3198384000.html,
Điện,tuantinhelec,133.100 ₫,-24%,101156,-3,5,"Đồng hồ đo điện áp, dòng điện AC 60-500Vac 10A # linh kiện điện tử",12 Đã bán,https://www.lazada.vn/products/pdp-i2312119471.html,
Điện,KUAIQU,520.000 ₫,-48%,270400,-133,4.9,Đồng Hồ Vạn Năng Kẹp Kỹ Thuật Số Mini A3399 Máy Kiểm Tra Tần Số Điện Dung Điện Trở Điện Áp AC/DC-INTL,300 Đã bán,https://www.lazada.vn/products/pdp-i1516816982.html,
Dụng cụ đo lường,Linh Kiện 024,89.000 ₫,-2%,87220,-8,4.8,Đồng hồ đo vạn năng Digital Multimeter VC830L màn hình kỹ thuật số đo điện đa năng,34 Đã bán,https://www.lazada.vn/products/pdp-i1235400959.html,
Điện,Global Village-Hà Nội,86.666 ₫,-40%,51999,-6,4.7,"Ổ Cắm Điện Power Strip Đa Năng Thông Minh-Ổ cắm điện thông minh kèm cổng sạc 2 USB，5 plugs, 9 universal socket",10 Đã bán,https://www.lazada.vn/products/pdp-i2807600330.html,
Điện,Thiết bị điện và đèn led chiếu sáng,150.000 ₫,-30%,105000,-143,4.9,Đồng Hồ Đo Điện SAMWA - 360 Đỏ,410 Đã bán,https://www.lazada.vn/products/pdp-i1476476740.html,
Điện,POROMETISTO Tools,532.767 ₫,-44%,298349,-15,4.9,"UT01C USB-C Power Meter: 280W PD3.1/QC4+ Fast Charging Tester 12A Current Voltage Monitor w/Offline Save, HD IPS Display for iPhone/MacBook",30 Đã bán,https://www.lazada.vn/products/pdp-i3110025915.html,
Điện,Gia Dụng Marrre,105.000 ₫,-41%,61950,-26,4.9,2500W Ổ Cắm Điện Đa Năng 6 Cổng Tích Hợp Sạc USB 2 Cáp USB 3 Và 5M Dây Cáp Dày Chất Có Chốt An Toàn Tiện Dụng OD01,82 Đã bán,https://www.lazada.vn/products/pdp-i2747027575.html,
Điện,Smart Room,,,,-116,4.9,Máy đo dòng điện điện áp công suất watt metter 100A 150A. Tích hợp đồng hồ đo điện vôn kế ampe kế và đồng hồ đo năng lượng điện. Độ chính xác cao.,348 Đã bán,https://www.lazada.vn/products/pdp-i470942416.html,
Điện,hoco_ SUPERSTAR _store,185.130 ₫,-36%,118483,-34,4.9,Đồng Hồ Vạn Năng DT9205A Đồng Hồ Vạn Năng Thông Minh Màn Hình Kỹ Thuật Số Độ Chính Xác Cao-Đồng hồ vạn năng kỹ thuật số Máy đo bóng bán dẫn AC / DC Máy đo điện NCV,98 Đã bán,https://www.lazada.vn/products/pdp-i2051158602.html,
Điện,Auto Tour,198.000 ₫,-38%,122760,-22,4.8,Đồng hồ vạn năng Vastar Dt9205a Đồng hồ vạn năng Màn hình kỹ thuật số thông minh Độ chính xác cao,59 Đã bán,https://www.lazada.vn/products/pdp-i2720332765.html,
Trường học & văn phòng,Kangaroo store 1595312584,81.900 ₫,-49%,41769,,,Máy tính điện tử cỡ nhỏ máy tính Màu kẹo đẹp cho học sinh máy tính lật dễ di chuyển nhỏ,,https://www.lazada.vn/products/pdp-i3076854601.html,
Trang trí nhà cửa,Mickeyshop,,,,-2,5,"Đồng Hồ Để Bàn LED Màn Hình LCD Báo Thức, Cảm Biến Âm Thanh",5 Đã bán,https://www.lazada.vn/products/pdp-i3071080375.html,
Phụ kiện Máy tính,epoosuo,520.000 ₫,-81%,98800,-226,4.9,EPOOSUO | Chuột Không Dây Bluetooth Sạc Lại Yên Tĩnh cho Văn Phòng và Chơi Game,15 Đã bán,https://www.lazada.vn/products/pdp-i3206038635.html,
Điện,PowerOfficial Store,285.800 ₫,-50%,142900,-11,4.9,"Đồng hồ đo điện vạn năng VOM Sanwa YX360TRD kèm pin, có còi báo, ốp da bọc",29 Đã bán,https://www.lazada.vn/products/pdp-i2166134831.html,
Phụ kiện điện thoại & máy tính bảng,,284.000 ₫,-40%,170400,,,Bảng Ổ Cắm Điện Mini Di Động USB Bộ Chuyển Đổi Điện Đa Chức Năng Bảng Dây Cho Gia Đình Bảng Dây Có Nguồn Cung Cấp Sạc,60 Đã bán,https://www.lazada.vn/products/pdp-i2997549091.html,
Điện,Phukiensitphcm,27.000 ₫,-7%,25110,-1,5,Đồng Hồ Vạn Năng DT9205A Đồng Hồ Vạn Năng Thông Minh Màn Hình Kỹ Thuật Số Độ Chính Xác Cao Dụng Cụ Kiểm Tra Bảo Trì Thợ Điện,,https://www.lazada.vn/products/pdp-i2126909126.html,
Điện,muaban779,,,,,,"máy cấp nguồn, kiểm tra dòng cho điện thoại, điện tử",,https://www.lazada.vn/products/pdp-i2332708093.html,
Điện,Forwarm,159.000 ₫,-47%,84270,,,【Miễn phí vận chuyển】 NAYA ANENG DT9205A Đồng hồ vạn năng kỹ thuật số AC DC Vôn kế Ampe kế đo điện dung,15 Đã bán,https://www.lazada.vn/products/pdp-i2561349264.html,
Điện,MichanK,179.600 ₫,-57%,77228,-3,4.3,"ĐỒNG HỒ ĐO VẠN NĂNG YX-360TRn SAMWA (TẶNG KÈM PIN ),  Đồng hồ vạn năng SAMWA, Đồng hồ đo điện vạn năng",14 Đã bán,https://www.lazada.vn/products/pdp-i2733386553.html,
Smartphones,Hoàng Hà Mobile,4.290.000 ₫,-33%,2874300,-404,5,Điện thoại Xiaomi Redmi 13 (6GB/128GB) - Chính Hãng,1.4K Đã bán,https://www.lazada.vn/products/pdp-i2484389320.html,
Máy tính bảng,Top 1 Tablet,1.680.000 ₫,-19%,1360800,-21,4.6,Máy tính bảng thông minh X6 Pro Tablet Android Bản gốc 2023 Máy tính bảng thông minh 10.8Inch 4K FHD Màn hình Buletooth 8800mAh Pin Trực tuyến Class Tablet 12GB RAM + 512GB ROM 5G WiFi Android Dành cho trẻ em Gaming Pad Giao hàng miễn phí COD,61 Đã bán,https://www.lazada.vn/products/pdp-i2388594288.html,
Phụ kiện điện thoại & máy tính bảng,7bekZzat,839.000 ₫,-24%,637640,-1,5,"[Hỏa tốc] Sạc Dự Phòng Bonne TECHNOLOGIQUE BP09 , Sạc Dự Phòng 10.000 mAh Kiêm Củ Sạc Đa Năng, Sạc Dự Phòng Tích hợp",5 Đã bán,https://www.lazada.vn/products/pdp-i3098722117.html,
Điện,LIJINGF,79.970 ₫,-44%,44783,,,LIJINGF LCD tự động phạm vi kỹ thuật số vôn kế vạn năng ohmmeter Volt Tester các biện pháp điện áp AC DC điện áp hiện tại Điện dung tần số,,https://www.lazada.vn/products/pdp-i3157744291.html,
Thiết bị đeo thông minh,Kpro Store,,,,-31,5,"Đồng hồ thông minh S10 Pro Gen 5 5G (Ram 4gb/64) lắp sim nghe gọi, màn Super Amoled, Android tải mọi game, Mxh, camera 180 độ, cảm ứng đa điểm, pin 1300mah Smartwatch - Tặng 1 dây thép, 1 dây sili đen, 1 dán màn và 1 củ sạc",93 Đã bán,https://www.lazada.vn/products/pdp-i2917350659.html,
Phụ kiện điện thoại & máy tính bảng,aYoJSJK7,746.000 ₫,-57%,320780,,,"[GOOJODOQ* Quà tặng* Sạc Dự Phòng Mini Ngẫu nhiên GOOJODOQ 4000MAh.Pin Hiệu Suất Cao, Cầm Tay Và Kích Thước Bỏ Túi Dự Phòng",,https://www.lazada.vn/products/pdp-i3206548548.html,
Phụ kiện điện thoại & máy tính bảng,Vention flagship store,915.000 ₫,-53%,430050,-1235,5,"Vention Sạc Dự Phòng 20000mAh 22.5W - 3 Cổng Sạc, Sạc Nhanh PD QC, Màn Hình LED Số, Chống Nóng - Đen / Trắng - Hàng Chính Hãng",3.9K Đã bán,https://www.lazada.vn/products/pdp-i2569230806.html,
Thiết bị nhà bếp,Little Bear Kitchen Appliances Specialty Store,946.000 ₫,-69%,293260,-14,4.8,BEAR | Máy Ép Trái Cây Điện Tử Di Động với Sạc Không Dây,7 Đã bán,https://www.lazada.vn/products/pdp-i3194617115.html,
Trường học & văn phòng,Jettingbuy,44.226 ₫,-44%,24766,-12,4.5,"Jettingbuy Máy Tính Điện Tử Mini Cho Sinh Viên Đồ Dùng Văn Phòng Tính Toán Màu Kẹo,",77 Đã bán,https://www.lazada.vn/products/pdp-i860174446.html,
Điện,ANENG Tool Store,202.000 ₫,-52%,96960,,,【Aneng】Đồng hồ vạn năng kỹ thuật số Đồng hồ điện áp kháng đèn nền LCD votage hiện tại Ohm dụng cụ kiểm tra tự động tắt máy sfor thợ điện,,https://www.lazada.vn/products/pdp-i2651382904.html,
Dụng cụ đo lường,Linh Kiện Điện Tử 3MS Tân Phú,,,,,,"Đồng hồ đo điện vạn năng Diymore ANENG M113, đo volt, điện trở",,https://www.lazada.vn/products/pdp-i2708210242.html,
Điện,Điện tử dân dụng 24h,,,,-67,4.9,"Đồng Hồ Vạn Năng Điện Tử XL830L XL830 830 - Đồng Hồ Đo Điện áp DC, AC, Đo dòng điện, đo điện trở (Có Pin + dây)",237 Đã bán,https://www.lazada.vn/products/pdp-i2513928308.html,
Điện,ForesightOfficialStore,97.700 ₫,-41%,57643,,,Thiết Bị Kiểm Tra Vôn Kế 0-100A 3 Trong 1 Màn Hình LED 22mm AC 60-500V,,https://www.lazada.vn/products/pdp-i2811104281.html,
Phụ kiện Máy tính,epoosuo,301.000 ₫,-60%,120400,-243,4.9,EPOOSUO | Chuột Không Dây Bluetooth Im Lặng Sạc Lại Được cho Văn Phòng và Chơi Game,,https://www.lazada.vn/products/pdp-i3205307914.html,
Điện,Ba3Van,182.000 ₫,-24%,138320,-4,5,Đồng Hồ Đo Điện Vạn Năng Kỹ Thuật Số Tự Động Hiển Thị Và Lưu Chuyên Nghiệp Kiểm Tra Điện Áp AC/DC,7 Đã bán,https://www.lazada.vn/products/pdp-i3083752404.html,
Điện,Global Merch Park,316.000 ₫,-50%,158000,-8,5,ANENG SZ06 Đồng Hồ Vạn Năng Kỹ Thuật Số 2000 Đếm AC/DC Bút Thử Điện Áp DC Ohm Mini Thông Minh Multimetro Điện Chuyên Nghiệp Dụng Cụ,43 Đã bán,https://www.lazada.vn/products/pdp-i2713259600.html,
Điện,Samebeauty,211.167 ₫,-40%,126700,-12,4.9,Vastar Đồng Hồ Vạn Năng DT9205A Đồng Hồ Vạn Năng Thông Minh Màn Hình Kỹ Thuật Số Độ Chính Xác Cao,28 Đã bán,https://www.lazada.vn/products/pdp-i2483807135.html,
Điện,Charming House,120.000 ₫,-12%,105600,-491,4.6,"Đồng hồ vạn năng VOM Samwa YX360-TRn - Đồng hồ đo điện kèm pin chuyên đo dòng điện xoay chiều, một chiều và điện trở",1.6K Đã bán,https://www.lazada.vn/products/pdp-i702958917.html,
Phụ kiện Máy tính,epoosuo,343.000 ₫,-68%,109760,-135,4.9,EPOOSUO | Chuột Chơi Game Không Dây Nhẹ Nhàng Im Lặng với Bluetooth Hai Chế Độ,9 Đã bán,https://www.lazada.vn/products/pdp-i3204502616.html,
Điện,APNEU,273.000 ₫,-41%,161070,-108,4.8,"Đồng Hồ Đo Năng Lượng Dòng Điện Điện Áp LCD Kỹ Thuật Số, AC80-260V 100A 20A Chỉ Số Vôn Kế Ampe Kế Wattmeter Tester Detector TX-061",315 Đã bán,https://www.lazada.vn/products/pdp-i1042792469.html,
Phụ kiện Máy tính,xunmei digital,386.000 ₫,-63%,142820,-301,4.9,GOIIOG | Chuột Không Dây Bluetooth Chế Độ Đôi Sạc Im Lặng,,https://www.lazada.vn/products/pdp-i3205707841.html,
Điện,Bull Socket,1.238.000 ₫,-67%,408540,-1,4,Bull | Ổ Cắm Bàn Đa Năng Thẩm Mỹ Cao Sạc Nhanh 67W,,https://www.lazada.vn/products/pdp-i3221723549.html,
Điện,G01 Phụ Kiện Thông Minh,84.915 ₫,-27%,61987,-4,5,Ổ cắm điện đa năng nhiều Cổng sạc USB 2 Cáp USB 3 Và 5M Dây Cáp Dày Chất Lượng Cao,20 Đã bán,https://www.lazada.vn/products/pdp-i2664809678.html,
Thiết bị nhà bếp,Lebenlang Store,380.000 ₫,-34%,250800,-252,5,"Máy vắt cam mini Lebenlang LBL3383 công suất 40W, dung tích 500ml, bảo hành 2 năm - hàng chính hãng",583 Đã bán,https://www.lazada.vn/products/pdp-i2599522736.html,
Điện,EChipTECmall,289.200 ₫,-40%,173520,-89,4.9,Máy Kiểm Tra DC Type-C Hiển Thị Màu 10 Trong 1 Máy Kiểm Tra Bộ Sạc USB Điện Áp 4-30V Hiện Tại 0-5A Đồng Hồ Đo Điện Máy Dò Pin Di Động,245 Đã bán,https://www.lazada.vn/products/pdp-i817634805.html,
Điện,Linh Kiện Điện Tử 3MS Tân Phú,143.000 ₫,-11%,127270,-731,4.9,Đồng Hồ Vạn Năng BEST 9205M,2.0K Đã bán,https://www.lazada.vn/products/pdp-i249175428.html,
Điện,EChipTECmall,114.300 ₫,-40%,68580,-10,5,Máy Kiểm Tra Sạc USB Máy Đo Dòng Điện Áp Bác Sĩ Vôn Kế Ampe Kế Máy Kiểm Tra Dung Lượng Pin Máy Dò Điện Di Động,24 Đã bán,https://www.lazada.vn/products/pdp-i1630104384.html,
Phụ kiện điện thoại & máy tính bảng,Vention Franchised Store,2.874.000 ₫,-50%,1437000,-18,4.6,Vention 27000mAh 100W/140W Sạc Dự Phòng - Màn Hình Màu TFT Thông Minh - Sạc Laptop Gaming/Creator - 3 Cổng (2C1A) - Cáp 240W Đi Kèm - Vỏ Nhôm - Hàng Chính Hãng,67 Đã bán,https://www.lazada.vn/products/pdp-i2983928196.html,
Điện,Samebeauty,437.100 ₫,-46%,236034,,,"AC Màn Hình 6 Trong 1 KWh Công Suất Đo Tần Số 110V 220V 380V 100A, Điện Hệ Số Công Suất Hoạt Động màn Hình HOCO",,https://www.lazada.vn/products/pdp-i3183750880.html,
Phụ kiện Máy tính,XSmart Store,320.000 ₫,-44%,179200,-1001,4.9,"Chuột Máy Tính Bluetooth X7 Wireless Pin Sạc Kết Nối 2 Chế Độ Cho Mọi Thiết Bị Máy Tính, Laptop, ipad",3.0K Đã bán,https://www.lazada.vn/products/pdp-i2292903269.html,
Điện,BUM STORE.,,,,,,"Ổ Điện Thông Minh Tích Hợp Cổng Usb Dây Dài 1m5, Ổ Cắm Usb Chất Liệu Nhựa Abs Chịu Nhiệt Có Công Tắc An Toàn Cho Bạn",,https://www.lazada.vn/products/pdp-i2665989377.html,
Thiết bị tiện ích USB,MU RAN,992.000 ₫,-50%,496000,-271,4.9,MURAN | Quạt Bàn Mini Di Động Sạc USB,,https://www.lazada.vn/products/pdp-i3193657488.html,
Điện,bansi08,,,,-1,5,Ổ Cắm Điện Đa Năng Thông Minh Có Cổng USB,5 Đã bán,https://www.lazada.vn/products/pdp-i838372427.html,
Điện,Điện Hoàn Cầu,210.000 ₫,-1%,207900,-8,5,Công tơ điện tử 1 pha 2 dây CE-18G GELEX,45 Đã bán,https://www.lazada.vn/products/pdp-i2696488950.html,
Điện,techstuffstore,59.900 ₫,-15%,50915,,,"Đồng hồ đo điện mini, đo điện DC, màn hình kỹ thuật số",,https://www.lazada.vn/products/pdp-i1945608699.html,
Thiết bị tiện ích USB,Seller Tịnh Minh,58.000 ₫,-17%,48140,,,"Quạt Hoa Mini Sáng Tạo - Sạc USB, Quạt Để Bàn & Cầm Tay Yên Tĩnh - Dễ Thương & Tiện Lợi Có Chân Đế - Vật Dụng Thiết Yếu Cho Học Sinh",,https://www.lazada.vn/products/pdp-i3200989431.html,
Điện,EChipTECmall,529.500 ₫,-34%,349470,-20,4.9,D69-2058 Vôn Kế Đồng Hồ Đo Tần Số Năng Lượng Điện KWH Hoạt Động Hệ Số Công Suất Hiện Tại Đồng Hồ Vạn Năng Kỹ Thuật Số CT Ampe Vôn Kế LCD Kỹ Thuật Số,104 Đã bán,https://www.lazada.vn/products/pdp-i797854735.html,
Phụ kiện Máy tính,PHUKIENVTQ22,,,,,,"Bàn phím cơ JEDEL KL-125 dùng cho văn phòng,chơi game có 8 chế độ đèn led. Kết nối có dây bluetooth, usb",,https://www.lazada.vn/products/pdp-i2670789517.html,
Điện,home smart 89,200.000 ₫,-28%,144000,-73,4.9,"Đồng hồ đo công suất tiêu thụ điện thiết bị 220V, ổ cắm đo công suất",309 Đã bán,https://www.lazada.vn/products/pdp-i1241286325.html,
Phụ kiện Máy tính,THIẾT BỊ CÔNG NGHỆ HUY LONG,649.000 ₫,-22%,506220,-33,4.8,"Bàn phím không dây FREEWOLF M96 kết nối bằng Bluetooth và 2.4G có đèn led 7 màu, nút văn âm lượng và màn hình led mini",96 Đã bán,https://www.lazada.vn/products/pdp-i2636447362.html,
Smartphones,Phone Mai Mobile,1.569.000 ₫,-14%,1349340,-4,4.3,"Điện thoại realme 7 5G Ram 8G/128GB 2Sim đẹp keng, Full chức năng, Pin 5000 mAh",14 Đã bán,https://www.lazada.vn/products/pdp-i3161341162.html,
Phụ kiện Máy tính,XSmart Store,890.000 ₫,-45%,489500,-158,5,"Bàn Phím Cơ Bluetooth Không Dây K68BT Trục Cơ Red Switch Gõ Cực Đã, Thiết Kế Nhỏ Gọn Có Hotswap Có Thể Custom Kết Nối Máy Tính / Điện Thoại / Tablet",496 Đã bán,https://www.lazada.vn/products/pdp-i2075890883.html,
Điện,salevn.vn,,,,,,Ổ Điện Thông Minh Chữ T Kèm Đèn Ngủ Và Sạc USB,,https://www.lazada.vn/products/pdp-i2351554096.html,
Thiết bị nhà bếp,JENNIFEROOM Vietnam,3.120.000 ₫,-45%,1716000,-5,4.6,"JRK-OT1201 - Lò nướng điện Jenniferoom 220 V~, 50 Hz, 1000 W, 12 L",16 Đã bán,https://www.lazada.vn/products/pdp-i3160640906.html,
Phụ kiện điện thoại & máy tính bảng,CÔNG TY TNHH MTV GROWN TECH,799.200 ₫,-27%,583416,-1,5,"Sạc dự phòng DEIOG DY-208 20000mAh không dây 22.5W chính hãng, sạc nhanh đa năng, đa cổng sạc",6 Đã bán,https://www.lazada.vn/products/pdp-i3126715783.html,
Điện thoại cơ bản,phukien0846899000,1.098.000 ₫,-50%,549000,-328,5,"Điện thoại 4G Nokia 105 2021-2024, 2 Sim Chuẩn Quy Định Của Bộ Thông Tin Fullbox Loa To Sóng Khỏe Pin Bền",1.5K Đã bán,https://www.lazada.vn/products/pdp-i1592471939.html,
Phụ kiện Máy tính,goojodoqstore.vn,200.000 ₫,-58%,84000,-474,4.9,GOOJODOQ Chuột không dây 2 trong 1 Dual Mode 2.4Ghz Wireless Bluetooth Cordless Mouse,1.9K Đã bán,https://www.lazada.vn/products/pdp-i2108053538.html,
Phụ kiện điện thoại & máy tính bảng,Pisen Official Store 1618388268,1.543.000 ₫,-45%,848650,-78,4.9,"Sạc dự phòng có chân cắm, sạc nhanh , Điện bá đạo PISEN QUICK - High Power Box sạc Laptop,  iPhone, samsung, Android, 87W 22.5W 20W  sạc an toàn, bảo vệ máy, chống chai pin Global - Chính hãng, có bảo hiểm 46 Tỷ",159 Đã bán,https://www.lazada.vn/products/pdp-i2624156019.html,
Dụng cụ điện & phụ kiện,GlobalLifestyle,266.000 ₫,-23%,204820,-8,5,"Mỏ Hàn Điện Kỹ Thuật Số ANENG SL106 110V/220V, Nhiệt Độ Điều Chỉnh, Dụng Cụ Hàn Chuyên Nghiệp, Có Phích Cắm US/EU",7 Đã bán,https://www.lazada.vn/products/pdp-i3102823138.html,
Điện,homeappliancescollectionstore,233.000 ₫,-42%,135140,-5,4.6,【HCM/24H】Vastar Đồng Hồ Vạn Năng DT9205A Đồng Hồ Vạn Năng Thông Minh Màn Hình Kỹ Thuật Số Độ Chính Xác Cao,9 Đã bán,https://www.lazada.vn/products/pdp-i3130251301.html,
Thiết bị nhà bếp,LEBENLANG Gia dụng Đức chính hãng,380.000 ₫,-29%,269800,-29,5,"Máy vắt cam LEBENLANG LB389 máy xoay đảo 2 chiều, 700ml, công suất 40W, bảo hành 2 năm - hàng chính hãng",78 Đã bán,https://www.lazada.vn/products/pdp-i2601860803.html,
Điện,A_hoco__Store,207.300 ₫,-37%,130599,-30,3.9,"【🔥HCM/24H】Đồng hồ vạn năng VOM YX360-TRD tặng kèm pin đo điện trở, dòng điện xoay chiều 1 chiều",107 Đã bán,https://www.lazada.vn/products/pdp-i2152003885.html,
Dụng cụ đo lường,Electrical,179.000 ₫,-41%,105610,-1,5,"Công tơ điện tử 1 pha đa năng 80A đo công suất, điện áp, cường độ",,https://www.lazada.vn/products/pdp-i2120699108.html,
Điện,Thiết Bị Điện 024,100.000 ₫,-2%,98000,-3,3.7,"Đồng Hồ Đo Điện Dây Kim SAMWA YX-360TR Tặng 1 Pin 9V + 2 Pin 1,5V AA",16 Đã bán,https://www.lazada.vn/products/pdp-i1878248923.html,
Điện,ZOYI Tools,,,,-1,5,"Đồng Hồ Vạn Năng Zoyi ZT-100 Đo Điện Kỹ Thuật Số Thiết Kế Nhỏ Gọn, Màn Hình Hiển Thị Lớn, Dễ Đọc",,https://www.lazada.vn/products/pdp-i2846106634.html,
Điện,Bull Socket,3.421.000 ₫,-60%,1368400,,,Bull | Bộ Chia Điện Nhanh Có Màn Hình Số Dễ Mang Đi,,https://www.lazada.vn/products/pdp-i3230354855.html,
Điện,CleverOfficial Store,299.000 ₫,-35%,194350,-16,5,⚡Miễn Phí Vận Chuyển⚡ Màn hình AC 6 TRONG 1 KWH Đồng hồ đo tần số năng lượng điện 110V 220V 380V 100A Điện áp Dòng điện Hệ số công suất Màn hình hoạt động,48 Đã bán,https://www.lazada.vn/products/pdp-i2807118314.html,
Điện,ForesightOfficialStore,216.600 ₫,-39%,132126,-12,3.9,"Đồng hồ đo điện vạn năng VOM Sanwa Yx 360 TRD kèm pin có còi báo, ốp da bọc",39 Đã bán,https://www.lazada.vn/products/pdp-i2152147516.html,
Điện,homelifestorevn,230.700 ₫,-42%,133806,,,Vastar Đồng Hồ Vạn Năng DT9205A Đồng Hồ Vạn Năng Thông Minh Màn Hình Kỹ Thuật Số Độ Chính Xác Cao,8 Đã bán,https://www.lazada.vn/products/pdp-i2885777794.html,
Nhà thông minh,Điện Tử Nhật Minh,350.000 ₫,-20%,280000,-325,4.8,"Công Tắc Tuya Thông Minh Wifi Smart Life (Wifi+RF433) 1,2,3,4 Nút Cảm Ứng Chữ Nhật, Công Tắc Hẹn Giờ Điều Khiển Từ Xa 10A-2200W, Hỗ Trợ Điều Khiển Giọng Nói Tiếng Việt",1.9K Đã bán,https://www.lazada.vn/products/pdp-i290882776.html,
Điện,ĐIỆN TUẤN KHANG,280.000 ₫,-20%,224000,,,"Công Tơ Điện Tử 1 Pha Nexus Mini 5(80)A – Đo Điện Chính Xác, Gọn Nhẹ, Bền Bỉ!",,https://www.lazada.vn/products/pdp-i3118445823.html,
Nhà thông minh,Hunonic Miền Nam Store,510.000 ₫,-18%,418200,-126,5,"Công tắc cảm ứng Hunonic Datic 1-2-3-4 nút kết nối Wifi điều khiển mọi thiết bị từ xa qua điện thoại, Bảo hành 12 tháng.",467 Đã bán,https://www.lazada.vn/products/pdp-i2589262226.html,
Điện,KUAIQU,1.100.000 ₫,-47%,583000,-3,5,"【Hàng Có Sẵn】 UNI-T Đồng Hồ Vạn Năng Kỹ Thuật Số UNI T, Máy Đo Nhiệt Độ Điện Dung Tần Số AC DC Phạm Vi Thủ Công RMS UT890C UT890D + Đèn Nền",8 Đã bán,https://www.lazada.vn/products/pdp-i1269057000.html,
Điện,3celectronicstore,180.000 ₫,-36%,115200,-29,4.7,[FREESHIP🎁]Đồng hồ vạn năng DT9205A màn hình kỹ thuật số đồng hồ vạn năng thông minh Máy đo bảo dưỡng thợ điện chính xác cao,75 Đã bán,https://www.lazada.vn/products/pdp-i2279930254.html,
Dụng cụ cầm tay & phụ kiện,ThaiDuongTD,226.000 ₫,-49%,115260,-7,4.7,Đồng hồ đo vạn năng Digital EXCEL DT9205A (Mẩu mới 2020-2021),19 Đã bán,https://www.lazada.vn/products/pdp-i2422272.html,
Điện,Taiye Electric,91.000 ₫,-9%,82810,-73,4.7,Một pha LCD kỹ thuật số Đồng hồ đo năng lượng điện dds1108 có hoặc không có đèn nền kWh V một W wattmeter AC 230V 50/60Hz,110 Đã bán,https://www.lazada.vn/products/pdp-i2590657035.html,
Điện,ĐAIVIETBIG,,,,,,Công Tơ Điện Tử Cao Cấp ĐÃ Kiểm Định EVN 1 Pha CHINT DDSU777 5(80)A,,https://www.lazada.vn/products/pdp-i2921114309.html,
Phụ kiện Máy tính,KONG 3C STORE [vn],476.000 ₫,-35%,309400,-18,5,"APAYADO K61 Mini Wired Mechanical Keyboard, 61 Keys, Red/Blue Switch, Phantom RGB Lighting, 60% Portable, Hot-Swappable",56 Đã bán,https://www.lazada.vn/products/pdp-i2921286645.html,
Điện,Phụ Kiện Công Nghệ_85,165.000 ₫,-30%,115500,-7,4.3,Đồng Hồ Đo Vạn Năng DT9205A / DT9205A M2 Màn Hình Kỹ Thuật Số Bảo Dưỡng Chính Xác Cao,19 Đã bán,https://www.lazada.vn/products/pdp-i2609450125.html,
Điện,Bảo Hộ Thinksafe,276.000 ₫,-28%,198720,-15,4.9,"Đồng hồ đo điện vạn năng Total hiển thị 2000 - 4000 số RMS, AC/DC 0.8~600V, điện trở 600kΩ, tự động tắt nguồn - Thinksafe",36 Đã bán,https://www.lazada.vn/products/pdp-i2591489861.html,
Điện,Thiết bị điện 123,800.000 ₫,-39%,488000,,,"Đồng hồ đa chức năng CW96 màn hình LCD hiển thị nhiều thông số điện áp, công suất, dòng điện, cos phi",,https://www.lazada.vn/products/pdp-i3053307382.html,
"Thiết bị sưởi, làm lạnh và thông gió",goojodoqstore.vn,120.000 ₫,-35%,78000,-239,4.9,"quạt mini sạc điện GOOJODOQ quạt cầm tay mini tích điện sạc USB,tiện lợi, quạt usb,Thích hợp cho công việc và trường học",946 Đã bán,https://www.lazada.vn/products/pdp-i2597937297.html,
Phụ kiện Máy tính,goojodoqstore.vn,320.000 ₫,-54%,147200,-108,4.8,chuột chơi game GOOJODOQ Chuột Không Dây 2.4Ghz Có Kết Nối Bluetooth Với Pin Cuộn,294 Đã bán,https://www.lazada.vn/products/pdp-i2106892721.html,
Điện,EChipTECmall,744.300 ₫,-34%,491238,,,1 Chiếc PZEM-026 Vôn Kế Kỹ Thuật Số AC Một Pha 400V 100A Thông Minh Sạc Điện Tử Vôn Kế,,https://www.lazada.vn/products/pdp-i2208456979.html,
Phụ kiện Máy tính,GOES TiME,864.000 ₫,-61%,336960,-28,4.8,GOES TiME | Chuột Bluetooth Văn Phòng Hình Gấu Dâu Sạc Lại Được,,https://www.lazada.vn/products/pdp-i3198461791.html,
Thiết bị nhà bếp,Elmich Vietnam,590.000 ₫,-42%,342200,-1317,4.9,(Chỉ 25-29.10)Ấm đun nước siêu tốc Smartcook ICS-3859,3.9K Đã bán,https://www.lazada.vn/products/pdp-i1686680854.html,
Phụ kiện Máy tính,josenlighting,,,,,,Bộ Lưu Điện Cầm Tay Quay Tay 220V 150W,,https://www.lazada.vn/products/pdp-i3231156371.html,
Điện,TRÙM SỈ ĐIỆN NƯỚC,,,,,,"Đồng Hồ Công Tơ Điện Tử 3 Pha 4 Dây NEXUS & HỮU HỒNG Chính Hãng Có Giấy Kiểm Định, Công Suất 100A",,https://www.lazada.vn/products/pdp-i2662620092.html,
Phụ kiện điện thoại & máy tính bảng,OKILA MALL,463.000 ₫,-49%,236130,-143,4.8,"(HCM) Sạc Dự Phòng Xiaomi 10000mAh gen3 Cầm cực nặng tay chắc chắn Sạc nhanh 2 chiều cổng Type-C- Thiết Kế Tinh Tế, vỏ kim loại sang trọng, Cổng sạc vào Micro USB & USB-C, chuẩn QC3.0 - Nhỏ Gọn - Bền Bỉ Tiện Lợi  - OKILA MaLL",343 Đã bán,https://www.lazada.vn/products/pdp-i2184267064.html,
Phụ kiện Máy tính,Sky Blue shop,423.225 ₫,-33%,283560,-1,5,"Bàn phím cơ DY-M303 có dây kết nối bluetooth, có hệ thống đèn led bắt mắt, chơi game làm việc siêu tiện lợi.",5 Đã bán,https://www.lazada.vn/products/pdp-i2686005714.html,
Điện thoại bàn,Xuyn.offiicial,,,,-1,5,"Điện thoại gập Philips E6515 - 4G, pin lâu, sạc typeC, sang trọng 2 màn hình",9 Đã bán,https://www.lazada.vn/products/pdp-i3021060067.html,
Phụ kiện Máy tính,Punstore - Gear / Audio / Hitech,,,,-16,4.9,"RICCKS RS8 - Bàn phím cơ RICCKS RS8 HIFI Mạch Xuôi , RGB , 3 MODE , QMK/VIA Chính Hãng BH 12 THÁNG",42 Đã bán,https://www.lazada.vn/products/pdp-i3025858719.html,
Phụ kiện Máy tính,Plata,450.000 ₫,-32%,306000,,,"Bàn Phím Mini K61 LED RGB 10 Chế Độ Rainbow Cực Đẹp, Phím Bấm Êm, Thiết Kế Nhỏ Gọn, Dùng Cho Máy Tính, Laptop,PC",,https://www.lazada.vn/products/pdp-i2590505891.html,
Smartphones,OPPO Official Store,,,,-86,5,[Sale 25.10] Điện Thoại OPPO A3 (8GB/128GB) - Hàng chính hãng,207 Đã bán,https://www.lazada.vn/products/pdp-i3210658076.html,
Điện,Linh Kiện Điện Tử 3MS Tân Phú,106.700 ₫,-14%,91762,-35,4.8,Đồng Hồ Vạn Năng Điện Tử XL830,111 Đã bán,https://www.lazada.vn/products/pdp-i249180277.html,
Phụ kiện điện thoại & máy tính bảng,Pisen Official Store 1618388268,1.010.000 ₫,-35%,656500,-6,5,"Sạc dự phòng PISEN QUICK Power Cube (LC) Digital 22.5W 10000mAh/20000mAh , sạc nhanh, an toàn, chống chai pin, chứng chỉ CCC ( 3C cho lên máy bay ) , phù hợp cho Iphone, samsung, huawei, xiaomi, Model : TP-D260/261 ....  Hàng chính hãng, bảo hành 24 tháng",21 Đã bán,https://www.lazada.vn/products/pdp-i3149210646.html,
Phụ kiện điện thoại & máy tính bảng,Baseus OfficialMall,1.159.000 ₫,-56%,509960,-19,5,Pin sạc dự phòng Baseus Lipow 20000mAh 15W / 22.5W 2 cổng USB-A và 1 cổng Type-C,50 Đã bán,https://www.lazada.vn/products/pdp-i2894678789.html,
Phụ kiện Máy tính,Plata,1.700.000 ₫,-24%,1292000,,,"Bàn phím cơ gaming bluetooth M87 LED RGB bàn phím cơ không dây có Hotswap, White Switch, 3 Chế Độ Kết Nối tương thích với hệ điều hành MAC, Windows, và Android",,https://www.lazada.vn/products/pdp-i2586762781.html,
Dụng cụ đo lường,KKmoon,966.600 ₫,-44%,541296,-15,5,"Máy Kiểm Tra Bức Xạ Điện Từ KKmoon, Thiết Bị Cầm Tay Kỹ Thuật Số, Có Màn Hình LCD, Máy Dò Liều Kế Trường Điện, Có Âm Thanh Và Ánh Sáng",75 Đã bán,https://www.lazada.vn/products/pdp-i297710698.html,
Điện,PowerOfficial Store,233.800 ₫,-46%,126252,-36,4.8,🔥FREESHIP🔥 Đồng hồ vạn năng DT9205A màn hình kỹ thuật số đồng hồ vạn năng thông minh Máy đo bảo dưỡng thợ điện chính xác cao,104 Đã bán,https://www.lazada.vn/products/pdp-i1948466752.html,
Điện,Tuyếtmai,46.900 ₫,-4%,45024,,,Ổ Điện Thông Minh Chữ T Kèm Đèn Ngủ Và Sạc USB,,https://www.lazada.vn/products/pdp-i2281765917.html,
Điện,VOKTTA Official Store,1.321.350 ₫,-33%,885304,,,Voktta aneng AL01 cảm đa năng kế kỹ thuật số 6000 đếm True-RMS AC/Đồng hồ đo điện áp một chiều dụng cụ kiểm tra dòng điện chuyên nghiệp dụng cụ thợ điện,,https://www.lazada.vn/products/pdp-i2499065589.html,
Phụ kiện Máy tính,vintagelifestyle,3.990.000 ₫,-18%,3271800,-10,4.2,"Bàn phím cơ không dây Lofree Flow chính hãng 84 phím, kết nối bluetooth và dây, Kailh switch, LED trắng và RGB",30 Đã bán,https://www.lazada.vn/products/pdp-i2393803852.html,
Điện,,,,,,,Tổng Đài Điện Đa Năng Dài USB Nhiều Lỗ Thiết Kế Sáng Tạo Cho Gia Đình Ký Túc Xá Nhà Máy Điện Phụ Kiện Điện Tử,6 Đã bán,https://www.lazada.vn/products/pdp-i2997334619.html,
Điện,VOKTTA Official Store,447.150 ₫,-33%,299590,-6,5,"Vôn Kế Đa Chức Năng Tester, Đồng Hồ Đo Dòng Điện Áp Bộ Kiểm Tra USB Dung Lượng Sạc Dự Phòng",9 Đã bán,https://www.lazada.vn/products/pdp-i1304015637.html,
Điện,GlobalWonderShop,241.000 ₫,-23%,185570,-7,3.7,Ổ Cắm Tường Đa Chức Năng Có Sạc Nhanh USB Công Tắc Đường Dài Ổ Cắm Phòng Ngủ Thiết Kế Nhiều Lỗ W Cho Bảng Dây Điện,39 Đã bán,https://www.lazada.vn/products/pdp-i2901944588.html,
Điện,CH thiết bị đo điện Gex.vn,,,,-5,5,Công tơ điện tử 1 pha 1 biểu giá trực tiếp 80A emic ce38,27 Đã bán,https://www.lazada.vn/products/pdp-i2265105915.html,
Điện,EChipTECmall,431.900 ₫,-34%,285054,,,Ampe Kế Kỹ Thuật Số DC 20A/50A/100A 8-100V Vôn Kế Điện Áp LCD 4 Trong 1 DC Và Công Suất Dòng Điện Với Đầu Dò Đồng Hồ Đo Năng Lượng Điện Shunt,,https://www.lazada.vn/products/pdp-i1633011205.html,
Điện,,414.000 ₫,-43%,235980,,,"Bảng Cắm Ổ Cắm Đa Chức Năng Có USB Cho Đèn Bàn, Phòng Học Sinh, Nhà Ở, Cắm Nhiều Lỗ, Cắm Điện, Cắm Điện, Cắm Điện",12 Đã bán,https://www.lazada.vn/products/pdp-i2997306753.html,
Điện,KUAIQU,1.200.000 ₫,-45%,660000,-14,4.8,Đồng Hồ Vạn Năng Kỹ Thuật Số UNI-T UT136C + LCD Máy Đo Điện Áp DC/AC Máy Đo Dòng Điện Điện Dung Điện Trở Diode Máy Đo Vôn Kế Ampe Kế,76 Đã bán,https://www.lazada.vn/products/pdp-i505356381.html,
Phụ kiện điện thoại & máy tính bảng,Baseus OfficialMall,999.000 ₫,-49%,509490,-55,4.8,"Baseus Lipow Sạc dự phòng Cáp képvới màn hình kỹ thuật số 20000mAh 22,5W",176 Đã bán,https://www.lazada.vn/products/pdp-i3040313742.html,
Điện,KUAIQU,999.999 ₫,-41%,589999,-14,5,11.11 (Sẵn Sàng) Máy Đo Vạn Năng Kỹ Thuật Số UNI-T UT136B +/UT136C + Đồng Hồ Vạn Năng Kế AC DC Vôn Kế Ampe Kế Ohm Điện Dung HFE Diode/Bóng Bán Dẫn,22 Đã bán,https://www.lazada.vn/products/pdp-i491468589.html,
Nhà thông minh,Hunonic Miền Nam Store,300.000 ₫,-35%,195000,-93,4.9,Bộ hồng ngoại Hunonic IR Smart - Điều khiển thiết bị từ xa qua điện thoạii,280 Đã bán,https://www.lazada.vn/products/pdp-i2589161580.html,
Điện,KUAIQU,999.999 ₫,-25%,749999,-13,4,Đồng Hồ Vạn Năng Thông Minh Kỹ Thuật Số UNI-T Mới 2021 Vôn Kế AC DC UT60S UT60BT 1000V Ampe Kế Đồng Hồ Vạn Năng Kiểm Tra Nhiệt Độ Tụ Điện RMS Thật,5 Đã bán,https://www.lazada.vn/products/pdp-i1644366301.html,
Điện,Minh Khôi Electric,400.000 ₫,-18%,328000,,,"Đồng hồ vạn năng Victor VC921,đồng hồ đo điện tử,đồng hồ đa năng,đồng hồ điện tử,máy đo vạn năng,dong ho van nang,đồng hồ đo điện trở,đồng hồ vạn năng kim,đồng hồ đo vạn năng,đồng hồ đo dòng điện,đồng hồ đo tụ điện,đồng hồ đo điện trở,đồng hồ đa năng đo đ",,https://www.lazada.vn/products/pdp-i3186472107.html,
Nhà thông minh,Hunonic Miền Nam Store,600.000 ₫,-18%,492000,-287,4.9,Công Tắc Thông Minh Wifi Hunonic Lahu 4 Kênh - 500W/kênh điều khiển mọi thiết bị từ xa qua điện thoại,1.1K Đã bán,https://www.lazada.vn/products/pdp-i2589137650.html,
Điện,Enrich garden shop,55.000 ₫,-9%,50050,,,( Hỏa Tốc HCM ) Ổ Điện Thông Minh Chữ T Kèm Đèn Ngủ Và Sạc USB,,https://www.lazada.vn/products/pdp-i2344751569.html,
Phụ kiện Máy tính,Global Merch Park,517.000 ₫,-23%,398090,-19,5,Bàn Phím Bluetooth Không Dây Có Khe Cắm Thẻ Đa Chức Năng Cho Máy Tính Để Bàn Android Ios Máy Tính Xách Tay Pc Gamer 94 Phím Cao Su Dẫn Điện Phong Cách Ce Được Chứng Nhận,45 Đã bán,https://www.lazada.vn/products/pdp-i2474300054.html,
Điện,Global Merch Park,254.000 ₫,-23%,195580,-128,4.9,Đồng Hồ Vạn Năng Kỹ Thuật Số Mini Thông Minh 4000 Đếm Vôn Kế RMS Với Phạm Vi Tự Động Để Kiểm Tra Điện Áp Liên Tục Điện Trở NCV Hộ Gia Đình,312 Đã bán,https://www.lazada.vn/products/pdp-i2465577025.html,
Nhà thông minh,Hunonic Miền Nam Store,150.000 ₫,-14%,129000,-629,4.9,"Công Tắc Thông Minh Hunonic Datic Basic, Điều Khiển Từ Xa, Hẹn Giờ Tắt/Bật, Dễ Lắp Đặt, Có Nút Cơ",2.4K Đã bán,https://www.lazada.vn/products/pdp-i2207603661.html,
Điện,BẢO HỘ LAO ĐỘNG XSAFE,416.000 ₫,-20%,332800,-33,4.9,[HỎA TỐC] Đồng hồ đo điện vạn năng TOTAL màn hình LCD có đèn nền ban đêm đo dòng điện điện áp điện trở thông mạch,156 Đã bán,https://www.lazada.vn/products/pdp-i1969634911.html,
Phụ kiện Máy tính,Sola Digital Store,1.699.000 ₫,-48%,883480,,,Solakaka Sk961 Bàn Phím Cơ Đèn nền RGB 60% Hot Swappable Bluetooth Không Dây Có Dây 3 Chế Độ hot-Swappable Chuyển Đổi Bàn phím chơi game,,https://www.lazada.vn/products/pdp-i2593966371.html,
Phụ kiện Máy tính,BẢO HÂN TREASURES COMPUTER,550.000 ₫,-31%,379500,,,"Bàn phím số không dây Newmen TK-028 (LED, Bluetooth ) - Hàng chính hãng",,https://www.lazada.vn/products/pdp-i2236015177.html,
,,983.000 ₫,-39%,599630,,,Bộ Đồ Dùng Học Tập Điện Tử Dễ Thương Cao Cấp Cho Trẻ Em Quà Tặng Ngày Quốc Tế Thiếu Nhi Hộp Quà Tặng Đồ Dùng Học Tập,,https://www.lazada.vn/products/pdp-i3126209823.html,
Điện,TBC New Store 687,310.000 ₫,-35%,201500,,,"Ổ Cắm Điện Đa Năng Bằng Đồng Toàn Bộ Có Dây Chống Quá Tải, Ổ Cắm USB, Công Tắc Độc Lập, Nhiều Lỗ, Ống Dẫn Điện, Sử Dụng Tại Nhà",84 Đã bán,https://www.lazada.vn/products/pdp-i2962497594.html,
Phụ kiện điện thoại & máy tính bảng,Anker Official Store,990.000 ₫,-17%,821700,-37,5,"sạc dự phòng Anker Zolo 10,000mAh Power Bank 10K - 30W, Built-In USB-C and Lightning Cable, Compatible with MacBook, iPhone 17/16/15 /14 Series, Samsung",104 Đã bán,https://www.lazada.vn/products/pdp-i3148965542.html,
Nhà thông minh,Hunonic Miền Nam Store,700.000 ₫,-7%,651000,-34,4.8,"Công Tắc Thông Minh Lahu 04 RTC Tích Hợp IC Thời Gian Thực, Điều Khiển Từ Xa Qua Điện Thoại, Hẹn Giờ Tự Động",122 Đã bán,https://www.lazada.vn/products/pdp-i2589155610.html,
Phụ kiện Máy tính,TCKB,1.990.000 ₫,-35%,1293500,,,"Bàn phím cơ không dây Monka K100 Full size | 3 mode, RGB, Hotswap, Gasket mount, Núm xoay",,https://www.lazada.vn/products/pdp-i3085570261.html,
Trường học & văn phòng,SEHENA3,81.626 ₫,-44%,45710,,,SEHVN 12 chữ số điện kép chức năng Tiêu chuẩn điện tử máy tính cầm tay cho văn phòng hàng ngày và cơ bản,,https://www.lazada.vn/products/pdp-i3065513061.html,
Trường học & văn phòng,WHPHous Vietnam,77.206 ₫,-44%,43235,-1,5,WHPHous 12 chữ số điện kép chức năng Tiêu chuẩn điện tử máy tính cầm tay cho văn phòng hàng ngày và cơ bản,,https://www.lazada.vn/products/pdp-i3019264820.html,
Thiết bị đeo thông minh,Shop Khai Quynh,,,,,,Đồng Hồ Học Sinh Điện Tử Để Bàn Thiết Kế Mỏng Đa Năng Tiện Lợi Dễ Sử Dụng,,https://www.lazada.vn/products/pdp-i2152057235.html,
Smartphones,HONOR Vietnam,2.790.000 ₫,-22%,2176200,-34,4.6,"Điện thoại Honor X5b 4GB+64GB | Pin 5200mAh 90Hz | Màn hình 6.56"" | BH 18 Tháng Hàng Chính Hãng",98 Đã bán,https://www.lazada.vn/products/pdp-i2967101620.html,
Điện,TBD THUẬN PHONG,288.000 ₫,-34%,190080,-21,5,Công tơ điện tử 1 pha 60A Nakasi  có RESET - Đồng hồ đo công suất Kwh hiển thị nhiều thông số,105 Đã bán,https://www.lazada.vn/products/pdp-i1477980032.html,
Smartphones,HONOR Vietnam,3.990.000 ₫,-26%,2952600,-214,4.9,"Điện thoại Honor X6b (6+6)GB+128GB | Pin 5200mAh, Camera 50MP AI, tần số quét 90Hz| Chống bể vỡ | Bảo hành 18 tháng Hàng Chính Hãng",509 Đã bán,https://www.lazada.vn/products/pdp-i2728102787.html,
Điện,Linh Kiện 35,263.940 ₫,-13%,229627,,,"Công tơ điện tử 1080 1 pha điện áp 220V 80A đo số điện tiêu thụ KWH nhựa ABS chống cháy, màn hình LCD",,https://www.lazada.vn/products/pdp-i2091883084.html,
Smartphones,Hoàng Hà Mobile,4.190.000 ₫,-19%,3393900,-28,4.9,Điện thoại di động Xiaomi Redmi 13 6GB/128GB - 8GB/128GB - Chính hãng bảo hành 18 tháng,114 Đã bán,https://www.lazada.vn/products/pdp-i3064853539.html,
Điện,Moscow Six,149.000 ₫,-47%,78970,,,[Nóng] Đồng hồ vạn năng kỹ thuật số Đồng hồ đo điện áp kháng Máy dò dòng điện áp LCD Đồng hồ đo ba cực đo điện áp vôn ôm kế,,https://www.lazada.vn/products/pdp-i2873808448.html,
Phụ kiện Máy tính,Tech7,,,,-13,4.6,Bàn phím không dây mini W201S - đa kết nối bluetooth 5.0 + 3.0 + Usb wireless 2.4G,36 Đã bán,https://www.lazada.vn/products/pdp-i1913872027.html,
Trang trí nhà cửa,mengmian selected,144.000 ₫,-42%,83520,,,MENGMIAN | Đồng Hồ Báo Thức Quản Lý Thời Gian Điện Tử cho Học Sinh,,https://www.lazada.vn/products/pdp-i3208257446.html,
quà tặng & Gói quà,mingzhuo stationery,381.000 ₫,-25%,285750,-2,4.5,NUOXUNDE | Bộ Dụng Cụ Văn Phòng Điện Tử Cho Bé Gái và Quà Tặng Học Sinh Tiểu Học,,https://www.lazada.vn/products/pdp-i3217586162.html,
Nhà thông minh,Điện Tử Nhật Minh,600.000 ₫,-8%,552000,-76,4.9,"Công Tắc Cửa Cuốn Wifi, Điều Khiển Cửa Cuốn Thông Minh Có Viền Vàng/Không Viền Tuya Smartlife Bản Mới, Hẹn Giờ Điều Khiển Từ Xa Ra Lệnh Giọng Nói",365 Đã bán,https://www.lazada.vn/products/pdp-i1771488308.html,
Điện,Minh Khôi Electric,300.000 ₫,-32%,204000,-5,5,"Đồng hồ vạn năng Noble NB4000P,đồng hồ đa năng NOBLE 4000P,đồng hồ đo điện vạn năng,đồng hồ điện tử vạn năng Noble NP4000, đồng hồ đa năng điện tử",7 Đã bán,https://www.lazada.vn/products/pdp-i2409821481.html,
Điện,ĐIỆN TUẤN KHANG,325.000 ₫,-28%,234000,-1,5,[Ảnh thật] Công tơ điện tử 1 pha Nexus 5(60)A-5(80)A TH-92,9 Đã bán,https://www.lazada.vn/products/pdp-i2807100504.html,
Điện,Morefine,405.000 ₫,-30%,283500,,,【Nhiều hơn】 đa năng kế kỹ thuật số nhỏ gọn để kiểm tra điện áp và điện dung chính xác chất lượng cao,,https://www.lazada.vn/products/pdp-i3223880459.html,
Phụ kiện Máy tính,goojodoqstore.vn,300.000 ₫,-37%,189000,-1,5,Chuột không dây GOOJODOQ kết nối Bluetooth chế độ kép DPI1200/1800/2400/3600 chống nhiễu IPS tương thích rộng,,https://www.lazada.vn/products/pdp-i3215407157.html,
Phụ kiện Máy tính,MijiaPlay,413.846 ₫,-35%,268999,-1,5,Bàn phím không dây acer Bluetooth có thể sạc lại Đèn nền RGB Chơi game văn phòng Bàn phím có dây cho máy tính để bàn Máy tính xách tay,,https://www.lazada.vn/products/pdp-i3070366180.html,
Phụ kiện Máy tính,Phụ Kiện Công Nghệ_85,577.500 ₫,-33%,386925,-1,5,"Bàn Phím Cơ 1 tay ZIYOULANG K5 39 Phím Blue Switch RGB Chơi Game Pubg Mobile, Rules, Free Fire",8 Đã bán,https://www.lazada.vn/products/pdp-i1669476488.html,
Điện,Aeneas Shop,,,,-1,5,"Đồng hồ đo điện,đồng hồ vạn năng đo Volt, ampe, điện trở và linh kiện điện tử cơ bản -AENEA",,https://www.lazada.vn/products/pdp-i2826876455.html,
Phụ kiện Máy tính,EWEADN,435.000 ₫,-12%,382800,-251,4.9,"EWEADN | Chuột không dây Bluetooth tai thỏ siêu dễ thương, 2 chế độ (Bluetooth/2.4G), Silent Click (gõ êm), Pin sạc, Thiết kế công thái học, dành cho Nữ, Laptop và Văn phòng",,https://www.lazada.vn/products/pdp-i3193687255.html,
Phụ kiện điện thoại & máy tính bảng,Pisen Official Store 1618388268,1.045.000 ₫,-50%,522500,-26,4.7,"Sạc dự phòng PISEN QUICK POWERMag 20W 10000mAh (Type-C) . model: TP-D112 - Tương thích đặc biệt từ iphone 12 trở lên, sạc nhanh, công suất 20W, an toàn, chứng nhận CCC ( 3C ) , mang lên máy bay, tàu. Bảo hành 24 tháng - Hàn",63 Đã bán,https://www.lazada.vn/products/pdp-i2208933276.html,
Nhà thông minh,AKIA Smarthome,1.790.000 ₫,-34%,1181400,-9,4.9,"Aqara Hub M2 bản Quốc Tế - Bộ điều khiển trung tâm Zigbee 3.0, tích hợp Loa và Điều khiển hồng ngoại, tương thích Apple HomeKit",62 Đã bán,https://www.lazada.vn/products/pdp-i1235460874.html,
Nhà thông minh,TP-Link,399.000 ₫,-40%,239400,-386,5,Ổ Cắm Thông Minh TP-Link Tapo P100 / P110M Kết Nối Wifi Điều Khiển Từ Xa- Hãng phân phối chính thức,2.1K Đã bán,https://www.lazada.vn/products/pdp-i668298200.html,
Thiết bị nhà bếp,Simplus Home Appliances,429.000 ₫,-29%,304590,-20,5,[New Arrival] Simplus Nồi Hấp Trứng Nồi Hấp Đa Năng 7 Chế Độ Hẹn Giờ 24 Tiếng Điều Khiển Cảm Ứng Hấp Trứng Làm Sữa Chua DZEG006,83 Đã bán,https://www.lazada.vn/products/pdp-i2885507151.html,
Điện,Smart Sensor,977.000 ₫,-9%,889070,,,"Smart Sensor Đồng Hồ Vạn Năng Kỹ Thuật Số HABOTEST HT118E Đồng Hồ Đa Năng Phạm Vi Tự Động 20,000 Số Đếm True RMS Đo Điện Áp AC/DC & Điện Trở Dòng Điện Điện Tần Số Nhiệt Độ Liên Tục Nhiệm Vụ Tối Đa/PHÚT Đo Trực Tiếp & Diode Kiểm Tra NCV",,https://www.lazada.vn/products/pdp-i2174929562.html,
quà tặng & Gói quà,chicbus,530.000 ₫,-15%,450500,,,LIXIAOMENG | Đồ Điện Tử Sáng Tạo Thực Tế cho Nam Sử Dụng Văn Phòng,,https://www.lazada.vn/products/pdp-i3219689690.html,
"Thiết bị sưởi, làm lạnh và thông gió",goojodoqstore.vn,600.000 ₫,-42%,348000,-325,4.9,"Quạt để bàn GOOJODOQ 2025 Quạt tốc độ cao để bàn- Im lặng turbo gió 100 tốc độ ,Màn hình kỹ thuật số LED ,Có thể treo tường ,Đèn chiếu sáng RGB",899 Đã bán,https://www.lazada.vn/products/pdp-i3061715223.html,
Phụ kiện Máy tính,Phụ Kiện Công Nghệ_85,1.499.190 ₫,-34%,989465,-5,4.8,Bàn phím cơ không dây Xinmeng M87 pro - Hotswap 5 pin - Mạch xuôi - Led RGB với 3 chế độ kết nối,16 Đã bán,https://www.lazada.vn/products/pdp-i2505910020.html,
Phụ kiện điện thoại & máy tính bảng,Rocoren Official Store,1.331.667 ₫,-49%,679150,-52,4.8,Rocoren Pin sạc dự phòng 50000mAh 67.5W/22.5W Power bank | Cổng sạc nhanh USB-C | 6 cổng | Màn hình kỹ thuật số,124 Đã bán,https://www.lazada.vn/products/pdp-i2608003626.html,
Phụ kiện điện thoại & máy tính bảng,Rocoren Official Store,498.333 ₫,-41%,294016,-1632,5,Rocoren Power Bank Original Portable Powerbank 30000mah/20000mAh/10000mAh PD 22.5W Fast Charging with Led Display,3.7K Đã bán,https://www.lazada.vn/products/pdp-i2565936871.html,
Điện,Global Joy,1.665.000 ₫,-23%,1282050,-87,4.8,BSIDE U1 Kỹ Thuật Số Kẹp Mét 100A DC AC Dĩa Ampe Kế Kìm T-RMS Hiện Tại OpenJaw Điện Tự Động Đồng Hồ Đo Vạn Năng Với Điện Áp & Đo Điện Trở,77 Đã bán,https://www.lazada.vn/products/pdp-i2581102803.html,
Nhà thông minh,Điện Tử Nhật Minh,750.000 ₫,-33%,502500,-81,4.9,"BH 6 tháng-Ổ Cắm Thông Minh Wifi Tuya Smart Life 4 Cổng 4 USB Điều Khiển Từ Xa Hẹn Giờ Tiện Lợi Qua Phần Mềm, Ổ Cắm Hẹn Giờ Điều Khiển Từ Xa, Ổ Cắm Điện Thông Minh Tuya Smart 10A",279 Đã bán,https://www.lazada.vn/products/pdp-i1259219749.html,
Điện,Điện thông minh & Đèn Led Kawasan,260.000 ₫,-7%,241800,-2,5,ĐỒNG HỒ ĐO ĐIỆN NĂNG 1 PHA ĐỒNG HỒ CƠ ĐO ĐIỆN NĂNG– Model: APM10,5 Đã bán,https://www.lazada.vn/products/pdp-i3080017341.html,
Phụ kiện điện thoại & máy tính bảng,Baseus OfficialMall,1.098.000 ₫,-53%,516060,-1475,4.9,"Sạc dự phòng Baseus Qpow2 10000mAh/20000mAh - Công suất 22,5W PD Sạc nhanh (Kèm cáp Type C và Iphone dài 30cm)",4.4K Đã bán,https://www.lazada.vn/products/pdp-i2478263596.html,
Phụ kiện Máy tính,Razer digital,2.159.000 ₫,-65%,755650,-224,4.9,Razer | Chuột Chơi Game Nâng Cao 3D với Kết Nối Dây và Không Dây,,https://www.lazada.vn/products/pdp-i3204522718.html,
Phụ kiện Máy tính,LOGITECH Flagship Store,5.899.000 ₫,-21%,4660210,-2,5,"Bàn phím Gaming không dây Lowprofile Logitech G G915 X LIGHTSPEED TKL, Mũ phím PBT, nút lập trình, RGB",,https://www.lazada.vn/products/pdp-i2801390994.html,
Phụ kiện điện thoại & máy tính bảng,Vention Franchised Store,955.000 ₫,-61%,372450,-5,5,Vention 20000mAh Sạc Dự Phòng 22.5W - Dây Type-C & Lightning Liền - Màn Số Hiển Thị Pin - Sạc 3 Thiết Bị Cùng Lúc - Đủ Tiêu Chuẩn Lên Máy Bay (74Wh) - Hàng Chính Hãng,17 Đã bán,https://www.lazada.vn/products/pdp-i2842313312.html,
Phụ kiện Máy tính,XSmart Store,1.800.000 ₫,-34%,1188000,,,"Bàn Phím Cơ Bluetooth Không Dây X85 Có Màn Hình Led RGB Mạch Xuôi, Hotswap 5 Pin, 3 Mode Kết Nối, Phím PBT Cao Cấp",,https://www.lazada.vn/products/pdp-i2616413767.html,
Nhà thông minh,TechHome,3.100.000 ₫,-6%,2914000,-18,4.9,"Loa thông minh Google nest hub 2nd Gen - Tích hợp trợ lý Google, Màn hình 7inch - Mới, Nguyên seal, Chính hãng",72 Đã bán,https://www.lazada.vn/products/pdp-i1310025070.html,
Điện,Lâm Khải Phong_shop,52.500 ₫,-6%,49350,-2,5,Ổ Điện Xanh Lá Có 3 Usb Sạc Điện Thoại và Chia Ổ Điện Kiêm Đèn Ngủ Có 2 Usb Sạc Điện Thoại,,https://www.lazada.vn/products/pdp-i3140848523.html,
Dụng cụ điện & phụ kiện,shounahe,650.272 ₫,-23%,500709,-3,5,Shounahe💕Sissi Trạm Hàn Kỹ Thuật Số OLED Mini T12-942 Tay Cầm T12-907 + Đầu T12-K,13 Đã bán,https://www.lazada.vn/products/pdp-i2106444851.html,
Điện,METAKING.VN,520.000 ₫,-16%,436800,,,"Công Tơ Điện Tử Thông Minh Wifi [ TUYA ], Chóng Rò Rỉ Điện, Đồng Hồ Đo Điện 63A, Điều Khiển Từ Xa",,https://www.lazada.vn/products/pdp-i2924917940.html,
Điện,Lâm Khải Phong_shop,15.281 ₫,-14%,13141,-4,4.5,Chia Ổ Điện Kiêm Đèn Ngủ Có 2 Usb Sạc Điện Thoại và Phích Cắm Chia Ổ Điện 1 Ra 5 Lỗ,6 Đã bán,https://www.lazada.vn/products/pdp-i3036804707.html,
Điện,Sakura_Shop,240.000 ₫,-55%,108000,-1,5,"Ổ Điện Đa Năng Chịu Tải A02, Phích Cắm Điện Thông Minh Có Cổng Sạc USB,  Ổ Cắm Điện Chịu Tải An Toàn, Chống Giật, Chống Cháy Nổ, Tiết Kiệm Điện Năng",,https://www.lazada.vn/products/pdp-i1933744144.html,
Smartphones,HONOR Vietnam,4.990.000 ₫,-10%,4491000,-3,5,Điện Thoại Di Động Honor X6c 6GB + 128GB/256GB | Pin 5300mAh | Camera 50MP| NFC | Kháng nước IP64 | BH 18 Tháng,13 Đã bán,https://www.lazada.vn/products/pdp-i3148005522.html,
Điện,Shop Nhà Thông Minh_TT,,,,,,Công Tơ Điện Tử Thông Minh HUNONIC ENTEC,,https://www.lazada.vn/products/pdp-i3058594807.html,
Phụ kiện điện thoại & máy tính bảng,Tshop,2.600.000 ₫,-24%,1976000,,,"Bộ kết nối điện thoại thông minh đa năng, cao cấp Carson HookUpz 2.0, IS-200 (Hãng Carson- Mỹ)",,https://www.lazada.vn/products/pdp-i1564205659.html,
Điện,cosmetics.beauty,99.677 ₫,-37%,62796,-193,4.7,"1.8M Ổ cắm điện đa năng thông minh  2-5cổng USB 5v sạc nhanh, ổ chịu tải 2500W, iết kiệm 30 kilowatt H dây nối ổ điện lập phương đa năng tự ngắt",673 Đã bán,https://www.lazada.vn/products/pdp-i1652183628.html,
Điện,Linh Kiện 024,179.000 ₫,-22%,139620,-16,4.8,Đồng hồ đo điện tử vạn năng BEST 9205M có sẵn pin 9V,46 Đã bán,https://www.lazada.vn/products/pdp-i1241671854.html,
Trang trí nhà cửa,HomelifeOfficialStore,164.923 ₫,-27%,120393,-2,5,"Đồng Hồ Để Bàn LED Màn Hình LCD Báo Thức, Cảm Biến Âm Thanh",6 Đã bán,https://www.lazada.vn/products/pdp-i2665762566.html,
Điện,Plata,65.000 ₫,-25%,48750,,,"Ổ cắm điện đa năng thông minh kèm 2 cổng sạc USB đa năng và 4 lỗ cắm, Dây Cáp Dày Chất Lượng Cao 100%",,https://www.lazada.vn/products/pdp-i2587793977.html,
Trường học & văn phòng,want jp Stationery,437.060 ₫,-23%,336536,,,"Cục tẩy điện, bút tẩy, tẩy với 10 cục tẩy, cục tẩy điện, Detailer, tẩy, tẩy, xóa tốt, yên tĩnh, hoạt động bằng pin xoay nút, bản vẽ, bản nhạc, dự án kiến trúc, tranh, văn phòng phẩm dành cho sinh viên, pin không bao gồm.",,https://www.lazada.vn/products/pdp-i3127357911.html,
Điện,KKmoon,1.418.400 ₫,-46%,765936,,,KKmoon ANENG Đồng Hồ Kẹp ST212 Đồng Hồ Vạn Năng Kẹp Kỹ Thuật Số Thông Minh Vôn Kế AC & DC Thông Minh Đếm 6000 Ampe Kế 400A Máy Kiểm Tra Loại Kẹp Phạm Vi Tự Động Hiển Thị Màu VA Máy Đo Điện Áp Không Tiếp Xúc Điện Trở Đi-ốt Nhiệt Độ Tần Số Điện Dung,,https://www.lazada.vn/products/pdp-i1699821967.html,
Thiết bị đeo thông minh,HONOR Vietnam,1.299.000 ₫,-54%,597540,-301,5,Đồng hồ đeo tay thông minh Honor Band 9 |Màn hình 1.57” | Pin dài 14 ngày| Kháng nước 5ATM | 96 chế độ thể thao | Bảo hành 12 tháng Hàng chính hãng.,796 Đã bán,https://www.lazada.vn/products/pdp-i2849487494.html,
Phụ kiện điện thoại & máy tính bảng,Pisen Official Store 1618388268,1.380.000 ₫,-54%,634800,-71,4.9,"Pin sạc dự phòng chân cắm PISEN Quick High Power Box kèm cáp sạc C/L, sạc nhanh công suất 22.5w, 20000mAh, TS-D313 - Hàng chính hãng, BH 24 tháng",203 Đã bán,https://www.lazada.vn/products/pdp-i2395426282.html,
Nhà thông minh,Điện Tử Nhật Minh,650.000 ₫,-15%,552500,-256,4.9,"Công Tắc Cửa Cuốn Thông Minh Tuya, Công Tắc Điều Khiển Cửa Cuốn Wifi SmartLife Qua App Tuya, Điều Khiển Mở Cửa Cuốn Từ Xa Qua App, Ra Lệnh Giọng Nói",1.3K Đã bán,https://www.lazada.vn/products/pdp-i358248477.html,
Phụ kiện Máy tính,Sidotech Official,1.599.000 ₫,-26%,1183260,-39,4.9,Bàn phím cơ gaming không dây SIDOTECH Y95 bluetooth 3 mode 95 phím có màn hình núm xoay hotswap mạch xuôi led RGB chơi game làm việc có gaket mount pin 8000mAh switch riêng đã lube - Hàng chính hãng,106 Đã bán,https://www.lazada.vn/products/pdp-i2627031774.html,
Điện,CH thiết bị đo điện Gex.vn,,,,-17,4.9,Công tơ điện tử 1 pha mini cài át bách khoa,129 Đã bán,https://www.lazada.vn/products/pdp-i2426916562.html,
Camera giám sát & hệ thống,TQT Smart,2.800.000 ₫,-16%,2352000,-339,4.9,Camera WiFi EZVIZ H8 Pro 3K 5MP | H80x 4K - Đàm thoại 2 Chiều - Có Màu Ban Đêm - Thiết Lập Nhanh Góc Quan Sát - Quay Quét 360 Ngoài Trời Thông Minh - Báo Động Chống Trộm - Bảo Hành 2 Năm - TQT SMART,947 Đã bán,https://www.lazada.vn/products/pdp-i2175983881.html,
Phụ kiện Máy tính,LOGITECH Flagship Store,1.590.000 ₫,-31%,1097100,-169,4.8,"Bàn phím game có dây Logitech G213 Prodigy - RGB Lightsync, phím Media chuyên biệt, chống tràn bền bỉ",643 Đã bán,https://www.lazada.vn/products/pdp-i260191301.html,
Phụ kiện Máy tính,MKSHOP,,,,,,"Bàn Phím Cơ Attack Shark K86 RGB, 3 Modes , Có màn Hình, Núm Vặn, Hotswap 5 pin",,https://www.lazada.vn/products/pdp-i2594860090.html,
Điện,ABG Official Store,,,,-41,4.7,"Đồng hồ đo điện vạn năng kỹ thuật số Zoyi ZT-703S 3 trong 1, tích hợp đo sóng hai kênh 50 mhz, băng thông 280ms, tốc độ pc, lưu trữ dữ liệu dạng sóng, máy phát tín hiệu dao động kép - Hàng Chính Hãng",138 Đã bán,https://www.lazada.vn/products/pdp-i2613338089.html,
Thiết bị đeo thông minh,MI MALL VN,1.190.000 ₫,-45%,654500,-238,5,"Đồng Hồ Thông Minh Xiaomi Redmi Watch 5 ACTIVE /  Watch 5 LITE (Chọn phân loại) – Phiên Bản Quốc Tế, Bảo Hành Chính Hãng 12 Tháng",498 Đã bán,https://www.lazada.vn/products/pdp-i2725254098.html,
Điện,Điện thông minh & Đèn Led Kawasan,280.000 ₫,-8%,257600,,,ĐỒNG HỒ ĐO ĐIỆN NĂNG 1 PHA KỸ THUẬT SỐ – Model: DPM10,,https://www.lazada.vn/products/pdp-i3079931801.html,
Smartphones,HONOR Vietnam,3.190.000 ₫,-22%,2488200,-24,5,"Điện thoại HONOR X5b Plus 4GB+128GB | Pin 5200mAh 90Hz | Màn hình 6.56"" | BH 18 Tháng Hàng Chính Hãng",70 Đã bán,https://www.lazada.vn/products/pdp-i2967105348.html,
Nhà thông minh,AKIA Store,990.000 ₫,-39%,603900,-2,5,"Aqara Smart Plug (US) Ổ cắm thông minh tiêu chuẩn Mỹ ZNCZ12LM - Hẹn giờ, điều khiển thông minh qua App  - Hàng Chính Hãng BH 12 Tháng",9 Đã bán,https://www.lazada.vn/products/pdp-i1262338836.html,
Phụ kiện điện thoại & máy tính bảng,Vention Digital Store,719.000 ₫,-31%,496110,-148,5,Vention 22.5W 20000mAh sạc dự phòng xách tay Powerbank 10000mAh 20W PD sạc nhanh với màn hình hiển thị kỹ thuật số cho iPhone 16 15 Pro Max Samsung Xiaomi Huawei USB C Ốp tích hợp pin dự phòng,494 Đã bán,https://www.lazada.vn/products/pdp-i3140451487.html,
Phụ kiện điện thoại & máy tính bảng,Vention flagship store,915.000 ₫,-54%,420900,-356,4.9,"Vention Sạc Dự Phòng 20000mAh 65W PD QC4.0 - Dây Cáp Tích Hợp, Sạc Nhanh Type-C, 3 Cổng, Màn Hình LED, Đầy Đủ Laptop/Điện Thoại",1.1K Đã bán,https://www.lazada.vn/products/pdp-i2847922118.html,
"Thiết bị sưởi, làm lạnh và thông gió",JENNIFEROOM Vietnam,2.980.000 ₫,-43%,1698600,-1,5,"Quạt sạc điện gấp gọn Jenniferoom Foldable fan 5V, 2A, 8W, 8000mAh - Màu be JRL-FF085COM",,https://www.lazada.vn/products/pdp-i3160754008.html,
Thiết bị nhà bếp,PHILIPS Flagship Store,980.000 ₫,-2%,960400,-114,4.9,Nồi Cơm Điện Philips Dòng 1000 Series Philips HD3008/30 - Hàng Phân Phối Chính Hãng,324 Đã bán,https://www.lazada.vn/products/pdp-i2720833807.html,
Phụ kiện Máy tính,vintagelifestyle,6.990.000 ₫,-11%,6221100,,,"Bàn phím cơ không dây bluetooth, 2.4G Mojo 68 Plastic hồng ngọt ngào MelGeek chính hãng LED RGB có thể hotswap",,https://www.lazada.vn/products/pdp-i2242784694.html,
Phụ kiện Máy tính,BẢO HÂN TREASURES COMPUTER,,,,,,Bàn phím vi tính Keychron K8M-H K8 Max Swappable RGB Backlight Red Switch - Black - Hàng Chính Hãng,,https://www.lazada.vn/products/pdp-i2948150171.html,
Phụ kiện Máy tính,TungCustom,,,,,,Bàn phím cơ không dây MONKA 3075 version2 - Hỗ trợ Hotswap - Có màn led tùy chỉnh gif - LED RGB mạch xuôi,,https://www.lazada.vn/products/pdp-i2482699831.html,
Phụ kiện Máy tính,Fuhlen Store Chính Hãng,2.500.000 ₫,-32%,1700000,,,Bàn Phím Cơ Không Dây Fuhlen T87s Pro RGB 3-Mode Hotswap Led RGB 16.8 triệu màu - Bảo Hành 2 Năm,,https://www.lazada.vn/products/pdp-i2690176684.html,
Phụ kiện Máy tính,BOSSGEAR,1.100.000 ₫,-10%,990000,,,"Bàn phím cơ Xinmeng M87 Lite, Không dây 3 modes, LED RGB, Mạch Xuôi, Hotswap 5 chân, Full Mod.",,https://www.lazada.vn/products/pdp-i2555825256.html,
Phụ kiện Máy tính,VintageLifestyle_VN,3.990.000 ₫,-18%,3271800,-3,5,"Bàn phím cơ không dây Lofree Flow chính hãng 84 phím, kết nối bluetooth và dây, Kailh switch, LED trắng và RGB",,https://www.lazada.vn/products/pdp-i2393807322.html,
Phụ kiện Máy tính,Logitech Store Online,1.499.000 ₫,-21%,1184210,,,"Bàn phím gaming có dây Logitech G213 Prodigy - RGB, Full size, chống tràn bền bỉ",,https://www.lazada.vn/products/pdp-i3160162095.html,
Thiết bị nhà bếp,CH Khánh Dương,1.186.000 ₫,-33%,794620,-2,5,Nồi lẩu hấp đa năng 3 tầng. Đổi mới 100% trong vòng 30 ngày nếu lỗi kỹ thuật. Bảo hành 1 năm,6 Đã bán,https://www.lazada.vn/products/pdp-i3081397706.html,
Phụ kiện Máy tính,Vinetteam Store,1.890.000 ₫,-39%,1152900,-5,5,"Bàn phím cơ gaming bluetooth M87 LED RGB có Hotswap, White Switch, 3 Chế Độ Kết Nối tương thích với hệ điều hành MAC, Windows, và Android",14 Đã bán,https://www.lazada.vn/products/pdp-i2612031386.html,
Điện thoại bàn,MYSON MOBILE,1.499.000 ₫,-27%,1094270,-69,4.4,"điện thoại A92 2sim ram 8G/256G máy Chính Hãng, Cấu hình Cao khủng, Chiến mọi game nặng siêu mượt,- BNLN",127 Đã bán,https://www.lazada.vn/products/pdp-i2859791308.html,
Dụng cụ nhà bếp,Cân Điện Tử Minh Vân,1.300.000 ₫,-31%,897000,-7,5,"Đầu cân điện tử - Loại Tính tiền K012 , Chống nước TCS 619, 501E - HMV",32 Đã bán,https://www.lazada.vn/products/pdp-i1857454210.html,
Điện,lenguyenshop1,,,,,,Usb Mini Đo Dòng Điện Và Điện Áp Kỹ Thuật Số,,https://www.lazada.vn/products/pdp-i3034424154.html,
Điện,Thiết bị đo 365,480.000 ₫,-18%,393600,,,Đồng hồ đo điện tử Wellink HL-3000 loại bỏ túi,,https://www.lazada.vn/products/pdp-i304606559.html,
Dụng cụ cầm tay & phụ kiện,KUAIQU,4.079.171 ₫,-29%,2896211,-2,5,"[UNI-T Chính Hãng] Đồng Hồ Vạn Năng Kỹ Thuật Số UT61E + UT61D + UT61B Phiên Bản Nâng Cấp Của UNI-T, Máy Kiểm Tra Điện Trở Điện Áp Dòng Điện Xoay Chiều/Một Chiều RMS Thật",7 Đã bán,https://www.lazada.vn/products/pdp-i1203167568.html,
Dụng cụ cầm tay & phụ kiện,ZOYI Tools,,,,-1,5,Đồng Hồ Đo Điện Zoyi ZT-102A Đo Điện Vạn Năng Tự Động - Hàng Chính Hãng - Bảo Hành 12 Tháng,,https://www.lazada.vn/products/pdp-i2846173216.html,
Điện,Cty TNHH điện tử công nghệ Tiến Phát,199.000 ₫,-25%,149250,,,Máy đo điện tử đa năng,,https://www.lazada.vn/products/pdp-i2179227664.html,
Điện,ANENG  Store,221.889 ₫,-35%,144227,-13,4.7,ANENG Đồng Hồ Vạn Năng Kỹ Thuật Số SZ301 Ampe Kế Điện Ohm Điện Trở Dòng Điện AC/DC Máy Kiểm Tra Tự Động Máy Đo Điện Dung Kiểm Tra Khác,27 Đã bán,https://www.lazada.vn/products/pdp-i2011661879.html,
Smartphones,HONOR Vietnam,5.490.000 ₫,-16%,4611600,-73,4.9,Điện thoại thông minh Honor X7c 16(8+8)GB + 256GB | Pin 6000mAh sạc nhanh 35W | Camera 108MP|Chip Snapdragon 685| Loa kép | Kháng nước IP64 | BH 18 Tháng Hàng chính hãng,195 Đã bán,https://www.lazada.vn/products/pdp-i2836739334.html,
Phụ kiện Máy tính,Bàn Phím Universe,,,,,,"Kit next time 75 - 3 mode kết nối - kit bàn phím cơ nt75 - NT75 - LED RGB hot swap - Wireless, Type C, Bluetooth 5.0",,https://www.lazada.vn/products/pdp-i2375700069.html,
Điện,TAO Home Décor,923.000 ₫,-40%,553800,,,Thiết Bị Đo Điện Đa Năng Cầm Tay Không Cần Chuyển Số Thông Minh Mini Chuyên Dụng Cho Kỹ Thuật Viên Điện,216 Đã bán,https://www.lazada.vn/products/pdp-i3223447994.html,
Phụ kiện Máy tính,Cửa hàng Công nghệ thông minh Lê Phạm,1.099.000 ₫,-5%,1044050,,,Bàn Phím Game Logitech G213 RGB Prodigy - Hàng Chính Hãng - Bảo Hành 2 Năm,,https://www.lazada.vn/products/pdp-i514002535.html,
Nhà thông minh,Điện thông minh & Đèn Led Kawasan,383.400 ₫,-28%,276048,-2,5,Ổ cắm điều khiển từ xa 500W C01-RM2A,9 Đã bán,https://www.lazada.vn/products/pdp-i1864106174.html,
Phụ kiện Máy tính,Logitech G Gaming,1.290.000 ₫,-18%,1057800,,,"Bàn phím game có dây Logitech G213 Prodigy - RGB Lightsync, phím Media chuyên biệt, chống tràn bền bỉ",,https://www.lazada.vn/products/pdp-i2232443190.html,
Điện,Energizer Store,840.000 ₫,-38%,520800,-10,4.7,"Ổ điện đa năng 5AC kèm 3USB-A và 1USB-C sạc nhanh PD (max 20W) - EPB2501EU - Hàng chính hãng, bảo hành 1 năm",38 Đã bán,https://www.lazada.vn/products/pdp-i2658613154.html,
Phụ kiện Máy tính,KINDLE STORE,1.800.000 ₫,-23%,1386000,,,"Bàn phím cơ Keychron K8 87 phím Tenkeyless Layout Wireless Bluetooth Mechanical Gaming Keyboard for Mac, Multitasking Type-C Wired Computer Keyboard for Windows PC Mechanical Blue Switch",,https://www.lazada.vn/products/pdp-i3142239161.html,
Phụ kiện Máy tính,Logitech G Gaming,2.990.000 ₫,-25%,2242500,,,"Bàn phím game cơ học Logitech G512 - RGB Lightsync, 3 loại GX Switch, vật liệu cải tiến, cổng USB 2.0",,https://www.lazada.vn/products/pdp-i2210790553.html,
Phụ kiện Máy tính,MOGE Mall,4.199.000 ₫,-58%,1763580,-1,5,Solakaka Ki75 81 Phím 3-Chế Độ Bluetooth Không Dây Hot Swappable Lighting RGB Văn Phòng Bàn phím cơ chơi game,,https://www.lazada.vn/products/pdp-i2983095152.html,
Phụ kiện Máy tính,RAZER,1.490.000 ₫,-32%,1013200,-13,5,[20H 6/7 - 9.7 Nhập 77LAZSOCIAL80K Voucher giảm 12% đơn từ 250K tối đa 80K]Bàn Phím Gaming Razer Ornata V3 X Có Dây | Full Size | Low-Profile Keycap | Keycap Phủ UV | Silent Membrane | Led Đơn,38 Đã bán,https://www.lazada.vn/products/pdp-i2138963763.html,
Phụ kiện Máy tính,WK Store,1.399.000 ₫,-18%,1147180,-5,5,"Bàn phím cơ Dareu EK75 PRO - BLACK GOLDEN Dream Switch RGB (3 Modes, Hotswap, Gasket)- BH 24T",11 Đã bán,https://www.lazada.vn/products/pdp-i2403074341.html,
Phụ kiện Máy tính,Phụ kiện Thanh Loan 79,,,,,,"Bàn Phím Không Dây Remax JP-1 tích hợp khe để điện thoại, máy tính bảng kết nối cùng lúc 02 thiết bị Bluetooth và 01 USB",,https://www.lazada.vn/products/pdp-i1959957751.html,
Phụ kiện Máy tính,Fuhlen Store Chính Hãng,3.000.000 ₫,-20%,2400000,,,Bàn Phím Cơ Không Dây Fuhlen H75s Panda 3-Mode Gasket Hotswap mạch xuôi LED RGB nháy theo nhạc - Bảo hành 2 năm,,https://www.lazada.vn/products/pdp-i2690174702.html,
Phụ kiện Máy tính,Fuhlen Store Chính Hãng,3.000.000 ₫,-20%,2400000,,,Bàn Phím Cơ Không Dây Fuhlen H95s CSA Panda 3-Mode Gasket Hotswap Mạch Xuôi Led RGB nháy theo nhạc - Bảo hành 2 năm,,https://www.lazada.vn/products/pdp-i2696800672.html,
Thiết bị nhà bếp,PHILIPS Flagship Store,1.900.000 ₫,-26%,1406000,-2636,4.8,Máy Xay Sinh Tố Philips HR2223/00 (Trắng)|700W|-Bộ 3 Cối Xay Nhựa-5 Chế Độ Cài Đặt Sẵn- Nghiền Mịn Đá--Hàng Phân Phối Chính Hãng.,12.1K Đã bán,https://www.lazada.vn/products/pdp-i764172155.html,
Phụ kiện Máy tính,Fuhlen Store Chính Hãng,3.400.000 ₫,-30%,2380000,,,Bàn Phím Cơ Không Dây Fuhlen H75s Warrior 3-Mode Gasket Hotswap mạch xuôi LED RGB nháy theo nhạc - Bảo hành 2 năm,,https://www.lazada.vn/products/pdp-i2690359401.html,
Nhà thông minh,AKIA Smarthome,2.800.000 ₫,-6%,2632000,-7,5,"Loa thông minh OLLI MAIKA - Trợ lý ảo tiếng Việt Maika, Nội dung tiếng Việt, Tích hợp giải pháp nhà thông minh, Kết nối Wifi, Bluetooth,",13 Đã bán,https://www.lazada.vn/products/pdp-i1913145159.html,
Phụ kiện Máy tính,FL-Esports Authentic Store,,,,,,Bàn phím cơ có dây FLEsport CMK87SA Polar Night Black RGB - Hotswap - Led RGB - Kết nối USB - Kailh Box switch - Hàng chính hãng,,https://www.lazada.vn/products/pdp-i1966088403.html,
Smartphones,LedgerNanoX,,,,,,"Ledger Nano X ví lạnh chính hãng giúp bảo mật tối đa tài sản số，full box 100%, mới nguyên seal bảo hành chính hãng, giao hàng nhanh chóng",,https://www.lazada.vn/products/pdp-i3147556772.html,
Phụ kiện Máy tính,Phong Cách Xanh Certified Store,,,,-4,5,[Trả góp 0%] Bàn phím cơ Bluetooth Filco Minila-R Convertible Matte Black - Hàng Chính Hãng,11 Đã bán,https://www.lazada.vn/products/pdp-i747466341.html,
Phụ kiện Máy tính,BOSSGEAR,1.300.000 ₫,-8%,1196000,-2,5,"Bàn Phím Cơ Không Dây Xinmeng X98 Pro, 3 Modes, Mạch Xuôi, Hotswap 5 chân, LED RGB…",5 Đã bán,https://www.lazada.vn/products/pdp-i2412235984.html,
Phụ kiện Máy tính,Fuhlen Store Chính Hãng,3.000.000 ₫,-20%,2400000,,,Bàn Phím Cơ Không Dây Fuhlen H95s CSA Panda 3-Mode Gasket Hotswap Mạch Xuôi Led RGB nháy theo nhạc - Bảo hành 2 năm,,https://www.lazada.vn/products/pdp-i2696737647.html,
Thiết bị đeo thông minh,MI MALL VN,1.090.000 ₫,-40%,654000,-326,5,"Đồng Hồ, Vòng Đeo Tay Thông Minh Xiaomi Mi BAND 10, BAND 9, Watch 5 Active / Lite - Phiên Bản Quốc Tế, Bảo Hành Chính Hãng 12 Tháng",798 Đã bán,https://www.lazada.vn/products/pdp-i2725137048.html,
Phụ kiện Máy tính,Fuhlen Store Chính Hãng,3.000.000 ₫,-20%,2400000,,,Bàn Phím Cơ Không Dây Fuhlen H95s Warrior 3-Mode Gasket Hotswap Mạch Xuôi Led RGB nháy theo nhạc - Bảo hành 2 năm,,https://www.lazada.vn/products/pdp-i2690184710.html,
Phụ kiện Máy tính,LOGITECH Flagship Store,2.990.000 ₫,-23%,2302300,-75,4.9,"Bàn phím game cơ học Logitech G512 - RGB Lightsync, 3 loại GX Switch, vật liệu cải tiến, cổng USB 2.0",249 Đã bán,https://www.lazada.vn/products/pdp-i260188430.html,
Thiết bị nhà bếp,Moah.kr,,,,,,"Ấm Đun Siêu Tốc by Moah - 1,7L - Màn hình Led cảm ứng - 7 chế độ nhiệt tuỳ chỉnh",,https://www.lazada.vn/products/pdp-i3136675901.html,
Smartphones,Xiaomi Official Store,4.290.000 ₫,-16%,3603600,-30,5,"Điện thoại thông minh REDMI 13 (6+128G | 8+128G) | Màn hình lớn 6.79"" FHD+ | Camera 108MP siêu rõ | MediaTek Helio G91-Ultra",175 Đã bán,https://www.lazada.vn/products/pdp-i3014249921.html,
Phụ kiện Máy tính,FL-Esports Authentic Store,,,,,,Bàn phím cơ có dây FLEsport CMK87SA  Ice Mint RGB - Hotswap - Led RGB - Kết nối USB - Kailh Box switch - Hàng chính hãng,,https://www.lazada.vn/products/pdp-i1966017868.html,
Phụ kiện Máy tính,FL-Esports Authentic Store,,,,,,Bàn phím cơ chơi game có dây FLEsport CMK98SA Graphite Green RGB - Hotswap - Led RGB - Kết nối USB - Kailh Box switch - Hàng chính hãng,,https://www.lazada.vn/products/pdp-i1966535395.html,
Thiết bị nhà bếp,PHILIPS Flagship Store,2.170.000 ₫,-12%,1909600,-618,4.9,"Nồi Áp Suất Điện Philips HD2103/66 (5L)-14 Công Thức Nấu Ăn-Lồng Nồi Bền, Chống Dính-Hàng Phân Phối Chính Hãng",2.7K Đã bán,https://www.lazada.vn/products/pdp-i348516358.html,
Phụ kiện Máy tính,TungCustom,,,,,,"Bàn phím cơ không dây Aula F99 , RGB, Gasket,Mạch xuôi, 3 Modes, Hotswap 5 pin đã Mod Tungcustom",,https://www.lazada.vn/products/pdp-i2808713673.html,
Dụng cụ đo lường,Linh Kiện 024,489.000 ₫,-12%,430320,-12,5,"Đồng hồ kẹp dòng tự động ZOYI ZT-QB1, ZOYI ZT-QB4, ampe kìm đo điện tử đa năng, độ chính xác cao",38 Đã bán,https://www.lazada.vn/products/pdp-i1673061355.html,
Smartphones,SAMSUNG Flagship Store,,,,-17,5,"[SĂN SALE GIỮ CHUỖI 4.11] Điện thoại Samsung Galaxy S25+, Điện thoại AI, Tìm kiếm thông minh, Video camera đêm Nightography, Chip Snapdragon",104 Đã bán,https://www.lazada.vn/products/pdp-i2977981604.html,
Phụ kiện Máy tính,vintagelifestyle,5.590.000 ₫,-16%,4695600,-2,5,Bàn phím cơ không dây bluetooth phiên bản 1% trong suốt transparent chống nước có đèn LED Lofree chính hãng,5 Đã bán,https://www.lazada.vn/products/pdp-i2056797119.html,
Smartphones,HONOR Vietnam,12.990.000 ₫,-11%,11561100,-11,5,Điện thoại cao cấp Honor 200 5G 12GB + 256/512GB | Bộ 3 AI Camera 50MP | Pin 5200mAh sạc nhanh 100W | Chip Snapdragon 7 Gen 3 | Bảo hành 18 Tháng Hàng Chính Hãng,119 Đã bán,https://www.lazada.vn/products/pdp-i2763814045.html,
Điện,ANENG  Store,898.858 ₫,-35%,584257,-125,4.9,ANENG Đồng Hồ Vạn Năng Chuyên Nghiệp 683 Số Đếm 6000 Ampe Kế Dòng Điện AC/DC Kẹp Thử Điện Đồng Hồ Vạn Năng NCV Màn Hình Cảm Ứng Thông Minh Khác,190 Đã bán,https://www.lazada.vn/products/pdp-i2201132609.html,
Smartphones,SAMSUNG Flagship Store,,,,-29,5,"[SĂN SALE GIỮ CHUỖI 4.11] Điện thoại Samsung Galaxy S25, Điện thoại AI, Tìm kiếm thông minh, Video camera đêm Nightography, Chip Snapdragon",187 Đã bán,https://www.lazada.vn/products/pdp-i2977989664.html,
"Thiết bị sưởi, làm lạnh và thông gió",Dyson,11.990.000 ₫,-38%,7433800,-115,4.9,[BRAND DAY 6.11: VC 15% Tối đa 1.5 Triệu] Quạt không cánh Dyson Cool AM07 (Trắng/Bạc),480 Đã bán,https://www.lazada.vn/products/pdp-i2530313983.html,
Smartphones,HONOR Vietnam,49.990.000 ₫,-2%,48990200,,,Điện Thoại Thông Minh Cao Cấp Honor Magic V5 5G 16GB+512GB | Màn hình 7.95 inch| Camera 50MP | Bảo Hành 24 Tháng Hàng Chính Hãng,,https://www.lazada.vn/products/pdp-i3200717822.html,
Điện,smart family store,157.600 ₫,-19%,127656,-30,5,【🔥Rẻ】Đồng Hồ Vạn Năng DT9205A Đồng Hồ Vạn Năng Thông Minh Màn Hình Kỹ Thuật Số Độ Chính Xác Cao Dụng Cụ Kiểm Tra Bảo Trì Thợ Điện,80 Đã bán,https://www.lazada.vn/products/pdp-i2193021836.html,
Smartphones,HONOR Vietnam,11.490.000 ₫,-25%,8617500,-69,5,"Điện thoại Honor X9c 5G 12GB + 256GB | Pin 6600mAh, Camera 108MP | Bảo hành 18 Tháng| Hàng Chính Hãng",177 Đã bán,https://www.lazada.vn/products/pdp-i2944455536.html,
Điện,ZOYI Tools,,,,-2,5,Đồng Hồ Đo Điện Vạn Năng Zoyi ZT-102 Đo Điện Đa Năng Hiển Thị Kỹ Thuật Số - Bảo Hành 12 Tháng,6 Đã bán,https://www.lazada.vn/products/pdp-i2846104617.html,
Phụ kiện Máy tính,TungCustom,,,,-1,5,"Kit bàn phím customLMK81 3 mode ,led rgb, Có núm chỉnh âm thanh đã mod full TungPhimCoCustom",,https://www.lazada.vn/products/pdp-i2209082764.html,
Phụ kiện Máy tính,vintagelifestyle,3.590.000 ₫,-3%,3482300,-2,5,"Bàn phím cơ 3 kiểu kết nối không dây bluetooth,2.4G, có dây Lofree Block 98 chính hãng, hotswap, có đèn LED",9 Đã bán,https://www.lazada.vn/products/pdp-i2335609627.html,
Nhà thông minh,HUNONIC HÀ NỘI,2.990.000 ₫,-23%,2302300,-43,4.8,"Loa thông minh Olli Maika - Trợ Lý Ảo Tiếng Việt, Điều Khiển Nhà Thông Minh, Nghe Nhạc, Giải Trí",140 Đã bán,https://www.lazada.vn/products/pdp-i1524393311.html,
Phụ kiện Máy tính,WK Store,1.550.000 ₫,-16%,1302000,-1,5,"Bàn Phím Cơ Dareu EK98 Pro | Bluetooth, 2.4G, Cắm Dây | Cherry PBT | Led RGB | Mới BH 24T",6 Đã bán,https://www.lazada.vn/products/pdp-i2654887600.html,
Phụ kiện Máy tính,XSmart Store,3.350.000 ₫,-35%,2177500,-1,5,Bàn Phím Cơ Không Dây Bluetooth LEOBOG K81BT 3 Mode LED RGB Hotswap 5 Pin Cấu Trúc Gasket Lót Foam,,https://www.lazada.vn/products/pdp-i2678697849.html,
"Thiết bị sưởi, làm lạnh và thông gió",Nhãn hiệu cửa hàng chuyên doanh,1.210.000 ₫,-51%,592900,-37,4.8,"Sharp Quạt Sạc Tích Điện , Quạt Điều Hòa, quạt lưu thông không khí，2400mAh Sân thượng/mặt đất/tường ba mục đích，Quạt Mini Fan Để Bàn Xoay 180 Độ,Quạt Tích Điện Để Bàn Nhỏ Gọn Cực Mát",76 Đã bán,https://www.lazada.vn/products/pdp-i2649464185.html,
"Thiết bị sưởi, làm lạnh và thông gió",NHẬT PHONG SOLAR,1.900.000 ₫,-40%,1140000,-146,4.9,"[0 đồng vận chuyển]Quạt năng lượng mặt trời, quạt tích điện chạy bằng lăng lượng mặt trời  dạng nằm chân quỳ NHẬT PHONG SOLAR,quạt có 12 Chế Độ gió,hiển thị phân trăm pin,3 cánh bằng kim loại, củ sạc điện 220v, tấm pin năng lượngmặt trời dây dài gần 5m",695 Đã bán,https://www.lazada.vn/products/pdp-i1475911121.html,
Thiết bị nhà bếp,PHILIPS Flagship Store,2.799.000 ₫,-11%,2491110,-36,5,Máy Xay Cầm Tay Đa Năng Dòng 5000 Series Cao Cấp Philips HR2685/00 - Hàng Phân Phối Chính Hãng,122 Đã bán,https://www.lazada.vn/products/pdp-i2626565795.html,
Phụ kiện Máy tính,LOGITECH Flagship Store,4.999.000 ₫,-18%,4099180,-4,5,"Bàn phím cơ gaming Logitech G715 TKL Aurora - Bluetooth & Lightspeed, RGB, 2 switch, PC, Mac, Laptop",16 Đã bán,https://www.lazada.vn/products/pdp-i2089682130.html,
Phụ kiện Máy tính,Fuhlen Store Chính Hãng,3.000.000 ₫,-20%,2400000,,,Bàn Phím Cơ Không Dây Fuhlen H75s Saola 3-Mode Gasket Hotswap mạch xuôi LED RGB nháy theo nhạc - Bảo hành 2 năm,,https://www.lazada.vn/products/pdp-i2696755680.html,
Thiết bị đeo thông minh,myFirst Kids,4.080.000 ₫,-30%,2856000,-22,4.8,"Đồng hồ thông minh trẻ em Đo nhịp tim, Định vị GPS, Gọi thoại Video 4G - myFirst Fone S3",97 Đã bán,https://www.lazada.vn/products/pdp-i3063127350.html,
Phụ kiện Máy tính,BẢO HÂN TREASURES COMPUTER,,,,,,Bàn phím vi tính Keychron V1M-D1 V1 Max Swappable RGB Backlight - Black - Knob Version - Hàng Chính Hãng,,https://www.lazada.vn/products/pdp-i2924591238.html,
Máy tính bảng,HONOR Vietnam,4.990.000 ₫,-16%,4191600,-76,5,"Máy tính bảng Honor Pad X8a 4GB+128GB | Màn hình TFT LCD 11"" 90Hz | Pin 8300mAh | BH 18 tháng Hàng Chính Hãng",184 Đã bán,https://www.lazada.vn/products/pdp-i2899742958.html,
Thiết bị đeo thông minh,HUAWEI,1.070.000 ₫,-19%,866700,-413,5,Vòng Đeo Tay Thông Minh HUAWEI Band 10 | Khung Hợp Kim Nhôm Tinh Tế | Phân Tích Giấc Ngủ Chuyên Nghiệp | Trợ Lý Sức Khỏe Cảm Xúc,1.4K Đã bán,https://www.lazada.vn/products/pdp-i3014421301.html,
Phụ kiện Máy tính,TungCustom,,,,,,"Kit bàn phím cơ m1w darknight và kit M3w nhôm nguyên khối 3 mode ,Led rgb,Hotswap, mạch xuôi đã mod tại Tungcustom",,https://www.lazada.vn/products/pdp-i2507669752.html,
Phụ kiện điện thoại & máy tính bảng,Energizer Store,3.390.000 ₫,-35%,2203500,-1,5,"Sạc dự phòng Energizer 27000mAh XP27000PD - tích hợp 3 cổng output, công suất 140W - Hàng chính hãng, bảo hành  1 năm 1 đổi 1",,https://www.lazada.vn/products/pdp-i2724705234.html,
Phụ kiện điện thoại & máy tính bảng,Essager Direct Store,5.319.440 ₫,-51%,2606525,,,Essager 27000mAh sạc dự phòng 220 Wát siêu-sạc nhanh với USB-C & Multiport USB cho máy tính xách tay máy tính xách tay máy tính bảng điện thoại di động,,https://www.lazada.vn/products/pdp-i2623403589.html,
Phụ kiện điện thoại & máy tính bảng,Vention Digital Store,800.000 ₫,-46%,432000,-1,5,"Vention Pin dự phòng 22,5W có cáp USB C sang C nhanh, pin dự phòng di động 10000mAh có màn hình LED cho iPhone16 15 pro Samsung Xiaomi",,https://www.lazada.vn/products/pdp-i3176093011.html,
Phụ kiện Máy tính,FL-Esports Authentic Store,2.899.000 ₫,-16%,2435160,,,Bàn phím cơ chơi game có dây FLEsport GP108CP Aqua Green RGB - Hotswap - Led RGB - Kết nối USB - Kailh Box switch - Hàng chính hãng,,https://www.lazada.vn/products/pdp-i2193039648.html,
Phụ kiện Máy tính,WK Store,2.650.000 ₫,-14%,2279000,,,"Bàn phím cơ gaming Dareu A98 PRO (Bluetooth 5.0 / Wireless 2.4Ghz / Hotswap / DAREU Dream Switch, BH 24T)",,https://www.lazada.vn/products/pdp-i2343082358.html,
Phụ kiện Máy tính,E-Dra Authentic Store,,,,,,Bàn phím cơ không dây Bluetooth E-DRA EK396W - Gateron Switch - Keycap PBT Dyesub - Kết nối Bluetooth/ USB Type C,,https://www.lazada.vn/products/pdp-i1948215110.html,
Phụ kiện Máy tính,Long Hưng TechZone,2.990.000 ₫,-24%,2272400,,,"Bàn phím có dây Logitech G512 Carbon Lightsync RGB - Hàng chính hãng - Tốc độ truyền tải nhanh, vật liệu AL MG bền bỉ, thiết kế vô cùng chắc chắn",,https://www.lazada.vn/products/pdp-i1890780437.html,
Thiết bị đeo thông minh,SAMSUNG Flagship Store,11.990.000 ₫,-17%,9951700,-3,5,"[SĂN SALE GIỮ CHUỖI 4.11] Đồng hồ thông minh Samsung Galaxy Watch8, Galaxy AI, Đồng hồ mỏng nhất, Theo dõi sức khỏe toàn diện, 40mm & 44mm",24 Đã bán,https://www.lazada.vn/products/pdp-i3141477312.html,
Phụ kiện Máy tính,FL-Esports Authentic Store,2.799.000 ₫,-0.70%,2.799.000 ₫,,,Bàn phím cơ chơi game có dây FLEsport GP87CP White & Green - Hotswap - Led RGB - Kết nối USB - Kailh Box switch - Hàng chính hãng,,https://www.lazada.vn/products/pdp-i2193185090.html,
Thiết bị nhà bếp,Moah.kr,,,,,,"Nồi Cơm Điện Áp Suất Thông Minh by Moah - 1,2L - Màn hình Led cảm ứng",,https://www.lazada.vn/products/pdp-i3136668965.html,
Phụ kiện Máy tính,RAZER,4.990.000 ₫,-18%,4091800,,,Bàn Phím Gaming Razer BlackWidow V4 Fullsize | USB Type-C | Doubleshot ABS Keycaps | Switch Cơ Gen-3 | Kê Tay | Led RGB,,https://www.lazada.vn/products/pdp-i2373306789.html,
Thiết bị đeo thông minh,myFirst Kids,2.590.000 ₫,-24%,1968400,-16,5,"Đồng hồ thông minh trẻ em R1c | Nghe gọi video 4G, Định vị GPS | Hàng Cao cấp Chống nước | myFirst Fone R1c nhập khẩu Singapore",80 Đã bán,https://www.lazada.vn/products/pdp-i3063032559.html,
Thiết bị đeo thông minh,Xiaomi Official Store,1.170.000 ₫,-9%,1064700,-86,4.8,[New]  Xiaomi Smart Band 10 Glimmer Edition Glimmer Gold & Xiaomi Smart band 10 & Xiaomi Smart Band 10 Ceramic Edition Pearl White,337 Đã bán,https://www.lazada.vn/products/pdp-i3130707924.html,
Phụ kiện Máy tính,WK Store,1.820.000 ₫,-22%,1419600,,,"Bàn Phím Cơ AULA F75 3 Mode | USB 2.4G, Bluetooth, Type C (BH 24T)",,https://www.lazada.vn/products/pdp-i2826583965.html,
Phụ kiện điện thoại & máy tính bảng,BEN BEN TPHCM,178.000 ₫,-53%,83660,-24,5,"[KÈM CÁP SẠC - SALE XÃ KHO] SẠC DỰ PHÒNG LCD MÀN HÌNH GƯƠNG CAO CẤP - PIN DỰ PHÒNG 30000MAH - PIN SẠC DỰ PHÒNG MẶT GƯƠNG, 2 CỔNG SẠC, SẠC MỌI DÒNG ĐIỆN THOẠI - SẠC DỰ PHÒNG GƯƠNG ĐEN GIÁ SỐC",29 Đã bán,https://www.lazada.vn/products/pdp-i3178901353.html,
"Thiết bị sưởi, làm lạnh và thông gió",GIA DỤNG AN BÁCH,300.000 ₫,-20%,240000,-30,4.5,"ĐÈN SƯỞI NHÀ TẮM 3 BÓNG  KOTTMANN MODEL K3B-G, ĐÈN 3 BÓNG CAMAC CM03A CÔNG SUẤT 825W. BÓNG ĐÈN SƯỞI  R125 CÔNG SUẤT 275W HÀNG ĐẸP LOẠI 1",129 Đã bán,https://www.lazada.vn/products/pdp-i2872574785.html,
Phụ kiện điện thoại & máy tính bảng,MỘC ÂN SHOP TPHCM,178.000 ₫,-54%,81880,-19,4.8,"[KÈM CÁP SẠC - SALE XÃ KHO] SẠC DỰ PHÒNG LCD MÀN HÌNH GƯƠNG CAO CẤP - PIN DỰ PHÒNG 30000MAH - PIN SẠC DỰ PHÒNG MẶT GƯƠNG, 2 CỔNG SẠC, SẠC MỌI DÒNG ĐIỆN THOẠI - SẠC DỰ PHÒNG GƯƠNG ĐEN GIÁ SỐC",30 Đã bán,https://www.lazada.vn/products/pdp-i3178797515.html,
Điện,Phụ Kiện Điện Thoại Lâm Music,,,,,,Chia Ổ Điện Kiêm Đèn Ngủ Có 2 Usb Sạc Điện Thoại và Phích Cắm Chia Ổ Điện 1 Ra 5 Lỗ. LMS,,https://www.lazada.vn/products/pdp-i3036998094.html,
Dụng cụ cầm tay & phụ kiện,Minh Khôi Electric,200.000 ₫,-42%,116000,-7,5,"Đồng hồ vạn năng Samwa YX360-TRn tặng kèm pin,đồng hồ điện tử,máy đo vạn năng, đo điện,đồng hồ đa năng đo điện trở",15 Đã bán,https://www.lazada.vn/products/pdp-i2427762199.html,
Điện,Hanhstore247,,,,,,"Ổ cắm điện đa năng thông minh có cổng USB tiện dụng, Ổ Điện Đa Năng Loại Xịn Có Cổng Gắn USB Sạc Điện Thoại Kiêm Đèn Ngủ Tiện Lợi, o cam dien , ổ cắm điện giá rẻ hh029",,https://www.lazada.vn/products/pdp-i2911832241.html,
Trang trí nhà cửa,Coleen Decor bàn học,100.000 ₫,-30%,70000,,,Đồng Hồ Đa Chức Năng Mặt LED Điện Tử Báo Thức Để Bàn (tặng kèm pin) Trang Trí Bàn Học Decor COLEEN,,https://www.lazada.vn/products/pdp-i2863762054.html,
Điện,Global Merch Park,637.000 ₫,-23%,490490,-22,5,ANENG 612 Đồng Hồ Vạn Năng Kỹ Thuật Số Thông Minh Công Cụ Đo Điện Dung Điện Áp AC/DC Thiết Bị Kiểm Tra Chuyên Nghiệp Với Màn Hình Kỹ Thuật Số,163 Đã bán,https://www.lazada.vn/products/pdp-i2726644490.html,
Dụng cụ đo lường,ABG Official Store,1.210.000 ₫,-46%,653400,-10,5,Đồng Hồ Đo Điện Vạn Năng Zoyi Zt-Y Cao Cấp Đo Điện Vạn Năng Tự Động 9999 Số Đếm - Hàng Chính Hãng - Bảo Hành 12 Tháng,25 Đã bán,https://www.lazada.vn/products/pdp-i1995280201.html,
Máy tính bảng,Xiaomi Official Store,3.490.000 ₫,-29%,2477900,-42,4.9,Máy tính bảng REDMI Pad SE 8.7 Wifi (4+64G | 4+128GB | 6+128G ) | LCD 90Hz | MediaTek Helio G85 8 | Pin 6650mAh,151 Đã bán,https://www.lazada.vn/products/pdp-i3014413871.html,
Phụ kiện Máy tính,GiaPhuc Digital,,,,,,"Bàn phím game cơ học Logitech G512 - RGB Lightsync, 3 loại GX Switch, vật liệu cải tiến, cổng USB 2.0",,https://www.lazada.vn/products/pdp-i2093457346.html,
Smartphones,Xiaomi Official Store,,,,-2,5,"[New & Exclusive] POCO M7 | Pin khủng 7000mAh | Sạc nhanh 33W và sạc ngược 18W | Màn hình 6.9"" FHD+ tuyệt hảo | Snapdragon® 685 mạnh mẽ | Tần số quét AdaptiveSync 144Hz",9 Đã bán,https://www.lazada.vn/products/pdp-i3203849298.html,
Phụ kiện Máy tính,RAZER,4.990.000 ₫,-38%,3093800,,,"Bàn Phím Gaming Razer DeathStalker V2 Pro Tenkeyless | Có dây-Wireless 2,4 Ghz-Bluetooth | Switch Low-Profile | Led RGB",,https://www.lazada.vn/products/pdp-i2139018818.html,
Thiết bị đeo thông minh,myFirst Kids,3.890.000 ₫,-14%,3345400,-2,5,Đồng hồ thông minh myFirst Fone R1s Gọi Video 4G|Đo Nhịp Tim | Định Vị GPS |Chống nước,5 Đã bán,https://www.lazada.vn/products/pdp-i3063115160.html,
Phụ kiện điện thoại & máy tính bảng,UGREEN,2.423.000 ₫,-44%,1356880,-267,4.9,Bộ pin sạc dự phòng 25000mAh/20000mAh 145W/100W UGREEN | Cổng sạc nhanh USB-C | 3 cổng | Màn hình kỹ thuật số | Bảo hành 18 tháng 1 đổi 1 | 90597A 25188,934 Đã bán,https://www.lazada.vn/products/pdp-i2199416095.html,
Thiết bị studio,TB Thiết Bị Quay Phim - Chụp Ảnh,3.350.000 ₫,-22%,2613000,,,"Đèn Led ZSYB Y300S - 300W Bi Color 3200-5600K Chỉ Số Hoàn Màu Cao, Điều Khiển được Nhiều Led Cùng Lúc",,https://www.lazada.vn/products/pdp-i3038599608.html,
Thiết bị đeo thông minh,AMAZFIT BRAND STORE,2.790.000 ₫,-7%,2594700,-9,5,Đồng hồ thông minh Amazfit Active 2 - Hàng chính hãng - Bảo hành 12 tháng,21 Đã bán,https://www.lazada.vn/products/pdp-i3055483989.html,
Thiết bị nhà bếp,Tefal Flagship Store,5.290.000 ₫,-46%,2856600,-1344,4.8,Máy xay sinh tố và làm sữa hạt đa năng Tefal BL967B66 - 1300W,154 Đã bán,https://www.lazada.vn/products/pdp-i2739921606.html,
Điện,NingXiangShiXiaoQiangDongBaiHuoDian,174.096 ₫,-50%,87048,,,Đồng hồ vạn năng Thông Minh Kỹ Thuật Số Chống cháy VC921 hiển thị độ chính xác cao đa năng bỏ túi,51 Đã bán,https://www.lazada.vn/products/pdp-i2783730505.html,
Smartphones,Xiaomi Official Store,9.990.000 ₫,-20%,7992000,-78,4.8,"Điện thoại thông minh POCO X7 Pro 5G (8+256GB | 12+256G) | Màn hình 6.67"" 120Hz AMOLED | D8400-Ultra | Camera 50MP OIS | Pin 6000mAh",236 Đã bán,https://www.lazada.vn/products/pdp-i3014290083.html,
Phụ kiện Máy tính,GiaPhuc Digital,,,,,,"Bàn phím cơ gaming có dây Logitech G713 TKL - RGB, 2 loại GX Switch, cáp USB-C, tương thích PC, Mac",,https://www.lazada.vn/products/pdp-i2093469402.html,
Thiết bị đeo thông minh,HUAWEI,5.990.000 ₫,-8%,5510800,-134,5,Đồng Hồ Thông Minh HUAWEI WATCH GT6 Series | Tập Luyện Nâng Cao | Theo Dõi Sức Khỏe,485 Đã bán,https://www.lazada.vn/products/pdp-i3194163243.html,
Thiết bị tiện ích USB,GlobalWonderShop,218.000 ₫,-57%,93740,-341,5,"Quạt Điện Cầm Tay Mini Không Chổi Than, Sạc USB, Công Suất Gió Mạnh, Kiểu Dáng Máy Bay Nhỏ Gọn, Dùng Để Làm Mát Cá Nhân",1.7K Đã bán,https://www.lazada.vn/products/pdp-i3155183152.html,
Thiết bị đeo thông minh,AMAZFIT BRAND STORE,6.490.000 ₫,-12%,5711200,-17,5,Đồng hồ thông minh Amazfit T-Rex 3 - Hàng chính hãng - Bảo hành 12 tháng,51 Đã bán,https://www.lazada.vn/products/pdp-i2809423519.html,
Phụ kiện Máy tính,Long Hưng TechZone,5.699.000 ₫,-23%,4388230,,,"Bàn phím không dây Bluetooth Logitech G913 TKL Lightspeed - Hàng chính hãng - LED 16 triệu màu, độ dài dây đến 1.8m, cảm giác bấm cực tốt",,https://www.lazada.vn/products/pdp-i1890959049.html,
Điện,CH thiết bị đo điện Gex.vn,,,,-1,5,Công tơ điện tử 3 pha 3  biểu giá trực tiếp 100A điện lực Emic,,https://www.lazada.vn/products/pdp-i2616701141.html,
Thiết bị nhà bếp,EPICURE Store,,,,,,"Ấm đun nước siêu tốc SMEG KLF04, Tùy Chỉnh Nhiệt Độ, Dung Tích 1.7 Lít, Nhập Khẩu Chính Hãng",,https://www.lazada.vn/products/pdp-i3185048720.html,
Thiết bị studio,TB Thiết Bị Quay Phim - Chụp Ảnh,5.350.000 ₫,-21%,4226500,,,Đèn Led ZSYB Y-500S - 500W Bi Color 3200-5600K Chỉ Số Hoàn Màu Cao Cho Chất Lượng Ảnh Tốt,,https://www.lazada.vn/products/pdp-i3038722708.html,
Thiết bị đeo thông minh,SAMSUNG Flagship Store,,,,-2,3,"[SĂN SALE GIỮ CHUỖI 4.11] Đồng hồ thông minh Samsung Galaxy Watch Ultra (2025), Galaxy AI, Thiết kế từ Titan, 47mm",37 Đã bán,https://www.lazada.vn/products/pdp-i3141492243.html,
Thiết bị nhà bếp,Zojirushi Official Store,,,,,,"Bình Thuỷ Điện Zojirushi CD-LCQ50 - Chế Độ Giữ Nhiệt Thông Minh, Bơm Điện Tử Tiện Lợi, Khử Clo Và Tiết Kiệm Điện, Dung Tích 5L",,https://www.lazada.vn/products/pdp-i3107597799.html,
Điện thoại bàn,Refly,970.000 ₫,-23%,746900,-2,5,SOYES XS24 Pro Mini Android9.0 Điện thoại thông minh 3.0 inch RAM 2GB RAM 16GB ROM Nhận dạng khuôn mặt Dual SIM Mạng 3G Hỗ trợ Bluetooth WIFI Type-C Điện thoại nhỏ,8 Đã bán,https://www.lazada.vn/products/pdp-i2837863192.html,
Thiết bị đeo thông minh,HUAWEI,,,,,,Đồng Hồ Thông Minh HUAWEI WATCH Ultimate | Kim Loại Lỏng Siêu Bền | Công Nghệ Lặn Sâu 150M | Liên Lạc Dưới Nước Bằng Sóng Siêu Âm | Đa Cảm Biến X-TAP,,https://www.lazada.vn/products/pdp-i3207508409.html,
Điện,OKADY MALL,45.000 ₫,-20%,36000,-38,4.8,"Đa dây Ổ cắm điện với cổng USB cho gia đình, khách sạn, sử dụng tại văn phòng",309 Đã bán,https://www.lazada.vn/products/pdp-i3072876252.html,
Thiết bị đeo thông minh,HUAWEI,5.881.000 ₫,-32%,3999080,-483,5,Đồng Hồ Thông Minh | HUAWEI WATCH FIT 4 Series | Mỏng Nhẹ | Thể Thao & Sức Khỏe | Lên Đến 10 Ngày Sử Dụng| ECG,1.4K Đã bán,https://www.lazada.vn/products/pdp-i3085896052.html,
Thiết bị nhà bếp,Zojirushi Official Store,,,,,,"Bình Thuỷ Điện Zojirushi CD-JUQ30- Chức Năng Bơm Điện Tử, Giữ Nhiệt Tự Động, Khử Clo Trong Nước, Dung Tích 3L",,https://www.lazada.vn/products/pdp-i3111424014.html,
Điện,NAYA STORE,324.000 ₫,-59%,132840,-311,4.9,【Miễn phí vận chuyển】NAYA Máy đo đa năng mini đa phương tiện kỹ thuật số ANENG M118A đồng hồ vạn năng đo lường nhận dạng tự động,922 Đã bán,https://www.lazada.vn/products/pdp-i2019689729.html,
Điện,Awesome home,90.000 ₫,-29%,63900,-40,4.9,Ổ Cắm Điện Thông Minh Đa Năng Có 2 Cổng Sạc usb Chất Lượng Cao,139 Đã bán,https://www.lazada.vn/products/pdp-i2951352451.html,
Điện thoại bàn,Refly,920.000 ₫,-0.10%,920.000 ₫,-3,5,SOYES XS15 Điện Thoại Thông Minh Mini Màn Hình 3.0 Inch RAM 2GB ROM 16GB Hỗ Trợ Bluetooth WIFI Điện Thoại Di Động Android 8.1,9 Đã bán,https://www.lazada.vn/products/pdp-i2415253264.html,
Điện,ESTONG Home,180.000 ₫,-31%,124200,-43,4.9,Kỹ Thuật Số Đồng Hồ Đo Dòng Điện Điện Áp Vôn Kế Bảng Ampe Kế Máy Đo Tần Số Màn Hình LED AC50-500V 1-140A Cài Đặt Nhúng,655 Đã bán,https://www.lazada.vn/products/pdp-i2214365058.html,
Thiết bị đeo thông minh,HUAWEI,9.808.000 ₫,-10%,8827200,-6,5,Đồng Hồ Thông Minh | HUAWEI WATCH 5 | Công Nghệ Đa Cảm Biến X-TAP | Đo  SpO2 Từ Đầu Ngón Tay | Gọi Thoại eSIM,32 Đã bán,https://www.lazada.vn/products/pdp-i3115283757.html,
Đồng hồ,PARHJg.Selection,35.300 ₫,-81%,6707,-2970,4.9,"Đồng Hồ Nữ Relo Hàn Quốc – Sang Trọng, Đơn Giản & Dễ Thương Với Dây Da Thời Trang",15.8K Đã bán,https://www.lazada.vn/products/pdp-i2518165613.html,
Máy tính bảng,Đèn Led Thúy Nga,,,,-9,4.8,"Nguồn adapter 15v 3A, 15v 2a",42 Đã bán,https://www.lazada.vn/products/pdp-i1875051383.html,
Smartphones,MYSON MOBILE,,,,-88,4.9,"điện thoại giá rẻ Realme 10 5G 2sim ram 8G/256G Chính Hãng, Cấu Hình khủng, Cày Gme nặng mượt,  - MSC",142 Đã bán,https://www.lazada.vn/products/pdp-i2867414503.html,
Điện thoại bàn,PTlG8cPR.Selection,12.000 ₫,-33%,8040,-1658,4.8,Giá xoay điện thoại di động đa năng kẹp xe ô tô giá đỡ xoay 360 độ,4.0K Đã bán,https://www.lazada.vn/products/pdp-i2429538969.html,
Điện thoại bàn,BSNT.PN,,,,-19,5,"[SALE SỐC SỐC] điện thoại giá rẻ Realme V20 5G ram 8G/256G 2sim máy Chính Hãng, Camera siêu đẹp, Cấu hình Cao cấp, Chiến mọi game nặng siêu mượt,máy đủ màu L",30 Đã bán,https://www.lazada.vn/products/pdp-i3229532567.html,
Phụ kiện điện thoại & máy tính bảng,GUTEK,390.000 ₫,-41%,230100,-1479,4.9,Sạc dự phòng 50000mAh sạc nhanh 120W pin dung lượng lớn có dây cắm nhiều điện thoại - Gutek GT230,4.2K Đã bán,https://www.lazada.vn/products/pdp-i2730386858.html,
Điện,KKmoon,157.000 ₫,-38%,97340,,,Digital Energy Tester 60-500V 0-100a AC Đồng hồ đo điện áp Kích thước nhỏ gọn cho phát hiện điện,,https://www.lazada.vn/products/pdp-i3059185234.html,
Điện,ANENG Tool Store,377.000 ₫,-58%,158340,,,【Aneng】đồng Hồ Kẹp Kỹ Thuật Số Đồng Hồ Vạn Năng DC/AC Điện Dung Dòng Điện Diode NCV Ohm Dụng Cụ Kiểm Tra,,https://www.lazada.vn/products/pdp-i2181772925.html,
Dụng cụ đo lường,Deli Tools Việt Nam,540.750 ₫,-38%,335265,-83,4.8,Đồng hồ vạn năng Deli chính hãng - Màn hình LED kỹ thuật số - Phạm vi đo 600V - Bảo hành 12 tháng - DL8490,104 Đã bán,https://www.lazada.vn/products/pdp-i1951827172.html,
Điện,GlobalLifestyle,196.000 ₫,-46%,105840,,,Máy Đo Vạn Năng Kỹ Thuật Số ANENG XL830L 1000V AC/DC Với Dây Đo Và Đầu Dò PT1005B Đa Năng Dùng Cho Kiểm Tra Điện,17 Đã bán,https://www.lazada.vn/products/pdp-i3233605327.html,
Điện,diymore Official Store,311.500 ₫,-33%,208705,-92,5,diymore Máy Kiểm Tra AN101 Đồng Hồ Vạn Năng Kỹ Thuật Số Di Động Vôn Kế Điện Áp Ohm Chống Cháy Có Thể Sạc Lại Tự Động Trên Phạm Vi Hoạt Động TRMS,64 Đã bán,https://www.lazada.vn/products/pdp-i2201123536.html,
Điện,Golden stars,162.800 ₫,-49%,83028,-55,4.9,"Ổ power plug smart 5 plugs, 2 ports USB charger, 9 universal socket wire long 1.8 meters-drive electric multi-purpose have switch, intelligent electric, power plug anti-shock, plug multi-purpose，Use for up to 2,000 ,W",69 Đã bán,https://www.lazada.vn/products/pdp-i2030367492.html,
Điện,KUAIQU,968.000 ₫,-49%,493680,-24,5,【Ready Stock】UNIT Digital Multimeter True RMS UT890C UT890D+ Manual Range AC DC Frequency Capacitance Temperature Tester Backligh,14 Đã bán,https://www.lazada.vn/products/pdp-i852952507.html,
Điện thoại bàn,Global Merch Park,725.000 ₫,-23%,558250,,,"Điện Thoại Di Động SERVO R25 PRO Có Tai Nghe Bluetooth Đài FM Ghi Danh Sách Đen Cuộc Gọi Dual SIM 2G Thiết Kế Thanh Tính Năng Với Màn Hình TFT 2,4 '",,https://www.lazada.vn/products/pdp-i3173271046.html,
Điện,MichanK,219.600 ₫,-57%,94428,-2,3,Đồng Hồ Vạn Năng DT9205A Đồng Hồ Vạn Năng Thông Minh Màn Hình Kỹ Thuật Số Độ Chính Xác Cao Dụng Cụ Kiểm Tra Bảo Trì Thợ Điện,10 Đã bán,https://www.lazada.vn/products/pdp-i2721739294.html,
Điện,GlobalLifestyle,262.000 ₫,-50%,131000,-51,4.8,ANENG M118A Đồng Hồ Vạn Năng Kỹ Thuật Số 6000 Đếm Kích Thước Bỏ Túi True RMS AC/DC Đồng Hồ Đo Điện Áp Có Đèn Pin Transistor Bút Thử Dụng Cụ,353 Đã bán,https://www.lazada.vn/products/pdp-i3101261160.html,
Phụ kiện Máy tính,KING SMART STORE,200.000 ₫,-59%,82000,,,G304 không dây Lightspeed Chuột chơi game đen/trắng,,https://www.lazada.vn/products/pdp-i3213841115.html,
Điện,Mao Yun,393.923 ₫,-46%,212718,-65,5,"Máy Kiểm Tra Điện Áp KWS-AC300 Vôn Kế, Đồng Hồ Đo Năng Lượng AC 50-300V LED Wattmeter Đồng Hồ Điện Có Chức Năng Đặt Lại 0-100A",45 Đã bán,https://www.lazada.vn/products/pdp-i1366222982.html,
Đèn,GlobalTechMart,191.000 ₫,-38%,118420,,,DIY Điện Tử Ngón Tay Cái Chảy Bộ Đèn LED Vui Nhộn Vi Điều Khiển Hàn Thực Hành Sản Xuất Đèn LED Điốt Phát Sáng Bộ,,https://www.lazada.vn/products/pdp-i3197068770.html,
Điện,juan juan store,372.485 ₫,-43%,212316,-31,5,Loại-C KWS-2303C đa chức năng màn hình hiển thị kỹ thuật số vôn kế điện một chiều 4-30 Vôn kế 12A Ampe kế sạc thiết bị kiểm tra dung lượng,136 Đã bán,https://www.lazada.vn/products/pdp-i2761545104.html,
Trường học & văn phòng,GlobalLifestyle,187.000 ₫,-23%,143990,,,"Máy Tính Khoa Học Kỹ Thuật Số Cầm Tay LCD Đa Chức Năng, Màn Hình 2 Dòng, Thân Nhựa, Dùng Cho Toán Học Và Khoa Học",,https://www.lazada.vn/products/pdp-i3140173558.html,
Điện,Global Merch Park,212.000 ₫,-23%,163240,-90,4.7,ANENG SZ06 Vạn Năng Kỹ Thuật Số 600V AC/DC Điện Áp Chống Máy Ohm Kiểm Tra Đồng Hồ Có Đèn Nền LCD Cho Thợ Điện,176 Đã bán,https://www.lazada.vn/products/pdp-i2562838446.html,
Điện,pcbfun tool store,240.000 ₫,-35%,156000,-16,4.9,Đồng Hồ Đo Đa Năng AC80-300V 0-20A Điện Áp Dòng Điện Năng Lượng Điện 110V 220V Vôn Kế Màn Hình Kỹ Thuật Số LCD,39 Đã bán,https://www.lazada.vn/products/pdp-i2134439730.html,
Điện,Global Merch Park,303.000 ₫,-23%,233310,-380,4.9,ANENG M118A Mini Kỹ Thuật Số Đồng Hồ Vạn Năng Máy Kiểm Tra Không Tiếp Xúc Cảm Ứng AC/DC Điện Áp Dòng Điện Điện Dung True RMS Phạm Vi Tự Động Multimetro,1.1K Đã bán,https://www.lazada.vn/products/pdp-i2562806784.html,
Điện,hrVFASbhr,489.858 ₫,-15%,416379,,,{UU61} Agoal 8x8x8 LED Cube 3D Light Square Blue LED Electronic DIY Kit Tempered ability 2 colors red and blue in stock,,https://www.lazada.vn/products/pdp-i3105346196.html,
Điện,Taiye Electric,354.000 ₫,-2%,346920,,,Ba pha bốn dây Din Rail Đồng hồ đo năng lượng 380V LCD điện tử Watt Power Meter wattmeter kWh 100A AC LCD 7p 50Hz 3p4w dts017,,https://www.lazada.vn/products/pdp-i2652015025.html,
Điện,Global Merch Park,1.110.000 ₫,-39%,677100,-114,5,ANENG 683 Đồng Hồ Vạn Năng Màn Hình Cảm Ứng Thông Minh 6000 Đếm Ampe Kế Kỹ Thuật Số Có Thể Sạc Lại AC/DC Máy Đo Dòng Điện NCV Diode Dành Cho Thợ Điện,184 Đã bán,https://www.lazada.vn/products/pdp-i2562654978.html,
Điện,GlobalLifestyle,626.000 ₫,-23%,482020,,,ANENG 613 Đồng Hồ Vạn Năng Thông Minh 4000 Đếm Màn Hình Kỹ Thuật Số Ampe Kế AC/DC Vôn Kế Với Khả Năng Đo Tắt Nguồn Theo Thời Gian Thực,,https://www.lazada.vn/products/pdp-i3101739281.html,
Điện,Taiye Electric,334.000 ₫,-25%,250500,,,Ampe Kế Điện Áp Xoay Chiều Màn Hình Kỹ Thuật Số Din Rail D52-2058 Đồng Hồ Đo Tần Số Đồng Hồ Đo Điện,,https://www.lazada.vn/products/pdp-i2178374943.html,
Điện,Global Merch Park,747.000 ₫,-23%,575190,-18,5,"WINAPEX ET8104 True RMS Vạn Năng Kỹ Thuật Số 9999 Đếm Độ Chính Xác Cao Liên Tục AC/DC, Điện Dung Điện Dung Chống Máy",10 Đã bán,https://www.lazada.vn/products/pdp-i2625108498.html,
Điện,Taiye Electric,321.000 ₫,-9%,292110,-10,5,D69-2058 6in1 vôn kế hiện tại Ampe kế Hệ số công suất điện năng lượng máy đo tần số Bảng điều khiển kỹ thuật số wattmeter LCD Volt Amp,65 Đã bán,https://www.lazada.vn/products/pdp-i2273270006.html,
Điện,Dempsey Kitto,765.504 ₫,-4%,734883,,,Đồng hồ vạn năng chống cháy thông minh đa năng aneng Q10 9999 từ với giá trị hiệu quả thực sự linh kiện điện tử dụng cụ kiểm tra,,https://www.lazada.vn/products/pdp-i2446870679.html,
Điện,Taiye Electric,221.000 ₫,-9%,201110,,,Din Rail điện đồng hồ đo năng lượng AC80-270V 100A điện tử đồng hồ kWh wattmeter đa Ampe kế kỹ thuật số vôn kế TY2P-E,,https://www.lazada.vn/products/pdp-i2924917367.html,
Điện,Taiye Electric,126.000 ₫,-8%,115920,,,Bộ Điều Chỉnh Điện Áp AC 0-500V Màn Hình LCD Đồng Hồ Hiển Thị Kỹ Thuật Số Vôn Kế 3 Dây D85-21,,https://www.lazada.vn/products/pdp-i2069370348.html,
Điện,GlobalWonderShop,235.000 ₫,-42%,136300,-5,5,Ổ Cắm Thông Minh Đường Dài Đa Chức Năng Có Cổng USB Công Suất Cao Sử Dụng Tại Nhà Cáp Cắm Ổ Cắm Điện Đa Lỗ Cổng Việt Nam,80 Đã bán,https://www.lazada.vn/products/pdp-i2953180662.html,
Điện,Global Merch Park,72.000 ₫,-22%,56160,-36,4.3,Kỹ Thuật Số Kẹp Mét 4000 Đếm Điện Áp Hiện Tại Điện Trở Điện Dung Diode Bút Thử Đồng Hồ Vạn Năng Thông Minh Với Chức Năng Ohm Đo,89 Đã bán,https://www.lazada.vn/products/pdp-i2777311101.html,
Điện,Taiye Electric,210.000 ₫,-10%,189000,,,Đồng hồ đo dòng điện một pha Ac Voltage Band CT Màn hình kỹ thuật số LED 220V 380V Theo dõi Loại điện tử chính xác cao,,https://www.lazada.vn/products/pdp-i2233654249.html,
Điện,Taiye Electric,524.000 ₫,-2%,513520,,,Ba pha bốn dây Din Rail Đồng hồ đo năng lượng 380V LCD điện tử Watt Power Meter wattmeter kWh 100A AC LCD 7p 50Hz 3p4w dts017,,https://www.lazada.vn/products/pdp-i2652609603.html,
Điện,GlobalLifestyle,967.000 ₫,-37%,609210,,,"SUNSHINE DT-890N Vạn Năng Kỹ Thuật Số Độ Chính Xác Cao AC/DC, Điện Trở Máy Thông Minh Chống Đốt Tính Năng",,https://www.lazada.vn/products/pdp-i3188854684.html,
Điện,GlobalSuperBazaar,286.000 ₫,-23%,220220,,,"Ampe Kế Kỹ Thuật Số DC Có Độ Chính Xác Cao 0,56 Inch 0-33V 3 Dây 5 Chữ Số Hiển Thị Vôn Kế Để Đo Điện DIY",,https://www.lazada.vn/products/pdp-i3173618048.html,
Phụ kiện trò chơi điện tử,HAWEEL.Achoice-VN,9.600 ₫,-38%,5952,-2236,4.9,"Máy chơi game cầm tay Tetris cho trẻ em, đồ chơi giáo dục",8.3K Đã bán,https://www.lazada.vn/products/pdp-i2522007983.html,
Smartphones,LeNgan _Store,,,,-139,4.7,"[SALE- RẺ HỦY DIỆT ] Điện thoại giá rẻ Samsung Galaxy A71 2sim ram 8G/128G, Cấu hình Cao Chiến mọi Game mượt, Chụp ảnh đẹp -CMSS",191 Đã bán,https://www.lazada.vn/products/pdp-i2890491278.html,
Máy tính bảng,Đèn Led Thúy Nga,,,,-3,5,Chấn Lưu 8w - 24w driver,31 Đã bán,https://www.lazada.vn/products/pdp-i1990105706.html,
Smartphones,LPK_dienthoaigiare,339.000 ₫,-12%,298320,-41,4.4,dienthoaigiare J2prime_g532  hõ trợ thẻ nhớ  zalo facebok tiktok ... nghe gọi vào mạng tải app ok,106 Đã bán,https://www.lazada.vn/products/pdp-i2411881944.html,
Điện thoại bàn,LeNgan _Store,399.000 ₫,-25%,299250,-70,4.7,"điện thoại A78 - A78 5G máy 2simram 8G/256G, Cấu hình mạnh đỉnh Cày PUBG/Liên Quân/Free Fire/Tiktok siêu mượt - PNB",87 Đã bán,https://www.lazada.vn/products/pdp-i3092974591.html,
Phụ kiện điện thoại & máy tính bảng,z9PCM2GN,238.000 ₫,-38%,147560,-14,4.1,Sạc dự phòng 50000mAh sạc nhanh 120W pin dung lượng lớn có dây cắm nhiều điện thoại LED,54 Đã bán,https://www.lazada.vn/products/pdp-i3098585910.html,
Phụ kiện điện thoại & máy tính bảng,NOBAHSI,88.000 ₫,-21%,69520,-132,4.8,"[SẠC MỌI DÒNG ĐIỆN THOẠI] PIN DỰ PHÒNG 20000MAH CAO CẤP - SẠC DỰ PHÒNG MINI 4IN1 THIẾT KẾ HIỆN ĐẠI SANG TRỌNG - PIN SẠC DỰ PHÒNG TÍCH HỢP 2 ĐÈN LED , HIỂN THỊ PHẦN TRĂM PIN",390 Đã bán,https://www.lazada.vn/products/pdp-i3047690496.html,
Smartphones,Hải Yến Store 1,2.050.000 ₫,-65%,717500,,,"Điện thoại di động chắc chắn Oukitel WP32 Pro, RAM 24Gb(6GB + 18GB),ROM 256GB,Màn hình 6 inch HD,camera 20MP, NFC)",,https://www.lazada.vn/products/pdp-i3230169605.html,
Thiết bị nhà bếp,ZODAN Corporation,280.000 ₫,-38%,173600,-1585,4.9,"Nồi nấu đa năng, nồi lẩu điện đa năng, nồi hấp cao cấp 28cm, 3.8L, bảo hành 1 năm",6.0K Đã bán,https://www.lazada.vn/products/pdp-i2075101237.html,
Phụ kiện điện thoại & máy tính bảng,PARHJg.Selection,44.700 ₫,-62%,16986,-8787,4.8,Kính Lúp Màn Hình Điện Thoại 3D HD – Biến Màn Hình Nhỏ Thành Rạp Phim Di Động,25.1K Đã bán,https://www.lazada.vn/products/pdp-i2518113815.html,
Trang trí nhà cửa,MijiaPlay,129.000 ₫,-31%,89010,-1,5,Đồng hồ điện tử 3Life Ngày hiển thị tuần Cài đặt báo thức kép Nghiêng góc nhìn 15 ° Đồng hồ đầu giường kỹ thuật số,,https://www.lazada.vn/products/pdp-i3188910426.html,
Điện,Auto Tour,400.000 ₫,-40%,240000,,,"Đồng Hồ Đo Năng Lượng Dòng Điện Điện Áp LCD Kỹ Thuật Số, AC80-260V 100A 20A Chỉ Số Vôn Kế Ampe Kế Wattmeter Tester Detector TX-061",,https://www.lazada.vn/products/pdp-i3021278373.html,
Điện,ANENG Tool Store,211.000 ₫,-45%,116050,-2,4.5,【Aneng】đồng hồ vạn năng kỹ thuật số Đồng hồ vạn năng màn hình lớn thông minh tự động vôn kế cầm tay để kiểm tra Đi-ốt/bóng bán dẫn,,https://www.lazada.vn/products/pdp-i2957566707.html,
Điện,Hoangtrung.,424.000 ₫,-56%,186560,,,"Thiết Bị Tiết Kiệm Điện Thông Minh Gỉam Đến 20% Điện Năng – Lắp Nhanh, Tiết Kiệm Lâu Dài, Công Nghệ Nhật",,https://www.lazada.vn/products/pdp-i3104928467.html,
Điện,Thợ Máy,350.000 ₫,-4%,336000,-2,5,Đồng Hồ Đo Điện Zoyi ZT102A Đo Điện Vạn Năng Tự Động - Hàng Chính Hãng - Bảo Hành 12 Tháng,8 Đã bán,https://www.lazada.vn/products/pdp-i2567992832.html,
Điện,Global Merch Park,452.000 ₫,-23%,348040,-99,5,ANENG ST184 Đồng Hồ Kẹp Kỹ Thuật Số True RMS Đồng Hồ Đo Dòng Điện Xoay Chiều 6000 Đếm Điện Áp DC Hz Điện Dung Ohm Kiểm Tra Đồng Hồ Vạn Năng Điện Chuyên Nghiệp,33 Đã bán,https://www.lazada.vn/products/pdp-i2562895259.html,
Dụng cụ đo lường,Lucky Store SG,626.000 ₫,-27%,456980,-17,4.5,"Thước Điện Tử, Thước Đo Độ Dài, Thước Đo Diện Tích Khoảng Cách Từ Xa 40m. Mua Ngay Thước Đo Bằng Tia Laze Độ Chính Xác Cao, Màn Hình LCD, Công Nghệ Chống Nước IP54, Đo Nhiều Chế Độ. Bảo Hành 1 Đổi 1.",36 Đã bán,https://www.lazada.vn/products/pdp-i305448608.html,
Phụ kiện Máy tính,Patech Electronics,,,,-1,5,"Bàn Phím Cơ Có Dây Gaming Newmen GM326, LED Rainbow, Keycap Doubleshot Xuyên Led, Hotswap - Hàng Chính Hãng, Bảo Hành 24 Tháng",,https://www.lazada.vn/products/pdp-i2506465894.html,
Điện,I know tool,212.000 ₫,-56%,93280,,,"Đồng Hồ Vạn Năng Kỹ Thuật Số LCD I Know, Đồng Hồ Đo Điện Áp Ôm Kế AC DC-Quốc Tế",,https://www.lazada.vn/products/pdp-i2095478520.html,
Điện,,,,,,,Ổ Cắm USB Sáng Tạo Có Dây Nối Điện Đa Chức Năng Có Nút Bấm Sạc Thông Minh Dùng Trong Gia Đình Ổ Cắm Điện Mạnh,168 Đã bán,https://www.lazada.vn/products/pdp-i2997405324.html,
Điện,Taiye Electric,302.000 ₫,-26%,223480,-5,5,AC Điện Áp Kế Ampe Kế Power Meter Hệ Số Công Suất Tester Kỹ Thuật Số Hiển Thị Đồng Hồ Năng Lượng Wattmeter Thiết Lập Lại DL69-2047,,https://www.lazada.vn/products/pdp-i2032222836.html,
Điện,UNI-T Official Store,,,,,,Đồng Hồ Vạn Năng Kỹ Thuật Số UNI-T Đồng Hồ Đo Dòng Điện Điện Áp AC DC UT139C Máy Kiểm Tra Tần Số Nhiệt Độ RMS Thực Sự Cầm Tay Điện NCV,,https://www.lazada.vn/products/pdp-i2034496431.html,
Điện,Taiye Electric,502.000 ₫,-18%,411640,,,TUYA Máy Đo Thông Minh 1 Pha WIFI 2P 63A Din Rail Máy Đo Năng Lượng Điện Xoay Chiều 220V Máy Đo Dòng Điện Điện Áp KWH Đèn Nền,5 Đã bán,https://www.lazada.vn/products/pdp-i2034892604.html,
Thiết bị đeo thông minh,High luxury watches,999.999 ₫,-15%,849999,,,Sức khỏe ECG PPG Đồng hồ thông minh et450 ai chẩn đoán y tế đường huyết không thấm nước Đồng hồ trái tim Thiết bị đeo tay đồng hồ thông minh ES,,https://www.lazada.vn/products/pdp-i2616984580.html,
Phụ kiện Máy tính,Ali CUGI,999.999 ₫,-4%,959999,,,Bàn Phím Cơ Không Dây Bluetooth ZA63 Pro - Trục cơ Linear Hotswap 5 Pin - Pin sạc - LEG RGB cả phím và body ban  phim,,https://www.lazada.vn/products/pdp-i3015719503.html,
Dụng cụ đo lường,Asimeto Limited,,,,,,"Asimeto Basic Digital Calipers, 0-150/200/300Mm, Graduation 0.01mm",6 Đã bán,https://www.lazada.vn/products/pdp-i2711923378.html,
Phụ kiện Máy tính,KONG 3C STORE [vn],2.779.111 ₫,-30%,1945377,,,"Bàn phím chơi game không dây Attack Shark X85Pro Macro - Màn hình màu TFT, Có thể hoán đổi nóng, RGB, Bluetooth 5.0, Pin 4000mAh, Núm tùy chỉnh, Giá đỡ gioăng, dành cho PC/MAC, Công tắc Linear Blueberry",,https://www.lazada.vn/products/pdp-i2934136682.html,
Thiết bị đeo thông minh,XOSS,899.000 ₫,-44%,503440,-161,4.9,"Máy Đo Nhịp Tim XOSS, Dây Đeo Ngực Không Dây Bluetooth 4.0 Cảm Biến Nhịp Tim",190 Đã bán,https://www.lazada.vn/products/pdp-i1342982406.html,
Phụ kiện Máy tính,GlobalTechMart,1.147.000 ₫,-23%,883190,,,Bàn Phím Tiện Dụng Bluetooth Không Dây Aula Tarantula S99 - 98 Phím Chơi Game Văn Phòng Thiết Kế Hình Nhện Đa Chức Năng Với Đèn Nền RGB,,https://www.lazada.vn/products/pdp-i3128727182.html,
Thiết bị đeo thông minh,NineWind  Offical Shop.VN,999.999 ₫,-16%,839999,-34,4.5,NineWind P11 cộng với vòng đeo tay thông minh ECG không xâm lấn nhiệt độ đường huyết Nhịp tim Oxy máu huyết giám sát áp suất không thấm nước chuyển động đếm bước sức khỏe giám sát dữ liệu đồng hồ,42 Đã bán,https://www.lazada.vn/products/pdp-i2336841622.html,
Điện,THIẾT BỊ ĐIỆN HÙNG PHÁT,290.000 ₫,-35%,188500,-5,5,"Công tơ điện 1P 5(20)A,10(40)A dùng đo số điện phòng trọ,nhà ở",44 Đã bán,https://www.lazada.vn/products/pdp-i1667183182.html,
Phụ kiện điện thoại & máy tính bảng,GlobalLifestyle,363.000 ₫,-57%,156090,-246,5,Transformers 35W PD Sạc Nhanh TF-K21 GaN USB A + Loại C 2 Cổng Có Thể Gập Lại Có Đèn LED Dành Cho Samsung Huawei Qualcomm,905 Đã bán,https://www.lazada.vn/products/pdp-i3027676947.html,
Phụ kiện điện thoại & máy tính bảng,N6hHwUSJ,20.000 ₫,-40%,12000,-31,4.8,Cáp Sạc Nhanh 4 Trong 1 Sạc Chống Gẫy Chính Hãng Bảo Hành 12 tháng (tuandeptrai241091),111 Đã bán,https://www.lazada.vn/products/pdp-i2761312209.html,
Phụ kiện điện thoại & máy tính bảng,BEN BEN TPHCM,161.000 ₫,-50%,80500,-55,4.2,"[HÀNG TỐT] PIN SẠC DỰ PHÒNG 30000MAH MẶT KÍNH CƯỜNG LỰC CAO CẤP - PIN BỀN, SẠC NHANH, DÙNG CẢ NGÀY KHÔNG HẾT PIN, TUỔI THỌ PIN HƠN 999 LẦN SẠC",168 Đã bán,https://www.lazada.vn/products/pdp-i935348361.html,
Smartphones,HOANG MOBILE 47,3.145.000 ₫,-46%,1698300,-6,4.7,Điện thoại A56 5G siêu đẹp cấu hình ổn 8GB/256GB thiết kế trẻ trung camera AI chụp ảnh siêu đẹp,10 Đã bán,https://www.lazada.vn/products/pdp-i3191867537.html,
Điện thoại cơ bản,Hoàng Hà Mobile,810.000 ₫,-40%,486000,-27,4.9,"Điện thoại Viettel T2 4G 2,4"" - Chính hãng (lỗi 1 đổi 1 trong 100 ngày) (Dùng cho mọi nhà mạng)",92 Đã bán,https://www.lazada.vn/products/pdp-i2678176152.html,
Phụ kiện điện thoại & máy tính bảng,Lacepulse Store,64.000 ₫,-14%,55040,-1,5,Lacepulse 丨 20000mAh gạo đen điện siêu mỏng xách tay điện nguồn trung tính Quà Tặng đóng gói phổ sạc nhanh đầu ra USB kép cho Android /IP,9 Đã bán,https://www.lazada.vn/products/pdp-i3112997882.html,
Dụng cụ cầm tay & phụ kiện,Điện Hoàn Cầu,200.000 ₫,-1%,198000,,,Công tơ điện tử 1 pha 80A LS-Electric 4 thông số siêu chính xác có sơ đồ hướng dẫn đấu nối,22 Đã bán,https://www.lazada.vn/products/pdp-i2575282687.html,
Phụ kiện điện thoại & máy tính bảng,UEDENSHI_SHOP,,,,-47,5,Sạc dự phòng chính hãng lỗi mạch lấy cell pin 18650 dung lượng 2.500mah siêu tiết kiệm kinh phí,119 Đã bán,https://www.lazada.vn/products/pdp-i2304439784.html,
Phụ kiện điện thoại & máy tính bảng,THANH CONG PLUS,269.000 ₫,-45%,147950,-21,4.3,"Pin dự phòng pin 20000mAh trong suốt dung lượng lớn sạc nhanh 22,5W cho nhiều thiết bị điện thoại",104 Đã bán,https://www.lazada.vn/products/pdp-i2671719022.html,
Phụ kiện điện thoại & máy tính bảng,Shop Tuấn Tử Tế,100.000 ₫,-45%,55000,,,"[SS] Sạc dự phòng, Pin dự phòng 2 cổng USB Sạc nhanh,màu trắng nhỏ gọn tiện lợi ( (tuantute2410)",,https://www.lazada.vn/products/pdp-i3167830965.html,
Phụ kiện điện thoại & máy tính bảng,Linh Kiện Pin 247 HCM,145.000 ₫,-46%,78300,-11,5,"LK247 Mạch Sạc Nhanh Dự Phòng QC5A 22.5W Max Sạc Nhanh 2 Chiều Type-C tích hợp Bảo Vệ pin 3.7v 18650, 21700 pin lipo 10.000mah",47 Đã bán,https://www.lazada.vn/products/pdp-i3065523239.html,
Smartphones,MYSON MOBILE,,,,-60,4.8,"[ RẺ VÔ ĐỊCH ] điện thoại 4G Samsung Galaxy Note 9 ram 6G/128G Chính Hãng,  Chiến Game mượt, Chụp ảnh siêu đẹp - BBMB",83 Đã bán,https://www.lazada.vn/products/pdp-i2880862317.html,
Phụ kiện điện thoại & máy tính bảng,Siêu thị nhập khẩu Sakurato,500.000 ₫,-48%,260000,-574,4.9,"Sạc Pin Dự Phòng 50000mah Bảo hành 12 tháng Trong Suốt Có đồng hồ Hiển Thị Hiệu Điện Thế(V), Cường độ dòng điện(A) tích hợp 10 đèn Led",2.1K Đã bán,https://www.lazada.vn/products/pdp-i2894406649.html,
Phụ kiện điện thoại & máy tính bảng,CleverOfficial Store,132.000 ₫,-49%,67320,-68,4.6,⚡Miễn Phí Vận Chuyển⚡Pin Sạc Dự Phòng 1.5V AA / AAA 9800mAh Kèm 4 Pin Chất Lượng Cao Máy Sạc,215 Đã bán,https://www.lazada.vn/products/pdp-i3068616823.html,
Phụ kiện điện thoại & máy tính bảng,Inno Tech,165.000 ₫,-46%,89100,-182,4.7,"Sạc Dự Phòng 10000mah Cắm Sạc 20w Trực Tiếp, Sạc Cùng Lúc 2 Thiết Bị, Có Giá Kê Đứng Điện Thoại, Cổng Sạc Kép Đầu Ra",585 Đã bán,https://www.lazada.vn/products/pdp-i2554272186.html,
Phụ kiện,audio.net,599.000 ₫,-35%,389350,-2,5,Cáp Sạc Cuktech Hít Từ Tính 6A Màn Led 240w CMC615P - Bảo Hành 18 Tháng,11 Đã bán,https://www.lazada.vn/products/pdp-i3147097279.html,
Dụng cụ đo lường,minhhang90,,,,,,Đồng hồ đo dòng điện 1 chiều từ 0-50mA,19 Đã bán,https://www.lazada.vn/products/pdp-i1544401402.html,
Phụ kiện điện thoại & máy tính bảng,vneIcRnO.Selection,60.500 ₫,-23%,46585,-27,4.3,"Pin Sạc Dự Phòng Aimier Mini – Sạc Nhanh PD, Màn Hình LCD Hiển Thị, Nhỏ Gọn Dễ Mang Theo – Tương Thích Nhiều Cổng Sạc",2.3K Đã bán,https://www.lazada.vn/products/pdp-i3140914720.html,
Máy tính bảng,Bear appliances store,1.700.000 ₫,-18%,1394000,-1,5,"Máy tính bảng PSD 6S hệ thống Android 15, chip Snapdragon 888, RAM 16GB, dung lượng ROM 512GB siêu lớn, camera 24MP và 48MP độ phân giải cao, pin 15000mAh, hỗ trợ mạng di động 3/4/G, Bluetooth, GPS và các chức năng khác, mỏng nhẹ dễ mang theo cho việc",,https://www.lazada.vn/products/pdp-i3195710393.html,
Trang trí nhà cửa,TAO Home Décor,1.038.000 ₫,-12%,913440,,,Đồng Hồ Điện Tử LED Số Liệu Thời Gian Vạn Niên Không Đồng Hồ Báo Thức Sáng Tạo Phòng Khách Đồng Hồ Điện Tử Không Tiếng Hoạt Hình,615 Đã bán,https://www.lazada.vn/products/pdp-i2830961219.html,
Dụng cụ cầm tay & phụ kiện,MOTORBIKE 666,,,,,,"Đồng Hồ Đo Điện Ampe Kế ,Vôn Kế ,Điện Trở UT33D",5 Đã bán,https://www.lazada.vn/products/pdp-i3123003360.html,
Điện,EChipTECmall,408.600 ₫,-34%,269676,-1,5,Đồng Hồ Đo Điện Đa Năng Dòng Điện Và Điện Áp LCD Máy Kiểm Tra Đồng Hồ Hiển Thị Kỹ Thuật Số DC 7.5 -100V 0 -20A Vôn Kế Ampe Kế,8 Đã bán,https://www.lazada.vn/products/pdp-i1849004155.html,
Điện,ANENG  Store,280.706 ₫,-35%,182458,-30,5,ANENG Đồng Hồ Kẹp Đo Điện Kỹ Thuật Số Đồng Hồ Vạn Năng ST170 Vôn Kế Điện Xoay Chiều/DC 1999 Đếm 500A Kiểm Thử Đi-ốt Điện Dung NCV Ohm Hz,86 Đã bán,https://www.lazada.vn/products/pdp-i1585391076.html,
Nhà thông minh,Shopthuongmaisaigon,,,,,,Ổ cắm điều khiển từ xa 1 lệnh công suất: 2000 W,,https://www.lazada.vn/products/pdp-i2199866384.html,
Điện,SimpleProject Home,199.868 ₫,-13%,173885,-145,4.8,"Vôn Kế, Đồng Hồ Vạn Năng Kỹ Thuật Số Bỏ Túi AC/DC XB866-INTL",333 Đã bán,https://www.lazada.vn/products/pdp-i1089560157.html,
Điện,CH thiết bị đo điện Gex.vn,,,,-4,4.5,Công tơ điện tử 3 pha 1 biểu giá  trực tiếp 100A,23 Đã bán,https://www.lazada.vn/products/pdp-i2616535856.html,
Nhà thông minh,TechHome,2.950.000 ₫,-10%,2655000,-14,5,Loa thông minh Google Nest Audio mới nguyên seal,61 Đã bán,https://www.lazada.vn/products/pdp-i1279341427.html,
Điện,ĐIỆN TUẤN KHANG,1.550.000 ₫,-26%,1147000,,,"[NEXUS]Công Tơ Điện Tử và Cơ Điện Tử  3 Pha 4 Dây,Chính Hãng Có Giấy Kiểm Định, Công Suất 100A",,https://www.lazada.vn/products/pdp-i2697179308.html,
Smartphones,Samsung Store,11.990.000 ₫,-12%,10551200,-12,4.3,Điện thoại Samsung Galaxy A56 5G 12GB/256GB,69 Đã bán,https://www.lazada.vn/products/pdp-i3065380612.html,
Điện,Mao Yun,459.577 ₫,-45%,252767,-41,5,Máy Kiểm Tra Năng Lượng Điện Kỹ Thuật Số Mới 2021 Vôn Kế Ampe Kế Đồng Hồ Đo Năng Lượng Điện Áp Dòng Điện Xoay Chiều 50-300V Đồng Hồ Vôn Kế Màn Hình LED Đồng Hồ Vạn Năng 0-100A,88 Đã bán,https://www.lazada.vn/products/pdp-i1513594130.html,
Thiết bị đeo thông minh,Brand Super Deal,23.261.000 ₫,-86%,3256540,-42,5,HUAWEI | Đồng Hồ Thông Minh Thể Thao Chuyên Nghiệp Kính Sapphire Vỏ Titanium,,https://www.lazada.vn/products/pdp-i3225516531.html,
"Thiết bị sưởi, làm lạnh và thông gió",KHO GIA DỤNG QUANG BÁCH,370.000 ₫,-35%,240500,,,"ĐÈN SƯỞI NHÀ TẮM 3 BÓNG  KOTTMANN MODEL K3B-G, ĐÈN 3 BÓNG CONG CAMAC CM03A CÔNG SUẤT 825W. BÓNG ĐÈN SƯỞI  R125 CÔNG SUẤT 275W HÀNG ĐẸP LOẠI 1",,https://www.lazada.vn/products/pdp-i3109003394.html,
Điện,phukienlegiasi,120.000 ₫,-28%,86400,-2,5,Đồng Hồ Đo Vạn Năng Kỹ Thuật Số Tự Động Aneng DM850,6 Đã bán,https://www.lazada.vn/products/pdp-i2891356358.html,
Dụng cụ nhà bếp,ORIA,376.000 ₫,-12%,330880,-50,4.9,"ORIA Cân Milligram Kỹ Thuật Số 0.001 G/dải Cân Mini Kỹ Thuật Số Chuyên Nghiệp Chính Xác 0.006G-50G, Cân Bỏ Túi, Cân Hiệu Chuẩn 20G, Cân Thông Minh Điện Tử, 6 Đơn Vị, Màn Hình LCD Có Đèn Nền, Tare, tự Động Tắt, Thép Không Gỉ (Hàng Có Sẵn)",25 Đã bán,https://www.lazada.vn/products/pdp-i2053672778.html,
Thiết bị nhà bếp,Bear Home Electronics Appliances,2.583.000 ₫,-73%,697410,-250,4.9,BEAR | Nồi Sức Khỏe Đa Năng Nhỏ,6 Đã bán,https://www.lazada.vn/products/pdp-i3186236422.html,
Phụ kiện Máy tính,LOGITECH Flagship Store,159.000 ₫,-34%,104940,-1193,4.9,Chuột quang Logitech B100 | Logitech M90 - Dây dài 1m8,6.3K Đã bán,https://www.lazada.vn/products/pdp-i260194005.html,
Smartphones,Vie Smart Phone.vn,4.999.000 ₫,-20%,3999200,,,Điện Thoại Xiaomi Redmi Note 14 4G (8GB/256GB) Bản Quốc Tế Chính Hãng Mới Full Box Nguyên Seal Bảo Hành 18 Tháng,,https://www.lazada.vn/products/pdp-i3230857705.html,
Nhà thông minh,Techcoro,125.000 ₫,-36%,80000,-68,4.9,"Công Tắc điều khiển từ xa RF 30A - 220V,  khoảng cách lên tới 100m",314 Đã bán,https://www.lazada.vn/products/pdp-i2193598183.html,
Thiết bị nhà bếp,Bear Home Electronics Appliances,4.311.000 ₫,-77%,991530,-285,4.9,BEAR | Nồi Điện Đa Năng Di Động,13 Đã bán,https://www.lazada.vn/products/pdp-i3198759290.html,
Máy tính bảng,Bear appliances store,1.800.000 ₫,-22%,1404000,,,"Máy tính bảng mới V62 mỏng nhẹ, RAM 16GB+ROM 512GB, bộ nhớ siêu cao, camera ba 24MP và 48MP chất lượng cao, pin 15000mAh với thời gian sử dụng lâu, hệ điều hành Android 15, chip Snapdragon 888, hỗ trợ 4G/5G, WiFi, Bluetooth cho học tập, làm việc và xem",,https://www.lazada.vn/products/pdp-i3195175026.html,
Thiết bị nhà bếp,Bear Home Electronics Appliances,877.000 ₫,-62%,333260,-803,4.9,BEAR | Bình Đun Nước Điện Có Tính Năng Cách Nhiệt Dành Cho Gia Đình,18 Đã bán,https://www.lazada.vn/products/pdp-i3195028521.html,
Điện,Bull Socket,3.188.000 ₫,-58%,1338960,,,Bull | Ổ Cắm Thông Minh GaN Đa Cổng Đứng Trên Bàn,,https://www.lazada.vn/products/pdp-i3207494777.html,
Phụ kiện điện thoại & máy tính bảng,Pisen Official Store 1618388268,1.196.000 ₫,-30%,837200,,,"Sạc Dự Phòng Nhỏ Gọn 3IN1 | Tích Hợp 2 Cáp Sạc, Màn Hình Led Hiển Thị Pin, Tự Điều Chỉnh Dòng Điện Khi Sạc, Hỗ Trợ Sạc Iwatch, Phù Hợp Android/IOS, Tai Nghe | POWERLink Flex 22.5W | TP-D104 | Bảo Hành 24 Tháng | Bảo Hiểm 2 Triệu Đô Toàn Cầu Usb",,https://www.lazada.vn/products/pdp-i2962185134.html,
Smartphones,SAMSUNG Flagship Store,29.990.000 ₫,-27%,21892700,-724,4.9,"[SĂN SALE GIỮ CHUỖI 4.11] Điện thoại Samsung Galaxy Z Flip5 5G, Điện thoại AI, Bản lề Flex gập không kẽ hở, Flex cam đa góc độ",3.8K Đã bán,https://www.lazada.vn/products/pdp-i2351112090.html,
Smartphones,Samsung Store,4.490.000 ₫,-20%,3592000,-118,4.9,Điện Thoại Samsung Galaxy A06 5G 6GB/128GB,620 Đã bán,https://www.lazada.vn/products/pdp-i3059799002.html,
Phụ kiện Máy tính,,,,,,,Fun60 Gaming Mechanical Keyboard 61-Key Wired Wireless Bluetooth Low Latency Magnetic Switches Anti-Ghosting for Esports,18 Đã bán,https://www.lazada.vn/products/pdp-i3176075812.html,
Phụ kiện Máy tính,FL-Esports Authentic Store,3.819.000 ₫,-7%,3551670,,,Bàn phím cơ chơi game không dây FL-Esports CMK87SAM Marshmallow 3 Mode Wireless  RGB - Hotswap - Led RGB - 3 chế độ kết nối - Kailh Box switch - Hàng chính hãng,,https://www.lazada.vn/products/pdp-i2191066568.html,
Điện,METERK,5.487.217 ₫,-52%,2633864,,,Meterk Aneng mh14 Máy đo điện trở kỹ thuật số độ chính xác cao điện trở nối đất Điện áp đồng hồ đo,,https://www.lazada.vn/products/pdp-i2507612170.html,
Phụ kiện Máy tính,Punstore - Gear / Audio / Hitech,,,,-17,5,"Hàng Chính Hãng Rainy 75 - Bàn phím cơ RAINY75 Kết Nối 3 Mode, Full Nhôm, Led RGB, BH 12 Tháng",72 Đã bán,https://www.lazada.vn/products/pdp-i2531479912.html,
Phụ kiện điện thoại & máy tính bảng,z9PCM2GN,318.000 ₫,-16%,267120,-13,4.7,Pin sự Sạc Dự Phòng trong suốt sạc nhanh 50.000MAH đèn sạc nhiều thiết bị dung lượng 80000mah  lớn new có 4 dây,62 Đã bán,https://www.lazada.vn/products/pdp-i3096872818.html,
Điện thoại bàn,LeNgan _Store,,,,-31,4.9,"điện thoại A78 - A78 5G máy 2simram 8G/256G, Cấu hình mạnh đỉnh Cày PUBG/Liên Quân/Free Fire/Tiktok siêu mượt MS",31 Đã bán,https://www.lazada.vn/products/pdp-i3212697666.html,
Điện thoại cơ bản,LeNgan _Store,,,,-31,5,"[ RẺ VÔ ĐỊCH ] điện thoại Y56 5G 2sim ram 8G/256G Cấu hình siêu khủng, Cày game nặng mượt mà, Camera siêu nétncc",31 Đã bán,https://www.lazada.vn/products/pdp-i3213734246.html,
Điện thoại bàn,LeNgan _Store,,,,-30,5,sale sốc điện thoại A53 (8/256GB) |Cấu hình Cao Chiến mọi Game mượt -SMM,31 Đã bán,https://www.lazada.vn/products/pdp-i3212739599.html,
Điện thoại bàn,MYSON MOBILE,427.000 ₫,-30%,298900,-16,5,"[SỐC CỦA SALE] điện thoại A78 - A78 5G máy 2sim ram 8G/256G, Cấu hình mạnh đỉnh Cày PUBG/Liên Quân/Free Fire/Tiktok siêu mượt Máy đủ màu",32 Đã bán,https://www.lazada.vn/products/pdp-i3130124184.html,
Phụ kiện điện thoại & máy tính bảng,Shen Zhen 3C,300.000 ₫,-73%,81000,-1,1,Pin Sạc Dự Phòng mini pd 18w 5000mah Cho samsung iphone 15 14 13 12 pro max,14 Đã bán,https://www.lazada.vn/products/pdp-i3190028275.html,
Phụ kiện điện thoại & máy tính bảng,CHANG TAN,60.000 ₫,-70%,18000,-17,4.6,"SẠC GIÁ RẺ MẶT GƯƠNG LCD 30000MAH, HỖ TRỢ SẠC NHANH KÈM CÁP SẠC NGẮN",30 Đã bán,https://www.lazada.vn/products/pdp-i3162831752.html,
Điện,FTP Mobie,249.000 ₫,-34%,164340,-84,4.8,Thiết bị đo công suất 100A 220V công tơ điện tử màn hình LCD hiển thị 6 thông số đồng hồ điện tử,373 Đã bán,https://www.lazada.vn/products/pdp-i789924037.html,
Phụ kiện điện thoại & máy tính bảng,CHANG TAN,120.000 ₫,-48%,62400,-83,4.6,"[GIÁ SỐC] PIN DỰ PHÒNG DUNG LƯỢNG 30.000MAH - SẠC DỰ PHÒNG MẶT GƯƠNG CAO CẤP - PIN DỰ PHÒNG, CỤC SẠC DỰ PHÒNG HỖ TRỢ SẠC NHANH, SẠC NHIỀU THIẾT BỊ CÙNG LÚC, 2 CỔNG SẠC TIỆN LỢI",131 Đã bán,https://www.lazada.vn/products/pdp-i3063357216.html,
Phụ kiện điện thoại & máy tính bảng,N6hHwUSJ,100.000 ₫,-45%,55000,-2,5,[SS] SẠC DỰ PHÒNG CAO CẤP MÀN HÌNH GƯƠNG - 2 CỔNG SẠC NHANH + ĐÈN LED SIÊU SÁNG ( (tuandeptrai241091),,https://www.lazada.vn/products/pdp-i3167891081.html,
Dụng cụ đo lường,KIPRUN,301.000 ₫,-46%,162540,-170,4.7,"Ampe Kế AC/DC Đồng Hồ Đo Điện Áp Ohm Multimetro Có Cặp Nhiệt Điện, Đèn Nền LCD AN8205C-INTL",224 Đã bán,https://www.lazada.vn/products/pdp-i834942011.html,
Điện,ANENG  Store,225.210 ₫,-35%,146386,-3,5,Aneng Đồng hồ vạn năng thông minh mini M115 4000 đếm kỹ thuật số DC/Đồng hồ đo điện áp xoay chiều vạn năng Ohm NCV dụng cụ kiểm tra điện trở,5 Đã bán,https://www.lazada.vn/products/pdp-i3131567196.html,
Dụng cụ điện & phụ kiện,GlobalWonderShop,473.000 ₫,-23%,364210,,,Bộ Dụng Cụ Hàn Điện Mini Kỹ Thuật Số Hiển Thị USB Sạc Không Dây Tiện Dụng Cho Sửa Chữa Thiết Bị Gia Dụng,130 Đã bán,https://www.lazada.vn/products/pdp-i3233353999.html,
Phụ kiện điện thoại & máy tính bảng,Vention Franchised Store,998.000 ₫,-43%,568860,-19,5,Vention 10000mAh 35W Sạc Dự Phòng - Dây Type-C Tích Hợp - Sạc Nhanh PD PPS - Thiết Kế Nhỏ Gọn - Đủ Tiêu Chuẩn Lên Máy Bay - Chính Hãng,39 Đã bán,https://www.lazada.vn/products/pdp-i2842177786.html,
Điện,Global Merch Park,273.000 ₫,-23%,210210,-4,5,4 Chữ Số Kỹ Thuật Số Khuếch Đa Năng Điện Có Còi 3 Trong 1 Điện Áp Dòng Điện Công Cụ Đo Lường,14 Đã bán,https://www.lazada.vn/products/pdp-i2720960642.html,
Điện,GlobalLifestyle,631.000 ₫,-35%,410150,,,Đồng Hồ Vạn Năng Kỹ Thuật Số RZ Multimetro Ampe Kế Vôn Kế Có Đèn Nền Máy Đo Tần Số Điện Trở Diode Công Cụ Đo Điện,,https://www.lazada.vn/products/pdp-i3218841194.html,
Điện,GlobalTechMart,374.000 ₫,-23%,287980,,,Máy Đo Tần Số Kỹ Thuật Số DIY Với Vỏ Trong Suốt 1Hz Đến 50 MHz Máy Kiểm Tra Dao Động Tinh Thể Công Cụ Đo Điện,,https://www.lazada.vn/products/pdp-i3163983869.html,
Điện,ANENG  Store,397.417 ₫,-35%,258321,-60,4.8,ANENG Đồng Hồ Vạn Năng Kỹ Thuật Số SZ08 Đồng Hồ Đo Chuyên Nghiệp Lưu Trữ Siêu Mỏng Vôn Kế Tự Động Máy Kiểm Tra Cầm Tay Điện Trở AC DC 220V,138 Đã bán,https://www.lazada.vn/products/pdp-i1597073874.html,
Điện,Taiye Electric,317.000 ₫,-6%,297980,,,Đồng Hồ Đo Điện DC Điện Áp Và Dòng Điện Màn Hình Hiển Thị Số Lượng Điện LCD Màn Hình Hiển Thị Kỹ Thuật Số 12V 600V 20A 50A 100A,,https://www.lazada.vn/products/pdp-i2067156023.html,
Phụ kiện Máy tính,krh383,999.999 ₫,-3%,969999,,,Aigo A100 gaming mechanical keyboard 2.4g wireless USB Type-C wired Blue switch 100 key hot swap rechargeable gamer keyboard,,https://www.lazada.vn/products/pdp-i2600008778.html,
Phụ kiện Máy tính,Phan Computer,1.010.000 ₫,-15%,858500,,,"Bàn phím cơ LANGTU T98 kết nối 3 chế độ, có màn hình led, công nghệ Hotswap dành cho game thủ và văn phòng",,https://www.lazada.vn/products/pdp-i3202429358.html,
Phụ kiện Tivi & thiết bị video,FmzWuP.Selection,20.100 ₫,-33%,13467,-1688,4.9,"Điều Khiển Từ Xa TV 4K Thông Minh (Nền Đen) – Chất Liệu ABS An Toàn, Thân Thiện Môi Trường & Bền Bỉ Cho Gia Đình!",8.5K Đã bán,https://www.lazada.vn/products/pdp-i2890678668.html,
Phụ kiện Máy tính,VintageLifestyle_VN,3.090.000 ₫,-3%,2997300,,,"Bàn phím cơ không dây AKKO 5108B Plus the Legend of Hei có LED RGB hotswap, kết nối bluetooth, 2.4g, có dây",,https://www.lazada.vn/products/pdp-i2016457811.html,
Phụ kiện điện thoại & máy tính bảng,Anker Official Store,1.290.000 ₫,-9%,1173900,-5,5,"Sạc dự phòng Anker PowerBank, 20,000mAh Portable Charger with Built-in USB-C Cable,87W Max Fast Charging USB C Power Bank A1383",12 Đã bán,https://www.lazada.vn/products/pdp-i3161826280.html,
Phụ kiện Máy tính,i1fyeu,,,,,,"K68 Không Dây Bàn Phím Cơ Khí, Bluetooth 5.0/2.4Ghz Với 2-Trong-1 Receiver, 68-Key Bàn Phím Chơi Game, Cho PC Mac X điện thoại thông minh",,https://www.lazada.vn/products/pdp-i2640633575.html,
Phụ kiện Máy tính,Logitech G Gaming,4.999.000 ₫,-17%,4149170,,,"Bàn phím cơ gaming Logitech G715 TKL Aurora - Bluetooth & Lightspeed, RGB, 2 switch, PC, Mac, Laptop",,https://www.lazada.vn/products/pdp-i2228541554.html,
Phụ kiện Máy tính,VintageLifestyle_VN,6.990.000 ₫,-11%,6221100,,,"Bàn phím cơ không dây bluetooth, 2.4G Mojo 68 Plastic hồng ngọt ngào MelGeek chính hãng LED RGB có thể hotswap",,https://www.lazada.vn/products/pdp-i2242812542.html,
Smartphones,Nubia Redmagic,6.990.000 ₫,-6%,6570600,-11,5,Điện thoại Gaming Nubia Neo 3 GT 5G 24(12+12)GB I 256GB I Màn OLED 1300nits I Pin 6000mAh sạc 80w I Game Space - Hàng Chính Hãng,26 Đã bán,https://www.lazada.vn/products/pdp-i3078995505.html,
Thiết bị nhà bếp,Tefal Flagship Store,890.000 ₫,-26%,658600,-33,4.8,Bình đun Tefal 1.5L KO1408E0 - Black,180 Đã bán,https://www.lazada.vn/products/pdp-i2834697740.html,
Vệ sinh nhà cửa,Dyson,15.990.000 ₫,-11%,14231100,-1,5,[BRAND DAY 6.11: VC 15% Tối đa 1.5 Triệu] Máy hút bụi lau nhà Dyson Digital Slim Submarine™ (Khô và Uớt),,https://www.lazada.vn/products/pdp-i3160109696.html,
Thiết bị đeo thông minh,SAMSUNG Flagship Store,,,,-2,5,"[SĂN SALE GIỮ CHUỖI 4.11] Đồng hồ thông minh Samsung Galaxy Watch8 Classic, Galaxy AI, Vòng xoay bezel vật lý, 46mm",36 Đã bán,https://www.lazada.vn/products/pdp-i3141474220.html,
Phụ kiện điện thoại & máy tính bảng,SeasTina MALL,104.000 ₫,-50%,52000,-38,3.7,"SeasTina mini pin sạc dự phòng với bốn được xây dựng trong cáp, 20000mAh dung tích lớn đồ sạc di động",88 Đã bán,https://www.lazada.vn/products/pdp-i3138859648.html,
Smartphones,Xiaomi Official Store,14.990.000 ₫,-3%,14540300,,,"[New] Xiaomi 15T | Thiết kế thân máy bo tròn thanh lịch | Màn hình 6.83"" bảo vệ mắt cùng tần số quét 120Hz | Xiaomi HyperAI | Sạc nhanh HyperCharge 67W | Pin bền bỉ 5500mAh (typ)",19 Đã bán,https://www.lazada.vn/products/pdp-i3181270769.html,
Phụ kiện điện thoại & máy tính bảng,Rocoren Official Store,1.590.000 ₫,-50%,795000,-52,5,Rocoren 20000MAh pd65w sạc dự phòng vỏ kim loại Ban Đầu Nhanh Chóng Sạc Màn hình LED kỹ thuật số USB C đồ sạc di động Powerbank bộ sạc ngoài Tương Thích Xiaomi 13 12 Cho iPhone 15 14 13 Pro Max Samsung S24 S23 Siêu,130 Đã bán,https://www.lazada.vn/products/pdp-i2929986612.html,
Phụ kiện Máy tính,XSmart Store,1.900.000 ₫,-32%,1292000,-7,4.1,"Bàn Phím Cơ Bluetooth Không Dây K86 RGB PRO VIP Có Màn Hình, App Tùy Chỉnh HOTSWAP 5 Pin, Lót Foam",15 Đã bán,https://www.lazada.vn/products/pdp-i2422622401.html,
Phụ kiện Máy tính,FL-Esports Authentic Store,3.390.000 ₫,-15%,2881500,,,Bàn phím cơ chơi game có dây FLEsport GP108CP Blackish Green - Gasket Mount RGB - Hotswap - Led RGB - Kết nối USB - Kailh Box switch - Hàng chính hãng,,https://www.lazada.vn/products/pdp-i1966502838.html,
Phụ kiện Máy tính,vintagelifestyle,3.590.000 ₫,-26%,2656600,,,"Bàn phím cơ AKKO 5108B Plus 108 phím My Sweet Piano có hotswap, 3 kiểu kết nối bluetooth, 2.4g, có dây",,https://www.lazada.vn/products/pdp-i3175466791.html,
Phụ kiện Máy tính,BẢO HÂN TREASURES COMPUTER,,,,,,Bàn phím vi tính Keychron L1-M3 L1 Swappable RGB Backlight Brown Switch Knob Version - Black - Hàng Chính Hãng,,https://www.lazada.vn/products/pdp-i2924775038.html,
Phụ kiện điện thoại & máy tính bảng,UGREEN,900.000 ₫,-40%,540000,-5,5,Pin sạc dự phòng 10000mAh Ugreen | Sạc nhanh PD 20W | Kèm cáp sạc USB-C | Bảo hành 18 tháng 1 đổi 1 45423,8 Đã bán,https://www.lazada.vn/products/pdp-i2955954852.html,
Phụ kiện Máy tính,BẢO HÂN TREASURES COMPUTER,,,,,,Bàn phím vi tính Keychron Q1M/ Q1 Max Swappable RGB Backlight Knob Version - Hàng Chính Hãng,,https://www.lazada.vn/products/pdp-i2923629603.html,
Phụ kiện Máy tính,HAWEEL.Achoice-VN,15.000 ₫,-33%,10050,-2651,4.9,"Thảm bàn PU Mouse Pad hai mặt, Kích thước: 60 x 30cm",8.6K Đã bán,https://www.lazada.vn/products/pdp-i2518438457.html,
Smartphones,Nguyên Lê Store,1.200.000 ₫,-46%,648000,-43,4.9,điện thoại SS.A10s 2sim ram 3G bộ nhớ trong 32GB nguyên zin đẹp keng,107 Đã bán,https://www.lazada.vn/products/pdp-i3139382615.html,
Phụ kiện điện thoại & máy tính bảng,NOBAHSI,102.000 ₫,-14%,87720,-22,4.9,Pin Sạc 20000mah sạc nhanh 20W nhỏ gọn có sẵn dây sạc điện thoại,67 Đã bán,https://www.lazada.vn/products/pdp-i3189163339.html,
Phụ kiện điện thoại & máy tính bảng,BEN BEN TPHCM,1.074.000 ₫,-93%,75180,-73,4.8,"[MIỄN SHIP TOÀN QUỐC] SẠC DỰ PHÒNG CAO CẤP DUNG LƯỢNG 30000MAH - PIN DỰ PHÒNG MÀN HÌNH GƯƠNG BÓNG GIÁ RẺ 2 CỔNG SẠC, TẶNG KÈM CÁP SẠC - PIN SẠC DỰ PHÒNG THÔNG MNIH",100 Đã bán,https://www.lazada.vn/products/pdp-i2377899078.html,
Phụ kiện điện thoại & máy tính bảng,ELLYN.E SHOP,180.000 ₫,-56%,79200,-70,4.5,[FREESHIP] SẠC DỰ PHÒNG MẶT ĐEN CAO CẤP 20000MAH DUNG LƯỢNG KHỦNG - PIN DỰ PHÒNG CÓ MÀN HÌNH LCD HIỂN THỊ PHÂN TRĂM PIN + 2 CỔNG RA ĐÈN LED SIÊU SÁNG - PIN SẠC DỰ PHÒNG CAO CẤP,162 Đã bán,https://www.lazada.vn/products/pdp-i3039889837.html,
Phụ kiện điện thoại & máy tính bảng,AUGUST-MALL ZERO,,,,-4,5,Pin sạc dự phòng 60000mah  sạc nhanh 22w/120w có sẵn dây cho nhiều điện thoại,8 Đã bán,https://www.lazada.vn/products/pdp-i3197360787.html,
Máy tính bảng,Đèn Led Thúy Nga,,,,-35,4.8,"Nguồn adapter sony 19,5v - 4,7A",119 Đã bán,https://www.lazada.vn/products/pdp-i1849768047.html,
Phụ kiện điện thoại & máy tính bảng,JasmineStyle,86.000 ₫,-49%,43860,-12,4.5,"Jasminestyle mini pin sạc dự phòng với bốn được xây dựng trong cáp, 20000mAh dung tích lớn đồ sạc di động",46 Đã bán,https://www.lazada.vn/products/pdp-i3126954256.html,
Phụ kiện điện thoại & máy tính bảng,QP STORE.VN,300.000 ₫,-37%,189000,-235,4.8,"Sạc dự phòng TAKASHIO, sạc dự phòng không dây TAKASHIO 20.000mah- QP STORE",698 Đã bán,https://www.lazada.vn/products/pdp-i2335323522.html,
Phụ kiện điện thoại & máy tính bảng,GUTEK,240.000 ₫,-47%,127200,-110,4.8,Sạc dự phòng 20000mah 10000mah sạc nhanh pin dung lượng lớn có dây sạc cho điện thoại - Gutek YM833,300 Đã bán,https://www.lazada.vn/products/pdp-i2945755163.html,
Dụng cụ cầm tay & phụ kiện,Smart Room,,,,-19,4.9,Đồng hồ vạn năng điện tử ZOYI ZT102 đồng hồ đa năng kỹ thuật số màn hình LCD ZT 102,91 Đã bán,https://www.lazada.vn/products/pdp-i1993688449.html,
Trường học & văn phòng,MMLUCK,82.000 ₫,-24%,62320,,,MMLUCK Thuận tiện Cầm tay Cầm tay Máy đếm Màn hình điện tử Tay LCD Kỹ thuật số,,https://www.lazada.vn/products/pdp-i3074652489.html,
Dụng cụ cầm tay & phụ kiện,KUAIQU,4.765.564 ₫,-49%,2430437,,,【Có sẵn】 UNI-T ut61e + ut61bplus Đồng hồ vạn năng kỹ thuật số chuyên nghiệp DC AC 1000V dòng điện áp RMS thật đa thử nghiệm 22000 đếm NCV hFE Phạm vi tự động,,https://www.lazada.vn/products/pdp-i2336721473.html,
Dụng cụ cầm tay & phụ kiện,YIERYI,595.538 ₫,-50%,297769,-1,5,Yieryi Công Cụ Tìm Góc Kỹ Thuật Số Đo 360 Độ Mini Máy Đo Độ Nghiêng Thước Đo Kỹ Thuật Số Từ Góc Cube Điện Tử Cấp Box Kỹ Thuật Số Giác Kê Với Màn Hình LCD,,https://www.lazada.vn/products/pdp-i2186630237.html,
Dụng cụ cầm tay & phụ kiện,ZOYI Tools,,,,-1,5,Đồng Hồ Đo Điện Vạn Năng Zoyi ZT-101 Đo Điện Đa Năng Hiển Thị Kỹ Thuật Số Hàng Chính Hãng - Bảo Hành 12 Tháng,,https://www.lazada.vn/products/pdp-i2846181114.html,
Dụng cụ đo lường,Xtools Store,322.000 ₫,-30%,225400,-3,5,"Đồng hồ đo điện vạn năng TOTAL TMT460012 có tính ứng dụng cao. Đồng hồ vạn năng màn hình LCD 2000 số đếm, đo điện AC/DC lên đến 600V, 10A, 20MΩ kèm chức năng báo pin thấp - [xtools][chính hãng]",,https://www.lazada.vn/products/pdp-i1965296452.html,
Điện,GlobalLifestyle,284.000 ₫,-50%,142000,-3,5,ANENG SZ202 Vạn Năng Kỹ Thuật Số 1999 Tính AC/DC Bút Thử Điện Áp 10A Hiện Tại Máy Đo Điện Trở Tụ Điện NCV Bút Thử Cho DIY Dụng Cụ Điện,17 Đã bán,https://www.lazada.vn/products/pdp-i3118314954.html,
Điện,shopxuanvn,85.000 ₫,-31%,58650,-77,4.8,Ổ điện đa năng có cổng sạc USB,296 Đã bán,https://www.lazada.vn/products/pdp-i1991539356.html,
Điện,Charming House,185.000 ₫,-5%,175750,-43,4.6,"Đồng hồ đo điện vạn năng VOM Samwa KH-965 kèm pin chuyên đo dòng điện, đo tụ, đo điện trở kiểm tra điều khiển từ xa",153 Đã bán,https://www.lazada.vn/products/pdp-i1219840618.html,
Phụ kiện Máy tính,HOSAN OFFICIAL,1.500.000 ₫,-37%,945000,-3,5,"Bàn Phím Cơ Bluetooth Không Dây Attack Shark X85 - Bàn Phím Gaming Led RGB, Hotswap, 3 Mode Kết Nối",5 Đã bán,https://www.lazada.vn/products/pdp-i2793501039.html,
Nhà thông minh,Global Merch Park,242.000 ₫,-50%,121000,-361,4.9,Tuya WIFI Ổ Cắm Thông Minh EU 16A/20A Có Giám Sát Nguồn Điện Điều Khiển Giọng Nói Hỗ Trợ Cho Nhà Thông Minh Alexa Zigbee3.0 Tương Thích Không Nối Đất Phích Cắm Điện,4.0K Đã bán,https://www.lazada.vn/products/pdp-i2752079139.html,
Điện,cosmetics.beauty,428.000 ₫,-57%,184040,-1,5,Công Tơ Điện 1 Pha Thông Minh D52-2066 - Đồng Hồ Điện Tử Gia Đình 220V 5-60A - Màn Hình LCD Hiển Thị Số,,https://www.lazada.vn/products/pdp-i3178087615.html,
Thiết bị nhà bếp,PAIFA.Selection,85.700 ₫,-38%,53134,-1207,4.9,"Máy đánh trứng cầm tay , bằng điện , nhiều đầu tiện dụng , dành cho gia đình",3.4K Đã bán,https://www.lazada.vn/products/pdp-i2519407671.html,
Phụ kiện điện thoại & máy tính bảng,ELLYN.E SHOP,180.000 ₫,-56%,79200,-47,4.5,[BẢO HÀNH 1 ĐỔI 1] - PIN DỰ PHÒNG LCD MẶT GƯƠNG DUNG LƯỢNG 30000MAH - SẠC DỰ PHÒNG CÓ ĐÈN LED HIỂN THỊ DUNG LƯỢNG PIN - HỖ TRỢ SẠC NHANH,58 Đã bán,https://www.lazada.vn/products/pdp-i3045249004.html,
"Thiết bị sưởi, làm lạnh và thông gió",SHOP NHẬT PHONG,2.100.000 ₫,-33%,1407000,-117,4.9,"(0 Đồng phí vận chuyển)Quạt tích điện,quạt năng lượng mặt trời ,Solar Fan JD-118F dạng nằm chân quỳ,động cơ không chổi than chạy êm gió mạnh bền gấp đôi động cơ thường,phần trăm hiển thị pin, 12 Chế Độ Gió,Tấm Pin Dây Dài gần 5M,Củ Sạc Điện 22 0",551 Đã bán,https://www.lazada.vn/products/pdp-i1473506690.html,
Phụ kiện Máy tính,BOSSGEAR,1.200.000 ₫,-8%,1104000,,,"Bàn Phím Cơ Attack Shark K86 RGB, 3 Modes , Có màn Hình, Núm Vặn, Hot Swap 5 Chân",,https://www.lazada.vn/products/pdp-i2421131113.html,
Phụ kiện Máy tính,RAZER,4.990.000 ₫,-16%,4191600,-1,1,Bàn Phím Gaming Razer Huntsman V3 Pro Mini 61 Phím | Analog Optical Switch | Switch Cơ Gen-2 |PBT Doubleshot | Led RGB,,https://www.lazada.vn/products/pdp-i2470680131.html,
Phụ kiện điện thoại & máy tính bảng,Inno Tech,225.000 ₫,-60%,90000,-186,4.8,"Sạc Dự Phòng 10000mah Sạc Trực Tiếp Dây 15w, Kích Cỡ Viên Pin, Sạc 2 Điện Thoại Cùng Lúc, Thanh Đỡ Điện Thoại Xem Phim",620 Đã bán,https://www.lazada.vn/products/pdp-i2538264043.html,
Phụ kiện Máy tính,GiaPhuc Digital,4.690.000 ₫,-17%,3892700,,,"Bàn phím cơ gaming không dây Logitech G715 TKL - Bluetooth và Lightspeed, RGB, kèm kê tay, 2 loại switch, tương thích PC, Mac, Laptop",,https://www.lazada.vn/products/pdp-i2093472552.html,
Điện,Global Merch Park,791.000 ₫,-23%,609070,-7,4.7,ZOYI ZT-102L Vạn Năng Kỹ Thuật Số Nhỏ Gọn Độ Chính Xác Cao Phạm Vi Tự Động Điện Cảm Đồng Hồ Đo Vạn Năng Cho Điện DIY Dự Án 1000V AC/750V DC,,https://www.lazada.vn/products/pdp-i2722610338.html,
Thiết bị nhà bếp,Bermoon,898.000 ₫,-36%,574720,,,Bear QSJ-B03L5 Máy băm thịt tự động đa chức năng điện gia dụng bằng thép không gỉ,,https://www.lazada.vn/products/pdp-i2625026793.html,
Phụ kiện Máy tính,CP Peripheral.VN,2.240.000 ₫,-30%,1568000,,,"Bàn phím cơ Eweadn X87, Bluetooth, thiết bị ngoại vi không dây có ba chế độ, 2.4G, đèn RGB tích hợp, không rung, mới 2024 ra mắt",,https://www.lazada.vn/products/pdp-i2678054230.html,
Phụ kiện điện thoại & máy tính bảng,ZAPLY,420.000 ₫,-33%,281400,-28,4.6,(Tặng cáp sạc nhanh) Nguồn điện di động 50000mAh 80000mAh Sạc nhanh 120W Pin dung lượng lớn có thể sạc nhiều dây,86 Đã bán,https://www.lazada.vn/products/pdp-i3183751770.html,
Dụng cụ đo lường,Phụ kiện Hoàng Huy,70.000 ₫,-21%,55300,-2,5,Đồng hồ đo vạn năng DT830D,,https://www.lazada.vn/products/pdp-i2921140038.html,
Phụ kiện điện thoại & máy tính bảng,Phucvudoisong,67.000 ₫,-24%,50920,-76,4.8,"Mạch sạc dự phòng QC 3.0 loại tốt. Có LCD hiển thị, 3 cổng vào 2 cổng ra chuẩn hãng ,DIY Sạc dự phòng",221 Đã bán,https://www.lazada.vn/products/pdp-i2066376915.html,
Phụ kiện điện thoại & máy tính bảng,ELLYN.E SHOP,180.000 ₫,-56%,79200,-38,4.7,"SẠC DỰ PHÒNG MẶT GƯƠNG 30000MAH - PIN DỰ PHÒNG MẶT GƯƠNG ĐEN, 2 CỔNG SẠC, CÓ ĐÈN LED CHIẾU SÁNG - PIN DỰ PHÒNG TRÂU GIÁ RẺ , SALE SỐC - PIN SẠC DỰ PHÒNG XÃ KHO",43 Đã bán,https://www.lazada.vn/products/pdp-i3044793890.html,
Phụ kiện điện thoại & máy tính bảng,Phụ Kiện Công Nghệ KDTi,120.000 ₫,-29%,85200,-1,5,Sạc Dự Phòng - Pin Đa Năng với Công Suất 5.000mAh - Sạc Nhanh cổng sạc USB và Type-C tích hợp dây sạc,,https://www.lazada.vn/products/pdp-i3080338204.html,
Phụ kiện điện thoại & máy tính bảng,CHANG TAN,180.000 ₫,-57%,77400,-69,4.6,"[PIN TRÂU 30000MAH] SẠC DỰ PHÒNG CAO CẤP 30.000MAH THIẾT KẾ MÀN HÌNH GƯƠNG CỰC SANG TRỌNG, 2 CỔNG SẠC NHANH,ĐÈN LED SIÊU SÁNG TẦM NHÌN TỐT, SẠC DỰ PHÒNG AN TOÀN CHO MỌI DÒNG ĐIỆN THOẠI",87 Đã bán,https://www.lazada.vn/products/pdp-i2620556140.html,
Phụ kiện điện thoại & máy tính bảng,VUA BÁN LẺ 88,28.800 ₫,-44%,16128,-54,4.8,Box sạc dự phòng 1 pin (không pin),303 Đã bán,https://www.lazada.vn/products/pdp-i391834353.html,
Phụ kiện điện thoại & máy tính bảng,MH GIA DỤNG,1.072.000 ₫,-93%,75040,-208,4.2,"SẠC DỰ PHÒNG MẶT GƯƠNG ĐEN 30000MAH - PIN DỰ PHÒNG , PIN TRÂU GIÁ TỐT - PIN SẠC DỰ PHÒNG CAO CẤP, MẶT GƯƠNG ĐEN NHIỀU MÀU SẮC - SẠC DỰ PHÒNG 30.000MAH DUNG LƯỢNG KHỦNG, SẠC NHANH, CÓ ĐÈN LED",406 Đã bán,https://www.lazada.vn/products/pdp-i3001213030.html,
Thiết bị theo dõi GPS & Phụ kiện,807Txb21-2.Selection,19.500 ₫,-33%,13065,-640,4.8,"Thiết Bị Chống Thất Lạc Bluetooth Thông Minh Hình Giọt Nước – Kết Nối Hai Chiều, Định Vị Nhanh, Dễ Sử Dụng",1.9K Đã bán,https://www.lazada.vn/products/pdp-i2542129632.html,
Phụ kiện điện thoại & máy tính bảng,Linkee,88.000 ₫,-56%,38720,-355,4.5,Hỗ Trợ Sạc Không Dây Qi Miếng Dán Cho iPhone 7 6 Cộng Với Micro USB Loại C Phổ Quát Nhanh Sạc Không Dây Bộ Chuyển Đổi Đầu Thu Cuộn Dây,877 Đã bán,https://www.lazada.vn/products/pdp-i528582350.html,
Phụ kiện điện thoại & máy tính bảng,z9PCM2GN,585.000 ₫,-29%,415350,-14,4.2,Sạc dự phòng 90000mAh sạc nhanh 120W pin PD20W dung lượng lớn có dây cắm nhiều điện thoại LED,34 Đã bán,https://www.lazada.vn/products/pdp-i3097575739.html,
Phụ kiện điện thoại & máy tính bảng,YOUNA,85.394 ₫,-44%,47820,-4,5,YOUNA 1 chiếc sạc pin khẩn cấp USB 4 AA sạc điện thoại thông dụng di động,15 Đã bán,https://www.lazada.vn/products/pdp-i2974981681.html,
Phụ kiện điện thoại & máy tính bảng,CHANG TAN,160.000 ₫,-50%,80000,-101,4.6,Bộ Sạc Dự Phòng 30000mAh Mặt Gương Đen Dual USB Tặng LED Chụp Sáng - Phụ Kiện Điện Thoại Trâu Giá Rẻ,160 Đã bán,https://www.lazada.vn/products/pdp-i3058837005.html,
Phụ kiện điện thoại & máy tính bảng,Nam Hoài,155.000 ₫,-4%,148800,-23,4.7,Box Sạc Dự Phòng 4 Cell Pin 18650 Sạc Nhanh 22.5W Mẫu Mới X4 Tháo Lắp Dể Dàng(Không gồm pin),42 Đã bán,https://www.lazada.vn/products/pdp-i2906277113.html,
Phụ kiện điện thoại & máy tính bảng,BEN BEN TPHCM,170.000 ₫,-53%,79900,-75,4.8,"SẠC DỰ PHÒNG MẶT GƯƠNG ĐEN CAO CẤP DỤNG LƯỢNG 30000MAH - PIN DỰ PHÒNG MẶT ĐEN BÓNG THIẾT KẾ 2 CỔNG SẠC HÔNG - PIN SẠC DỰ PHÒNG GIÁ RẺ CHẤT LƯỢNG, CÓ ĐÈN LED CHIẾU SÁNG TIỆN DỤNG - SẠC DỰ PHÒNG GIÁ TỐT",93 Đã bán,https://www.lazada.vn/products/pdp-i3055702566.html,
Phụ kiện điện thoại & máy tính bảng,Inno Tech,169.000 ₫,-47%,89570,-241,4.6,"Sạc Dự Phòng 10000mah Không Dây, Sạc 2 Thiết Bị Cùng Lúc, Có Giá Đỡ ĐT, Dùng Trường Hợp Khẩn Cấp",697 Đã bán,https://www.lazada.vn/products/pdp-i2412411125.html,
Phụ kiện điện thoại & máy tính bảng,CHANG TAN,190.000 ₫,-55%,85500,-241,4.2,"PIN DỰ PHÒNG 20000MAH CAO CẤP - SẠC DỰ PHÒNG MINI 4IN1 THIẾT KẾ HIỆN ĐẠI SANG TRỌNG - PIN SẠC DỰ PHÒNG TÍCH HỢP 2 ĐÈN LED , HIỂN THỊ PHẦN TRĂM PIN, BH 1 ĐỔI 1 TROG VÒNG 7 NGÀY",585 Đã bán,https://www.lazada.vn/products/pdp-i2620525339.html,
Phụ kiện điện thoại & máy tính bảng,Phát Đạt Phụ Kiện,170.000 ₫,-34%,112200,-264,4.9,Sạc Dự Phòng HOCO 10.000mAh-J100(J82),834 Đã bán,https://www.lazada.vn/products/pdp-i2530308876.html,
Điện,TRA MY SHOP 1620117605,390.000 ₫,-50%,195000,,,"Thiết Bị Siêu Tiết Kiệm Điện Nhật Bản – Mẫu Mới, Giảm Đến 30% Hóa Đơn Điện",,https://www.lazada.vn/products/pdp-i3176808520.html,
Điện,TAO Hard Tools,297.000 ₫,-39%,181170,-49,4.7,Thiết Bị Đo Điện ANENG DT3266L Tốc Độ Cao Độ Chính Xác Cao Công Cụ Điện Tử Đa Năng Dòng Điện Xoay Chiều Và Không Gian,379 Đã bán,https://www.lazada.vn/products/pdp-i2524356164.html,
"Thiết bị sưởi, làm lạnh và thông gió",GlobalLifestyle,600.000 ₫,-56%,264000,-215,4.8,"Quạt Thổi Khí Mạnh Mẽ Không Chổi Than Violent Fan 400000 Vòng/phút, Hút Bụi, Gió Mạnh 58m/s, Sạc Điện Mạnh Mẽ",868 Đã bán,https://www.lazada.vn/products/pdp-i3120390979.html,
Dụng cụ đo lường,ABG Official Store,425.000 ₫,-44%,238000,-5,5,Đồng Hồ Đo Điện Vạn Năng Zoyi VC921 Điện Tử Đo Điện Mini Bỏ Túi Ac/Dc - Hàng Chính Hãng - Bảo Hành 12 Tháng,28 Đã bán,https://www.lazada.vn/products/pdp-i1995861092.html,
Điện,ANENG  Store,239.649 ₫,-35%,155771,-6,4.5,ANENG Đồng Hồ Vạn Năng Kỹ Thuật Số Mini M107 Máy Kiểm Tra Tự Động Đếm 4000 Đồng Hồ Vạn Năng Kỹ Thuật Số Chuyên Nghiệp Thử Nghiệm Điện Khí,16 Đã bán,https://www.lazada.vn/products/pdp-i1760810287.html,
Phụ kiện Máy tính,Mai Dung Văn Phòng Phẩm,480.000 ₫,-40%,288000,-4,4.3,Bàn phím không dây K-SNAKE K100 kết nối không dây 3 chế độ Bluetooth và USB 2.4G thiết kế 100 phím phối màu hiện đại vớ,8 Đã bán,https://www.lazada.vn/products/pdp-i2747755303.html,
Điện,KUAIQU,531.000 ₫,-48%,276120,-12,4.9,11.11 (Sẵn Sàng) UNI-T UT33D + Đồng Hồ Vạn Năng Kỹ Thuật Số Mini 600V NCV Kích Thước Lòng Bàn Tay Phạm Vi AC DC Vôn Kế Ampe Kế Điện Trở Máy Đo Điện Trở Miễn Phí Vận Chuyển,52 Đã bán,https://www.lazada.vn/products/pdp-i505006534.html,
Điện,Mình Luân Electricc,650.000 ₫,-27%,474500,,,"Đồng hồ đo VOM Victor VC-890D, đồng hồ vạn năng đo điện áp, điện trở, tụ điện, tần số",,https://www.lazada.vn/products/pdp-i2477813950.html,
Phụ kiện Máy tính,XSmart Store,1.200.000 ₫,-35%,780000,-7,5,"Bàn Phím Cơ Không Dây Máy Tính K8BT Bluetooth 5.0 Hotswap Red Switch LED Gaming, Gõ Êm, Lót Foam",15 Đã bán,https://www.lazada.vn/products/pdp-i2492997652.html,
Điện,Global Merch Park,729.000 ₫,-23%,561330,,,ZOYI Hoàn Toàn Tự Động AC-DC Kẹp Đồng Hồ Đo Vạn Năng Độ Chính Xác Cao Chống Cháy Ampe Kế Đa Chức Năng Màn Hình Hiển Thị Kỹ Thuật Số Điện Công Cụ Kiểm Tra,,https://www.lazada.vn/products/pdp-i2721924519.html,
Điện,DI  SHI  DAI,470.000 ₫,-44%,263200,-1,5,KWS-2302C Loại-C Tester sạc điện thoại di động Đồng hồ điện màn hình hiển thị kỹ thuật số DC điện áp amperemeter Đồng hồ đo năng lượng 0-12a DC4-30V,,https://www.lazada.vn/products/pdp-i2761513339.html,
Phụ kiện Máy tính,XSmart Store,1.000.000 ₫,-45%,550000,-33,5,"Bàn Phím Cơ Không Dây Bluetooth Nâng Cấp K6BT Led Đổi Màu, Pin Sạc Siêu Trâu, Tương Thích Mọi Thiết Bị",92 Đã bán,https://www.lazada.vn/products/pdp-i2231628629.html,
Trường học & văn phòng,,4.954.000 ₫,-50%,2477000,,,Bộ Dụng Cụ Cầm Tay Điện Nhỏ Đa Năng Dùng Tại Nhà Bộ Dụng Cụ Tự Động Cầm Tay Bút Chì Sạc Bộ Dụng Cụ Gia Dụng Tự Động Cầm Tay,12 Đã bán,https://www.lazada.vn/products/pdp-i3227687995.html,
An toàn & bảo mật,goojodoqstore.vn,110.000 ₫,-41%,64900,-41,4.8,"Nút tai khử tiếng ồn GOOJODOQ (-24dB) Silicon siêu mềm 4 kích cỡ an toàn Phù hợp cho giấc ngủ và du lịch,có thể tái sử dụng",143 Đã bán,https://www.lazada.vn/products/pdp-i3170593006.html,
Phụ kiện điện thoại & máy tính bảng,DAMMESANGTAO,,,,-106,4.8,Box sạc dự phòng trong suốt 8 cell 18650 (K32) sạc nhanh 22.5W,389 Đã bán,https://www.lazada.vn/products/pdp-i2090374506.html,
"Thiết bị sưởi, làm lạnh và thông gió",ZODAN Corporation,290.000 ₫,-31%,200100,-945,4.9,[QUẠT 220V] Quạt cây 5 cánh lõi đồng- Quạt điện - quạt bàn - Quạt đứng lỡ - BẢO HÀNH ĐỘNG CƠ 12 THÁNG,2.4K Đã bán,https://www.lazada.vn/products/pdp-i2277810317.html,
Phụ kiện điện thoại & máy tính bảng,vneIcRnO.Selection,78.700 ₫,-23%,60599,-10,5,"Pin Sạc Dự Phòng Hình Thỏi Son – Nhỏ Gọn, Dán Được, Nhiều Màu Thời Trang – Phù Hợp Nhiều Loại Cổng Sạc",1.6K Đã bán,https://www.lazada.vn/products/pdp-i3140962316.html,
Xe máy,Đồng hồ xe máy giá rẻ,890.000 ₫,-18%,729800,-28,5,Đồng Hồ Điện Tử Dugaty Mẫu Mới - đồng hồ Ducati chế mọi loại xe,161 Đã bán,https://www.lazada.vn/products/pdp-i1592504754.html,
Phụ kiện điện thoại & máy tính bảng,Bella Pumps,127.000 ₫,-27%,92710,,,"Bella nhỏ gọn pin sạc dự phòng với cáp và đèn LED tích hợp, đồ sạc di động sức chứa lớn",,https://www.lazada.vn/products/pdp-i3146307124.html,
Phụ kiện điện thoại & máy tính bảng,VINTLOOK MALL,65.000 ₫,-34%,42900,-23,3.9,Vintlook 20000MAh Gạo Đen sạc dự phòng Siêu Mỏng Xách Tay Nguồn Điện Trung Tính Quà Tặng Đóng Gói Phổ sạc nhanh đầu ra USB kép Cho Android Apple,68 Đã bán,https://www.lazada.vn/products/pdp-i3127343590.html,
Phụ kiện điện thoại & máy tính bảng,N6hHwUSJ,100.000 ₫,-45%,55000,,,[SS] Sạc Dự Phòng Thế Hệ Mới Có Đèn Led Kiểu Dáng Nhỏ Gọn Tiện Ích ( (tuandeptrai241091),,https://www.lazada.vn/products/pdp-i3167852495.html,
Phụ kiện điện thoại & máy tính bảng,HD Store Q -Phụ Kiện Điện Tử,250.000 ₫,-23%,192500,-8,4.8,Đế sạc nhanh không dây 30W thích hợp cho iphone 11 Pro Xs Max X Xr 8 Samsung S20 Xiaomi mi 9 và nhiều thiết bị,25 Đã bán,https://www.lazada.vn/products/pdp-i3101418095.html,
Phụ kiện điện thoại & máy tính bảng,BEN BEN TPHCM,1.066.000 ₫,-92%,85280,-95,4.8,"[TẶNG CÁP - DUNG LƯỢNG KHỦNG 30000MAH] SẠC DỰ PHÒNG MẶT GƯƠNG HIỂN THỊ DUNG LƯỢNG 30000MAH - PIN DỰ PHÒNG TRÁNG GƯƠNG THIẾT KẾ CAO CẤP SANG TRỌNG, HỖ TRỢ SẠC NHANH, 2 CỔNG SẠC USB TIỆN DỤNG, THÍCH HỢP VỚI MỌI DÒNG MÁY",112 Đã bán,https://www.lazada.vn/products/pdp-i2568204895.html,
Phụ kiện điện thoại & máy tính bảng,BEN BEN TPHCM,166.000 ₫,-56%,73040,-33,4.6,"[SẠC NHANH - DUNG LƯỢNG LỚN 30.000MAH] SẠC DỰ PHÒNG TRẮNG ĐEN CAO CẤP DUNG LƯỢNG LỚN - PIN SẠC DỰ PHÒNG 2 CỔNG SẠC TIỆN LỢI, TẶNG KÈM CÁP SẠC - PIN DỰ PHÒNG CHUẨN  CHẤT LƯỢNG CAO",62 Đã bán,https://www.lazada.vn/products/pdp-i2721968760.html,
Dụng cụ điện & phụ kiện,Điện thông minh Shop,155.000 ₫,-39%,94550,-67,4.8,"(1 THÔNG SỐ),Công tơ điện 220V-80A đo lượng điện tiêu thụ (KWh).Thiết bị đo số điện tiêu thụ,đồng hồ đo điện 1 pha",438 Đã bán,https://www.lazada.vn/products/pdp-i1573144578.html,
Phụ kiện điện thoại & máy tính bảng,htk_h,270.000 ₫,-26%,199800,-70,4.9,[41] Box sạc 8 cell 18650 sạc nhanh 22.5W PD3.0 QC3.0 vỏ nhôm M8,298 Đã bán,https://www.lazada.vn/products/pdp-i278124562.html,
Trang trí nhà cửa,Vinetteam Store,132.900 ₫,-35%,86385,-29,4.7,"Đồng Hồ Báo Thức Điện Tử Để Bàn Màn Hình LCD Đa Chức Năng: Thời Gian, Lịch, Báo Thức, Nhiệt Độ -dc2998",119 Đã bán,https://www.lazada.vn/products/pdp-i1383975156.html,
Phụ kiện điện thoại & máy tính bảng,Mu1NqZN9,658.000 ₫,-63%,243460,-1,5,Sạc dự phòng 80000mAh 50000mah sạc nhanh 120W pin PD20W dung lượng lớn có dây cắm nhiều điện thoại,10 Đã bán,https://www.lazada.vn/products/pdp-i3199906575.html,
Điện,Tổng Kho Linh Kiện Điện Tử VN,,,,-34,4.6,"Đồng Hồ Vạn Năng Điện Tử XL830L XL830 830 - Đồng Hồ Đo Điện áp DC, AC, Đo dòng điện, đo điện trở (Có Pin)",126 Đã bán,https://www.lazada.vn/products/pdp-i2225479414.html,
Điện,GlobalSuperBazaar,747.000 ₫,-23%,575190,-1,5,"Đồng Hồ Đo Kẹp Kỹ Thuật Số SNAKOL SK203 6000 Đếm, Đa Năng Đo Điện Áp Dòng Điện AC/DC, Ampe Kế, Vôn Kế Với Chức Năng Kiểm Tra Điện Trở Tụ Điện Không Tiếp Xúc Dành Cho Thợ Điện",78 Đã bán,https://www.lazada.vn/products/pdp-i3180341515.html,
Điện,CleverOfficial Store,226.000 ₫,-40%,135600,-27,5,⚡Miễn Phí Vận Chuyển⚡vận chuyển nhanh DT9205A Đồng hồ vạn năng kỹ thuật số AC DC Vôn kế Ampe kế Máy đo,168 Đã bán,https://www.lazada.vn/products/pdp-i2302226891.html,
Đồ gia dụng chăm sóc cá nhân,LALA TRADING,65.000 ₫,-42%,37700,-1514,4.9,"Massage mắt mini cầm tay 208 (Tặng 1 SP Ngẫu Nhiên) - Electric Mini Vibrations Pouch Eye Massage Pen (Bút Massage mini cầm tay, máy mát xa mắt mini)",6.4K Đã bán,https://www.lazada.vn/products/pdp-i498490174.html,
Phụ kiện điện thoại & máy tính bảng,MỘC ÂN SHOP TPHCM,1.070.000 ₫,-93%,74900,-631,4,[BẢO HÀNH TOÀN QUỐC - TẶNG CÁP SẠC NHANH 39K ] - PIN DỰ PHÒNG LCD MẶT GƯƠNG DUNG LƯỢNG 30000MAH - SẠC DỰ PHÒNG CÓ ĐÈN LED HIỂN THỊ DUNG LƯỢNG PIN - HỖ TRỢ SẠC NHANH,1.7K Đã bán,https://www.lazada.vn/products/pdp-i2587994059.html,
Smartphones,LPK_dienthoaigiare,299.000 ₫,-3%,290030,-78,4.4,Điện thoại oppo neo5 _a31. Điện thoại gia rẻ HÀNG CHÍNH HÃNG đã qua sử dụng,182 Đã bán,https://www.lazada.vn/products/pdp-i2500695835.html,
Nhà thông minh,Điện Việt,75.000 ₫,-30%,52500,-3,5,Bộ điều khiển từ xa công suất cao 3000W loại tốt - Điện Việt,20 Đã bán,https://www.lazada.vn/products/pdp-i1743344233.html,
Điện,FOXSUR VIỆT NAM,199.920 ₫,-50%,99960,-55,4.8,Công tơ điện tử 1 pha đo điện năng tiêu thụ kwh LW công suất lớn 60A 15KW màn hình LCD hiển thị kỹ thuật số hàng CHÍNH HÃNG,246 Đã bán,https://www.lazada.vn/products/pdp-i1299156694.html,
Điện,Samebeauty,341.167 ₫,-40%,204700,-4,4,[Giao hàng 24 giờ⚡️] Đồng hồ đo điện áp D52-2066 6 trong 1 đa năng 110V 220V 380V 100A,18 Đã bán,https://www.lazada.vn/products/pdp-i2807379856.html,
Điện,homelifestorevn,96.800 ₫,-39%,59048,-17,4.6,Thiết Bị Kiểm Tra Vôn Kế 0-100A 3 Trong 1 Màn Hình LED 22mm AC 60-500V HOME,173 Đã bán,https://www.lazada.vn/products/pdp-i2811217338.html,
Dụng cụ đo lường,Home_Technology_89,139.000 ₫,-36%,88960,-6,4.8,"Công tơ điện tử 1 pha đa năng LW80A/220v đo công suất, điện áp, cường độ,",72 Đã bán,https://www.lazada.vn/products/pdp-i1599514740.html,
Điện,Made In Japan - Hàng Nhật Nội Địa,400.000 ₫,-60%,160000,-71,4.9,LazMall Toshiba Điện tử gia dụng Việt Nam LazFlash Sale Hộp Tiết Kiệm Điện Ổ Cắm Thiết Bị Tiết Kiệm Hệ Số Công Suất Bộ Tiết Kiệm Điện Gia Dụng Bộ Chuyển Đổi 90V-250V Cho Gia Đình Văn Phòng Nhà Xưởng,169 Đã bán,https://www.lazada.vn/products/pdp-i3124121747.html,
Điện,Forwarm,159.000 ₫,-47%,84270,,,【Miễn phí vận chuyển】 NAYA ANENG DT9205A Đồng hồ vạn năng kỹ thuật số AC DC Vôn kế Ampe kế đo điện dung,15 Đã bán,https://www.lazada.vn/products/pdp-i2561349264.html,
Phụ kiện điện thoại & máy tính bảng,vneIcRnO.Selection,78.700 ₫,-36%,50368,-399,4.5,"Pin Sạc Dự Phòng Hình Thỏi Son – Nhỏ Gọn, Dán Được, Nhiều Màu Thời Trang – Phù Hợp Nhiều Loại Cổng Sạc",1.7K Đã bán,https://www.lazada.vn/products/pdp-i2657941529.html,
Điện,Shop Hoàng Bách,,,,-8,4.9,Công Tơ Điện Tử 4 Thông Số 80A 220V có RESET độ chính xác cao màn hình LCD,41 Đã bán,https://www.lazada.vn/products/pdp-i2792861171.html,
Thiết bị thông minh,phụ kiện đèn led,,,,,,Màn Hình LED Trang Trí Thông Minh Chỉnh Qua App Điện Thoại,,https://www.lazada.vn/products/pdp-i3180463209.html,
Dụng cụ nhà bếp,CleverOfficial Store,136.000 ₫,-42%,78880,-7,5,⚡Miễn Phí Vận Chuyển⚡Cân Tiểu Ly Điện Tử Dùng Pha Chế 3Kg/0.1g (Tặng Kèm Khay Trong Suốt I2000),209 Đã bán,https://www.lazada.vn/products/pdp-i2439073989.html,
Phụ kiện điện thoại & máy tính bảng,Smart Tech Mall,560.000 ₫,-57%,240800,-207,4.9,"Sạc Dự Phòng Không Dây 10000mAh, Pin Dự Phòng Tích Hợp 2 Dây Sạc, Sạc Nhanh An Toàn Không Nóng Máy, Pin Lithium Dùng Cho IP Và Androi, Đèn LED Thông Báo Tình Trạng Pin, Màu Sắc Đa Dạng. Bảo Hành 12 Tháng, Lỗi Đổi Mới.",416 Đã bán,https://www.lazada.vn/products/pdp-i2945514407.html,
Điện,hoangvietstore,60.000 ₫,-25%,45000,-191,4.8,Ổ Điện 3 Cổng Sạc USB Cắm Điện Thoại Tiện Lợi Đa Năng,738 Đã bán,https://www.lazada.vn/products/pdp-i1557390801.html,
Smartphones,bình minh mobile TQ 22,875.000 ₫,-7%,813750,-17,4.5,điện thoại samsung cũ A03 ram 3G bộ nhớ 32G máy qua sử dụng 97% tặng kèm sạc.ốp cường lực 815k,42 Đã bán,https://www.lazada.vn/products/pdp-i2826080373.html,
Dụng cụ đo lường,HomelifeOfficialStore,194.923 ₫,-27%,142293,-115,4.8,(Thanh lý lỗ) ⚡Đồng hồ vạn năng DT9205A màn hình kỹ thuật số đồng hồ vạn năng thông minh Máy đo bảo dưỡng thợ điện chính xác cao,334 Đã bán,https://www.lazada.vn/products/pdp-i1904497392.html,
Điện,GlobalTreasure1,173.000 ₫,-38%,107260,,,Điện áp & hiện tại máy đo tần số màn hình hiển thị kỹ thuật số 50-500V 1-120a cài đặt nhanh,,https://www.lazada.vn/products/pdp-i3086254684.html,
Điện,Linh Kiện Điện Tử ViNa,,,,-428,4.9,"Đồng Hồ Vạn Năng Điện Tử XL830L XL830 830 - Đồng Hồ Đo Điện áp DC, AC, Đo dòng điện, đo điện trở (Có Pin)",1.2K Đã bán,https://www.lazada.vn/products/pdp-i2225409929.html,
Điện,Thế Giới Linh Kiện 720,150.000 ₫,-36%,96000,-76,4.7,"Đồng hồ đo điện tử đa năng DT9205A, đo điện áp, dòng điện, vôn kế... có kèm pin 9V, bảo hành 1 tháng",236 Đã bán,https://www.lazada.vn/products/pdp-i1427130713.html,
Điện,ForesightOfficialStore,216.600 ₫,-40%,129960,-45,4.9,Đồng hồ đo công suất điện 220V có nút độ chính xác cao màn hình hiển thị LCD P U I Kwh bộ công tơ điện tử,117 Đã bán,https://www.lazada.vn/products/pdp-i2406089583.html,
Điện,PBS SHOP,229.000 ₫,-33%,153430,,,Máy đo điện áp vạn năng HT93 kỹ thuật số thông minh 2000 Máy đo điện áp đếm NCV,5 Đã bán,https://www.lazada.vn/products/pdp-i3167205425.html,
Dụng cụ đo lường,YZL-tools,147.000 ₫,-46%,79380,-36,5,Đồng hồ vạn năng kỹ thuật số Mini 4000 đếm AC DC dụng cụ điện Tester Auto multimetro kỹ thuật số Profesional Meter,6 Đã bán,https://www.lazada.vn/products/pdp-i2302404321.html,
Trang trí nhà cửa,Thiết Bị Số 686,,,,-7,4.1,"Đồng Hồ Báo Thức Điện Tử Để Bàn Màn Hình LCD Đa Chức Năng: Thời Gian, Lịch, Báo Thức, Nhiệt Độ -dc2998",42 Đã bán,https://www.lazada.vn/products/pdp-i1361631966.html,
Phụ kiện điện thoại & máy tính bảng,YK SHOPS,20.000 ₫,-53%,9400,-65,4.7,[ FREESHIP KÈM CÁP SẠC] PIN SẠC DỰ PHÒNG CAO CẤP THIẾT KẾ MÀN HÌNH LED CỰC SANG TRỌNG - 2 CỔNG SẠC NHANH + ĐÈN LED SIÊU SÁNG TẦM NHÌN TỐT - SẠC DỰ PHÒNG AN TOÀN CHO MỌI DÒNG ĐIỆN THOẠI,89 Đã bán,https://www.lazada.vn/products/pdp-i2696970713.html,
Thiết bị y tế,OOKAS Đồ gia dụng nhỏ,176.098 ₫,-29%,125029,-9,5,OOKAS Trang chủ Kích thước lớn LED HD Hiển thị Quy mô điện tử,39 Đã bán,https://www.lazada.vn/products/pdp-i2578443485.html,
Dụng cụ đo lường,ĐìnhVăn Shop,154.000 ₫,-7%,143220,,,Đồng hồ đo vạn năng Digital DT-9205A,,https://www.lazada.vn/products/pdp-i2044181848.html,
Phụ kiện điện thoại & máy tính bảng,Shen Zhen 3C,600.000 ₫,-75%,150000,-24,4.7,"[năng lượng mặt trời]pin sạc dự phòng  100000mAh dung lượng  khủng,lớn với ngân hàng điện bốn dây đèn LED sạc nhanh 120W",69 Đã bán,https://www.lazada.vn/products/pdp-i3189241362.html,
Điện,TỔNG KHO GIA DỤNG 1587825305,,,,-43,4.8,"Ổ điện đa năng sạc nhanh, ổ cắm điện tự ngắt dây nối dài ổ điện thông minh chịu tải cao 2200w",140 Đã bán,https://www.lazada.vn/products/pdp-i2708808190.html,
Camera giám sát & hệ thống,2Tech Store,1.120.000 ₫,-37%,705600,-629,4.8,Camera Wifi Thông Minh EZVIZ C6N Pro 3MP 2K Quay Quét Đàm Thoại Hai Chiều,3.1K Đã bán,https://www.lazada.vn/products/pdp-i1766486634.html,
Dụng cụ đo lường,Linh Kiện Điện Tử Chợ Trời Hà Nội,33.000 ₫,-33%,22110,-5,5,"Đồng hồ đo điện vạn năng Diymore ANENG M113, đo volt, điện trở",31 Đã bán,https://www.lazada.vn/products/pdp-i2707652807.html,
Thiết bị tiện ích USB,Ranvoo,5.140.000 ₫,-82%,925200,-204,4.9,RANVOO | Quạt Cổ Đeo USB Sạc Điện,,https://www.lazada.vn/products/pdp-i3181365656.html,
Trang trí nhà cửa,Esc Viet Nam,65.000 ₫,-10%,58500,,,"Đồng Hồ Báo Thức Điện Tử Để Bàn Màn Hình LCD Đa Chức Năng: Thời Gian, Lịch, Báo Thức, Nhiệt Độ -dc2998 dong ho bao t huc",,https://www.lazada.vn/products/pdp-i2178955695.html,
Điện,Aliang_ SHOP,186.000 ₫,-47%,98580,-13,5,Đồng hồ đo điện đa năng Đồng hồ vạn năng kỹ thuật số thông Minh Màn Hình Kỹ Thuật Số Độ Chính Xác Cao Dụng Cụ Kiểm Tra Bảo Trì Thợ Điện,41 Đã bán,https://www.lazada.vn/products/pdp-i2507158874.html,
Phụ kiện điện thoại & máy tính bảng,BEN BEN TPHCM,1.060.000 ₫,-92%,84800,-397,4.4,[BẢO HÀNH TOÀN QUỐC - TẶNG CÁP SẠC NHANH 39K ] - PIN DỰ PHÒNG LCD MẶT GƯƠNG DUNG LƯỢNG 30000MAH - SẠC DỰ PHÒNG CÓ ĐÈN LED HIỂN THỊ DUNG LƯỢNG PIN - HỖ TRỢ SẠC NHANH,718 Đã bán,https://www.lazada.vn/products/pdp-i2588028001.html,
Phụ kiện điện thoại & máy tính bảng,Siêu thị nhập khẩu Sakurato,375.000 ₫,-41%,221250,-378,4.9,"Sạc Dự Phòng 30000mAh 120W Trong Suốt Sạc Siêu Nhanh Siêu Bền Kết Hợp Led Soi Sáng Với 4 Đầu Sạc Và 3 Cổng Sạc Tiện Dụng 2 Cổng USB, 1 Cổng Type C",1.4K Đã bán,https://www.lazada.vn/products/pdp-i2662954801.html,
Điện,Smart power,240.000 ₫,-27%,175200,-45,5,"Đồng hồ điện tử hiển thị 6 thông số,Thiết bị đo công suất 100A 220V,công tơ điện tử",214 Đã bán,https://www.lazada.vn/products/pdp-i815182788.html,
Điện,bansi08,70.000 ₫,-39%,42700,-13,4.8,Combo 2 ổ Cắm Điện Thông Minh Đa Năng Cổng Sạc USB Tiện Dụng,60 Đã bán,https://www.lazada.vn/products/pdp-i2626208182.html,
Nhà thông minh,Hometek,117.000 ₫,-42%,67860,-1152,4.9,"Công tắc điều khiển từ xa Công suất lớn 3000W - 220V, Bh 1 tháng",5.5K Đã bán,https://www.lazada.vn/products/pdp-i2024613592.html,
Đèn,Điện Việt,84.000 ₫,-29%,59640,-651,4.8,Đèn bàn học bài đọc sách đa năng loại tốt -  Điện Việt,2.1K Đã bán,https://www.lazada.vn/products/pdp-i248018800.html,
Điện,A_Hoco_Shop,291.200 ₫,-39%,177632,-36,5,"AC Màn Hình 6 Trong 1 KWh Công Suất Đo Tần Số 110V 220V 380V 100A, Điện Hệ Số Công Suất Hoạt Động màn Hình HOCO",162 Đã bán,https://www.lazada.vn/products/pdp-i2810565830.html,
Điện,Good Luck VN,208.000 ₫,-52%,99840,-65,5,"Đồng hồ đo điện, loại kim, model vạn năng sunma sanwai YX-360TR, tặng kèm 2 pin AA + 1 pin 9V, loại con trỏ YX-360TRN, đồng hồ vạn năng analog, đồng hồ điện sunwa",113 Đã bán,https://www.lazada.vn/products/pdp-i2465263003.html,
Dụng cụ đo lường,Esc Viet Nam,240.000 ₫,-21%,189600,-1,5,"Đồng hồ điện tử hiển thị 6 thông số,Thiết bị đo công suất 100A 220V,công tơ điện tử",17 Đã bán,https://www.lazada.vn/products/pdp-i815192595.html,
Điện,Thiết bị điện 123,358.000 ₫,-48%,186160,-53,4.7,Công tơ điện tử có RESET 1 pha 220V-60A Nakasi - đồng hồ đo công suất tiêu thụ Kwh,378 Đã bán,https://www.lazada.vn/products/pdp-i1393542260.html,
Điện,Coofari Tools Store,117.980 ₫,-53%,55450,-534,4.7,Đồng hồ vạn năng đo điện kỹ thuật số XL830L độ chính xác cao tặng kèm PIN,1.5K Đã bán,https://www.lazada.vn/products/pdp-i2629394808.html,
Điện,Khánh Ngọc Store,60.000 ₫,-8%,55200,-15,5,Ổ Điện Thông Minh Chữ T Kèm Đèn Ngủ Và Sạc USB Tiện Dụng,5.7K Đã bán,https://www.lazada.vn/products/pdp-i2487771268.html,
Điện,smart world,240.000 ₫,-27%,175200,-17,4.5,Thiết bị đo công suất 100A công tơ điện tử,89 Đã bán,https://www.lazada.vn/products/pdp-i815122336.html,
Điện,Nhím shop 94,239.000 ₫,-17%,198370,,,"Đồng hồ Màn Hình 6 Trong 1 KWh Công Suất Đo Tần Số 110V 220V 380V 100A, Điện Hệ Số Công Suất Hoạt Động màn Hình",,https://www.lazada.vn/products/pdp-i3149351626.html,
Điện,ĐIỆN TỬ HỒNG UYÊN,98.000 ₫,-24%,74480,-2,4.5,Đồng hồ vạn năng Điện tử kỹ thuật số màn hình LCD XL830L độ chính xác cao (Bán kèm pin 9v) - Điện tử hồng uyên,6 Đã bán,https://www.lazada.vn/products/pdp-i2797897710.html,
"Thiết bị sưởi, làm lạnh và thông gió",ADVOr5hp,110.000 ₫,-37%,69300,-57,4.8,Quạt Mini Quạt phản lực cầm tay có thể sạc lại Gió mạnh 100Gear Tốc độ gió Màn hình kỹ thuật số Quạt,229 Đã bán,https://www.lazada.vn/products/pdp-i3094701749.html,
Phụ kiện điện thoại & máy tính bảng,CHANG TAN,180.000 ₫,-56%,79200,-87,4.7,[ FREESHIP KÈM CÁP SẠC] PIN SẠC DỰ PHÒNG CAO CẤP THIẾT KẾ MÀN HÌNH LED CỰC SANG TRỌNG - 2 CỔNG SẠC NHANH + ĐÈN LED SIÊU SÁNG TẦM NHÌN TỐT - SẠC DỰ PHÒNG AN TOÀN CHO MỌI DÒNG ĐIỆN THOẠI,129 Đã bán,https://www.lazada.vn/products/pdp-i2620443676.html,
Điện,ForesightOfficialStore,87.900 ₫,-40%,52740,-17,4.5,"Ổ cắm điện thông minh 5 phích cắm, 2 cổng sạc USB, 9 ổ cắm đa năng dây dài 1,8 mét điện đa năng có công tắc",44 Đã bán,https://www.lazada.vn/products/pdp-i2638967012.html,
Phụ kiện điện thoại & máy tính bảng,CHANG TAN,180.000 ₫,-56%,79200,-122,4.7,"GIÁ SỈ TẶNG CÁP SẠC NHANH 39K - PIN TRÂU 30000MAH, PIN SẠC DỰ PHÒNG CAO CẤP THIẾT KẾ MÀN HÌNH GƯƠNG 2 CỔNG SẠC NHANH",177 Đã bán,https://www.lazada.vn/products/pdp-i2634869031.html,
Trang trí nhà cửa,Nhím shop 94,65.000 ₫,-42%,37700,-4,4,"Đồng Hồ Điện Tử Để Bàn Có Đèn LED Đổi Màu, Đa Chức Năng : Thời Gian, Ngày Tháng, Báo Thức, Đo Độ",13 Đã bán,https://www.lazada.vn/products/pdp-i1729439181.html,
Trường học & văn phòng,SEHENA3,81.626 ₫,-44%,45710,,,SEHVN 12 chữ số điện kép chức năng Tiêu chuẩn điện tử máy tính cầm tay cho văn phòng hàng ngày và cơ bản,,https://www.lazada.vn/products/pdp-i3065513061.html,
Điện,47shop-net,320.000 ₫,-39%,195200,-42,5,"Công tơ - đồng hồ điện tử 6 thông số đo công suất, cường độ (100A)",132 Đã bán,https://www.lazada.vn/products/pdp-i2484576728.html,
Trang trí nhà cửa,shopbonbon56,240.000 ₫,-46%,129600,-193,4.9,[ SALE SẬP SÀN ] Đồng Hồ Để Bàn Điện Tử Led Trang Trí Cao Cấp,2.1K Đã bán,https://www.lazada.vn/products/pdp-i1299808407.html,
Dụng cụ cầm tay & phụ kiện,Vinetteam Store,159.000 ₫,-44%,89040,,,"Đồng hồ vạn năng DT9205A đồng hồ đo điện thông minh màn hình kĩ thuật số, độ chính xác cao - dc5266",,https://www.lazada.vn/products/pdp-i2613856196.html,
Điện,Plata,85.000 ₫,-24%,64600,-2,5,Đồng hồ đo điện Volt Ohm Amp AC/DC đa năng Digital Multimeter DT-830B cho thợ điện tử thiết kế nhỏ gọn dễ sử dụng chi phí thấp,16 Đã bán,https://www.lazada.vn/products/pdp-i2592565128.html,
Điện,Gia Dụng PINGS,110.000 ₫,-37%,69300,-27,4.8,Ổ điện đa năng ổ cắm điện thông minh 2200W chống giật chống cháy 4 ổ USB 5V2A và đèn ngủ tiện lợi,108 Đã bán,https://www.lazada.vn/products/pdp-i2433640919.html,
Điện,SMH,240.000 ₫,-30%,168000,-131,4.9,Thiết bị đo công suất 100A công tơ điện tử,588 Đã bán,https://www.lazada.vn/products/pdp-i815138110.html,
Điện,orientation,240.000 ₫,-25%,180000,-7,4.6,"Đồng hồ điện tử hiển thị 6 thông số,Thiết bị đo công suất 100A 220V,công tơ điện tử",39 Đã bán,https://www.lazada.vn/products/pdp-i815210303.html,
Điện,A_Hoco_Shop,213.300 ₫,-39%,130113,-353,4.9,Đồng hồ đo công suất điện 220V có nút RESET độ chính xác cao màn hình hiển thị LCD P U I Kwh bộ công tơ điện tử,1.3K Đã bán,https://www.lazada.vn/products/pdp-i2381928314.html,
Điện,Phương Đông Lighting,170.000 ₫,-32%,115600,-692,4.9,Đồng hồ đo điện vạn năng Samwa YX-360 TRn,2.4K Đã bán,https://www.lazada.vn/products/pdp-i1640031219.html,
Điện,Moscow Six,149.000 ₫,-47%,78970,,,[Nóng] Đồng hồ vạn năng kỹ thuật số Đồng hồ đo điện áp kháng Máy dò dòng điện áp LCD Đồng hồ đo ba cực đo điện áp vôn ôm kế,,https://www.lazada.vn/products/pdp-i2873808448.html,
Điện,BUM BI,,,,-1,5,"Đồng Hồ Đo Điện Tử XL830L Có Màn Hình LCD Cầm Tay Nhỏ Gọn, Thiết Bị Đo Dòng Điện Độ Chính Xác Cao Kèm Pin Và Dây Đo",,https://www.lazada.vn/products/pdp-i3052023345.html,
Trường học & văn phòng,XIMEN2,30.396 ₫,-42%,17629,-1,5,"XIMiM Máy tính điện tử mini cho học sinh đồ dùng văn phòng tính toán màu kẹo,",,https://www.lazada.vn/products/pdp-i3072636855.html,
Điện,Smart power,240.000 ₫,-27%,175200,-41,4.6,Thiết bị đo công suất 100A công tơ điện tử,234 Đã bán,https://www.lazada.vn/products/pdp-i815080952.html,
Dụng cụ điện & phụ kiện,HANDPHONEVN,,,,-1,5,Nhiệt Kế Điện Tử Đo Nhiệt Độ Hiển Thị Số LCD Dây Đầu Dò Nhiệt Độ Dây Dò Dài 2m,,https://www.lazada.vn/products/pdp-i2347393821.html,
Thiết bị y tế,Thiết Bị KQ,,,,-2,5,Đồng hồ điện tử kiêm nhiệt ẩm kế siêu mỏng,20 Đã bán,https://www.lazada.vn/products/pdp-i264602105.html,
Dụng cụ đo lường,Linh Kiện Điện Tử 3MS Tân Phú,247.500 ₫,-12%,217800,,,Đồng Hồ Đo Vạn Năng DT-9208A,,https://www.lazada.vn/products/pdp-i1529139988.html,
Phụ kiện điện thoại & máy tính bảng,NOBAHSI,,,,-144,4.5,Bộ sạc dự phòng 66W mới Sạc nhanh 50000 mAh Công suất lớn Mini nhỏ gọn Điện thoại di động ngoài trời sạc kho báu PD 20W Kèm 4 Đầu Sạc Siêu Tiện Lợi,378 Đã bán,https://www.lazada.vn/products/pdp-i3047365410.html,
Điện,XUKO Shop.,,,,-30,5,"Công tơ điện tử đa năng hiển thị 1 thông số và 4 thông số 80A LW đo công suất, điện áp, cường độ dòng điện",145 Đã bán,https://www.lazada.vn/products/pdp-i1762828678.html,
Điện,TBD THUẬN PHONG,288.000 ₫,-34%,190080,-21,5,Công tơ điện tử 1 pha 60A Nakasi  có RESET - Đồng hồ đo công suất Kwh hiển thị nhiều thông số,105 Đã bán,https://www.lazada.vn/products/pdp-i1477980032.html,
Điện,newstyle vn,76.700 ₫,-7%,71331,-263,4.8,"[Giao hàng 12 giờ⚡️] Ổ cắm điện thông minh 5 phích cắm, 2 cổng sạc USB, 9 ổ cắm đa năng dây dài 1,8 mét điện đa năng có công tắc, điện thông minh, phích cắm điện chống giật, phích cắm đa năng",851 Đã bán,https://www.lazada.vn/products/pdp-i2609038736.html,
Điện,Gia dụng Thông Minh HCG,,,,-1,5,Ổ Cắm Điện Đa Năng Chữ T Siêu Tiện Dụng (4 Chấu + 2 Cổng USB) - Ổ Điện Tiện Lợi Kết Hợp Đèn Ngủ,,https://www.lazada.vn/products/pdp-i3005791974.html,
Trang trí nhà cửa,MijiaPlay,129.000 ₫,-31%,89010,-1,5,Đồng hồ điện tử 3Life Ngày hiển thị tuần Cài đặt báo thức kép Nghiêng góc nhìn 15 ° Đồng hồ đầu giường kỹ thuật số,,https://www.lazada.vn/products/pdp-i3188910426.html,
Điện,Home_Technology_89,,,,-4,5,"Công tơ điện tử 6 Thông Số 220V-100A LWDSS1 ,công tơ điện tử ,đồng hồ đo điện,thiết bị đo công suất lắp phòng trọ,hộ gia đình.",15 Đã bán,https://www.lazada.vn/products/pdp-i2913534102.html,
Điện thoại bàn,LeNgan _Store,399.000 ₫,-25%,299250,-70,4.7,"điện thoại A78 - A78 5G máy 2simram 8G/256G, Cấu hình mạnh đỉnh Cày PUBG/Liên Quân/Free Fire/Tiktok siêu mượt - PNB",87 Đã bán,https://www.lazada.vn/products/pdp-i3092974591.html,
Phụ kiện Máy tính,xunmei digital,275.000 ₫,-65%,96250,-9,4.8,GOIIOG | Chuột Không Dây Bluetooth Đôi Chế Độ Im Lặng Sạc Được cho Máy Tính xách Tay và Văn Phòng,5 Đã bán,https://www.lazada.vn/products/pdp-i3204990510.html,
Điện,Npp Điện Nước Online,290.000 ₫,-55%,130500,-63,4.8,Công Tơ Điện Tử 1 Pha 2 Dây 5(80)A. Đồng Hồ Đo Điện Điện Tử Máy Đo Điện Sử Dụng Cho Gia Đình Phòng Trọ Phòng Cho Thuê Giá Rẻ.,373 Đã bán,https://www.lazada.vn/products/pdp-i2623000010.html,
Điện,homelifestorevn,218.100 ₫,-41%,128679,-30,5,Đồng hồ đo công suất điện 220V có nút độ chính xác cao màn hình hiển thị LCD P U I Kwh bộ công tơ điện tử A,128 Đã bán,https://www.lazada.vn/products/pdp-i2406997860.html,
Nhà thông minh,PK Happy Shop,325.000 ₫,-30%,227500,-439,4.9,"New 2022 , Loa Bluetooth XM 520 Thiết Kế Vỏ Gỗ Sang Trọng Dạng Thanh Để Bàn , Bass Chuẩn , Ấm , Công Suất 20W Siêu Trầm - Bảo Hành 1 Năm - Happy Shop",1.1K Đã bán,https://www.lazada.vn/products/pdp-i2011975962.html,
"Thiết bị sưởi, làm lạnh và thông gió",DIVA SHOPPING,129.000 ₫,-23%,99330,-155,4.6,Quạt Sắt Để Bàn Nhỏ Gọn Xoay 360 Độ Tiện Dụng Cổng Sạc USB Không Cần Ổ Cắm Tạo Không Khí Thoáng Mát Tiết Kiệm Điện Năng,509 Đã bán,https://www.lazada.vn/products/pdp-i1994822216.html,
Điện,A_hoco__Store,229.000 ₫,-41%,135110,-23,4.9,【🔥HCM/24H】Đồng hồ vạn năng DT9205A màn hình kỹ thuật số đồng hồ vạn năng thông minh Máy đo bảo dưỡng thợ điện chính xác cao,57 Đã bán,https://www.lazada.vn/products/pdp-i1904566071.html,
Điện,cosmetics.beauty,99.677 ₫,-37%,62796,-193,4.7,"1.8M Ổ cắm điện đa năng thông minh  2-5cổng USB 5v sạc nhanh, ổ chịu tải 2500W, iết kiệm 30 kilowatt H dây nối ổ điện lập phương đa năng tự ngắt",673 Đã bán,https://www.lazada.vn/products/pdp-i1652183628.html,
Điện,Đồ Chơi Sáng Tạo - DIY,70.000 ₫,-20%,56000,-51,4.8,Đồng hồ vạn năng đo điện A830L và DT-830B,234 Đã bán,https://www.lazada.vn/products/pdp-i1968125827.html,
"Thiết bị sưởi, làm lạnh và thông gió",GIA DỤNG AN BÁCH,300.000 ₫,-20%,240000,-30,4.5,"ĐÈN SƯỞI NHÀ TẮM 3 BÓNG  KOTTMANN MODEL K3B-G, ĐÈN 3 BÓNG CAMAC CM03A CÔNG SUẤT 825W. BÓNG ĐÈN SƯỞI  R125 CÔNG SUẤT 275W HÀNG ĐẸP LOẠI 1",130 Đã bán,https://www.lazada.vn/products/pdp-i2872574785.html,
Điện,PhongNhi,,,,-32,4.8,Đồng hồ vạn năng điện tử ZOYI ZT-S1 đồng hồ đa năng kỹ thuật số màn hình LCD,108 Đã bán,https://www.lazada.vn/products/pdp-i1481014347.html,
Điện,Ba3Van,182.000 ₫,-24%,138320,-4,5,Đồng Hồ Đo Điện Vạn Năng Kỹ Thuật Số Tự Động Hiển Thị Và Lưu Chuyên Nghiệp Kiểm Tra Điện Áp AC/DC,8 Đã bán,https://www.lazada.vn/products/pdp-i3083752404.html,
Điện,WHUEAL5,258.795 ₫,-44%,144925,-52,4.8,WHUEAL5 Aneng Đồng hồ vạn năng kỹ thuật số m118a Máy kiểm tra AC/DC cầm tay máy đo điện trở Mini RMS,151 Đã bán,https://www.lazada.vn/products/pdp-i2774503409.html,
Điện,Kim Khí Tổng Hợp HD,165.000 ₫,-6%,155100,-49,4.7,"XẢ KHO 3 NGÀY_Aptomat Panasonic 2 pha 20,32,40,63A",430 Đã bán,https://www.lazada.vn/products/pdp-i1962399809.html,
Phụ kiện điện thoại & máy tính bảng,Phụ Kiện Mydo,125.000 ₫,-20%,100000,-177,4.8,Củ Sạc  Xiaomi 67W 6A 2 Cổng USB A - USB C Công Nghệ Turbo Sạc Siêu Nhanh,629 Đã bán,https://www.lazada.vn/products/pdp-i2180385084.html,
Trang trí nhà cửa,Mickeyshop,,,,-2,5,"Đồng Hồ Để Bàn LED Màn Hình LCD Báo Thức, Cảm Biến Âm Thanh",5 Đã bán,https://www.lazada.vn/products/pdp-i3071080375.html,
Dụng cụ đo lường,UKSTORE,190.000 ₫,-28%,136800,,,[Bảo hành 1 đổi 1] Đồng hồ đo điện vạn năng DT9205A Digital Multimeter Excel,,https://www.lazada.vn/products/pdp-i1330333960.html,
Điện,AONISU,179.000 ₫,-31%,123510,-540,4.9,"Ổ Cắm Điện Thông Minh 5 Phích , 3 Cổng Sạc USB , Dây Dài 5 Mét - Ổ Điện Đa Năng Có Công Tắc , Ổ Điện Thông Minh , Phích Cắm Điện Chống Giật , Phích Cắm Đa Năng",1.9K Đã bán,https://www.lazada.vn/products/pdp-i886830366.html,
Điện,Gia Dụng PINGS,62.000 ₫,-21%,48980,-27,4.8,Ổ Cắm Điện Đa Năng Chữ T Siêu Tiện Dụng (4 Chấu + 2 Cổng USB) - Ổ Điện Tiện Lợi Kết Hợp Đèn Ngủ,179 Đã bán,https://www.lazada.vn/products/pdp-i2188067563.html,
Điện,home smart 89,200.000 ₫,-13%,174000,-73,4.9,"Đồng hồ đo công suất tiêu thụ điện thiết bị 220V, ổ cắm đo công suất",309 Đã bán,https://www.lazada.vn/products/pdp-i1241286325.html,
Điện,Landnn,,,,-4,5,003 Thiết Bị Đo Dòng Điện Mini USB Có Màn Hình Kỹ Thuật Số,11 Đã bán,https://www.lazada.vn/products/pdp-i2471508289.html,
Trường học & văn phòng,WHPHous Vietnam,77.206 ₫,-44%,43235,-1,5,WHPHous 12 chữ số điện kép chức năng Tiêu chuẩn điện tử máy tính cầm tay cho văn phòng hàng ngày và cơ bản,,https://www.lazada.vn/products/pdp-i3019264820.html,
Trang trí nhà cửa,Sáng Tạo 88,,,,-87,5,"Đồng Hồ Để Bàn Điện Tử T10 Hiển Thị Nhiệt Độ, Độ Ẩm",250 Đã bán,https://www.lazada.vn/products/pdp-i1562505179.html,
Điện,ALL United States MaII,290.000 ₫,-59%,118900,-53,4.8,Điện Lực Nhật Bản ▷ Tiết Kiệm Điện Chính Hãng Từ Nhật Bản LazMall Bán Chạy Nhất Japan Thiết Bị Tiết Kiệm Năng Lượng Điện Chính Hãng Eletricity Saving Box Bộ Tiết Kiệm Điện Nhật Bản,104 Đã bán,https://www.lazada.vn/products/pdp-i3098640552.html,
Dụng cụ cầm tay & phụ kiện,ZOYI Tools,452.000 ₫,-47%,239560,-2,5,Đồng Hồ Đo Điện Vạn Năng Điện Tử Đo Điện Mini Bỏ Túi Ac/Dc Zoyi Vc921 - Bảo Hành 12 Tháng,5 Đã bán,https://www.lazada.vn/products/pdp-i2846063857.html,
Điện,Auto Tour,198.000 ₫,-38%,122760,-22,4.8,Đồng hồ vạn năng Vastar Dt9205a Đồng hồ vạn năng Màn hình kỹ thuật số thông minh Độ chính xác cao,59 Đã bán,https://www.lazada.vn/products/pdp-i2720332765.html,
Điện,Charming House,120.000 ₫,-12%,105600,-491,4.6,"Đồng hồ vạn năng VOM Samwa YX360-TRn - Đồng hồ đo điện kèm pin chuyên đo dòng điện xoay chiều, một chiều và điện trở",1.6K Đã bán,https://www.lazada.vn/products/pdp-i702958917.html,
Điện,FTP Mobie,240.000 ₫,-27%,175200,-31,4.9,Thiết bị đo công suất 100A công tơ điện tử,203 Đã bán,https://www.lazada.vn/products/pdp-i815100709.html,
Điện,BUM STORE.,,,,,,"Đồng Hồ Đo Điện Kỹ Thuật Số XL830L Độ Chính Xác Cao, Dụng Cụ Đo Điện Tử Kiểm Tra Điện Kèm Pin Và Dây Đo Chuyên Dụng",,https://www.lazada.vn/products/pdp-i3052001413.html,
Điện,Điện tử dân dụng 24h,,,,-67,4.9,"Đồng Hồ Vạn Năng Điện Tử XL830L XL830 830 - Đồng Hồ Đo Điện áp DC, AC, Đo dòng điện, đo điện trở (Có Pin + dây)",237 Đã bán,https://www.lazada.vn/products/pdp-i2513928308.html,
Điện,Gia Dụng Marrre,105.000 ₫,-41%,61950,-26,4.9,2500W Ổ Cắm Điện Đa Năng 6 Cổng Tích Hợp Sạc USB 2 Cáp USB 3 Và 5M Dây Cáp Dày Chất Có Chốt An Toàn Tiện Dụng OD01,82 Đã bán,https://www.lazada.vn/products/pdp-i2747027575.html,
Camera giám sát & hệ thống,Camera Yoosee Super Guard,550.000 ₫,-33%,368500,-599,4.8,"[HÀNG XỊN - FREESHIP] Camera wifi yoosee fullhd 1920 x 1080P 3 râu, camera wifi giám sát lắp trong nhà ban đêm có hồng ngoại xoay 360 độ, phát hiện chuyển động di chuyển theo người, camera đàm thoại 2 chiều ghi âm",2.8K Đã bán,https://www.lazada.vn/products/pdp-i1005458086.html,
Xe hơi,flyingskystore,184.100 ₫,-39%,112301,-56,4.9,Đồng Hồ Vạn Năng DT9205A Đồng Hồ Vạn Năng Thông Minh Màn Hình Kỹ Thuật Số Độ Chính Xác Cao Dụng Cụ Kiểm Tra Bảo Trì Thợ Điện,157 Đã bán,https://www.lazada.vn/products/pdp-i2038736366.html,
Điện,Linh Kiện Điện Tử Quỳnh Diễn,30.000 ₫,-3%,29100,-6,5,Đồng hồ Ampe kế đo dòng điện 1 chiều DC - linh kiện điện tử QUỲNH DIỄN,17 Đã bán,https://www.lazada.vn/products/pdp-i2662861918.html,
Phụ kiện điện thoại & máy tính bảng,goojodoqstore.vn,450.000 ₫,-46%,243000,-145,4.8,"sạc dự phòng GOOJODOQ 20000mAh PD 22.5W sạc nhanh, đi kèm 4 dây ,Đèn pin độ sáng cao Sạc Pin Phụ Kiện,Power Bank",523 Đã bán,https://www.lazada.vn/products/pdp-i2717184317.html,
Dụng cụ cầm tay & phụ kiện,Minh Khôi Electric,300.000 ₫,-31%,207000,-86,4.6,"Đồng hồ vạn năng Samwa KH-965 tặng kèm pin,đồng hồ điện tử,máy đo vạn năng, đo điện,đồng hồ đa năng đo điện trở,đồng hồ vạn năng kim,đồng hồ đo vạn năng,đồng hồ điện tử,đồng hồ đo dòng điện,dong ho van nang,đồng hồ đo tụ điện,đồng hồ đo điện trở,đồng hồ đ",205 Đã bán,https://www.lazada.vn/products/pdp-i2469802008.html,
Điện,Phụ Kiện Điện Thoại Lâm Music,54.075 ₫,-11%,48126,-4,5,Chia Ổ Điện Kiêm Đèn Ngủ Có 2 Usb Sạc Điện Thoại. Ổ Điện Thông Minh Chữ T Kèm Đèn Ngủ Và Sạc USB - Bộ Chia Ổ Điện 2 Cổng,25 Đã bán,https://www.lazada.vn/products/pdp-i2765933878.html,
Phụ kiện điện thoại & máy tính bảng,ESSAGER,1.131.856 ₫,-51%,554609,-133,4.9,Essager 22.5W sạc dự phòng S 20000mAh Màn hình hiển thị kỹ thuật số được xây dựng trong Loại C Cáp Lightning di động USB-A Type-C pd20w sạc nhanh 10000mAh sạc dự phòng S 4 đầu ra 2 lnputs cho iphone16 15-5 Huawei Samsung máy tính bảng Máy Tính Xách Tay Ta,383 Đã bán,https://www.lazada.vn/products/pdp-i3090593990.html,
Điện,Linh Kiện Điện Tử 3MS Tân Phú,106.700 ₫,-14%,91762,-35,4.8,Đồng Hồ Vạn Năng Điện Tử XL830,111 Đã bán,https://www.lazada.vn/products/pdp-i249180277.html,
Điện,LIJINGF,79.970 ₫,-44%,44783,,,LIJINGF LCD tự động phạm vi kỹ thuật số vôn kế vạn năng ohmmeter Volt Tester các biện pháp điện áp AC DC điện áp hiện tại Điện dung tần số,,https://www.lazada.vn/products/pdp-i3157744291.html,
Phụ kiện điện thoại & máy tính bảng,BEN BEN TPHCM,1.065.000 ₫,-92%,85200,-406,4,[DUNG LƯỢNG KHỦNG 30000MAH - TẶNG KÈM CÁP SẠC] PIN SẠC DỰ PHÒNG MẶT ĐEN CAO CẤP 30000MAH DUNG LƯỢNG KHỦNG - PIN DỰ PHÒNG CÓ MÀN HÌNH LCD HIỂN THỊ PHÂN TRĂM PIN + 2 CỔNG RA ĐÈN LED SIÊU SÁNG - PIN SẠC DỰ PHÒNG CAO CẤP,1.0K Đã bán,https://www.lazada.vn/products/pdp-i2220468958.html,
Điện,Smart Room,,,,-116,4.9,Máy đo dòng điện điện áp công suất watt metter 100A 150A. Tích hợp đồng hồ đo điện vôn kế ampe kế và đồng hồ đo năng lượng điện. Độ chính xác cao.,348 Đã bán,https://www.lazada.vn/products/pdp-i470942416.html,
"Thiết bị sưởi, làm lạnh và thông gió",Tonnifu dụng cụ điện,400.000 ₫,-23%,308000,-348,4.8,"Quạt tích điện đế pin Tonnifu 21v phổ thông 8 inch, quạt xoay 2 tốc, bảo hành 06 tháng.",1.0K Đã bán,https://www.lazada.vn/products/pdp-i2825687409.html,
Điện,A_hoco__Store,207.300 ₫,-37%,130599,-30,3.9,"【🔥HCM/24H】Đồng hồ vạn năng VOM YX360-TRD tặng kèm pin đo điện trở, dòng điện xoay chiều 1 chiều",107 Đã bán,https://www.lazada.vn/products/pdp-i2152003885.html,
Điện,PowerOfficial Store,285.800 ₫,-50%,142900,-11,4.9,"Đồng hồ đo điện vạn năng VOM Sanwa YX360TRD kèm pin, có còi báo, ốp da bọc",29 Đã bán,https://www.lazada.vn/products/pdp-i2166134831.html,
Điện,ForesightOfficialStore,216.600 ₫,-39%,132126,-12,3.9,"Đồng hồ đo điện vạn năng VOM Sanwa Yx 360 TRD kèm pin có còi báo, ốp da bọc",39 Đã bán,https://www.lazada.vn/products/pdp-i2152147516.html,
Điện,Thiết bị điện và đèn led chiếu sáng,150.000 ₫,-30%,105000,-143,4.9,Đồng Hồ Đo Điện SAMWA - 360 Đỏ,410 Đã bán,https://www.lazada.vn/products/pdp-i1476476740.html,
"Thiết bị sưởi, làm lạnh và thông gió",goojodoqstore.vn,900.000 ₫,-52%,432000,-138,4.9,"Quạt di động mini GOOJODOQ GFS007 5 cấp độ gió,4000mAh,Đèn LED Hiển Thị,cường độ gió tăng cường 10x, Sử Dụng Lên Đến 12H",456 Đã bán,https://www.lazada.vn/products/pdp-i3028067195.html,
Điện,Samebeauty,254.500 ₫,-40%,152700,-1,5,FREESHIP🎁Đồng hồ đo công suất điện 220V có nút RESET độ chính xác cao màn hình hiển thị LCD P U I Kwh bộ công tơ điện tử,,https://www.lazada.vn/products/pdp-i2560991397.html,
Điện,Thiết Bị Điện 024,100.000 ₫,-2%,98000,-3,3.7,"Đồng Hồ Đo Điện Dây Kim SAMWA YX-360TR Tặng 1 Pin 9V + 2 Pin 1,5V AA",16 Đã bán,https://www.lazada.vn/products/pdp-i1878248923.html,
Điện,ZOYI Tools,,,,-1,5,"Đồng hồ đo điện vạn năng kỹ thuật số Zoyi ZT-703S 3 trong 1, băng thông 280ms, tích hợp đo sóng hai kênh 50 mhz",,https://www.lazada.vn/products/pdp-i2846233159.html,
Điện,Sakura_Shop,240.000 ₫,-55%,108000,-1,5,"Ổ Điện Đa Năng Chịu Tải A02, Phích Cắm Điện Thông Minh Có Cổng Sạc USB,  Ổ Cắm Điện Chịu Tải An Toàn, Chống Giật, Chống Cháy Nổ, Tiết Kiệm Điện Năng",,https://www.lazada.vn/products/pdp-i1933744144.html,
Điện,Auto Tour,250.000 ₫,-36%,160000,,,Đồng hồ đo công suất điện 220V có nút RESET độ chính xác cao màn hình hiển thị LCD P U I Kwh bộ công tơ điện tử,,https://www.lazada.vn/products/pdp-i3021061754.html,
Điện,Auto Tour,298.000 ₫,-13%,259260,-143,4.9,"Đồng hồ đo điện Puucai Ampe kế Vôn kế 20A 100a 6 trong 1 Vôn kế Đồng hồ điện tử hiển thị 6 thông số 100A,Thiết bị đo công suất 100A 220V,công tơ điện tử 1 pha AC22KW 110~250V 100A Digital Voltage Power Energy",378 Đã bán,https://www.lazada.vn/products/pdp-i2720628481.html,
Smartphones,BDF Tablet PC,1.860.000 ₫,-50%,930000,-1,5,BDF M3PRO 8GB/256GB Global Phiên bản 5G Điện thoại thông minh 48MP Camera 67W Sạc điện thoại di động 144Hz,20 Đã bán,https://www.lazada.vn/products/pdp-i2220789765.html,
Điện,Lâm Khải Phong_shop,52.500 ₫,-6%,49350,-2,5,Ổ Điện Xanh Lá Có 3 Usb Sạc Điện Thoại và Chia Ổ Điện Kiêm Đèn Ngủ Có 2 Usb Sạc Điện Thoại,,https://www.lazada.vn/products/pdp-i3140848523.html,
Điện,Auto Tour,80.000 ₫,-48%,41600,,,Ổ Điện Thông Minh Chữ T Kèm Đèn Ngủ Và Sạc USB Tiện Dụng - PHÍCH CẮM 3 CHẤU - Màu sắc ngẫu nhiên,,https://www.lazada.vn/products/pdp-i2963467892.html,
Điện,Linh Kiện 35,263.940 ₫,-13%,229627,,,"Công tơ điện tử 1080 1 pha điện áp 220V 80A đo số điện tiêu thụ KWH nhựa ABS chống cháy, màn hình LCD",,https://www.lazada.vn/products/pdp-i2091883084.html,
Điện,VOKTTA Official Store,138.150 ₫,-33%,92560,-217,4.8,VOKTTA Vôn Kế Kỹ Thuật Số Mini Bốn Chữ Số M4430 0.28 Inch Chính Hãng Ampe Kế Máy Đo Dòng Điện Điện Áp Hiển Thị Kép LED DC 100V 200V 10A Máy Dò,576 Đã bán,https://www.lazada.vn/products/pdp-i1064372788.html,
Dụng cụ đo lường,KKmoon,966.600 ₫,-44%,541296,-15,5,"Máy Kiểm Tra Bức Xạ Điện Từ KKmoon, Thiết Bị Cầm Tay Kỹ Thuật Số, Có Màn Hình LCD, Máy Dò Liều Kế Trường Điện, Có Âm Thanh Và Ánh Sáng",75 Đã bán,https://www.lazada.vn/products/pdp-i297710698.html,
Phụ kiện Máy tính,XSmart Store,600.000 ₫,-35%,390000,-22,5,Bàn Phím Không Dây Bluetooh Full Size Giả Cơ K94 Full LED Kết Nối 2 Chế Độ Pin Sạc,76 Đã bán,https://www.lazada.vn/products/pdp-i2667934060.html,
Điện,Độc Lạ Trất,,,,,,Thiết bị điện tử đo điện áp và dòng sac điện thoại,,https://www.lazada.vn/products/pdp-i2325882041.html,
Điện,EChipTECmall,123.100 ₫,-40%,73860,-4,4.8,Máy Dò USB LCD Cầm Tay Mini Ampe Kế Điện Thoại Di Động Máy Kiểm Tra Dung Lượng Sạc Vôn Kế Màn Hình Sạc Điện Áp Dòng Điện,11 Đã bán,https://www.lazada.vn/products/pdp-i1630039335.html,
Dụng cụ điện & phụ kiện,GlobalSuperBazaar,848.000 ₫,-23%,652960,,,"Bộ Dụng Cụ Hàn Kỹ Thuật Số T12, Màn Hình LCD Di Động, Điều Khiển Nhiệt Độ, Sửa Chữa Điện Tử, Không Kèm Nguồn Điện",31 Đã bán,https://www.lazada.vn/products/pdp-i3145453956.html,
Điện,Jianak,,,,,,Bộ đếm điện tử 5 chữ số BEM-5C dùng trong công nghiệp,10 Đã bán,https://www.lazada.vn/products/pdp-i2494217153.html,
Điện,Lâm Khải Phong_shop,15.281 ₫,-14%,13141,-4,4.5,Chia Ổ Điện Kiêm Đèn Ngủ Có 2 Usb Sạc Điện Thoại và Phích Cắm Chia Ổ Điện 1 Ra 5 Lỗ,6 Đã bán,https://www.lazada.vn/products/pdp-i3036804707.html,
Phụ kiện Máy tính,epoosuo,301.000 ₫,-60%,120400,-243,4.9,EPOOSUO | Chuột Không Dây Bluetooth Im Lặng Sạc Lại Được cho Văn Phòng và Chơi Game,,https://www.lazada.vn/products/pdp-i3205307914.html,
Điện,A_Hoco_Shop,184.100 ₫,-33%,123347,-160,4.9,Đồng Hồ Vạn Năng DT9205A Đồng Hồ Vạn Năng Thông Minh Màn Hình Kỹ Thuật Số Độ Chính Xác Cao Dụng Cụ Kiểm Tra Bảo Trì Thợ Điện,624 Đã bán,https://www.lazada.vn/products/pdp-i2038478379.html,
Điện,Samebeauty,211.167 ₫,-40%,126700,-12,4.9,Vastar Đồng Hồ Vạn Năng DT9205A Đồng Hồ Vạn Năng Thông Minh Màn Hình Kỹ Thuật Số Độ Chính Xác Cao,28 Đã bán,https://www.lazada.vn/products/pdp-i2483807135.html,
Máy tính bảng,Top 1 Tablet,1.680.000 ₫,-19%,1360800,-21,4.6,Máy tính bảng thông minh X6 Pro Tablet Android Bản gốc 2023 Máy tính bảng thông minh 10.8Inch 4K FHD Màn hình Buletooth 8800mAh Pin Trực tuyến Class Tablet 12GB RAM + 512GB ROM 5G WiFi Android Dành cho trẻ em Gaming Pad Giao hàng miễn phí COD,61 Đã bán,https://www.lazada.vn/products/pdp-i2388594288.html,
Điện,ANENG Tool Store,202.000 ₫,-52%,96960,,,【Aneng】Đồng hồ vạn năng kỹ thuật số Đồng hồ điện áp kháng đèn nền LCD votage hiện tại Ohm dụng cụ kiểm tra tự động tắt máy sfor thợ điện,,https://www.lazada.vn/products/pdp-i2651382904.html,
Trường học & văn phòng,Kangaroo store 1595312584,81.900 ₫,-49%,41769,,,Máy tính điện tử cỡ nhỏ máy tính Màu kẹo đẹp cho học sinh máy tính lật dễ di chuyển nhỏ,,https://www.lazada.vn/products/pdp-i3076854601.html,
Điện,A_hoco__Store,206.000 ₫,-36%,131840,-1,5,Đồng hồ đo công suất điện 220V có nút RESET độ chính xác cao màn hình hiển thị LCD P U I Kwh bộ công tơ điện tử,9 Đã bán,https://www.lazada.vn/products/pdp-i2663550641.html,
Điện,KUAIQU,520.000 ₫,-48%,270400,-133,4.9,Đồng Hồ Vạn Năng Kẹp Kỹ Thuật Số Mini A3399 Máy Kiểm Tra Tần Số Điện Dung Điện Trở Điện Áp AC/DC-INTL,300 Đã bán,https://www.lazada.vn/products/pdp-i1516816982.html,
Dụng cụ đo lường,KKmoon,520.000 ₫,-50%,260000,-3,5,Máy đo độ nghiêng điện tử thước đo kỹ thuật số từ ebtn LCD độ chính xác cao hoạt động dễ dàng cho các góc đo,9 Đã bán,https://www.lazada.vn/products/pdp-i2964157164.html,
Điện,Linh Kiện Điện Tử LiKi,,,,,,Đồng Hồ Vạn Năng Điện Tử DT-33D Tự Động Tắt Nguồn - Chống Cháy Khi Đo Sai Điện Áp,5 Đã bán,https://www.lazada.vn/products/pdp-i2519361929.html,
Điện,EChipTECmall,289.200 ₫,-40%,173520,-89,4.9,Máy Kiểm Tra DC Type-C Hiển Thị Màu 10 Trong 1 Máy Kiểm Tra Bộ Sạc USB Điện Áp 4-30V Hiện Tại 0-5A Đồng Hồ Đo Điện Máy Dò Pin Di Động,245 Đã bán,https://www.lazada.vn/products/pdp-i817634805.html,
Điện,salevn.vn,,,,,,Ổ Điện Thông Minh Chữ T Kèm Đèn Ngủ Và Sạc USB,,https://www.lazada.vn/products/pdp-i2351554096.html,
Điện,AGBBG,261.547 ₫,-44%,146466,-15,5,AGBBG Aneng Đồng hồ vạn năng kỹ thuật số m118a Máy kiểm tra AC DC cầm tay máy đo điện trở Mini RMS,50 Đã bán,https://www.lazada.vn/products/pdp-i2748564876.html,
Smartphones,Ngọc Xuân Mobile,1.950.000 ₫,-26%,1443000,-26,5,"Điện thoại Opo A53s 5G Ram 8GB/256GB nguyên zin đẹp keng TẶNG (cường lực, ốp lưng) - Bảo hành 3 tháng",50 Đã bán,https://www.lazada.vn/products/pdp-i3060490150.html,
Phụ kiện điện thoại & máy tính bảng,CHANG TAN,180.000 ₫,-65%,63000,-317,4,[FREESHIP TẶNG CÁP SẠC NHANH 39K] PIN DỰ PHÒNG LCD MẶT GƯƠNG DUNG LƯỢNG 30000MAH - SẠC DỰ PHÒNG CÓ ĐÈN LED HIỂN THỊ DUNG LƯỢNG PIN - HỖ TRỢ SẠC NHANH ],792 Đã bán,https://www.lazada.vn/products/pdp-i3006110713.html,
Điện,Cosette,58.000 ₫,-33%,38860,-54,4.8,Ổ Cắm Điện Thông Minh Đa Năng Cổng Sạc USB Tiện Dụng,205 Đã bán,https://www.lazada.vn/products/pdp-i2279881737.html,
Điện,homeappliancescollectionstore,233.000 ₫,-42%,135140,-5,4.6,【HCM/24H】Vastar Đồng Hồ Vạn Năng DT9205A Đồng Hồ Vạn Năng Thông Minh Màn Hình Kỹ Thuật Số Độ Chính Xác Cao,9 Đã bán,https://www.lazada.vn/products/pdp-i3130251301.html,
Thiết bị tiện ích USB,EChipTECmall,43.800 ₫,-40%,26280,-96,4.9,"Đèn LED Mini, Đèn Đọc 24 LED USB DC 5V Cầm Tay Màu Trắng/Màu Ấm SMD5730 12W Đèn Ban Đêm",574 Đã bán,https://www.lazada.vn/products/pdp-i1594578265.html,
Điện,unicorntools.vn,275.000 ₫,-18%,225500,-32,4.6,"Đồng hồ kẹp dòng vạn năng đo tụ, tần số, nhiệt độ, điện trở, điện áp",110 Đã bán,https://www.lazada.vn/products/pdp-i2394689894.html,
Dụng cụ đo lường,Linh Kiện Điện Tử 3MS Tân Phú,,,,,,"Đồng hồ đo điện vạn năng Diymore ANENG M113, đo volt, điện trở",,https://www.lazada.vn/products/pdp-i2708210242.html,
Điện,homelifestorevn,230.700 ₫,-42%,133806,,,Vastar Đồng Hồ Vạn Năng DT9205A Đồng Hồ Vạn Năng Thông Minh Màn Hình Kỹ Thuật Số Độ Chính Xác Cao,8 Đã bán,https://www.lazada.vn/products/pdp-i2885777794.html,
Điện,Phukiensitphcm,27.000 ₫,-7%,25110,-1,5,Đồng Hồ Vạn Năng DT9205A Đồng Hồ Vạn Năng Thông Minh Màn Hình Kỹ Thuật Số Độ Chính Xác Cao Dụng Cụ Kiểm Tra Bảo Trì Thợ Điện,,https://www.lazada.vn/products/pdp-i2126909126.html,
Điện,3celectronicstore,180.000 ₫,-36%,115200,-29,4.7,[FREESHIP🎁]Đồng hồ vạn năng DT9205A màn hình kỹ thuật số đồng hồ vạn năng thông minh Máy đo bảo dưỡng thợ điện chính xác cao,75 Đã bán,https://www.lazada.vn/products/pdp-i2279930254.html,
Điện,Điện Hoàn Cầu,210.000 ₫,-1%,207900,-8,5,Công tơ điện tử 1 pha 2 dây CE-18G GELEX,45 Đã bán,https://www.lazada.vn/products/pdp-i2696488950.html,
Điện,Linh Kiện 024,179.000 ₫,-22%,139620,-16,4.8,Đồng hồ đo điện tử vạn năng BEST 9205M có sẵn pin 9V,46 Đã bán,https://www.lazada.vn/products/pdp-i1241671854.html,
Điện,Thiết bị đo 365,480.000 ₫,-18%,393600,,,Đồng hồ đo điện tử Wellink HL-3000 loại bỏ túi,,https://www.lazada.vn/products/pdp-i304606559.html,
Dụng cụ đo lường,Thế Giới Linh Kiện 720,469.000 ₫,-13%,408030,-2,5,"Đồng hồ kẹp dòng tự động ZOYI ZT-QB1, ZOYI ZT-QB4, ampe kìm đo điện tử đa năng, độ chính xác cao",22 Đã bán,https://www.lazada.vn/products/pdp-i1682103315.html,
Trang trí nhà cửa,mengmian selected,144.000 ₫,-42%,83520,,,MENGMIAN | Đồng Hồ Báo Thức Quản Lý Thời Gian Điện Tử cho Học Sinh,,https://www.lazada.vn/products/pdp-i3208257446.html,
Điện,Linh Kiện 024,160.000 ₫,-34%,105600,-8,4.9,"Đồng hồ đo điện vạn năng DT9205A, đo dòng điện, vôn kế có kèm pin 9V, bảo hành 1 tháng",26 Đã bán,https://www.lazada.vn/products/pdp-i1236380888.html,
Điện,INGCO TOOLS STORE,432.000 ₫,-50%,216000,-33,4.9,"INGCO DM2002 ""Đồng hồ đo điện vạn năng (2000 số đếm)",99 Đã bán,https://www.lazada.vn/products/pdp-i2266581917.html,
Thiết bị nhà bếp,Gaabor Official Store,280.000 ₫,-20%,224000,-838,4.9,"FLASH SALE Nồi điện đa năng dung tích 1,5L Gaabor GR-N15A công suất 600W 2 mức nhiệt tặng kèm xửng hấp - Bảo hành 12 tháng 1 đổi 1",2.7K Đã bán,https://www.lazada.vn/products/pdp-i2239704386.html,
Điện,G01 Phụ Kiện Thông Minh,84.915 ₫,-27%,61987,-4,5,Ổ cắm điện đa năng nhiều Cổng sạc USB 2 Cáp USB 3 Và 5M Dây Cáp Dày Chất Lượng Cao,20 Đã bán,https://www.lazada.vn/products/pdp-i2664809678.html,
Phụ kiện Máy tính,epoosuo,520.000 ₫,-81%,98800,-226,4.9,EPOOSUO | Chuột Không Dây Bluetooth Sạc Lại Yên Tĩnh cho Văn Phòng và Chơi Game,16 Đã bán,https://www.lazada.vn/products/pdp-i3206038635.html,
Điện,ZOYI Tools,,,,-1,5,"Đồng Hồ Vạn Năng Zoyi ZT-100 Đo Điện Kỹ Thuật Số Thiết Kế Nhỏ Gọn, Màn Hình Hiển Thị Lớn, Dễ Đọc",,https://www.lazada.vn/products/pdp-i2846106634.html,
Điện,techstuffstore,59.900 ₫,-15%,50915,,,"Đồng hồ đo điện mini, đo điện DC, màn hình kỹ thuật số",,https://www.lazada.vn/products/pdp-i1945608699.html,
Điện,METERK,881.992 ₫,-48%,458635,-10,5,"Meterk Máy Đo Kỹ Thuật Số Một Pha Đa Năng, Màn Hình LCD Hệ Số Công Suất Năng Lượng Điện Tần Số Dòng Điện Xoay Chiều Điện Áp Xoay Chiều Đồng Hồ Đo Màn Hình, AC 40.0-300.0V / AC 200.0-450.0V (Tùy Chọn)",25 Đã bán,https://www.lazada.vn/products/pdp-i1477024856.html,
Điện,Foriot tools Store,445.050 ₫,-37%,280381,-66,4.9,Foriot Đồng Hồ Đo Điện Áp Và Dòng Điện Kỹ Thuật Số Màn Hình LCD Màn Hình Màu AC 50-300V 0-100A KWS-AC301 Vôn Kế Ampe Kế,237 Đã bán,https://www.lazada.vn/products/pdp-i2086480566.html,
Điện,THIẾT BỊ ĐIỆN HÙNG PHÁT,280.000 ₫,-21%,221200,-1,5,"Công tơ điện tử,đồng hồ đo điện 1 pha",,https://www.lazada.vn/products/pdp-i1985533898.html,
Điện,EChipTECmall,114.300 ₫,-40%,68580,-10,5,Máy Kiểm Tra Sạc USB Máy Đo Dòng Điện Áp Bác Sĩ Vôn Kế Ampe Kế Máy Kiểm Tra Dung Lượng Pin Máy Dò Điện Di Động,24 Đã bán,https://www.lazada.vn/products/pdp-i1630104384.html,
Điện,POROMETISTO Tools,532.767 ₫,-44%,298349,-15,4.9,"UT01C USB-C Power Meter: 280W PD3.1/QC4+ Fast Charging Tester 12A Current Voltage Monitor w/Offline Save, HD IPS Display for iPhone/MacBook",30 Đã bán,https://www.lazada.vn/products/pdp-i3110025915.html,
Điện,ANENG  Store,221.889 ₫,-35%,144227,-13,4.7,ANENG Đồng Hồ Vạn Năng Kỹ Thuật Số SZ301 Ampe Kế Điện Ohm Điện Trở Dòng Điện AC/DC Máy Kiểm Tra Tự Động Máy Đo Điện Dung Kiểm Tra Khác,27 Đã bán,https://www.lazada.vn/products/pdp-i2011661879.html,
Điện,APNEU,273.000 ₫,-41%,161070,-108,4.8,"Đồng Hồ Đo Năng Lượng Dòng Điện Điện Áp LCD Kỹ Thuật Số, AC80-260V 100A 20A Chỉ Số Vôn Kế Ampe Kế Wattmeter Tester Detector TX-061",315 Đã bán,https://www.lazada.vn/products/pdp-i1042792469.html,
Phụ kiện điện thoại & máy tính bảng,7bekZzat,839.000 ₫,-24%,637640,-1,5,"[Hỏa tốc] Sạc Dự Phòng Bonne TECHNOLOGIQUE BP09 , Sạc Dự Phòng 10.000 mAh Kiêm Củ Sạc Đa Năng, Sạc Dự Phòng Tích hợp",5 Đã bán,https://www.lazada.vn/products/pdp-i3098722117.html,
Thiết bị nhà bếp,Elmich Vietnam,590.000 ₫,-42%,342200,-1317,4.9,(Sale giữ chuỗi- Chỉ 01-10.11)Ấm đun nước siêu tốc Smartcook ICS-3859,4.0K Đã bán,https://www.lazada.vn/products/pdp-i1686680854.html,
Dụng cụ đo lường,Linh Kiện 024,89.000 ₫,-2%,87220,-8,4.8,Đồng hồ đo vạn năng Digital Multimeter VC830L màn hình kỹ thuật số đo điện đa năng,34 Đã bán,https://www.lazada.vn/products/pdp-i1235400959.html,
Dụng cụ cầm tay & phụ kiện,KUAIQU,5.292.716 ₫,-49%,2699285,-33,5,"(Bản Gốc UNI-T) Máy Đo Điện Trở Cách Điện Kỹ Thuật Số UT501A UT502A 100V-2500V Ohmmeter, Với Điện Áp AC, Tỷ Lệ Hấp Thụ Cách Điện DAR, Chỉ Số Phân Cực PI, Thử Nghiệm Điện Trở Thấp",11 Đã bán,https://www.lazada.vn/products/pdp-i498192380.html,
Dụng cụ cầm tay & phụ kiện,ZOYI Tools,,,,-1,5,Đồng Hồ Đo Điện Zoyi ZT-102A Đo Điện Vạn Năng Tự Động - Hàng Chính Hãng - Bảo Hành 12 Tháng,,https://www.lazada.vn/products/pdp-i2846173216.html,
Điện,ZOYI Tools,,,,-2,5,Đồng Hồ Đo Điện Vạn Năng Zoyi ZT-102 Đo Điện Đa Năng Hiển Thị Kỹ Thuật Số - Bảo Hành 12 Tháng,6 Đã bán,https://www.lazada.vn/products/pdp-i2846104617.html,
Điện,Global Merch Park,316.000 ₫,-50%,158000,-8,5,ANENG SZ06 Đồng Hồ Vạn Năng Kỹ Thuật Số 2000 Đếm AC/DC Bút Thử Điện Áp DC Ohm Mini Thông Minh Multimetro Điện Chuyên Nghiệp Dụng Cụ,43 Đã bán,https://www.lazada.vn/products/pdp-i2713259600.html,
Điện,METAKING.VN,520.000 ₫,-16%,436800,,,"Công Tơ Điện Tử Thông Minh Wifi [ TUYA ], Chóng Rò Rỉ Điện, Đồng Hồ Đo Điện 63A, Điều Khiển Từ Xa",,https://www.lazada.vn/products/pdp-i2924917940.html,
Điện,ANENG  Store,280.706 ₫,-35%,182458,-30,5,ANENG Đồng Hồ Kẹp Đo Điện Kỹ Thuật Số Đồng Hồ Vạn Năng ST170 Vôn Kế Điện Xoay Chiều/DC 1999 Đếm 500A Kiểm Thử Đi-ốt Điện Dung NCV Ohm Hz,86 Đã bán,https://www.lazada.vn/products/pdp-i1585391076.html,
Điện,Phụ Kiện Công Nghệ_85,165.000 ₫,-30%,115500,-7,4.3,Đồng Hồ Đo Vạn Năng DT9205A / DT9205A M2 Màn Hình Kỹ Thuật Số Bảo Dưỡng Chính Xác Cao,19 Đã bán,https://www.lazada.vn/products/pdp-i2609450125.html,
Thiết bị tiện ích USB,Seller Tịnh Minh,58.000 ₫,-17%,48140,,,"Quạt Hoa Mini Sáng Tạo - Sạc USB, Quạt Để Bàn & Cầm Tay Yên Tĩnh - Dễ Thương & Tiện Lợi Có Chân Đế - Vật Dụng Thiết Yếu Cho Học Sinh",,https://www.lazada.vn/products/pdp-i3200989431.html,
Thiết bị tiện ích USB,MU RAN,992.000 ₫,-50%,496000,-271,4.9,MURAN | Quạt Bàn Mini Di Động Sạc USB,,https://www.lazada.vn/products/pdp-i3193657488.html,
Phụ kiện điện thoại & máy tính bảng,Siêu thị nhập khẩu Sakurato,500.000 ₫,-48%,260000,-574,4.9,"Sạc Pin Dự Phòng 50000mah Bảo hành 12 tháng Trong Suốt Có đồng hồ Hiển Thị Hiệu Điện Thế(V), Cường độ dòng điện(A) tích hợp 10 đèn Led",2.1K Đã bán,https://www.lazada.vn/products/pdp-i2894406649.html,
An toàn & bảo mật,Chuyên Đồ Bảo Hộ Lao Động - Đồng Phục,280.000 ₫,-32%,190400,-25,4.6,"Đồ Bảo Hộ Lao Động Ngành Điện Lực, Đồng Phục Điện Lực Theo Tiêu Chuẩn Chất Lượng Cao",162 Đã bán,https://www.lazada.vn/products/pdp-i1842095501.html,
Phụ kiện điện thoại & máy tính bảng,BEN BEN TPHCM,178.000 ₫,-53%,83660,-24,5,"[KÈM CÁP SẠC - SALE XÃ KHO] SẠC DỰ PHÒNG LCD MÀN HÌNH GƯƠNG CAO CẤP - PIN DỰ PHÒNG 30000MAH - PIN SẠC DỰ PHÒNG MẶT GƯƠNG, 2 CỔNG SẠC, SẠC MỌI DÒNG ĐIỆN THOẠI - SẠC DỰ PHÒNG GƯƠNG ĐEN GIÁ SỐC",29 Đã bán,https://www.lazada.vn/products/pdp-i3178901353.html,
Dụng cụ cầm tay & phụ kiện,XSafe,475.000 ₫,-30%,332500,-417,4.9,Đồng hồ đo điện vạn năng TOTAL màn hình LCD có đèn nền ban đêm đo dòng điện điện áp điện trở thông mạch TMT46001 TMT460012,1.4K Đã bán,https://www.lazada.vn/products/pdp-i1471373735.html,
Smartphones,MYSON MOBILE,419.000 ₫,-29%,297490,-33,4.4,"điện thoại Xiaomi Redmi Note 10 2sim ram 6G/128G Chính hãng, cấu hình khủng Cân game mượt - CMS",78 Đã bán,https://www.lazada.vn/products/pdp-i2879921936.html,
Dụng cụ nhà bếp,Cân Điện Tử Minh Vân,1.300.000 ₫,-31%,897000,-7,5,"Đầu cân điện tử - Loại Tính tiền K012 , Chống nước TCS 619, 501E - HMV",32 Đã bán,https://www.lazada.vn/products/pdp-i1857454210.html,
Điện,TUSUACHUAVN,139.000 ₫,-18%,113980,-21,5,"Đồng hồ vạn năng SAMWA YX-360TRN tặng kèm pin, hàng chuẩn loại xịn chính hãng CÓ BẢO HÀNH",56 Đã bán,https://www.lazada.vn/products/pdp-i1457491904.html,
Điện thoại cơ bản,phukien0846899000,1.098.000 ₫,-50%,549000,-328,5,"Điện thoại 4G Nokia 105 2021-2024, 2 Sim Chuẩn Quy Định Của Bộ Thông Tin Fullbox Loa To Sóng Khỏe Pin Bền",1.5K Đã bán,https://www.lazada.vn/products/pdp-i1592471939.html,
Dụng cụ đo lường,ABG Official Store,425.000 ₫,-44%,238000,-5,5,Đồng Hồ Đo Điện Vạn Năng Zoyi VC921 Điện Tử Đo Điện Mini Bỏ Túi Ac/Dc - Hàng Chính Hãng - Bảo Hành 12 Tháng,28 Đã bán,https://www.lazada.vn/products/pdp-i1995861092.html,
Điện,ĐIỆN TUẤN KHANG,280.000 ₫,-20%,224000,,,"Công Tơ Điện Tử 1 Pha Nexus Mini 5(80)A – Đo Điện Chính Xác, Gọn Nhẹ, Bền Bỉ!",,https://www.lazada.vn/products/pdp-i3118445823.html,
Điện,DIPPRUN,229.800 ₫,-34%,151668,-1,5,Sz202 Số Lượng Tối Đa 4000 aneng Mới đa năng kế kỹ thuật số Độ Chính Xác Cao Bảo Trì Đa Chức Năng Màn hình hiển thị kỹ thuật số Nhỏ điện áp và dòng điện,,https://www.lazada.vn/products/pdp-i3130907301.html,
Điện,Bảo Hộ Thinksafe,276.000 ₫,-28%,198720,-15,4.9,"Đồng hồ đo điện vạn năng Total hiển thị 2000 - 4000 số RMS, AC/DC 0.8~600V, điện trở 600kΩ, tự động tắt nguồn - Thinksafe",36 Đã bán,https://www.lazada.vn/products/pdp-i2591489861.html,
Điện,Taiye Electric,91.000 ₫,-9%,82810,-73,4.7,Một pha LCD kỹ thuật số Đồng hồ đo năng lượng điện dds1108 có hoặc không có đèn nền kWh V một W wattmeter AC 230V 50/60Hz,110 Đã bán,https://www.lazada.vn/products/pdp-i2590657035.html,
Điện,ForesightOfficialStore,97.700 ₫,-41%,57643,,,Thiết Bị Kiểm Tra Vôn Kế 0-100A 3 Trong 1 Màn Hình LED 22mm AC 60-500V,,https://www.lazada.vn/products/pdp-i2811104281.html,
Nhà thông minh,Điện Tử Nhật Minh,350.000 ₫,-20%,280000,-325,4.8,"Công Tắc Tuya Thông Minh Wifi Smart Life (Wifi+RF433) 1,2,3,4 Nút Cảm Ứng Chữ Nhật, Công Tắc Hẹn Giờ Điều Khiển Từ Xa 10A-2200W, Hỗ Trợ Điều Khiển Giọng Nói Tiếng Việt",1.9K Đã bán,https://www.lazada.vn/products/pdp-i290882776.html,
Phụ kiện điện thoại & máy tính bảng,Vention flagship store,915.000 ₫,-53%,430050,-1245,5,"Vention Sạc Dự Phòng 20000mAh 22.5W - 3 Cổng Sạc, Sạc Nhanh PD QC, Màn Hình LED Số, Chống Nóng - Đen / Trắng - Hàng Chính Hãng",3.9K Đã bán,https://www.lazada.vn/products/pdp-i2569230806.html,
Điện,Shop Nhà Thông Minh_TT,,,,,,Công Tơ Điện Tử Thông Minh HUNONIC ENTEC,,https://www.lazada.vn/products/pdp-i3058594807.html,
Điện,KUAIQU,1.100.000 ₫,-47%,583000,-3,5,"【Hàng Có Sẵn】 UNI-T Đồng Hồ Vạn Năng Kỹ Thuật Số UNI T, Máy Đo Nhiệt Độ Điện Dung Tần Số AC DC Phạm Vi Thủ Công RMS UT890C UT890D + Đèn Nền",8 Đã bán,https://www.lazada.vn/products/pdp-i1269057000.html,
Điện,Plata,65.000 ₫,-25%,48750,,,"Ổ cắm điện đa năng thông minh kèm 2 cổng sạc USB đa năng và 4 lỗ cắm, Dây Cáp Dày Chất Lượng Cao 100%",,https://www.lazada.vn/products/pdp-i2587793977.html,
Phụ kiện Máy tính,PHUKIENVTQ22,,,,,,"Bàn phím cơ JEDEL KL-125 dùng cho văn phòng,chơi game có 8 chế độ đèn led. Kết nối có dây bluetooth, usb",,https://www.lazada.vn/products/pdp-i2670789517.html,
Nhà thông minh,Điện Tử Nhật Minh,600.000 ₫,-8%,552000,-76,4.9,"Công Tắc Cửa Cuốn Wifi, Điều Khiển Cửa Cuốn Thông Minh Có Viền Vàng/Không Viền Tuya Smartlife Bản Mới, Hẹn Giờ Điều Khiển Từ Xa Ra Lệnh Giọng Nói",365 Đã bán,https://www.lazada.vn/products/pdp-i1771488308.html,
Phụ kiện Máy tính,KONG 3C STORE [vn],476.000 ₫,-35%,309400,-18,5,"APAYADO K61 Mini Wired Mechanical Keyboard, 61 Keys, Red/Blue Switch, Phantom RGB Lighting, 60% Portable, Hot-Swappable",56 Đã bán,https://www.lazada.vn/products/pdp-i2921286645.html,
"Thiết bị sưởi, làm lạnh và thông gió",goojodoqstore.vn,120.000 ₫,-35%,78000,-239,4.9,"quạt mini sạc điện GOOJODOQ quạt cầm tay mini tích điện sạc USB,tiện lợi, quạt usb,Thích hợp cho công việc và trường học",946 Đã bán,https://www.lazada.vn/products/pdp-i2597937297.html,
Điện,BUM STORE.,,,,,,"Ổ Điện Thông Minh Tích Hợp Cổng Usb Dây Dài 1m5, Ổ Cắm Usb Chất Liệu Nhựa Abs Chịu Nhiệt Có Công Tắc An Toàn Cho Bạn",,https://www.lazada.vn/products/pdp-i2665989377.html,
Điện,EChipTECmall,431.900 ₫,-34%,285054,,,Ampe Kế Kỹ Thuật Số DC 20A/50A/100A 8-100V Vôn Kế Điện Áp LCD 4 Trong 1 DC Và Công Suất Dòng Điện Với Đầu Dò Đồng Hồ Đo Năng Lượng Điện Shunt,,https://www.lazada.vn/products/pdp-i1633011205.html,
Thiết bị đeo thông minh,Kpro Store,,,,-31,5,"Đồng hồ thông minh S10 Pro Gen 5 5G (Ram 4gb/64) lắp sim nghe gọi, màn Super Amoled, Android tải mọi game, Mxh, camera 180 độ, cảm ứng đa điểm, pin 1300mah Smartwatch - Tặng 1 dây thép, 1 dây sili đen, 1 dán màn và 1 củ sạc",93 Đã bán,https://www.lazada.vn/products/pdp-i2917350659.html,
Điện,bansi08,,,,-1,5,Ổ Cắm Điện Đa Năng Thông Minh Có Cổng USB,5 Đã bán,https://www.lazada.vn/products/pdp-i838372427.html,
Điện,Tuyếtmai,46.900 ₫,-4%,45024,,,Ổ Điện Thông Minh Chữ T Kèm Đèn Ngủ Và Sạc USB,,https://www.lazada.vn/products/pdp-i2281765917.html,
Điện,CH thiết bị đo điện Gex.vn,,,,-5,5,Công tơ điện tử 1 pha 1 biểu giá trực tiếp 80A emic ce38,27 Đã bán,https://www.lazada.vn/products/pdp-i2265105915.html,
Dụng cụ đo lường,Electrical,179.000 ₫,-41%,105610,-1,5,"Công tơ điện tử 1 pha đa năng 80A đo công suất, điện áp, cường độ",,https://www.lazada.vn/products/pdp-i2120699108.html,
Smartphones,Phone Mai Mobile,1.569.000 ₫,-14%,1349340,-4,4.3,"Điện thoại realme 7 5G Ram 8G/128GB 2Sim đẹp keng, Full chức năng, Pin 5000 mAh",14 Đã bán,https://www.lazada.vn/products/pdp-i3161341162.html,
Dụng cụ cầm tay & phụ kiện,ThaiDuongTD,226.000 ₫,-49%,115260,-7,4.7,Đồng hồ đo vạn năng Digital EXCEL DT9205A (Mẩu mới 2020-2021),19 Đã bán,https://www.lazada.vn/products/pdp-i2422272.html,
Phụ kiện Máy tính,josenlighting,,,,,,Bộ Lưu Điện Cầm Tay Quay Tay 220V 150W,,https://www.lazada.vn/products/pdp-i3231156371.html,
Điện,ĐIỆN TUẤN KHANG,325.000 ₫,-28%,234000,-1,5,[Ảnh thật] Công tơ điện tử 1 pha Nexus 5(60)A-5(80)A TH-92,9 Đã bán,https://www.lazada.vn/products/pdp-i2807100504.html,
Điện,Thiết bị điện 123,800.000 ₫,-39%,488000,,,"Đồng hồ đa chức năng CW96 màn hình LCD hiển thị nhiều thông số điện áp, công suất, dòng điện, cos phi",,https://www.lazada.vn/products/pdp-i3053307382.html,
"Thiết bị sưởi, làm lạnh và thông gió",goojodoqstore.vn,600.000 ₫,-43%,342000,-325,4.9,"Quạt để bàn GOOJODOQ 2025 Quạt tốc độ cao để bàn- Im lặng turbo gió 100 tốc độ ,Màn hình kỹ thuật số LED ,Có thể treo tường ,Đèn chiếu sáng RGB",900 Đã bán,https://www.lazada.vn/products/pdp-i3061715223.html,
Điện,VOKTTA Official Store,447.150 ₫,-33%,299590,-6,5,"Vôn Kế Đa Chức Năng Tester, Đồng Hồ Đo Dòng Điện Áp Bộ Kiểm Tra USB Dung Lượng Sạc Dự Phòng",9 Đã bán,https://www.lazada.vn/products/pdp-i1304015637.html,
Điện,KUAIQU,999.999 ₫,-25%,749999,-13,4,Đồng Hồ Vạn Năng Thông Minh Kỹ Thuật Số UNI-T Mới 2021 Vôn Kế AC DC UT60S UT60BT 1000V Ampe Kế Đồng Hồ Vạn Năng Kiểm Tra Nhiệt Độ Tụ Điện RMS Thật,5 Đã bán,https://www.lazada.vn/products/pdp-i1644366301.html,
Điện,Global Merch Park,254.000 ₫,-23%,195580,-128,4.9,Đồng Hồ Vạn Năng Kỹ Thuật Số Mini Thông Minh 4000 Đếm Vôn Kế RMS Với Phạm Vi Tự Động Để Kiểm Tra Điện Áp Liên Tục Điện Trở NCV Hộ Gia Đình,312 Đã bán,https://www.lazada.vn/products/pdp-i2465577025.html,
Thiết bị nhà bếp,Ailian Small Appliances,141.000 ₫,-50%,70500,-98,4.9,AILIAN | Cốc Ép Trái Cây Điện Tử Di Động,,https://www.lazada.vn/products/pdp-i3192572522.html,
Điện thoại bàn,MYSON MOBILE,1.499.000 ₫,-27%,1094270,-69,4.4,"điện thoại A92 2sim ram 8G/256G máy Chính Hãng, Cấu hình Cao khủng, Chiến mọi game nặng siêu mượt,- BNLN",127 Đã bán,https://www.lazada.vn/products/pdp-i2859791308.html,
Dụng cụ cầm tay & phụ kiện,Linhkiengiasi24/7,,,,-13,4.6,Đồng Hồ Đo Điện XL830 XL830L - Đồng Hồ Vạn Năng Điện Tử XL830L (Có Pin và Dây đo),46 Đã bán,https://www.lazada.vn/products/pdp-i2557774715.html,
Điện,smart family store,157.600 ₫,-19%,127656,-30,5,【🔥Rẻ】Đồng Hồ Vạn Năng DT9205A Đồng Hồ Vạn Năng Thông Minh Màn Hình Kỹ Thuật Số Độ Chính Xác Cao Dụng Cụ Kiểm Tra Bảo Trì Thợ Điện,80 Đã bán,https://www.lazada.vn/products/pdp-i2193021836.html,
Nhà thông minh,TP-Link,399.000 ₫,-40%,239400,-386,5,Ổ Cắm Thông Minh TP-Link Tapo P100 / P110M Kết Nối Wifi Điều Khiển Từ Xa- Hãng phân phối chính thức,2.1K Đã bán,https://www.lazada.vn/products/pdp-i668298200.html,
Dụng cụ cầm tay & phụ kiện,Minh Khôi Electric,200.000 ₫,-42%,116000,-7,5,"Đồng hồ vạn năng Samwa YX360-TRn tặng kèm pin,đồng hồ điện tử,máy đo vạn năng, đo điện,đồng hồ đa năng đo điện trở",15 Đã bán,https://www.lazada.vn/products/pdp-i2427762199.html,
Điện,BẢO HỘ LAO ĐỘNG XSAFE,416.000 ₫,-20%,332800,-33,4.9,[HỎA TỐC] Đồng hồ đo điện vạn năng TOTAL màn hình LCD có đèn nền ban đêm đo dòng điện điện áp điện trở thông mạch,156 Đã bán,https://www.lazada.vn/products/pdp-i1969634911.html,
Dụng cụ đo lường,Deli Tools Việt Nam,540.750 ₫,-38%,335265,-83,4.8,Đồng hồ vạn năng Deli chính hãng - Màn hình LED kỹ thuật số - Phạm vi đo 600V - Bảo hành 12 tháng - DL8490,104 Đã bán,https://www.lazada.vn/products/pdp-i1951827172.html,
Điện,ANENG  Store,898.858 ₫,-35%,584257,-125,4.9,ANENG Đồng Hồ Vạn Năng Chuyên Nghiệp 683 Số Đếm 6000 Ampe Kế Dòng Điện AC/DC Kẹp Thử Điện Đồng Hồ Vạn Năng NCV Màn Hình Cảm Ứng Thông Minh Khác,190 Đã bán,https://www.lazada.vn/products/pdp-i2201132609.html,
Phụ kiện Máy tính,Global Merch Park,517.000 ₫,-23%,398090,-19,5,Bàn Phím Bluetooth Không Dây Có Khe Cắm Thẻ Đa Chức Năng Cho Máy Tính Để Bàn Android Ios Máy Tính Xách Tay Pc Gamer 94 Phím Cao Su Dẫn Điện Phong Cách Ce Được Chứng Nhận,45 Đã bán,https://www.lazada.vn/products/pdp-i2474300054.html,
Nhà thông minh,Hunonic Miền Nam Store,150.000 ₫,-14%,129000,-629,4.9,"Công Tắc Thông Minh Hunonic Datic Basic, Điều Khiển Từ Xa, Hẹn Giờ Tắt/Bật, Dễ Lắp Đặt, Có Nút Cơ",2.4K Đã bán,https://www.lazada.vn/products/pdp-i2207603661.html,
Dụng cụ đo lường,Linh Kiện 024,489.000 ₫,-12%,430320,-12,5,"Đồng hồ kẹp dòng tự động ZOYI ZT-QB1, ZOYI ZT-QB4, ampe kìm đo điện tử đa năng, độ chính xác cao",38 Đã bán,https://www.lazada.vn/products/pdp-i1673061355.html,
Điện,Hanhstore247,,,,,,"Ổ cắm điện đa năng thông minh có cổng USB tiện dụng, Ổ Điện Đa Năng Loại Xịn Có Cổng Gắn USB Sạc Điện Thoại Kiêm Đèn Ngủ Tiện Lợi, o cam dien , ổ cắm điện giá rẻ hh029",,https://www.lazada.vn/products/pdp-i2911832241.html,
Điện,shopxuanvn,85.000 ₫,-31%,58650,-77,4.8,Ổ điện đa năng có cổng sạc USB,296 Đã bán,https://www.lazada.vn/products/pdp-i1991539356.html,
Điện,Minh Khôi Electric,400.000 ₫,-18%,328000,,,"Đồng hồ vạn năng Victor VC921,đồng hồ đo điện tử,đồng hồ đa năng,đồng hồ điện tử,máy đo vạn năng,dong ho van nang,đồng hồ đo điện trở,đồng hồ vạn năng kim,đồng hồ đo vạn năng,đồng hồ đo dòng điện,đồng hồ đo tụ điện,đồng hồ đo điện trở,đồng hồ đa năng đo đ",,https://www.lazada.vn/products/pdp-i3186472107.html,
Điện,Golden stars,162.800 ₫,-49%,83028,-55,4.9,"Ổ power plug smart 5 plugs, 2 ports USB charger, 9 universal socket wire long 1.8 meters-drive electric multi-purpose have switch, intelligent electric, power plug anti-shock, plug multi-purpose，Use for up to 2,000 ,W",69 Đã bán,https://www.lazada.vn/products/pdp-i2030367492.html,
Điện,EChipTECmall,744.300 ₫,-34%,491238,,,1 Chiếc PZEM-026 Vôn Kế Kỹ Thuật Số AC Một Pha 400V 100A Thông Minh Sạc Điện Tử Vôn Kế,,https://www.lazada.vn/products/pdp-i2208456979.html,
Điện,KUAIQU,968.000 ₫,-49%,493680,-24,5,【Ready Stock】UNIT Digital Multimeter True RMS UT890C UT890D+ Manual Range AC DC Frequency Capacitance Temperature Tester Backligh,14 Đã bán,https://www.lazada.vn/products/pdp-i852952507.html,
Điện,KKmoon,1.418.400 ₫,-46%,765936,,,KKmoon ANENG Đồng Hồ Kẹp ST212 Đồng Hồ Vạn Năng Kẹp Kỹ Thuật Số Thông Minh Vôn Kế AC & DC Thông Minh Đếm 6000 Ampe Kế 400A Máy Kiểm Tra Loại Kẹp Phạm Vi Tự Động Hiển Thị Màu VA Máy Đo Điện Áp Không Tiếp Xúc Điện Trở Đi-ốt Nhiệt Độ Tần Số Điện Dung,,https://www.lazada.vn/products/pdp-i1699821967.html,
Smartphones,Hoàng Hà Mobile,4.290.000 ₫,-33%,2874300,-405,5,Điện thoại Xiaomi Redmi 13 (6GB/128GB) - Chính Hãng,1.4K Đã bán,https://www.lazada.vn/products/pdp-i2484389320.html,
Dụng cụ cầm tay & phụ kiện,KUAIQU,4.079.171 ₫,-29%,2896211,-2,5,"[UNI-T Chính Hãng] Đồng Hồ Vạn Năng Kỹ Thuật Số UT61E + UT61D + UT61B Phiên Bản Nâng Cấp Của UNI-T, Máy Kiểm Tra Điện Trở Điện Áp Dòng Điện Xoay Chiều/Một Chiều RMS Thật",7 Đã bán,https://www.lazada.vn/products/pdp-i1203167568.html,
Nhà thông minh,Hunonic Miền Nam Store,510.000 ₫,-18%,418200,-126,5,"Công tắc cảm ứng Hunonic Datic 1-2-3-4 nút kết nối Wifi điều khiển mọi thiết bị từ xa qua điện thoại, Bảo hành 12 tháng.",467 Đã bán,https://www.lazada.vn/products/pdp-i2589262226.html,
Điện,VOKTTA Official Store,1.321.350 ₫,-33%,885304,,,Voktta aneng AL01 cảm đa năng kế kỹ thuật số 6000 đếm True-RMS AC/Đồng hồ đo điện áp một chiều dụng cụ kiểm tra dòng điện chuyên nghiệp dụng cụ thợ điện,,https://www.lazada.vn/products/pdp-i2499065589.html,
Điện,hoco_ SUPERSTAR _store,266.900 ₫,-49%,136119,-1,5,Công tơ điện tử 1 pha 220V-80A LW - đồng hồ đo công suất tiêu thụ Kwh,,https://www.lazada.vn/products/pdp-i2654400001.html,
Phụ kiện điện thoại & máy tính bảng,Baseus OfficialMall,999.000 ₫,-49%,509490,-55,4.8,"Baseus Lipow Sạc dự phòng Cáp képvới màn hình kỹ thuật số 20000mAh 22,5W",177 Đã bán,https://www.lazada.vn/products/pdp-i3040313742.html,
Điện,KUAIQU,999.999 ₫,-41%,589999,-14,5,11.11 (Sẵn Sàng) Máy Đo Vạn Năng Kỹ Thuật Số UNI-T UT136B +/UT136C + Đồng Hồ Vạn Năng Kế AC DC Vôn Kế Ampe Kế Ohm Điện Dung HFE Diode/Bóng Bán Dẫn,22 Đã bán,https://www.lazada.vn/products/pdp-i491468589.html,
Điện,ĐAIVIETBIG,,,,,,Công Tơ Điện Tử Cao Cấp ĐÃ Kiểm Định EVN 1 Pha CHINT DDSU777 5(80)A,,https://www.lazada.vn/products/pdp-i2921114309.html,
Điện,KUAIQU,1.200.000 ₫,-45%,660000,-14,4.8,Đồng Hồ Vạn Năng Kỹ Thuật Số UNI-T UT136C + LCD Máy Đo Điện Áp DC/AC Máy Đo Dòng Điện Điện Dung Điện Trở Diode Máy Đo Vôn Kế Ampe Kế,76 Đã bán,https://www.lazada.vn/products/pdp-i505356381.html,
Điện,,,,,,,Tổng Đài Điện Đa Năng Dài USB Nhiều Lỗ Thiết Kế Sáng Tạo Cho Gia Đình Ký Túc Xá Nhà Máy Điện Phụ Kiện Điện Tử,6 Đã bán,https://www.lazada.vn/products/pdp-i2997334619.html,
Nhà thông minh,Hunonic Miền Nam Store,700.000 ₫,-7%,651000,-34,4.8,"Công Tắc Thông Minh Lahu 04 RTC Tích Hợp IC Thời Gian Thực, Điều Khiển Từ Xa Qua Điện Thoại, Hẹn Giờ Tự Động",122 Đã bán,https://www.lazada.vn/products/pdp-i2589155610.html,
Điện,TRÙM SỈ ĐIỆN NƯỚC,,,,,,"Đồng Hồ Công Tơ Điện Tử 3 Pha 4 Dây NEXUS & HỮU HỒNG Chính Hãng Có Giấy Kiểm Định, Công Suất 100A",,https://www.lazada.vn/products/pdp-i2662620092.html,
Điện,GlobalWonderShop,241.000 ₫,-23%,185570,-7,3.7,Ổ Cắm Tường Đa Chức Năng Có Sạc Nhanh USB Công Tắc Đường Dài Ổ Cắm Phòng Ngủ Thiết Kế Nhiều Lỗ W Cho Bảng Dây Điện,39 Đã bán,https://www.lazada.vn/products/pdp-i2901944588.html,
Điện,Aeneas Shop,,,,-1,5,"Đồng hồ đo điện,đồng hồ vạn năng đo Volt, ampe, điện trở và linh kiện điện tử cơ bản -AENEA",,https://www.lazada.vn/products/pdp-i2826876455.html,
Phụ kiện Máy tính,XSmart Store,890.000 ₫,-45%,489500,-158,5,"Bàn Phím Cơ Bluetooth Không Dây K68BT Trục Cơ Red Switch Gõ Cực Đã, Thiết Kế Nhỏ Gọn Có Hotswap Có Thể Custom Kết Nối Máy Tính / Điện Thoại / Tablet",497 Đã bán,https://www.lazada.vn/products/pdp-i2075890883.html,
Điện,Enrich garden shop,55.000 ₫,-9%,50050,,,( Hỏa Tốc HCM ) Ổ Điện Thông Minh Chữ T Kèm Đèn Ngủ Và Sạc USB,,https://www.lazada.vn/products/pdp-i2344751569.html,
Phụ kiện Máy tính,Plata,450.000 ₫,-32%,306000,,,"Bàn Phím Mini K61 LED RGB 10 Chế Độ Rainbow Cực Đẹp, Phím Bấm Êm, Thiết Kế Nhỏ Gọn, Dùng Cho Máy Tính, Laptop,PC",,https://www.lazada.vn/products/pdp-i2590505891.html,
Phụ kiện Máy tính,Tech7,,,,-13,4.6,Bàn phím không dây mini W201S - đa kết nối bluetooth 5.0 + 3.0 + Usb wireless 2.4G,36 Đã bán,https://www.lazada.vn/products/pdp-i1913872027.html,
Điện,,414.000 ₫,-43%,235980,,,"Bảng Cắm Ổ Cắm Đa Chức Năng Có USB Cho Đèn Bàn, Phòng Học Sinh, Nhà Ở, Cắm Nhiều Lỗ, Cắm Điện, Cắm Điện, Cắm Điện",12 Đã bán,https://www.lazada.vn/products/pdp-i2997306753.html,
Phụ kiện Máy tính,THIẾT BỊ CÔNG NGHỆ HUY LONG,649.000 ₫,-22%,506220,-33,4.8,"Bàn phím không dây FREEWOLF M96 kết nối bằng Bluetooth và 2.4G có đèn led 7 màu, nút văn âm lượng và màn hình led mini",96 Đã bán,https://www.lazada.vn/products/pdp-i2636447362.html,
Điện,Smart Sensor,977.000 ₫,-9%,889070,,,"Smart Sensor Đồng Hồ Vạn Năng Kỹ Thuật Số HABOTEST HT118E Đồng Hồ Đa Năng Phạm Vi Tự Động 20,000 Số Đếm True RMS Đo Điện Áp AC/DC & Điện Trở Dòng Điện Điện Tần Số Nhiệt Độ Liên Tục Nhiệm Vụ Tối Đa/PHÚT Đo Trực Tiếp & Diode Kiểm Tra NCV",,https://www.lazada.vn/products/pdp-i2174929562.html,
Phụ kiện điện thoại & máy tính bảng,Pisen Official Store 1618388268,1.380.000 ₫,-54%,634800,-71,4.9,"Pin sạc dự phòng chân cắm PISEN Quick High Power Box kèm cáp sạc C/L, sạc nhanh công suất 22.5w, 20000mAh, TS-D313 - Hàng chính hãng, BH 24 tháng",203 Đã bán,https://www.lazada.vn/products/pdp-i2395426282.html,
Phụ kiện điện thoại & máy tính bảng,PARHJg.Selection,44.700 ₫,-62%,16986,-8787,4.8,Kính Lúp Màn Hình Điện Thoại 3D HD – Biến Màn Hình Nhỏ Thành Rạp Phim Di Động,25.2K Đã bán,https://www.lazada.vn/products/pdp-i2518113815.html,
Phụ kiện điện thoại & máy tính bảng,Lacepulse Store,64.000 ₫,-14%,55040,-1,5,Lacepulse 丨 20000mAh gạo đen điện siêu mỏng xách tay điện nguồn trung tính Quà Tặng đóng gói phổ sạc nhanh đầu ra USB kép cho Android /IP,9 Đã bán,https://www.lazada.vn/products/pdp-i3112997882.html,
Smartphones,MYSON MOBILE,,,,-88,4.9,"điện thoại giá rẻ Realme 10 5G 2sim ram 8G/256G Chính Hãng, Cấu Hình khủng, Cày Gme nặng mượt,  - MSC",142 Đã bán,https://www.lazada.vn/products/pdp-i2867414503.html,
"Thiết bị sưởi, làm lạnh và thông gió",goojodoqstore.vn,300.000 ₫,-40%,180000,-1892,4.9,"Quạt mini GOOJODOQ cầm tay với 4000mAh,5 bánh răng gió mạnh,điều chỉnh mức 100 Level,Tiếng ồn nhỏ,có thể gập lại",7.2K Đã bán,https://www.lazada.vn/products/pdp-i2871595253.html,
Điện thoại bàn,PTlG8cPR.Selection,12.000 ₫,-33%,8040,-1658,4.8,Giá xoay điện thoại di động đa năng kẹp xe ô tô giá đỡ xoay 360 độ,4.0K Đã bán,https://www.lazada.vn/products/pdp-i2429538969.html,
Máy tính bảng,Đèn Led Thúy Nga,,,,-9,4.8,"Nguồn adapter 15v 3A, 15v 2a",42 Đã bán,https://www.lazada.vn/products/pdp-i1875051383.html,
"Thiết bị sưởi, làm lạnh và thông gió",Thunlit,450.000 ₫,-20%,360000,-362,4.9,Quạt điện để bàn Thunlit xoay đầu tự động 5000mAh có thể sạc lại 4 tốc độ gió chạy êm,1.2K Đã bán,https://www.lazada.vn/products/pdp-i1299226725.html,
Phụ kiện điện thoại & máy tính bảng,TAIDU STORE,79.254 ₫,-17%,65780,-164,4.3,"Taidu mini pin sạc dự phòng với bốn được xây dựng trong cáp, 20000mAh dung tích lớn đồ sạc di động",164 Đã bán,https://www.lazada.vn/products/pdp-i3126768997.html,
Camera giám sát & hệ thống,Fnkvision_vn,650.000 ₫,-40%,390000,-438,4.9,"Camera wifi Fnkvision 12MP có màu Yoosee 2 mắt, đàm thoại 2 chiều, toàn cảnh 360 độ - phiên bản tiếng việt",1.5K Đã bán,https://www.lazada.vn/products/pdp-i2714143075.html,
Camera giám sát & hệ thống,CAMERA WIFI YOOSEE,1.000.000 ₫,-41%,590000,-513,4.9,"Camera Wifi Yoosee 2 mắt Ngoài Trời Xem Cùng lúc 2 khung hình FHD 5.0mpx, xoay 360 độ ban đêm có màu",1.5K Đã bán,https://www.lazada.vn/products/pdp-i2314772480.html,
Điện,ANENG Tool Store,377.000 ₫,-58%,158340,,,【Aneng】đồng Hồ Kẹp Kỹ Thuật Số Đồng Hồ Vạn Năng DC/AC Điện Dung Dòng Điện Diode NCV Ohm Dụng Cụ Kiểm Tra,,https://www.lazada.vn/products/pdp-i2181772925.html,
Camera giám sát & hệ thống,2Tech Store,920.000 ₫,-34%,607200,-364,4.8,"Camera Wifi IMOU A32EP 2K Thu Âm, Báo Động, Đàm Thoại 2 Chiều",1.8K Đã bán,https://www.lazada.vn/products/pdp-i1766495221.html,
Điện,Bull Socket,2.222.000 ₫,-64%,799920,,,Bull | Ổ Cắm Điện Bàn Đa Năng Sạc Nhanh 67W Hiển Thị Số USB,,https://www.lazada.vn/products/pdp-i3234368977.html,
"Thiết bị sưởi, làm lạnh và thông gió",goojodoqstore.vn,800.000 ₫,-57%,344000,-1029,4.9,"Quạt mini GOOJODOQ GFS006 cầm tay siêu mạnh, Có thể chườm đá,100 tốc độ gió màn hình kỹ thuật số có thể điều chỉnh quạt",3.7K Đã bán,https://www.lazada.vn/products/pdp-i2873605232.html,
Phụ kiện điện thoại & máy tính bảng,Rocoren Official Store,498.333 ₫,-54%,229233,-1632,5,Rocoren Power Bank Original Portable Powerbank 30000mah/20000mAh/10000mAh PD 22.5W Fast Charging with Led Display,3.7K Đã bán,https://www.lazada.vn/products/pdp-i2565936871.html,
Điện thoại bàn,Xuyn.offiicial,,,,-1,5,"Điện thoại gập Philips E6515 - 4G, pin lâu, sạc typeC, sang trọng 2 màn hình",9 Đã bán,https://www.lazada.vn/products/pdp-i3021060067.html,
Phụ kiện Máy tính,BẢO HÂN TREASURES COMPUTER,550.000 ₫,-31%,379500,,,"Bàn phím số không dây Newmen TK-028 (LED, Bluetooth ) - Hàng chính hãng",,https://www.lazada.vn/products/pdp-i2236015177.html,
Phụ kiện Máy tính,Punstore - Gear / Audio / Hitech,,,,-16,4.9,"RICCKS RS8 - Bàn phím cơ RICCKS RS8 HIFI Mạch Xuôi , RGB , 3 MODE , QMK/VIA Chính Hãng BH 12 THÁNG",42 Đã bán,https://www.lazada.vn/products/pdp-i3025858719.html,
Phụ kiện Máy tính,MijiaPlay,413.846 ₫,-35%,268999,-1,5,Bàn phím không dây acer Bluetooth có thể sạc lại Đèn nền RGB Chơi game văn phòng Bàn phím có dây cho máy tính để bàn Máy tính xách tay,,https://www.lazada.vn/products/pdp-i3070366180.html,
Điện,Morefine,405.000 ₫,-30%,283500,,,【Nhiều hơn】 đa năng kế kỹ thuật số nhỏ gọn để kiểm tra điện áp và điện dung chính xác chất lượng cao,,https://www.lazada.vn/products/pdp-i3223880459.html,
Phụ kiện điện thoại & máy tính bảng,Rocoren Official Store,1.331.667 ₫,-41%,785683,-52,4.8,Rocoren Pin sạc dự phòng 50000mAh 67.5W/22.5W Power bank | Cổng sạc nhanh USB-C | 6 cổng | Màn hình kỹ thuật số,124 Đã bán,https://www.lazada.vn/products/pdp-i2608003626.html,
Dụng cụ đo lường,ABG Official Store,1.210.000 ₫,-46%,653400,-10,5,Đồng Hồ Đo Điện Vạn Năng Zoyi Zt-Y Cao Cấp Đo Điện Vạn Năng Tự Động 9999 Số Đếm - Hàng Chính Hãng - Bảo Hành 12 Tháng,25 Đã bán,https://www.lazada.vn/products/pdp-i1995280201.html,
Nhà thông minh,Hunonic Miền Nam Store,300.000 ₫,-35%,195000,-93,4.9,Bộ hồng ngoại Hunonic IR Smart - Điều khiển thiết bị từ xa qua điện thoạii,280 Đã bán,https://www.lazada.vn/products/pdp-i2589161580.html,
Phụ kiện điện thoại & máy tính bảng,VENTION STORE,919.000 ₫,-49%,468690,-1,5,"Sạc Dự Phòng 35W Vention 10000mAh Nhỏ Gọn Tiện Lợi, Tích Hợp Cáp USB-C, Hỗ Trợ PD Cho Điện Thoại, Tai Nghe, Máy Tính Nhiều Thiết Bị, Vỏ PC+ABS Cao Cấp Chống Va Đập Tối Đa",,https://www.lazada.vn/products/pdp-i3213530757.html,
Phụ kiện Máy tính,Sola Digital Store,1.699.000 ₫,-48%,883480,,,Solakaka Sk961 Bàn Phím Cơ Đèn nền RGB 60% Hot Swappable Bluetooth Không Dây Có Dây 3 Chế Độ hot-Swappable Chuyển Đổi Bàn phím chơi game,,https://www.lazada.vn/products/pdp-i2593966371.html,
Nhà thông minh,Điện Tử Nhật Minh,650.000 ₫,-15%,552500,-256,4.9,"Công Tắc Cửa Cuốn Thông Minh Tuya, Công Tắc Điều Khiển Cửa Cuốn Wifi SmartLife Qua App Tuya, Điều Khiển Mở Cửa Cuốn Từ Xa Qua App, Ra Lệnh Giọng Nói",1.3K Đã bán,https://www.lazada.vn/products/pdp-i358248477.html,
Smartphones,OPPO Official Store,,,,-86,5,[Sale 25.10] Điện Thoại OPPO A3 (8GB/128GB) - Hàng chính hãng,208 Đã bán,https://www.lazada.vn/products/pdp-i3210658076.html,
Phụ kiện Máy tính,TCKB,1.990.000 ₫,-35%,1293500,,,"Bàn phím cơ không dây Monka K100 Full size | 3 mode, RGB, Hotswap, Gasket mount, Núm xoay",,https://www.lazada.vn/products/pdp-i3085570261.html,
Điện,Điện thông minh & Đèn Led Kawasan,280.000 ₫,-8%,257600,,,ĐỒNG HỒ ĐO ĐIỆN NĂNG 1 PHA KỸ THUẬT SỐ – Model: DPM10,,https://www.lazada.vn/products/pdp-i3079931801.html,
Phụ kiện Máy tính,Phụ Kiện Công Nghệ_85,577.500 ₫,-33%,386925,-1,5,"Bàn Phím Cơ 1 tay ZIYOULANG K5 39 Phím Blue Switch RGB Chơi Game Pubg Mobile, Rules, Free Fire",8 Đã bán,https://www.lazada.vn/products/pdp-i1669476488.html,
Nhà thông minh,Điện Tử Nhật Minh,750.000 ₫,-33%,502500,-81,4.9,"BH 6 tháng-Ổ Cắm Thông Minh Wifi Tuya Smart Life 4 Cổng 4 USB Điều Khiển Từ Xa Hẹn Giờ Tiện Lợi Qua Phần Mềm, Ổ Cắm Hẹn Giờ Điều Khiển Từ Xa, Ổ Cắm Điện Thông Minh Tuya Smart 10A",279 Đã bán,https://www.lazada.vn/products/pdp-i1259219749.html,
Phụ kiện điện thoại & máy tính bảng,VENTION STORE,1.065.000 ₫,-43%,607050,,,"Sạc Dự Phòng 22.5W 30000mAh Vention Hỗ Trợ PD QC3.0, 4 Cổng USB/Type-C/Micro Cho Điện Thoại,Máy Tính Bảng",,https://www.lazada.vn/products/pdp-i3213625473.html,
Phụ kiện điện thoại & máy tính bảng,Baseus OfficialMall,1.098.000 ₫,-53%,516060,-1475,4.9,"Sạc dự phòng Baseus Qpow2 10000mAh/20000mAh - Công suất 22,5W PD Sạc nhanh (Kèm cáp Type C và Iphone dài 30cm)",4.4K Đã bán,https://www.lazada.vn/products/pdp-i2478263596.html,
Phụ kiện Máy tính,vintagelifestyle,3.990.000 ₫,-18%,3271800,-10,4.2,"Bàn phím cơ không dây Lofree Flow chính hãng 84 phím, kết nối bluetooth và dây, Kailh switch, LED trắng và RGB",30 Đã bán,https://www.lazada.vn/products/pdp-i2393803852.html,
Điện,Global Joy,1.665.000 ₫,-23%,1282050,-87,4.8,BSIDE U1 Kỹ Thuật Số Kẹp Mét 100A DC AC Dĩa Ampe Kế Kìm T-RMS Hiện Tại OpenJaw Điện Tự Động Đồng Hồ Đo Vạn Năng Với Điện Áp & Đo Điện Trở,77 Đã bán,https://www.lazada.vn/products/pdp-i2581102803.html,
Phụ kiện điện thoại & máy tính bảng,Anker Official Store,990.000 ₫,-17%,821700,-37,5,"sạc dự phòng Anker Zolo 10,000mAh Power Bank 10K - 30W, Built-In USB-C and Lightning Cable, Compatible with MacBook, iPhone 17/16/15 /14 Series, Samsung",104 Đã bán,https://www.lazada.vn/products/pdp-i3148965542.html,
Thiết bị nhà bếp,Simplus Home Appliances,429.000 ₫,-28%,308880,-20,5,[New Arrival] Simplus Nồi Hấp Trứng Nồi Hấp Đa Năng 7 Chế Độ Hẹn Giờ 24 Tiếng Điều Khiển Cảm Ứng Hấp Trứng Làm Sữa Chua DZEG006,83 Đã bán,https://www.lazada.vn/products/pdp-i2885507151.html,
Nhà thông minh,TechHome,3.100.000 ₫,-6%,2914000,-18,4.9,"Loa thông minh Google nest hub 2nd Gen - Tích hợp trợ lý Google, Màn hình 7inch - Mới, Nguyên seal, Chính hãng",72 Đã bán,https://www.lazada.vn/products/pdp-i1310025070.html,
"Thiết bị sưởi, làm lạnh và thông gió",goojodoqstore.vn,900.000 ₫,-52%,432000,-102,4.9,Quạt mini GOOJODOQ Quạt cầm tay siêu nhanh 6000mah 3 trong 1 Turbo tốc độ cực cao có màn hình LED Hai vòi phun gió,297 Đã bán,https://www.lazada.vn/products/pdp-i3102480601.html,
Phụ kiện Máy tính,Plata,1.700.000 ₫,-24%,1292000,,,"Bàn phím cơ gaming bluetooth M87 LED RGB bàn phím cơ không dây có Hotswap, White Switch, 3 Chế Độ Kết Nối tương thích với hệ điều hành MAC, Windows, và Android",,https://www.lazada.vn/products/pdp-i2586762781.html,
Điện,TOP GOAT MALL,340.000 ₫,-53%,159800,-39,4.9,"LazMall Điện Tử Nhật Bản Cục Giảm Điện Nhật Bản Bộ Tiết Kiệm Điện Nhật Bản Tiện Lợi, An Toàn Và Dễ Sử Dụng Giúp Cắt Giảm Đến 43% Lượng Tiêu Thụ Điện Hàng Tháng",64 Đã bán,https://www.lazada.vn/products/pdp-i3168357070.html,
Điện,Thợ Máy,350.000 ₫,-4%,336000,-2,5,Đồng Hồ Đo Điện Zoyi ZT102A Đo Điện Vạn Năng Tự Động - Hàng Chính Hãng - Bảo Hành 12 Tháng,8 Đã bán,https://www.lazada.vn/products/pdp-i2567992832.html,
Điện,diymore Official Store,311.500 ₫,-33%,208705,-92,5,diymore Máy Kiểm Tra AN101 Đồng Hồ Vạn Năng Kỹ Thuật Số Di Động Vôn Kế Điện Áp Ohm Chống Cháy Có Thể Sạc Lại Tự Động Trên Phạm Vi Hoạt Động TRMS,64 Đã bán,https://www.lazada.vn/products/pdp-i2201123536.html,
Điện,chasoee,,,,,,Đồng hồ đo năng lượng LCD kỹ thuật số 3 pha 4 dây 7P Đồng hồ đo điện tử KWh Đồng hồ đo điện DIN-Rail 3 x 220V/380V,32 Đã bán,https://www.lazada.vn/products/pdp-i2628234135.html,
Điện,CH thiết bị đo điện Gex.vn,,,,-4,4.5,Công tơ điện tử 3 pha 1 biểu giá  trực tiếp 100A,25 Đã bán,https://www.lazada.vn/products/pdp-i2616535856.html,
Điện,Điện thông minh & Đèn Led Kawasan,260.000 ₫,-7%,241800,-2,5,ĐỒNG HỒ ĐO ĐIỆN NĂNG 1 PHA ĐỒNG HỒ CƠ ĐO ĐIỆN NĂNG– Model: APM10,5 Đã bán,https://www.lazada.vn/products/pdp-i3080017341.html,
Nhà thông minh,Điện thông minh & Đèn Led Kawasan,383.400 ₫,-28%,276048,-2,5,Ổ cắm điều khiển từ xa 500W C01-RM2A,9 Đã bán,https://www.lazada.vn/products/pdp-i1864106174.html,
Phụ kiện Máy tính,Vinetteam Store,1.890.000 ₫,-39%,1152900,-5,5,"Bàn phím cơ gaming bluetooth M87 LED RGB có Hotswap, White Switch, 3 Chế Độ Kết Nối tương thích với hệ điều hành MAC, Windows, và Android",15 Đã bán,https://www.lazada.vn/products/pdp-i2612031386.html,
"Thiết bị sưởi, làm lạnh và thông gió",NHẬT PHONG SOLAR,1.900.000 ₫,-40%,1140000,-146,4.9,"[0 đồng vận chuyển]Quạt năng lượng mặt trời, quạt tích điện chạy bằng lăng lượng mặt trời  dạng nằm chân quỳ NHẬT PHONG SOLAR,quạt có 12 Chế Độ gió,hiển thị phân trăm pin,3 cánh bằng kim loại, củ sạc điện 220v, tấm pin năng lượngmặt trời dây dài gần 5m",695 Đã bán,https://www.lazada.vn/products/pdp-i1475911121.html,
Thiết bị giặt là & chăm sóc trang phục,PHILIPS Flagship Store,295.000 ₫,-3%,286150,-210,5,Bàn Ủi Khô Philips DST0520/20 - Hàng Phân Phối Chính Hãng,637 Đã bán,https://www.lazada.vn/products/pdp-i2598579797.html,
Phụ kiện Máy tính,Phụ Kiện Công Nghệ_85,1.499.190 ₫,-34%,989465,-5,4.8,Bàn phím cơ không dây Xinmeng M87 pro - Hotswap 5 pin - Mạch xuôi - Led RGB với 3 chế độ kết nối,16 Đã bán,https://www.lazada.vn/products/pdp-i2505910020.html,
Phụ kiện Máy tính,THE BABU STORE,,,,,,"Bàn Phím Cơ Không Dây Riccks RS8 3 Mode | Mạch Xuôi | Led RGB+Led viền | Full Foam,Full Mod | QMK-VIA",,https://www.lazada.vn/products/pdp-i3180555986.html,
Phụ kiện điện thoại & máy tính bảng,Baseus OfficialMall,1.159.000 ₫,-56%,509960,-19,5,Pin sạc dự phòng Baseus Lipow 20000mAh 15W / 22.5W 2 cổng USB-A và 1 cổng Type-C,50 Đã bán,https://www.lazada.vn/products/pdp-i2894678789.html,
Smartphones,HONOR Vietnam,3.990.000 ₫,-25%,2992500,-214,4.9,"Điện thoại Honor X6b (6+6)GB+128GB | Pin 5200mAh, Camera 50MP AI, tần số quét 90Hz| Chống bể vỡ | Bảo hành 18 tháng Hàng Chính Hãng",510 Đã bán,https://www.lazada.vn/products/pdp-i2728102787.html,
Phụ kiện Máy tính,EWEADN,435.000 ₫,-12%,382800,-251,4.9,"EWEADN | Chuột không dây Bluetooth tai thỏ siêu dễ thương, 2 chế độ (Bluetooth/2.4G), Silent Click (gõ êm), Pin sạc, Thiết kế công thái học, dành cho Nữ, Laptop và Văn phòng",,https://www.lazada.vn/products/pdp-i3193687255.html,
Phụ kiện Máy tính,XSmart Store,1.800.000 ₫,-34%,1188000,,,"Bàn Phím Cơ Bluetooth Không Dây X85 Có Màn Hình Led RGB Mạch Xuôi, Hotswap 5 Pin, 3 Mode Kết Nối, Phím PBT Cao Cấp",,https://www.lazada.vn/products/pdp-i2616413767.html,
Thiết bị giặt là & chăm sóc trang phục,PHILIPS Flagship Store,,,,-699,5,Bàn Ủi Khô Philips HD1172/01 - Hàng Chính Hãng,2.0K Đã bán,https://www.lazada.vn/products/pdp-i2426832938.html,
Phụ kiện điện thoại & máy tính bảng,Vention Franchised Store,1.451.000 ₫,-67%,478830,-1,5,Vention® sạc dự phòng Pin dự phòng mini 35W 10000mAh USB-C + USB-C/Lightning tích hợp cáp USB-C và Lightning,7 Đã bán,https://www.lazada.vn/products/pdp-i3046412190.html,
Phụ kiện điện thoại & máy tính bảng,Vention flagship store,498.400 ₫,-48%,259168,-62,5,Vention Mini Powerbank 4800mAh - Sạc Dự Phòng Siêu Nhỏ Gọn Tích Hợp Cáp Lightning & Type-C 22.5W - Màn Hình LED Hiển Thị Pin - 2 Thiết Bị Cùng Lúc,169 Đã bán,https://www.lazada.vn/products/pdp-i2748363301.html,
Phụ kiện Máy tính,MKSHOP,,,,,,"Bàn Phím Cơ Attack Shark K86 RGB, 3 Modes , Có màn Hình, Núm Vặn, Hotswap 5 pin",,https://www.lazada.vn/products/pdp-i2594860090.html,
Điện,CH thiết bị đo điện Gex.vn,,,,-17,4.9,Công tơ điện tử 1 pha mini cài át bách khoa,130 Đã bán,https://www.lazada.vn/products/pdp-i2426916562.html,
Smartphones,Hoàng Hà Mobile,4.190.000 ₫,-19%,3393900,-28,4.9,Điện thoại di động Xiaomi Redmi 13 6GB/128GB - 8GB/128GB - Chính hãng bảo hành 18 tháng,114 Đã bán,https://www.lazada.vn/products/pdp-i3064853539.html,
Thiết bị đeo thông minh,MI MALL VN,1.190.000 ₫,-45%,654500,-238,5,"Đồng Hồ Thông Minh Xiaomi Redmi Watch 5 ACTIVE /  Watch 5 LITE (Chọn phân loại) – Phiên Bản Quốc Tế, Bảo Hành Chính Hãng 12 Tháng",498 Đã bán,https://www.lazada.vn/products/pdp-i2725254098.html,
Phụ kiện Máy tính,Sidotech Official,1.599.000 ₫,-26%,1183260,-39,4.9,Bàn phím cơ gaming không dây SIDOTECH Y95 bluetooth 3 mode 95 phím có màn hình núm xoay hotswap mạch xuôi led RGB chơi game làm việc có gaket mount pin 8000mAh switch riêng đã lube - Hàng chính hãng,106 Đã bán,https://www.lazada.vn/products/pdp-i2627031774.html,
Smartphones,HONOR Vietnam,2.790.000 ₫,-22%,2176200,-34,4.6,"Điện thoại Honor X5b 4GB+64GB | Pin 5200mAh 90Hz | Màn hình 6.56"" | BH 18 Tháng Hàng Chính Hãng",98 Đã bán,https://www.lazada.vn/products/pdp-i2967101620.html,
Phụ kiện điện thoại & máy tính bảng,Vention Digital Store,719.000 ₫,-31%,496110,-150,5,Vention 22.5W 20000mAh sạc dự phòng xách tay Powerbank 10000mAh 20W PD sạc nhanh với màn hình hiển thị kỹ thuật số cho iPhone 16 15 Pro Max Samsung Xiaomi Huawei USB C Ốp tích hợp pin dự phòng,495 Đã bán,https://www.lazada.vn/products/pdp-i3140451487.html,
Phụ kiện điện thoại & máy tính bảng,Vention Franchised Store,955.000 ₫,-61%,372450,-5,5,Vention 20000mAh Sạc Dự Phòng 22.5W - Dây Type-C & Lightning Liền - Màn Số Hiển Thị Pin - Sạc 3 Thiết Bị Cùng Lúc - Đủ Tiêu Chuẩn Lên Máy Bay (74Wh) - Hàng Chính Hãng,17 Đã bán,https://www.lazada.vn/products/pdp-i2842313312.html,
Phụ kiện điện thoại & máy tính bảng,Vention flagship store,291.500 ₫,-42%,169070,-15,5,"Vention Sạc GaN 30W Siêu Tốc PD3.0 PPS - Cổng USB-C Duy Nhất - Thiết Kế Nhỏ Gọn, Sạc Nhanh Cho iPhone 14/15/16, Samsung - Hàng Chính Hãng (Đen, Chân EU)",77 Đã bán,https://www.lazada.vn/products/pdp-i3119890545.html,
Smartphones,HONOR Vietnam,3.190.000 ₫,-22%,2488200,-24,5,"Điện thoại HONOR X5b Plus 4GB+128GB | Pin 5200mAh 90Hz | Màn hình 6.56"" | BH 18 Tháng Hàng Chính Hãng",70 Đã bán,https://www.lazada.vn/products/pdp-i2967105348.html,
Điện,Landnn,,,,-22,4.6,Máy đo dòng điện điện áp công suất 100A DC (WATT METTER),66 Đã bán,https://www.lazada.vn/products/pdp-i2796233477.html,
Dụng cụ đo lường,Electrical,139.000 ₫,-37%,87570,-64,4.8,Công tơ điện tử 1 pha 220V-80A LW - đồng hồ đo công suất tiêu thụ Kwh,578 Đã bán,https://www.lazada.vn/products/pdp-i2120640285.html,
Trang trí nhà cửa,Vinetteam Store,132.900 ₫,-35%,86385,-29,4.7,"Đồng Hồ Báo Thức Điện Tử Để Bàn Màn Hình LCD Đa Chức Năng: Thời Gian, Lịch, Báo Thức, Nhiệt Độ -dc2998",119 Đã bán,https://www.lazada.vn/products/pdp-i1383975156.html,
Dụng cụ đo lường,Home elictric,119.000 ₫,-25%,89250,-6,4.3,Công tơ điện tử 1 pha 220V-80A LW - đồng hồ đo công suất tiêu thụ Kwh,27 Đã bán,https://www.lazada.vn/products/pdp-i1570212121.html,
Phụ kiện điện thoại & máy tính bảng,Siêu thị nhập khẩu Sakurato,375.000 ₫,-41%,221250,-378,4.9,"Sạc Dự Phòng 30000mAh 120W Trong Suốt Sạc Siêu Nhanh Siêu Bền Kết Hợp Led Soi Sáng Với 4 Đầu Sạc Và 3 Cổng Sạc Tiện Dụng 2 Cổng USB, 1 Cổng Type C",1.4K Đã bán,https://www.lazada.vn/products/pdp-i2662954801.html,
Điện,yến sàoo,70.000 ₫,-39%,42700,-78,4.8,Combo 2 ổ Cắm Điện Thông Minh Đa Năng Cổng Sạc USB,328 Đã bán,https://www.lazada.vn/products/pdp-i2626240202.html,
Thiết bị nhà bếp,ZODAN Corporation,198.000 ₫,-50%,99000,-1946,4.9,"[BH 1 NĂM] Ấm đun siêu tốc, Bình đun nước siêu tốc 2.3L - Bảo Hành 1 Năm",5.1K Đã bán,https://www.lazada.vn/products/pdp-i2531847264.html,
Điện,CleverOfficial Store,226.000 ₫,-40%,135600,-27,5,⚡Miễn Phí Vận Chuyển⚡vận chuyển nhanh DT9205A Đồng hồ vạn năng kỹ thuật số AC DC Vôn kế Ampe kế Máy đo,168 Đã bán,https://www.lazada.vn/products/pdp-i2302226891.html,
Phụ kiện điện thoại & máy tính bảng,ZAPLY,345.000 ₫,-33%,231150,-23,4.7,Sạc dự phòng100000mAh cổng sạc nhanh 120W pd20W kèm 4 đầu cáp sạc màn hình led bảo hành 12 tháng,82 Đã bán,https://www.lazada.vn/products/pdp-i3183903202.html,
Điện,ZzSunnyzZ,25.900 ₫,-13%,22533,-8,5,"Volt Kế Điện Tử Hai Dây AC 220V 0.56 inch, Đồng Hồ Đo Vôn, Điện Áp AC 70V-500V, LED Hiển Thị",116 Đã bán,https://www.lazada.vn/products/pdp-i2786475469.html,
Điện,HC CENTER,75.000 ₫,-48%,39000,-244,4.4,"Ổ Cắm Điện - Ổ Điện Đa Năng Loại Xịn Có Cổng Gắn USB Sạc Điện Thoại Kiêm Đèn Ngủ Cực Đẹp - Ổ điện chia 2 cổng USB kiêm đèn ngủ, Ổ CẮM ĐIỆN THÔNG MINH KIÊM ĐÈN NGỦ LED & 2 CỔNG USB CÓ CÔNG TẮC",1.4K Đã bán,https://www.lazada.vn/products/pdp-i479292758.html,
Phụ kiện điện thoại & máy tính bảng,vneIcRnO.Selection,78.700 ₫,-36%,50368,-399,4.5,"Pin Sạc Dự Phòng Hình Thỏi Son – Nhỏ Gọn, Dán Được, Nhiều Màu Thời Trang – Phù Hợp Nhiều Loại Cổng Sạc",1.7K Đã bán,https://www.lazada.vn/products/pdp-i2657941529.html,
Đồ gia dụng chăm sóc cá nhân,LALA TRADING,65.000 ₫,-42%,37700,-1514,4.9,"Massage mắt mini cầm tay 208 (Tặng 1 SP Ngẫu Nhiên) - Electric Mini Vibrations Pouch Eye Massage Pen (Bút Massage mini cầm tay, máy mát xa mắt mini)",6.4K Đã bán,https://www.lazada.vn/products/pdp-i498490174.html,
Smartphones,bình minh mobile TQ 22,875.000 ₫,-7%,813750,-17,4.5,điện thoại samsung cũ A03 ram 3G bộ nhớ 32G máy qua sử dụng 97% tặng kèm sạc.ốp cường lực 815k,42 Đã bán,https://www.lazada.vn/products/pdp-i2826080373.html,
Điện thoại bàn,PhanLong10 Store,,,,,,"Điện Thoại Thông Minh 5S quốc tế, kèm sạc, bảo hành 3 tháng",,https://www.lazada.vn/products/pdp-i3217465970.html,
Phụ kiện điện thoại & máy tính bảng,Shen Zhen 3C,600.000 ₫,-75%,150000,-24,4.7,"[năng lượng mặt trời]pin sạc dự phòng  100000mAh dung lượng  khủng,lớn với ngân hàng điện bốn dây đèn LED sạc nhanh 120W",69 Đã bán,https://www.lazada.vn/products/pdp-i3189241362.html,
Smartphones,Smartchoice 247,600.000 ₫,-50%,300000,-22,4.6,Điện Thoại Thông Minh Giá Rẻ Samsung Galaxy J2 prime G532 Hỗ Trợ 4G Máy Cũ Tân Trang,87 Đã bán,https://www.lazada.vn/products/pdp-i3065998302.html,
Phụ kiện điện thoại & máy tính bảng,MỘC ÂN SHOP TPHCM,1.070.000 ₫,-93%,74900,-631,4,[BẢO HÀNH TOÀN QUỐC - TẶNG CÁP SẠC NHANH 39K ] - PIN DỰ PHÒNG LCD MẶT GƯƠNG DUNG LƯỢNG 30000MAH - SẠC DỰ PHÒNG CÓ ĐÈN LED HIỂN THỊ DUNG LƯỢNG PIN - HỖ TRỢ SẠC NHANH,1.7K Đã bán,https://www.lazada.vn/products/pdp-i2587994059.html,
Phụ kiện điện thoại & máy tính bảng,AUGUST-MALL ZERO,,,,-7,4.9,"Pin sạc dự phòng 20000mAh di động,với đèn LED,Đi kèm với bốn dây có thể tháo rời,Pin lithium-ion polymer, sạc an toàn",12 Đã bán,https://www.lazada.vn/products/pdp-i3197415195.html,
Phụ kiện điện thoại & máy tính bảng,ZAPLY,500.000 ₫,-54%,230000,-6,4.3,"Pin Sạc Dự Phòng 100% Chính Hãng 100000mAh, Sạc Nhanh, Kèm 4 Cáp, Pin Dự Phòng Di Động 100000mAh",18 Đã bán,https://www.lazada.vn/products/pdp-i3188860464.html,
Phụ kiện điện thoại & máy tính bảng,YK SHOPS,20.000 ₫,-53%,9400,-65,4.7,[ FREESHIP KÈM CÁP SẠC] PIN SẠC DỰ PHÒNG CAO CẤP THIẾT KẾ MÀN HÌNH LED CỰC SANG TRỌNG - 2 CỔNG SẠC NHANH + ĐÈN LED SIÊU SÁNG TẦM NHÌN TỐT - SẠC DỰ PHÒNG AN TOÀN CHO MỌI DÒNG ĐIỆN THOẠI,89 Đã bán,https://www.lazada.vn/products/pdp-i2696970713.html,
Dụng cụ đo lường,Điện máy thành hưng,,,,-1,5,Đồng hồ đo điện vạn năng kỹ thuật số ZOYI VC921 - Hàng chuẩn,,https://www.lazada.vn/products/pdp-i2319982443.html,
Phụ kiện điện thoại & máy tính bảng,NAICHONG MALL,80.000 ₫,-44%,44800,-15,4.2,"NAICHONG Mini Pin sạc dự phòng với bốn được xây dựng trong cáp, 20000mAh dung tích lớn đồ sạc di động",57 Đã bán,https://www.lazada.vn/products/pdp-i3141279173.html,
Điện,Shop Hoàng Bách,,,,-8,4.9,Công Tơ Điện Tử 4 Thông Số 80A 220V có RESET độ chính xác cao màn hình LCD,41 Đã bán,https://www.lazada.vn/products/pdp-i2792861171.html,
Dụng cụ nhà bếp,CleverOfficial Store,136.000 ₫,-42%,78880,-7,5,⚡Miễn Phí Vận Chuyển⚡Cân Tiểu Ly Điện Tử Dùng Pha Chế 3Kg/0.1g (Tặng Kèm Khay Trong Suốt I2000),209 Đã bán,https://www.lazada.vn/products/pdp-i2439073989.html,
Phụ kiện điện thoại & máy tính bảng,Smart Tech Mall,560.000 ₫,-57%,240800,-207,4.9,"Sạc Dự Phòng Không Dây 10000mAh, Pin Dự Phòng Tích Hợp 2 Dây Sạc, Sạc Nhanh An Toàn Không Nóng Máy, Pin Lithium Dùng Cho IP Và Androi, Đèn LED Thông Báo Tình Trạng Pin, Màu Sắc Đa Dạng. Bảo Hành 12 Tháng, Lỗi Đổi Mới.",416 Đã bán,https://www.lazada.vn/products/pdp-i2945514407.html,
Điện,homelifestorevn,96.800 ₫,-39%,59048,-17,4.6,Thiết Bị Kiểm Tra Vôn Kế 0-100A 3 Trong 1 Màn Hình LED 22mm AC 60-500V HOME,173 Đã bán,https://www.lazada.vn/products/pdp-i2811217338.html,
Phụ kiện điện thoại & máy tính bảng,ZAPLY,337.500 ₫,-33%,226125,-10,4.5,"Bộ sạc điện thoại 50.000MAH , 4 cổng USB, sạc nhanh PD 120W, bảo hành 6 tháng sạc dự phòng di động dung lượng lớn  đi kè",47 Đã bán,https://www.lazada.vn/products/pdp-i3183867327.html,
Dụng cụ đo lường,Home_Technology_89,139.000 ₫,-36%,88960,-6,4.8,"Công tơ điện tử 1 pha đa năng LW80A/220v đo công suất, điện áp, cường độ,",72 Đã bán,https://www.lazada.vn/products/pdp-i1599514740.html,
Phụ kiện Máy tính,Richky05,300.000 ₫,-74%,78000,-3,5,Chuột chơi game Logitech G102 lightsync chuột quang có dây USB 8000DPI 6 nút Có Đèn Led Đẹp Mắt LIGHTSYNC Gaming Mouse Gen 2,44 Đã bán,https://www.lazada.vn/products/pdp-i3190963435.html,
Thiết bị thông minh,phụ kiện đèn led,,,,,,Màn Hình LED Trang Trí Thông Minh Chỉnh Qua App Điện Thoại,,https://www.lazada.vn/products/pdp-i3180463209.html,
Phụ kiện điện thoại & máy tính bảng,KnHNvryq,780.000 ₫,-57%,335400,,,Sạc dự phòng 90000mAh sạc nhanh 120W pin PD20W dung lượng lớn có dây cắm nhiều điện thoại sạc sự Dựng phòng LED,,https://www.lazada.vn/products/pdp-i3199943958.html,
Điện,Tổng Kho Linh Kiện Điện Tử VN,,,,-34,4.6,"Đồng Hồ Vạn Năng Điện Tử XL830L XL830 830 - Đồng Hồ Đo Điện áp DC, AC, Đo dòng điện, đo điện trở (Có Pin)",126 Đã bán,https://www.lazada.vn/products/pdp-i2225479414.html,
Điện,FOXSUR VIỆT NAM,199.920 ₫,-50%,99960,-55,4.8,Công tơ điện tử 1 pha đo điện năng tiêu thụ kwh LW công suất lớn 60A 15KW màn hình LCD hiển thị kỹ thuật số hàng CHÍNH HÃNG,246 Đã bán,https://www.lazada.vn/products/pdp-i1299156694.html,
Điện,hoangvietstore,60.000 ₫,-25%,45000,-191,4.8,Ổ Điện 3 Cổng Sạc USB Cắm Điện Thoại Tiện Lợi Đa Năng,738 Đã bán,https://www.lazada.vn/products/pdp-i1557390801.html,
Điện,Townson_Tech,160.000 ₫,-13%,139200,-6,4.8,"Đồng Hồ Vạn Năng Thông Minh Màn Hình Kỹ Thuật Số Độ Chính Xác Cao Đo Volt, Ampe, Điện Trở Và Linh Kiện Điện Tử Cơ Bản",14 Đã bán,https://www.lazada.vn/products/pdp-i3049087434.html,
Điện,Thế Giới Linh Kiện 720,150.000 ₫,-36%,96000,-76,4.7,"Đồng hồ đo điện tử đa năng DT9205A, đo điện áp, dòng điện, vôn kế... có kèm pin 9V, bảo hành 1 tháng",236 Đã bán,https://www.lazada.vn/products/pdp-i1427130713.html,
Trang trí nhà cửa,Thiết Bị Số 686,,,,-7,4.1,"Đồng Hồ Báo Thức Điện Tử Để Bàn Màn Hình LCD Đa Chức Năng: Thời Gian, Lịch, Báo Thức, Nhiệt Độ -dc2998",42 Đã bán,https://www.lazada.vn/products/pdp-i1361631966.html,
Phụ kiện điện thoại & máy tính bảng,Bessen,169.000 ₫,-55%,76050,-9,5,"Sạc Thông Minh USB 5V2A, An Toàn Ổn Định, Bền Bỉ Tiết Kiệm, Nhỏ Gọn Tiện Lợi",41 Đã bán,https://www.lazada.vn/products/pdp-i3124785298.html,
Điện,GlobalTreasure1,173.000 ₫,-38%,107260,,,Điện áp & hiện tại máy đo tần số màn hình hiển thị kỹ thuật số 50-500V 1-120a cài đặt nhanh,,https://www.lazada.vn/products/pdp-i3086254684.html,
Điện,Samebeauty,341.167 ₫,-40%,204700,-4,4,[Giao hàng 24 giờ⚡️] Đồng hồ đo điện áp D52-2066 6 trong 1 đa năng 110V 220V 380V 100A,18 Đã bán,https://www.lazada.vn/products/pdp-i2807379856.html,
Điện,Linh Kiện Điện Tử ViNa,,,,-428,4.9,"Đồng Hồ Vạn Năng Điện Tử XL830L XL830 830 - Đồng Hồ Đo Điện áp DC, AC, Đo dòng điện, đo điện trở (Có Pin)",1.2K Đã bán,https://www.lazada.vn/products/pdp-i2225409929.html,
Camera giám sát & hệ thống,2Tech Store,1.120.000 ₫,-37%,705600,-629,4.8,Camera Wifi Thông Minh EZVIZ C6N Pro 3MP 2K Quay Quét Đàm Thoại Hai Chiều,3.1K Đã bán,https://www.lazada.vn/products/pdp-i1766486634.html,
Dụng cụ đo lường,HomelifeOfficialStore,194.923 ₫,-27%,142293,-115,4.8,(Thanh lý lỗ) ⚡Đồng hồ vạn năng DT9205A màn hình kỹ thuật số đồng hồ vạn năng thông minh Máy đo bảo dưỡng thợ điện chính xác cao,334 Đã bán,https://www.lazada.vn/products/pdp-i1904497392.html,
Dụng cụ đo lường,YZL-tools,147.000 ₫,-46%,79380,-36,5,Đồng hồ vạn năng kỹ thuật số Mini 4000 đếm AC DC dụng cụ điện Tester Auto multimetro kỹ thuật số Profesional Meter,6 Đã bán,https://www.lazada.vn/products/pdp-i2302404321.html,
Điện,bansi08,70.000 ₫,-39%,42700,-13,4.8,Combo 2 ổ Cắm Điện Thông Minh Đa Năng Cổng Sạc USB Tiện Dụng,60 Đã bán,https://www.lazada.vn/products/pdp-i2626208182.html,
Thiết bị y tế,OOKAS Đồ gia dụng nhỏ,176.098 ₫,-29%,125029,-9,5,OOKAS Trang chủ Kích thước lớn LED HD Hiển thị Quy mô điện tử,39 Đã bán,https://www.lazada.vn/products/pdp-i2578443485.html,
Điện,Aliang_ SHOP,186.000 ₫,-47%,98580,-13,5,Đồng hồ đo điện đa năng Đồng hồ vạn năng kỹ thuật số thông Minh Màn Hình Kỹ Thuật Số Độ Chính Xác Cao Dụng Cụ Kiểm Tra Bảo Trì Thợ Điện,41 Đã bán,https://www.lazada.vn/products/pdp-i2507158874.html,
Trang trí nhà cửa,Esc Viet Nam,65.000 ₫,-10%,58500,,,"Đồng Hồ Báo Thức Điện Tử Để Bàn Màn Hình LCD Đa Chức Năng: Thời Gian, Lịch, Báo Thức, Nhiệt Độ -dc2998 dong ho bao t huc",,https://www.lazada.vn/products/pdp-i2178955695.html,
Phụ kiện điện thoại & máy tính bảng,violet56,147.000 ₫,-33%,98490,-5,5,"Sạc Siêu Nhanh 66W 20000MAh Cáp Tự Dây Điện Dung Tích Lớn, In Logo Nguồn Điện Di Động Trong Suốt Quà Tặng",17 Đã bán,https://www.lazada.vn/products/pdp-i3121216575.html,
Điện,Thiết bị điện 123,358.000 ₫,-48%,186160,-53,4.7,Công tơ điện tử có RESET 1 pha 220V-60A Nakasi - đồng hồ đo công suất tiêu thụ Kwh,378 Đã bán,https://www.lazada.vn/products/pdp-i1393542260.html,
Phụ kiện điện thoại & máy tính bảng,ELLYN.E SHOP,180.000 ₫,-69%,55800,-492,3.5,"[DUNG LƯỢNG 30000MAH] SẠC DỰ PHÒNG MẶT GƯƠNG DUNG LƯỢNG 300000MAH - PIN SẠC DỰ PHÒNG 30000 MAH, HỖ TRỢ SẠC NHIỀU MÁY CÙNG LÚC, CÓ ĐÈN LED CHIẾU SÁNG THÔNG MINH",1.3K Đã bán,https://www.lazada.vn/products/pdp-i3039991615.html,
Phụ kiện điện thoại & máy tính bảng,CHANG TAN,180.000 ₫,-65%,63000,-317,4,[FREESHIP TẶNG CÁP SẠC NHANH 39K] PIN DỰ PHÒNG LCD MẶT GƯƠNG DUNG LƯỢNG 30000MAH - SẠC DỰ PHÒNG CÓ ĐÈN LED HIỂN THỊ DUNG LƯỢNG PIN - HỖ TRỢ SẠC NHANH ],792 Đã bán,https://www.lazada.vn/products/pdp-i3006110713.html,
Phụ kiện điện thoại & máy tính bảng,Shen Zhen 3C,300.000 ₫,-73%,81000,-22,4.8,12000mAh Mini Power Bank Sạc di động Type-C và phích cắm cho điện thoại/đồng hồ/tai nghe,92 Đã bán,https://www.lazada.vn/products/pdp-i3189989000.html,
Smartphones,LPK_dienthoaigiare,299.000 ₫,-3%,290030,-78,4.4,Điện thoại oppo neo5 _a31. Điện thoại gia rẻ HÀNG CHÍNH HÃNG đã qua sử dụng,182 Đã bán,https://www.lazada.vn/products/pdp-i2500695835.html,
Điện,Linh Kiện 024,73.000 ₫,-3%,70810,-115,4.7,Combo 3 món đồng hồ điện tử XL830L + Mỏ hàn chỉnh nhiệt TQ936 + Hút thiếc chì mini sửa chữa điện tử hàn mạch đo điện V1,367 Đã bán,https://www.lazada.vn/products/pdp-i1963236385.html,
Phụ kiện điện thoại & máy tính bảng,CHANG TAN,180.000 ₫,-56%,79200,-87,4.7,[ FREESHIP KÈM CÁP SẠC] PIN SẠC DỰ PHÒNG CAO CẤP THIẾT KẾ MÀN HÌNH LED CỰC SANG TRỌNG - 2 CỔNG SẠC NHANH + ĐÈN LED SIÊU SÁNG TẦM NHÌN TỐT - SẠC DỰ PHÒNG AN TOÀN CHO MỌI DÒNG ĐIỆN THOẠI,129 Đã bán,https://www.lazada.vn/products/pdp-i2620443676.html,
Phụ kiện điện thoại & máy tính bảng,NOBAHSI,,,,-144,4.5,Bộ sạc dự phòng 66W mới Sạc nhanh 50000 mAh Công suất lớn Mini nhỏ gọn Điện thoại di động ngoài trời sạc kho báu PD 20W Kèm 4 Đầu Sạc Siêu Tiện Lợi,378 Đã bán,https://www.lazada.vn/products/pdp-i3047365410.html,
Dụng cụ đo lường,Linh Kiện Điện Tử Chợ Trời Hà Nội,33.000 ₫,-33%,22110,-5,5,"Đồng hồ đo điện vạn năng Diymore ANENG M113, đo volt, điện trở",31 Đã bán,https://www.lazada.vn/products/pdp-i2707652807.html,
Phụ kiện Máy tính,epoosuo,300.000 ₫,-77%,69000,-393,4.9,EPOOSUO | Chuột Bluetooth Đôi Chế Độ Không Dây Sạc Không Dây Im Lặng,5 Đã bán,https://www.lazada.vn/products/pdp-i3205154155.html,
Phụ kiện điện thoại & máy tính bảng,CHANG TAN,180.000 ₫,-56%,79200,-122,4.7,"GIÁ SỈ TẶNG CÁP SẠC NHANH 39K - PIN TRÂU 30000MAH, PIN SẠC DỰ PHÒNG CAO CẤP THIẾT KẾ MÀN HÌNH GƯƠNG 2 CỔNG SẠC NHANH",177 Đã bán,https://www.lazada.vn/products/pdp-i2634869031.html,
Điện,Thiết Bị Điện 024,100.000 ₫,-2%,98000,-3,3.7,"Đồng Hồ Đo Điện Dây Kim SAMWA YX-360TR Tặng 1 Pin 9V + 2 Pin 1,5V AA",16 Đã bán,https://www.lazada.vn/products/pdp-i1878248923.html,
Nhà thông minh,Điện Việt,75.000 ₫,-30%,52500,-3,5,Bộ điều khiển từ xa công suất cao 3000W loại tốt - Điện Việt,20 Đã bán,https://www.lazada.vn/products/pdp-i1743344233.html,
Điện,A_hoco__Store,207.300 ₫,-37%,130599,-30,3.9,"【🔥HCM/24H】Đồng hồ vạn năng VOM YX360-TRD tặng kèm pin đo điện trở, dòng điện xoay chiều 1 chiều",107 Đã bán,https://www.lazada.vn/products/pdp-i2152003885.html,
Điện,TỔNG KHO GIA DỤNG 1587825305,,,,-43,4.8,"Ổ điện đa năng sạc nhanh, ổ cắm điện tự ngắt dây nối dài ổ điện thông minh chịu tải cao 2200w",140 Đã bán,https://www.lazada.vn/products/pdp-i2708808190.html,
Điện,ĐIỆN TỬ HỒNG UYÊN,98.000 ₫,-24%,74480,-2,4.5,Đồng hồ vạn năng Điện tử kỹ thuật số màn hình LCD XL830L độ chính xác cao (Bán kèm pin 9v) - Điện tử hồng uyên,6 Đã bán,https://www.lazada.vn/products/pdp-i2797897710.html,
Đèn,Điện Việt,82.000 ₫,-35%,53300,-2424,4.8,"Đèn bàn học bài, đọc sách loại tốt nhiều mẫu - Điện Việt",7.8K Đã bán,https://www.lazada.vn/products/pdp-i286082657.html,
Điện,Smart power,240.000 ₫,-27%,175200,-45,5,"Đồng hồ điện tử hiển thị 6 thông số,Thiết bị đo công suất 100A 220V,công tơ điện tử",214 Đã bán,https://www.lazada.vn/products/pdp-i815182788.html,
Điện,ForesightOfficialStore,87.900 ₫,-40%,52740,-17,4.5,"Ổ cắm điện thông minh 5 phích cắm, 2 cổng sạc USB, 9 ổ cắm đa năng dây dài 1,8 mét điện đa năng có công tắc",44 Đã bán,https://www.lazada.vn/products/pdp-i2638967012.html,
Điện,Store Houseware,198.000 ₫,-57%,85140,-68,4.9,"Thiết bị tiết kiệm điện Eletricity saving box ( đảm bảo tiết kiệm 100%) - Thiết Bị Tiết Kiệm Điện, Máy Tiết Kiệm Điện Eletricity Saving Box 220V, Thiết Bị Tiết Kiệm Điện Thông Minh Giữ Nguồn Điện Ổn Định Bộ Tiết Kiệm Điện Đa Năng",280 Đã bán,https://www.lazada.vn/products/pdp-i2737629783.html,
Phụ kiện điện thoại & máy tính bảng,GUTEK,290.000 ₫,-32%,197200,-517,4.9,Sạc dự phòng 20000mah Gutek GT160 sạc nhanh 100w dung lượng pin lớn có sẵn dây sạc cho nhiều thiết bị điện thoại,1.5K Đã bán,https://www.lazada.vn/products/pdp-i2404940782.html,
Điện,A_Hoco_Shop,291.200 ₫,-39%,177632,-36,5,"AC Màn Hình 6 Trong 1 KWh Công Suất Đo Tần Số 110V 220V 380V 100A, Điện Hệ Số Công Suất Hoạt Động màn Hình HOCO",162 Đã bán,https://www.lazada.vn/products/pdp-i2810565830.html,
Điện,Plata,85.000 ₫,-24%,64600,-2,5,Đồng hồ đo điện Volt Ohm Amp AC/DC đa năng Digital Multimeter DT-830B cho thợ điện tử thiết kế nhỏ gọn dễ sử dụng chi phí thấp,16 Đã bán,https://www.lazada.vn/products/pdp-i2592565128.html,
Điện,Nhím shop 94,239.000 ₫,-17%,198370,,,"Đồng hồ Màn Hình 6 Trong 1 KWh Công Suất Đo Tần Số 110V 220V 380V 100A, Điện Hệ Số Công Suất Hoạt Động màn Hình",,https://www.lazada.vn/products/pdp-i3149351626.html,
Điện,Gia Dụng PINGS,110.000 ₫,-37%,69300,-27,4.8,Ổ điện đa năng ổ cắm điện thông minh 2200W chống giật chống cháy 4 ổ USB 5V2A và đèn ngủ tiện lợi,108 Đã bán,https://www.lazada.vn/products/pdp-i2433640919.html,
Điện,ForesightOfficialStore,216.600 ₫,-40%,129960,-45,4.9,Đồng hồ đo công suất điện 220V có nút độ chính xác cao màn hình hiển thị LCD P U I Kwh bộ công tơ điện tử,117 Đã bán,https://www.lazada.vn/products/pdp-i2406089583.html,
Điện,Good Luck VN,208.000 ₫,-52%,99840,-65,5,"Đồng hồ đo điện, loại kim, model vạn năng sunma sanwai YX-360TR, tặng kèm 2 pin AA + 1 pin 9V, loại con trỏ YX-360TRN, đồng hồ vạn năng analog, đồng hồ điện sunwa",113 Đã bán,https://www.lazada.vn/products/pdp-i2465263003.html,
Điện,ForesightOfficialStore,216.600 ₫,-39%,132126,-12,3.9,"Đồng hồ đo điện vạn năng VOM Sanwa Yx 360 TRD kèm pin có còi báo, ốp da bọc",39 Đã bán,https://www.lazada.vn/products/pdp-i2152147516.html,
Dụng cụ đo lường,Esc Viet Nam,240.000 ₫,-21%,189600,-1,5,"Đồng hồ điện tử hiển thị 6 thông số,Thiết bị đo công suất 100A 220V,công tơ điện tử",17 Đã bán,https://www.lazada.vn/products/pdp-i815192595.html,
Điện,47shop-net,320.000 ₫,-39%,195200,-42,5,"Công tơ - đồng hồ điện tử 6 thông số đo công suất, cường độ (100A)",132 Đã bán,https://www.lazada.vn/products/pdp-i2484576728.html,
Dụng cụ cầm tay & phụ kiện,Vinetteam Store,159.000 ₫,-44%,89040,,,"Đồng hồ vạn năng DT9205A đồng hồ đo điện thông minh màn hình kĩ thuật số, độ chính xác cao - dc5266",,https://www.lazada.vn/products/pdp-i2613856196.html,
Đèn,Điện Việt,84.000 ₫,-29%,59640,-651,4.8,Đèn bàn học bài đọc sách đa năng loại tốt -  Điện Việt,2.1K Đã bán,https://www.lazada.vn/products/pdp-i248018800.html,
Điện,Phương Đông Lighting,170.000 ₫,-32%,115600,-692,4.9,Đồng hồ đo điện vạn năng Samwa YX-360 TRn,2.4K Đã bán,https://www.lazada.vn/products/pdp-i1640031219.html,
Phụ kiện điện thoại & máy tính bảng,TAIDU STORE,79.254 ₫,-17%,65780,-164,4.3,"Taidu mini pin sạc dự phòng với bốn được xây dựng trong cáp, 20000mAh dung tích lớn đồ sạc di động",164 Đã bán,https://www.lazada.vn/products/pdp-i3126768997.html,
Camera giám sát & hệ thống,Fnkvision_vn,650.000 ₫,-40%,390000,-438,4.9,"Camera wifi Fnkvision 12MP có màu Yoosee 2 mắt, đàm thoại 2 chiều, toàn cảnh 360 độ - phiên bản tiếng việt",1.5K Đã bán,https://www.lazada.vn/products/pdp-i2714143075.html,
Nhà thông minh,Hometek,117.000 ₫,-42%,67860,-1152,4.9,"Công tắc điều khiển từ xa Công suất lớn 3000W - 220V, Bh 1 tháng",5.5K Đã bán,https://www.lazada.vn/products/pdp-i2024613592.html,
Điện,orientation,240.000 ₫,-25%,180000,-7,4.6,"Đồng hồ điện tử hiển thị 6 thông số,Thiết bị đo công suất 100A 220V,công tơ điện tử",39 Đã bán,https://www.lazada.vn/products/pdp-i815210303.html,
Điện,Linh Kiện Điện Tử 3MS Tân Phú,143.000 ₫,-11%,127270,-732,4.9,Đồng Hồ Vạn Năng BEST 9205M,2.0K Đã bán,https://www.lazada.vn/products/pdp-i249175428.html,
Điện,Smart power,240.000 ₫,-27%,175200,-41,4.6,Thiết bị đo công suất 100A công tơ điện tử,234 Đã bán,https://www.lazada.vn/products/pdp-i815080952.html,
Điện,PhongNhi,,,,-32,4.8,Đồng hồ vạn năng điện tử ZOYI ZT-S1 đồng hồ đa năng kỹ thuật số màn hình LCD,108 Đã bán,https://www.lazada.vn/products/pdp-i1481014347.html,
Điện,BUM BI,,,,-1,5,"Đồng Hồ Đo Điện Tử XL830L Có Màn Hình LCD Cầm Tay Nhỏ Gọn, Thiết Bị Đo Dòng Điện Độ Chính Xác Cao Kèm Pin Và Dây Đo",,https://www.lazada.vn/products/pdp-i3052023345.html,
Phụ kiện điện thoại & máy tính bảng,Sạc dự phòng giá sỉ 2,518.000 ₫,-49%,264180,-1,5,Sạc dự phòng 50000 80000MAH sạc nhanh PD120W/20W trong suốt tích hợp 2 dây sạc tích hợp đèn led chiếu sáng,5 Đã bán,https://www.lazada.vn/products/pdp-i3199946762.html,
"Thiết bị sưởi, làm lạnh và thông gió",GIA DỤNG AN BÁCH,300.000 ₫,-20%,240000,-30,4.5,"ĐÈN SƯỞI NHÀ TẮM 3 BÓNG  KOTTMANN MODEL K3B-G, ĐÈN 3 BÓNG CAMAC CM03A CÔNG SUẤT 825W. BÓNG ĐÈN SƯỞI  R125 CÔNG SUẤT 275W HÀNG ĐẸP LOẠI 1",130 Đã bán,https://www.lazada.vn/products/pdp-i2872574785.html,
Điện,TOP GOAT MALL,340.000 ₫,-53%,159800,-39,4.9,"LazMall Điện Tử Nhật Bản Cục Giảm Điện Nhật Bản Bộ Tiết Kiệm Điện Nhật Bản Tiện Lợi, An Toàn Và Dễ Sử Dụng Giúp Cắt Giảm Đến 43% Lượng Tiêu Thụ Điện Hàng Tháng",64 Đã bán,https://www.lazada.vn/products/pdp-i3168357070.html,
Điện,Cosette,58.000 ₫,-33%,38860,-54,4.8,Ổ Cắm Điện Thông Minh Đa Năng Cổng Sạc USB Tiện Dụng,205 Đã bán,https://www.lazada.vn/products/pdp-i2279881737.html,
Điện,CleverOfficial Store,90.990 ₫,-40%,54594,-5,5,"⚡Miễn Phí Vận Chuyển⚡ Ổ Cắm Điện Power Strip Đa Năng Thông Minh-Ổ cắm điện thông minh kèm cổng sạc 2 USB，5 plugs, 9 universal socket",22 Đã bán,https://www.lazada.vn/products/pdp-i2630667207.html,
Trường học & văn phòng,XIMEN2,30.396 ₫,-42%,17629,-1,5,"XIMiM Máy tính điện tử mini cho học sinh đồ dùng văn phòng tính toán màu kẹo,",,https://www.lazada.vn/products/pdp-i3072636855.html,
Thiết bị âm thanh,TinAnOffice,258.000 ₫,-15%,219300,-111,4.9,"Micro Đa Hướng SK30/M60 Độ Nhạy Cao Kết Nối USB Hoặc Jack 3.5 Cho PC, Laptop, Máy Tính",429 Đã bán,https://www.lazada.vn/products/pdp-i1399726307.html,
Dụng cụ điện & phụ kiện,HANDPHONEVN,,,,-1,5,Nhiệt Kế Điện Tử Đo Nhiệt Độ Hiển Thị Số LCD Dây Đầu Dò Nhiệt Độ Dây Dò Dài 2m,,https://www.lazada.vn/products/pdp-i2347393821.html,
Phụ kiện điện thoại & máy tính bảng,GUTEK,350.000 ₫,-37%,220500,-98,4.8,Sạc dự phòng 30000mah Pin dung lượng lớn sạc nhanh 120W/PD20W đi kèm dây sạc điện thoại – Gutek GT69,321 Đã bán,https://www.lazada.vn/products/pdp-i3055593743.html,
Điện,Gia Dụng PINGS,62.000 ₫,-21%,48980,-27,4.8,Ổ Cắm Điện Đa Năng Chữ T Siêu Tiện Dụng (4 Chấu + 2 Cổng USB) - Ổ Điện Tiện Lợi Kết Hợp Đèn Ngủ,179 Đã bán,https://www.lazada.vn/products/pdp-i2188067563.html,
Điện,Moscow Six,149.000 ₫,-47%,78970,,,[Nóng] Đồng hồ vạn năng kỹ thuật số Đồng hồ đo điện áp kháng Máy dò dòng điện áp LCD Đồng hồ đo ba cực đo điện áp vôn ôm kế,,https://www.lazada.vn/products/pdp-i2873808448.html,
Thiết bị tiện ích USB,Ranvoo,5.136.000 ₫,-82%,924480,-204,4.9,RANVOO | Quạt Cổ Đeo USB Sạc Điện,,https://www.lazada.vn/products/pdp-i3181365656.html,
Điện,Khánh Ngọc Store,60.000 ₫,-8%,55200,-15,5,Ổ Điện Thông Minh Chữ T Kèm Đèn Ngủ Và Sạc USB Tiện Dụng,5.7K Đã bán,https://www.lazada.vn/products/pdp-i2487771268.html,
Điện,AONISU,179.000 ₫,-31%,123510,-540,4.9,"Ổ Cắm Điện Thông Minh 5 Phích , 3 Cổng Sạc USB , Dây Dài 5 Mét - Ổ Điện Đa Năng Có Công Tắc , Ổ Điện Thông Minh , Phích Cắm Điện Chống Giật , Phích Cắm Đa Năng",1.9K Đã bán,https://www.lazada.vn/products/pdp-i886830366.html,
Dụng cụ đo lường,Linh Kiện Điện Tử 3MS Tân Phú,247.500 ₫,-12%,217800,,,Đồng Hồ Đo Vạn Năng DT-9208A,,https://www.lazada.vn/products/pdp-i1529139988.html,
Điện,tuantinhelec,133.100 ₫,-24%,101156,-3,5,"Đồng hồ đo điện áp, dòng điện AC 60-500Vac 10A # linh kiện điện tử",12 Đã bán,https://www.lazada.vn/products/pdp-i2312119471.html,
Điện,A_Hoco_Shop,213.300 ₫,-39%,130113,-353,4.9,Đồng hồ đo công suất điện 220V có nút RESET độ chính xác cao màn hình hiển thị LCD P U I Kwh bộ công tơ điện tử,1.3K Đã bán,https://www.lazada.vn/products/pdp-i2381928314.html,
Điện,Ba3Van,182.000 ₫,-24%,138320,-4,5,Đồng Hồ Đo Điện Vạn Năng Kỹ Thuật Số Tự Động Hiển Thị Và Lưu Chuyên Nghiệp Kiểm Tra Điện Áp AC/DC,8 Đã bán,https://www.lazada.vn/products/pdp-i3083752404.html,
Điện,Đồ Chơi Sáng Tạo - DIY,70.000 ₫,-20%,56000,-51,4.8,Đồng hồ vạn năng đo điện A830L và DT-830B,234 Đã bán,https://www.lazada.vn/products/pdp-i1968125827.html,
Điện,TBD THUẬN PHONG,288.000 ₫,-34%,190080,-21,5,Công tơ điện tử 1 pha 60A Nakasi  có RESET - Đồng hồ đo công suất Kwh hiển thị nhiều thông số,105 Đã bán,https://www.lazada.vn/products/pdp-i1477980032.html,
Thiết bị y tế,Thiết Bị KQ,,,,-2,5,Đồng hồ điện tử kiêm nhiệt ẩm kế siêu mỏng,20 Đã bán,https://www.lazada.vn/products/pdp-i264602105.html,
Trang trí nhà cửa,shopbonbon56,240.000 ₫,-46%,129600,-193,4.9,[ SALE SẬP SÀN ] Đồng Hồ Để Bàn Điện Tử Led Trang Trí Cao Cấp,2.1K Đã bán,https://www.lazada.vn/products/pdp-i1299808407.html,
Điện,newstyle vn,76.700 ₫,-7%,71331,-263,4.8,"[Giao hàng 12 giờ⚡️] Ổ cắm điện thông minh 5 phích cắm, 2 cổng sạc USB, 9 ổ cắm đa năng dây dài 1,8 mét điện đa năng có công tắc, điện thông minh, phích cắm điện chống giật, phích cắm đa năng",851 Đã bán,https://www.lazada.vn/products/pdp-i2609038736.html,
Phụ kiện điện thoại & máy tính bảng,Phụ Kiện Mydo,125.000 ₫,-20%,100000,-177,4.8,Củ Sạc  Xiaomi 67W 6A 2 Cổng USB A - USB C Công Nghệ Turbo Sạc Siêu Nhanh,629 Đã bán,https://www.lazada.vn/products/pdp-i2180385084.html,
Điện,WHUEAL5,258.795 ₫,-44%,144925,-52,4.8,WHUEAL5 Aneng Đồng hồ vạn năng kỹ thuật số m118a Máy kiểm tra AC/DC cầm tay máy đo điện trở Mini RMS,151 Đã bán,https://www.lazada.vn/products/pdp-i2774503409.html,
Điện,Kim Khí Tổng Hợp HD,165.000 ₫,-6%,155100,-49,4.7,"XẢ KHO 3 NGÀY_Aptomat Panasonic 2 pha 20,32,40,63A",430 Đã bán,https://www.lazada.vn/products/pdp-i1962399809.html,
Điện,ĐIỆN TỬ HỒNG UYÊN,75.000 ₫,-25%,56250,-53,4.7,"Mạch sạc dự phòng Sịn - Nhiều cổng SẠC NHANH. Có LCD hiển thị, Mạch không giới hạn số lượng pin nhiều cổng Type-C + USB+ Lightning và MicroUSB",224 Đã bán,https://www.lazada.vn/products/pdp-i1483871946.html,
Điện,Gia Dụng Marrre,105.000 ₫,-41%,61950,-26,4.9,2500W Ổ Cắm Điện Đa Năng 6 Cổng Tích Hợp Sạc USB 2 Cáp USB 3 Và 5M Dây Cáp Dày Chất Có Chốt An Toàn Tiện Dụng OD01,82 Đã bán,https://www.lazada.vn/products/pdp-i2747027575.html,
Điện,smart world,240.000 ₫,-27%,175200,-17,4.5,Thiết bị đo công suất 100A công tơ điện tử,89 Đã bán,https://www.lazada.vn/products/pdp-i815122336.html,
Phụ kiện điện thoại & máy tính bảng,goojodoqstore.vn,450.000 ₫,-46%,243000,-145,4.8,"sạc dự phòng GOOJODOQ 20000mAh PD 22.5W sạc nhanh, đi kèm 4 dây ,Đèn pin độ sáng cao Sạc Pin Phụ Kiện,Power Bank",523 Đã bán,https://www.lazada.vn/products/pdp-i2717184317.html,
Dụng cụ cầm tay & phụ kiện,ZOYI Tools,452.000 ₫,-47%,239560,-2,5,Đồng Hồ Đo Điện Vạn Năng Điện Tử Đo Điện Mini Bỏ Túi Ac/Dc Zoyi Vc921 - Bảo Hành 12 Tháng,5 Đã bán,https://www.lazada.vn/products/pdp-i2846063857.html,
Điện,XUKO Shop.,,,,-30,5,"Công tơ điện tử đa năng hiển thị 1 thông số và 4 thông số 80A LW đo công suất, điện áp, cường độ dòng điện",145 Đã bán,https://www.lazada.vn/products/pdp-i1762828678.html,
Thiết bị tiện ích USB,MU RAN,1.717.000 ₫,-78%,377740,-252,4.9,MURAN | Quạt Cầm Tay Mini Làm Mát Im Lặng,,https://www.lazada.vn/products/pdp-i3195460632.html,
Thiết bị nhà bếp,SG Music Offical,1.000.000 ₫,-75%,250000,-2,5,"Máy Xay Sinh Tố Cầm Tay Đa Năng OSTMARS Dung Tích 500ML 10 Lưỡi Dao Sắc Bén, Máy Xay Sạc Pin Tích Điện 2IN1 Kiêm Bình Nước Tặng Kèm Dây Đeo Tiện Lợi",6 Đã bán,https://www.lazada.vn/products/pdp-i3218905882.html,
Điện,homelifestorevn,218.100 ₫,-41%,128679,-30,5,Đồng hồ đo công suất điện 220V có nút độ chính xác cao màn hình hiển thị LCD P U I Kwh bộ công tơ điện tử A,128 Đã bán,https://www.lazada.vn/products/pdp-i2406997860.html,
Dụng cụ đo lường,UKSTORE,190.000 ₫,-28%,136800,,,[Bảo hành 1 đổi 1] Đồng hồ đo điện vạn năng DT9205A Digital Multimeter Excel,,https://www.lazada.vn/products/pdp-i1330333960.html,
Điện,Landnn,,,,-4,5,003 Thiết Bị Đo Dòng Điện Mini USB Có Màn Hình Kỹ Thuật Số,11 Đã bán,https://www.lazada.vn/products/pdp-i2471508289.html,
Điện,Auto Tour,198.000 ₫,-38%,122760,-22,4.8,Đồng hồ vạn năng Vastar Dt9205a Đồng hồ vạn năng Màn hình kỹ thuật số thông minh Độ chính xác cao,59 Đã bán,https://www.lazada.vn/products/pdp-i2720332765.html,
Trang trí nhà cửa,Mickeyshop,,,,-2,5,"Đồng Hồ Để Bàn LED Màn Hình LCD Báo Thức, Cảm Biến Âm Thanh",5 Đã bán,https://www.lazada.vn/products/pdp-i3071080375.html,
Điện,BUM STORE.,,,,,,"Đồng Hồ Đo Điện Kỹ Thuật Số XL830L Độ Chính Xác Cao, Dụng Cụ Đo Điện Tử Kiểm Tra Điện Kèm Pin Và Dây Đo Chuyên Dụng",,https://www.lazada.vn/products/pdp-i3052001413.html,
Smartphones,BDF Tablet PC,1.860.000 ₫,-50%,930000,-1,5,BDF M3PRO 8GB/256GB Global Phiên bản 5G Điện thoại thông minh 48MP Camera 67W Sạc điện thoại di động 144Hz,20 Đã bán,https://www.lazada.vn/products/pdp-i2220789765.html,
Điện,PBS SHOP,229.000 ₫,-33%,153430,,,Máy đo điện áp vạn năng HT93 kỹ thuật số thông minh 2000 Máy đo điện áp đếm NCV,5 Đã bán,https://www.lazada.vn/products/pdp-i3167205425.html,
Phụ kiện Máy tính,Razer digital,10.696.000 ₫,-32%,7273280,-233,4.9,Razer | Chuột Chơi Game Không Dây,,https://www.lazada.vn/products/pdp-i3204607819.html,
Điện,LIJINGF,79.970 ₫,-44%,44783,,,LIJINGF LCD tự động phạm vi kỹ thuật số vôn kế vạn năng ohmmeter Volt Tester các biện pháp điện áp AC DC điện áp hiện tại Điện dung tần số,,https://www.lazada.vn/products/pdp-i3157744291.html,
Dụng cụ điện & phụ kiện,GlobalSuperBazaar,848.000 ₫,-23%,652960,,,"Bộ Dụng Cụ Hàn Kỹ Thuật Số T12, Màn Hình LCD Di Động, Điều Khiển Nhiệt Độ, Sửa Chữa Điện Tử, Không Kèm Nguồn Điện",31 Đã bán,https://www.lazada.vn/products/pdp-i3145453956.html,
Dụng cụ cầm tay & phụ kiện,Minh Khôi Electric,300.000 ₫,-31%,207000,-86,4.6,"Đồng hồ vạn năng Samwa KH-965 tặng kèm pin,đồng hồ điện tử,máy đo vạn năng, đo điện,đồng hồ đa năng đo điện trở,đồng hồ vạn năng kim,đồng hồ đo vạn năng,đồng hồ điện tử,đồng hồ đo dòng điện,dong ho van nang,đồng hồ đo tụ điện,đồng hồ đo điện trở,đồng hồ đ",205 Đã bán,https://www.lazada.vn/products/pdp-i2469802008.html,
Điện,Lâm Khải Phong_shop,15.281 ₫,-14%,13141,-4,4.5,Chia Ổ Điện Kiêm Đèn Ngủ Có 2 Usb Sạc Điện Thoại và Phích Cắm Chia Ổ Điện 1 Ra 5 Lỗ,6 Đã bán,https://www.lazada.vn/products/pdp-i3036804707.html,
Điện,Phụ Kiện Điện Thoại Lâm Music,54.075 ₫,-11%,48126,-4,5,Chia Ổ Điện Kiêm Đèn Ngủ Có 2 Usb Sạc Điện Thoại. Ổ Điện Thông Minh Chữ T Kèm Đèn Ngủ Và Sạc USB - Bộ Chia Ổ Điện 2 Cổng,25 Đã bán,https://www.lazada.vn/products/pdp-i2765933878.html,
Nhà thông minh,PK Happy Shop,325.000 ₫,-30%,227500,-439,4.9,"New 2022 , Loa Bluetooth XM 520 Thiết Kế Vỏ Gỗ Sang Trọng Dạng Thanh Để Bàn , Bass Chuẩn , Ấm , Công Suất 20W Siêu Trầm - Bảo Hành 1 Năm - Happy Shop",1.1K Đã bán,https://www.lazada.vn/products/pdp-i2011975962.html,
Điện,Lâm Khải Phong_shop,52.500 ₫,-6%,49350,-2,5,Ổ Điện Xanh Lá Có 3 Usb Sạc Điện Thoại và Chia Ổ Điện Kiêm Đèn Ngủ Có 2 Usb Sạc Điện Thoại,,https://www.lazada.vn/products/pdp-i3140848523.html,
"Thiết bị sưởi, làm lạnh và thông gió",goojodoqstore.vn,900.000 ₫,-52%,432000,-139,4.9,"Quạt di động mini GOOJODOQ GFS007 5 cấp độ gió,4000mAh,Đèn LED Hiển Thị,cường độ gió tăng cường 10x, Sử Dụng Lên Đến 12H",456 Đã bán,https://www.lazada.vn/products/pdp-i3028067195.html,
Điện,SMH,240.000 ₫,-30%,168000,-131,4.9,Thiết bị đo công suất 100A công tơ điện tử,588 Đã bán,https://www.lazada.vn/products/pdp-i815138110.html,
Phụ kiện điện thoại & máy tính bảng,ESSAGER,1.131.856 ₫,-51%,554609,-133,4.9,Essager 22.5W sạc dự phòng S 20000mAh Màn hình hiển thị kỹ thuật số được xây dựng trong Loại C Cáp Lightning di động USB-A Type-C pd20w sạc nhanh 10000mAh sạc dự phòng S 4 đầu ra 2 lnputs cho iphone16 15-5 Huawei Samsung máy tính bảng Máy Tính Xách Tay Ta,383 Đã bán,https://www.lazada.vn/products/pdp-i3090593990.html,
"Thiết bị sưởi, làm lạnh và thông gió",Thunlit,450.000 ₫,-20%,360000,-362,4.9,Quạt điện để bàn Thunlit xoay đầu tự động 5000mAh có thể sạc lại 4 tốc độ gió chạy êm,1.2K Đã bán,https://www.lazada.vn/products/pdp-i1299226725.html,
Điện,Điện tử dân dụng 24h,,,,-67,4.9,"Đồng Hồ Vạn Năng Điện Tử XL830L XL830 830 - Đồng Hồ Đo Điện áp DC, AC, Đo dòng điện, đo điện trở (Có Pin + dây)",237 Đã bán,https://www.lazada.vn/products/pdp-i2513928308.html,
"Thiết bị sưởi, làm lạnh và thông gió",DIVA SHOPPING,129.000 ₫,-23%,99330,-155,4.6,Quạt Sắt Để Bàn Nhỏ Gọn Xoay 360 Độ Tiện Dụng Cổng Sạc USB Không Cần Ổ Cắm Tạo Không Khí Thoáng Mát Tiết Kiệm Điện Năng,509 Đã bán,https://www.lazada.vn/products/pdp-i1994822216.html,
Trường học & văn phòng,MaxgePC Vietnam,77.206 ₫,-44%,43235,,,MaxgePC 12 chữ số điện kép chức năng Tiêu chuẩn điện tử máy tính cầm tay cho văn phòng hàng ngày và cơ bản,,https://www.lazada.vn/products/pdp-i3058742050.html,
Điện,Auto Tour,80.000 ₫,-48%,41600,,,Ổ Điện Thông Minh Chữ T Kèm Đèn Ngủ Và Sạc USB Tiện Dụng - PHÍCH CẮM 3 CHẤU - Màu sắc ngẫu nhiên,,https://www.lazada.vn/products/pdp-i2963467892.html,
Điện,Npp Điện Nước Online,290.000 ₫,-55%,130500,-63,4.8,Công Tơ Điện Tử 1 Pha 2 Dây 5(80)A. Đồng Hồ Đo Điện Điện Tử Máy Đo Điện Sử Dụng Cho Gia Đình Phòng Trọ Phòng Cho Thuê Giá Rẻ.,373 Đã bán,https://www.lazada.vn/products/pdp-i2623000010.html,
Điện,Home_Technology_89,,,,-4,5,"Công tơ điện tử 6 Thông Số 220V-100A LWDSS1 ,công tơ điện tử ,đồng hồ đo điện,thiết bị đo công suất lắp phòng trọ,hộ gia đình.",15 Đã bán,https://www.lazada.vn/products/pdp-i2913534102.html,
Phụ kiện Máy tính,xunmei digital,300.000 ₫,-66%,102000,-9,4.8,GOIIOG | Chuột Không Dây Bluetooth Đôi Chế Độ Im Lặng Sạc Được cho Máy Tính xách Tay và Văn Phòng,5 Đã bán,https://www.lazada.vn/products/pdp-i3204990510.html,
Dụng cụ đo lường,kettra,300.000 ₫,-38%,186000,-15,4.7,"Máy cân bằng laser 12 Tia,máy bắn cốt laser xanh lá,Bóng Led Siêu Sáng , tự động san bằng mức Laser có sẵn ngoài trời",78 Đã bán,https://www.lazada.vn/products/pdp-i3155334384.html,
Điện,Auto Tour,298.000 ₫,-13%,259260,-143,4.9,"Đồng hồ đo điện Puucai Ampe kế Vôn kế 20A 100a 6 trong 1 Vôn kế Đồng hồ điện tử hiển thị 6 thông số 100A,Thiết bị đo công suất 100A 220V,công tơ điện tử 1 pha AC22KW 110~250V 100A Digital Voltage Power Energy",378 Đã bán,https://www.lazada.vn/products/pdp-i2720628481.html,
Điện,FTP Mobie,240.000 ₫,-27%,175200,-31,4.9,Thiết bị đo công suất 100A công tơ điện tử,203 Đã bán,https://www.lazada.vn/products/pdp-i815100709.html,
Điện,A_hoco__Store,229.000 ₫,-41%,135110,-23,4.9,【🔥HCM/24H】Đồng hồ vạn năng DT9205A màn hình kỹ thuật số đồng hồ vạn năng thông minh Máy đo bảo dưỡng thợ điện chính xác cao,57 Đã bán,https://www.lazada.vn/products/pdp-i1904566071.html,
Điện,Samebeauty,254.500 ₫,-40%,152700,-1,5,FREESHIP🎁Đồng hồ đo công suất điện 220V có nút RESET độ chính xác cao màn hình hiển thị LCD P U I Kwh bộ công tơ điện tử,,https://www.lazada.vn/products/pdp-i2560991397.html,
Xe hơi,flyingskystore,184.100 ₫,-39%,112301,-56,4.9,Đồng Hồ Vạn Năng DT9205A Đồng Hồ Vạn Năng Thông Minh Màn Hình Kỹ Thuật Số Độ Chính Xác Cao Dụng Cụ Kiểm Tra Bảo Trì Thợ Điện,157 Đã bán,https://www.lazada.vn/products/pdp-i2038736366.html,
Trang trí nhà cửa,Sáng Tạo 88,,,,-87,5,"Đồng Hồ Để Bàn Điện Tử T10 Hiển Thị Nhiệt Độ, Độ Ẩm",250 Đã bán,https://www.lazada.vn/products/pdp-i1562505179.html,
Camera giám sát & hệ thống,CAMERA WIFI YOOSEE,1.000.000 ₫,-41%,590000,-513,4.9,"Camera Wifi Yoosee 2 mắt Ngoài Trời Xem Cùng lúc 2 khung hình FHD 5.0mpx, xoay 360 độ ban đêm có màu",1.5K Đã bán,https://www.lazada.vn/products/pdp-i2314772480.html,
Thiết bị tiện ích USB,EChipTECmall,43.800 ₫,-40%,26280,-96,4.9,"Đèn LED Mini, Đèn Đọc 24 LED USB DC 5V Cầm Tay Màu Trắng/Màu Ấm SMD5730 12W Đèn Ban Đêm",574 Đã bán,https://www.lazada.vn/products/pdp-i1594578265.html,
Phụ kiện Máy tính,GOES TiME,233.000 ₫,-30%,163100,-1,5,GOES TiME | Chuột Bluetooth Không Dây có Sạc Yên Tĩnh cho Laptop và Máy Tính Để Bàn,,https://www.lazada.vn/products/pdp-i3198384000.html,
Điện,ANENG  Store,277.015 ₫,-35%,180059,-103,4.6,ANENG M118A Máy Đo Vạn Năng Kĩ Thuật Số Mini Tự Động Mmultimetro Rms Thật Tranistor Meter Với NCV Lưu Dữ Liệu 6000 Đếm Đèn Pin,155 Đã bán,https://www.lazada.vn/products/pdp-i761950900.html,
Phụ kiện điện thoại & máy tính bảng,,284.000 ₫,-40%,170400,,,Bảng Ổ Cắm Điện Mini Di Động USB Bộ Chuyển Đổi Điện Đa Chức Năng Bảng Dây Cho Gia Đình Bảng Dây Có Nguồn Cung Cấp Sạc,54 Đã bán,https://www.lazada.vn/products/pdp-i2997549091.html,
Điện,VOKTTA Official Store,138.150 ₫,-33%,92560,-217,4.8,VOKTTA Vôn Kế Kỹ Thuật Số Mini Bốn Chữ Số M4430 0.28 Inch Chính Hãng Ampe Kế Máy Đo Dòng Điện Điện Áp Hiển Thị Kép LED DC 100V 200V 10A Máy Dò,576 Đã bán,https://www.lazada.vn/products/pdp-i1064372788.html,
Điện,A_Hoco_Shop,184.100 ₫,-33%,123347,-160,4.9,Đồng Hồ Vạn Năng DT9205A Đồng Hồ Vạn Năng Thông Minh Màn Hình Kỹ Thuật Số Độ Chính Xác Cao Dụng Cụ Kiểm Tra Bảo Trì Thợ Điện,624 Đã bán,https://www.lazada.vn/products/pdp-i2038478379.html,
Phụ kiện Máy tính,epoosuo,301.000 ₫,-60%,120400,-243,4.9,EPOOSUO | Chuột Không Dây Bluetooth Im Lặng Sạc Lại Được cho Văn Phòng và Chơi Game,,https://www.lazada.vn/products/pdp-i3205307914.html,
Trường học & văn phòng,Kangaroo store 1595312584,81.900 ₫,-49%,41769,,,Máy tính điện tử cỡ nhỏ máy tính Màu kẹo đẹp cho học sinh máy tính lật dễ di chuyển nhỏ,,https://www.lazada.vn/products/pdp-i3076854601.html,
Điện,Thiết bị điện và đèn led chiếu sáng,150.000 ₫,-30%,105000,-143,4.9,Đồng Hồ Đo Điện SAMWA - 360 Đỏ,410 Đã bán,https://www.lazada.vn/products/pdp-i1476476740.html,
Điện,AGBBG,261.547 ₫,-44%,146466,-15,5,AGBBG Aneng Đồng hồ vạn năng kỹ thuật số m118a Máy kiểm tra AC DC cầm tay máy đo điện trở Mini RMS,50 Đã bán,https://www.lazada.vn/products/pdp-i2748564876.html,
Điện,A_hoco__Store,206.000 ₫,-36%,131840,-1,5,Đồng hồ đo công suất điện 220V có nút RESET độ chính xác cao màn hình hiển thị LCD P U I Kwh bộ công tơ điện tử,9 Đã bán,https://www.lazada.vn/products/pdp-i2663550641.html,
Smartphones,Ngọc Xuân Mobile,1.950.000 ₫,-26%,1443000,-26,5,"Điện thoại Opo A53s 5G Ram 8GB/256GB nguyên zin đẹp keng TẶNG (cường lực, ốp lưng) - Bảo hành 3 tháng",50 Đã bán,https://www.lazada.vn/products/pdp-i3060490150.html,
Máy tính bảng,Top 1 Tablet,1.680.000 ₫,-19%,1360800,-21,4.6,Máy tính bảng thông minh X6 Pro Tablet Android Bản gốc 2023 Máy tính bảng thông minh 10.8Inch 4K FHD Màn hình Buletooth 8800mAh Pin Trực tuyến Class Tablet 12GB RAM + 512GB ROM 5G WiFi Android Dành cho trẻ em Gaming Pad Giao hàng miễn phí COD,61 Đã bán,https://www.lazada.vn/products/pdp-i2388594288.html,
Phụ kiện Máy tính,XSmart Store,600.000 ₫,-35%,390000,-22,5,Bàn Phím Không Dây Bluetooh Full Size Giả Cơ K94 Full LED Kết Nối 2 Chế Độ Pin Sạc,76 Đã bán,https://www.lazada.vn/products/pdp-i2667934060.html,
Dụng cụ đo lường,ĐìnhVăn Shop,154.000 ₫,-7%,143220,,,Đồng hồ đo vạn năng Digital DT-9205A,,https://www.lazada.vn/products/pdp-i2044181848.html,
Điện,Linh Kiện Điện Tử LiKi,,,,,,Đồng Hồ Vạn Năng Điện Tử DT-33D Tự Động Tắt Nguồn - Chống Cháy Khi Đo Sai Điện Áp,5 Đã bán,https://www.lazada.vn/products/pdp-i2519361929.html,
Phụ kiện Máy tính,PHUKIENVTQ22,,,,,,"Bàn phím cơ JEDEL KL-125 dùng cho văn phòng,chơi game có 8 chế độ đèn led. Kết nối có dây bluetooth, usb",,https://www.lazada.vn/products/pdp-i2670789517.html,
Dụng cụ đo lường,Linh Kiện Điện Tử 3MS Tân Phú,,,,,,"Đồng hồ đo điện vạn năng Diymore ANENG M113, đo volt, điện trở",,https://www.lazada.vn/products/pdp-i2708210242.html,
Điện,INGCO TOOLS STORE,432.000 ₫,-50%,216000,-33,4.9,"INGCO DM2002 ""Đồng hồ đo điện vạn năng (2000 số đếm)",99 Đã bán,https://www.lazada.vn/products/pdp-i2266581917.html,
Thiết bị tiện ích USB,Seller Tịnh Minh,58.000 ₫,-17%,48140,,,"Quạt Hoa Mini Sáng Tạo - Sạc USB, Quạt Để Bàn & Cầm Tay Yên Tĩnh - Dễ Thương & Tiện Lợi Có Chân Đế - Vật Dụng Thiết Yếu Cho Học Sinh",,https://www.lazada.vn/products/pdp-i3200989431.html,
Phụ kiện Máy tính,goojodoqstore.vn,200.000 ₫,-58%,84000,-474,4.9,GOOJODOQ Chuột không dây 2 trong 1 Dual Mode 2.4Ghz Wireless Bluetooth Cordless Mouse,1.9K Đã bán,https://www.lazada.vn/products/pdp-i2108053538.html,
Điện,Auto Tour,250.000 ₫,-36%,160000,,,Đồng hồ đo công suất điện 220V có nút RESET độ chính xác cao màn hình hiển thị LCD P U I Kwh bộ công tơ điện tử,,https://www.lazada.vn/products/pdp-i3021061754.html,
Điện,Linh Kiện 35,263.940 ₫,-13%,229627,,,"Công tơ điện tử 1080 1 pha điện áp 220V 80A đo số điện tiêu thụ KWH nhựa ABS chống cháy, màn hình LCD",,https://www.lazada.vn/products/pdp-i2091883084.html,
Dụng cụ đo lường,KKmoon,520.000 ₫,-50%,260000,-3,5,Máy đo độ nghiêng điện tử thước đo kỹ thuật số từ ebtn LCD độ chính xác cao hoạt động dễ dàng cho các góc đo,9 Đã bán,https://www.lazada.vn/products/pdp-i2964157164.html,
Điện,EChipTECmall,289.200 ₫,-40%,173520,-89,4.9,Máy Kiểm Tra DC Type-C Hiển Thị Màu 10 Trong 1 Máy Kiểm Tra Bộ Sạc USB Điện Áp 4-30V Hiện Tại 0-5A Đồng Hồ Đo Điện Máy Dò Pin Di Động,245 Đã bán,https://www.lazada.vn/products/pdp-i817634805.html,
Dụng cụ đo lường,Linh Kiện 024,89.000 ₫,-2%,87220,-8,4.8,Đồng hồ đo vạn năng Digital Multimeter VC830L màn hình kỹ thuật số đo điện đa năng,34 Đã bán,https://www.lazada.vn/products/pdp-i1235400959.html,
Điện,Samebeauty,211.167 ₫,-40%,126700,-12,4.9,Vastar Đồng Hồ Vạn Năng DT9205A Đồng Hồ Vạn Năng Thông Minh Màn Hình Kỹ Thuật Số Độ Chính Xác Cao,28 Đã bán,https://www.lazada.vn/products/pdp-i2483807135.html,
Điện,KUAIQU,520.000 ₫,-48%,270400,-133,4.9,Đồng Hồ Vạn Năng Kẹp Kỹ Thuật Số Mini A3399 Máy Kiểm Tra Tần Số Điện Dung Điện Trở Điện Áp AC/DC-INTL,300 Đã bán,https://www.lazada.vn/products/pdp-i1516816982.html,
Điện,PowerOfficial Store,285.800 ₫,-50%,142900,-11,4.9,"Đồng hồ đo điện vạn năng VOM Sanwa YX360TRD kèm pin, có còi báo, ốp da bọc",29 Đã bán,https://www.lazada.vn/products/pdp-i2166134831.html,
Điện,Smart Room,,,,-116,4.9,Máy đo dòng điện điện áp công suất watt metter 100A 150A. Tích hợp đồng hồ đo điện vôn kế ampe kế và đồng hồ đo năng lượng điện. Độ chính xác cao.,348 Đã bán,https://www.lazada.vn/products/pdp-i470942416.html,
Điện,THIẾT BỊ ĐIỆN HÙNG PHÁT,280.000 ₫,-21%,221200,-1,5,"Công tơ điện tử,đồng hồ đo điện 1 pha",,https://www.lazada.vn/products/pdp-i1985533898.html,
Điện,Charming House,120.000 ₫,-12%,105600,-491,4.6,"Đồng hồ vạn năng VOM Samwa YX360-TRn - Đồng hồ đo điện kèm pin chuyên đo dòng điện xoay chiều, một chiều và điện trở",1.6K Đã bán,https://www.lazada.vn/products/pdp-i702958917.html,
Điện,Linh Kiện 024,160.000 ₫,-34%,105600,-8,4.9,"Đồng hồ đo điện vạn năng DT9205A, đo dòng điện, vôn kế có kèm pin 9V, bảo hành 1 tháng",26 Đã bán,https://www.lazada.vn/products/pdp-i1236380888.html,
Điện,G01 Phụ Kiện Thông Minh,84.915 ₫,-27%,61987,-4,5,Ổ cắm điện đa năng nhiều Cổng sạc USB 2 Cáp USB 3 Và 5M Dây Cáp Dày Chất Lượng Cao,20 Đã bán,https://www.lazada.vn/products/pdp-i2664809678.html,
Thiết bị nhà bếp,Gaabor Official Store,280.000 ₫,-20%,224000,-838,4.9,"FLASH SALE Nồi điện đa năng dung tích 1,5L Gaabor GR-N15A công suất 600W 2 mức nhiệt tặng kèm xửng hấp - Bảo hành 12 tháng 1 đổi 1",2.7K Đã bán,https://www.lazada.vn/products/pdp-i2239704386.html,
Dụng cụ điện & phụ kiện,GlobalLifestyle,266.000 ₫,-23%,204820,-8,5,"Mỏ Hàn Điện Kỹ Thuật Số ANENG SL106 110V/220V, Nhiệt Độ Điều Chỉnh, Dụng Cụ Hàn Chuyên Nghiệp, Có Phích Cắm US/EU",7 Đã bán,https://www.lazada.vn/products/pdp-i3102823138.html,
Điện,Global Merch Park,316.000 ₫,-50%,158000,-8,5,ANENG SZ06 Đồng Hồ Vạn Năng Kỹ Thuật Số 2000 Đếm AC/DC Bút Thử Điện Áp DC Ohm Mini Thông Minh Multimetro Điện Chuyên Nghiệp Dụng Cụ,43 Đã bán,https://www.lazada.vn/products/pdp-i2713259600.html,
Thiết bị nhà bếp,Elmich Vietnam,590.000 ₫,-42%,342200,-1318,4.9,(Sale giữ chuỗi- Chỉ 01-10.11)Ấm đun nước siêu tốc Smartcook ICS-3859,4.0K Đã bán,https://www.lazada.vn/products/pdp-i1686680854.html,
Điện,POROMETISTO Tools,532.767 ₫,-44%,298349,-15,4.9,"UT01C USB-C Power Meter: 280W PD3.1/QC4+ Fast Charging Tester 12A Current Voltage Monitor w/Offline Save, HD IPS Display for iPhone/MacBook",30 Đã bán,https://www.lazada.vn/products/pdp-i3110025915.html,
Phụ kiện Máy tính,Sky Blue shop,245.025 ₫,-26%,181318,-2,5,"Chuột gaming có dây Deiog G402 LED RGB - chuột chơi game Macro DPI 4800 siêu nhạy, đèn đổi màu",,https://www.lazada.vn/products/pdp-i3224458461.html,
Trang trí nhà cửa,HomelifeOfficialStore,164.923 ₫,-27%,120393,-2,5,"Đồng Hồ Để Bàn LED Màn Hình LCD Báo Thức, Cảm Biến Âm Thanh",6 Đã bán,https://www.lazada.vn/products/pdp-i2665762566.html,
Điện,Bull Socket,1.237.000 ₫,-67%,408210,-1,4,Bull | Ổ Cắm Bàn Đa Năng Thẩm Mỹ Cao Sạc Nhanh 67W,,https://www.lazada.vn/products/pdp-i3221723549.html,
Điện,homeappliancescollectionstore,233.000 ₫,-42%,135140,-5,4.6,【HCM/24H】Vastar Đồng Hồ Vạn Năng DT9205A Đồng Hồ Vạn Năng Thông Minh Màn Hình Kỹ Thuật Số Độ Chính Xác Cao,9 Đã bán,https://www.lazada.vn/products/pdp-i3130251301.html,
Phụ kiện Máy tính,maicheng digital specialty store,856.000 ₫,-72%,239680,-24,4.9,NACCITY | Chuột Bluetooth Không Dây cho Apple Macbook Pro Sạc Lại Yên Tĩnh Dùng Văn Phòng,5 Đã bán,https://www.lazada.vn/products/pdp-i3193580643.html,
Phụ kiện Máy tính,xunmei digital,385.000 ₫,-48%,200200,-301,4.9,GOIIOG | Chuột Không Dây Bluetooth Chế Độ Đôi Sạc Im Lặng,,https://www.lazada.vn/products/pdp-i3205707841.html,
Điện,EChipTECmall,431.900 ₫,-34%,285054,,,Ampe Kế Kỹ Thuật Số DC 20A/50A/100A 8-100V Vôn Kế Điện Áp LCD 4 Trong 1 DC Và Công Suất Dòng Điện Với Đầu Dò Đồng Hồ Đo Năng Lượng Điện Shunt,,https://www.lazada.vn/products/pdp-i1633011205.html,
Phụ kiện điện thoại & máy tính bảng,Vention Franchised Store,2.874.000 ₫,-50%,1437000,-18,4.6,Vention 27000mAh 100W/140W Sạc Dự Phòng - Màn Hình Màu TFT Thông Minh - Sạc Laptop Gaming/Creator - 3 Cổng (2C1A) - Cáp 240W Đi Kèm - Vỏ Nhôm - Hàng Chính Hãng,67 Đã bán,https://www.lazada.vn/products/pdp-i2983928196.html,
Điện,techstuffstore,59.900 ₫,-15%,50915,,,"Đồng hồ đo điện mini, đo điện DC, màn hình kỹ thuật số",,https://www.lazada.vn/products/pdp-i1945608699.html,
Điện,unicorntools.vn,275.000 ₫,-18%,225500,-32,4.6,"Đồng hồ kẹp dòng vạn năng đo tụ, tần số, nhiệt độ, điện trở, điện áp",110 Đã bán,https://www.lazada.vn/products/pdp-i2394689894.html,
Phụ kiện Máy tính,epoosuo,343.000 ₫,-68%,109760,-135,4.9,EPOOSUO | Chuột Chơi Game Không Dây Nhẹ Nhàng Im Lặng với Bluetooth Hai Chế Độ,9 Đã bán,https://www.lazada.vn/products/pdp-i3204502616.html,
Phụ kiện Máy tính,goojodoqstore.vn,320.000 ₫,-54%,147200,-108,4.8,chuột chơi game GOOJODOQ Chuột Không Dây 2.4Ghz Có Kết Nối Bluetooth Với Pin Cuộn,294 Đã bán,https://www.lazada.vn/products/pdp-i2106892721.html,
Điện,Tổng Kho Sỉ Lẻ VDVA,198.000 ₫,-58%,83160,-2,5,"Thiết Bị Tiết Kiệm Điện, Máy Tiết Kiệm Điện Eletricity Saving Box 220V, Thiết Bị Tiết Kiệm Điện Thông Minh Giữ Nguồn Điện Ổn Định, Cần Bằng Dòng Điện Vào Các Thiết Bị Trong Nhà, Bộ Tiết Kiệm Điện  Đa Năng",7 Đã bán,https://www.lazada.vn/products/pdp-i3002077229.html,
Đèn,T5 Decor,,,,-3,4,"Đèn ngủ để bàn ổ cắm điện, đèn học, usb đa năng, điều chỉnh độ sáng, chống giật, bảo hành 3 tháng, decor",12 Đã bán,https://www.lazada.vn/products/pdp-i3055485624.html,
Phụ kiện điện thoại & máy tính bảng,Cửu Long Store,125.000 ₫,-30%,87500,-508,4.9,Cáp Sạc Đa Năng 3 Đầu Đèn LED 3in1 Sạc Mọi Điện Thoại Chống Rối Xoắn Gãy Gập 3 màu cáp sạc nhiều đầu CuuLongstore,1.5K Đã bán,https://www.lazada.vn/products/pdp-i681742884.html,
Phụ kiện Máy tính,THE BABU STORE,1.849.000 ₫,-2%,1812020,,,"Mchose Mix87 | Bàn Phím Phím Từ Tính Chuyên Game 8K Hz, Độ Trễ 0.08ms, Scan Rate 256K, Accuracy 0.001mm, RGB 16.8 Triệu",,https://www.lazada.vn/products/pdp-i3180769134.html,
Phụ kiện Máy tính,THIẾT BỊ CÔNG NGHỆ HUY LONG,649.000 ₫,-22%,506220,-33,4.8,"Bàn phím không dây FREEWOLF M96 kết nối bằng Bluetooth và 2.4G có đèn led 7 màu, nút văn âm lượng và màn hình led mini",96 Đã bán,https://www.lazada.vn/products/pdp-i2636447362.html,
Phụ kiện Máy tính,KONG 3C STORE [vn],476.000 ₫,-35%,309400,-18,5,"APAYADO K61 Mini Wired Mechanical Keyboard, 61 Keys, Red/Blue Switch, Phantom RGB Lighting, 60% Portable, Hot-Swappable",56 Đã bán,https://www.lazada.vn/products/pdp-i2921286645.html,
Đèn,Bi bii shop,,,,,,"Đèn học ,đèn để bàn cho bé (kèm 1 dây sạc)",,https://www.lazada.vn/products/pdp-i2920422255.html,
Phụ kiện Máy tính,Power Now Bàn Phím Cơ HN,,,,,,"Bàn Phím Cơ Không Dây RK61 Hotswap Led RGB, 3 Chế Độ Bluetooth 5.0/ Wireless/ Type C  -  Royal Kludge",,https://www.lazada.vn/products/pdp-i2426814800.html,
Điện,SHOP XỊN - SG,450.000 ₫,-44%,252000,,,"(Mẫu Mới 2023) Bộ chia ổ điện đa năng 2 cổng USB đa năng, cổng sạc điện thoại USB ,có công tắc đèn ngủ ban đêm ổ - an toàn chống giật chống cháy nổ",,https://www.lazada.vn/products/pdp-i2194550656.html,
Phụ kiện Máy tính,XSmart Store,1.200.000 ₫,-35%,780000,-7,5,"Bàn Phím Cơ Không Dây Máy Tính K8BT Bluetooth 5.0 Hotswap Red Switch LED Gaming, Gõ Êm, Lót Foam",15 Đã bán,https://www.lazada.vn/products/pdp-i2492997652.html,
Điện,TB supermarket store,192.000 ₫,-24%,145920,,,Ổ Cắm Điện Đa Năng USB Dây Kéo Cho Phòng Học Sinh Phòng Ký Túc Xá Đèn Bàn Đồ Dùng Học Tập Phụ Kiện Ổ Cắm,,https://www.lazada.vn/products/pdp-i2995235292.html,
Điện,Siêu thị đồ thông minh Alice,80.000 ₫,-31%,55200,-59,4.8,"[ Freeship ] Ổ cắm điện đa năng kèm cổng cắm USB - Ổ cắm nhiều ổ,  Ổ Điện Tích Hợp Sạc Nhanh - Công tắc bật tắt an toàn tiện dụng",261 Đã bán,https://www.lazada.vn/products/pdp-i2173016778.html,
Điện,,,,,,,Ổ Cắm USB Đa Năng Có Thể Thu Nhỏ Công Suất Cao Nhiều Lỗ Có Dây Dài Dùng Cho Ký Túc Xá Công Tắc Điện Mặt Bàn Gia Dụng,186 Đã bán,https://www.lazada.vn/products/pdp-i2997426237.html,
Phụ kiện Máy tính,Qilmily,990.000 ₫,-9%,900900,-8,5,Bàn Phím Hàn Quốc Actto B303 Chính Hãng Bàn Phím Retro Bàn Phím Bluetooth Mini Bàn Phím Ghép Đôi Bàn Phím Máy Đánh Chữ Cho Máy Tính Bảng,,https://www.lazada.vn/products/pdp-i1826341132.html,
Trường học & văn phòng,mingzhuo stationery,314.000 ₫,-14%,270040,,,MINGZHUO | Bộ Dụng Cụ Học Tập Có Tính Năng Điện Tử Cho Học Sinh Tiểu Học,,https://www.lazada.vn/products/pdp-i3219463442.html,
Điện,,,,,,,Ổ Cắm Điện USB Đa Chức Năng Cho Văn Phòng Và Gia Đình Bảng Dây Kéo Bảng Dây Có Dây Chuyển Đổi Đa Năng Thiết Bị Điện Tử,234 Đã bán,https://www.lazada.vn/products/pdp-i2997323739.html,
Phụ kiện Máy tính,BẢO HÂN TREASURES COMPUTER,550.000 ₫,-31%,379500,,,"Bàn phím số không dây Newmen TK-028 (LED, Bluetooth ) - Hàng chính hãng",,https://www.lazada.vn/products/pdp-i2236015177.html,
Phụ kiện Máy tính,glo.vn,306.000 ₫,-49%,156060,-7,4.6,"Bàn Phím Bluetooth Không Dây KB-16 - Mini Kết Nối - Iphone, Ipad, Laptop",13 Đã bán,https://www.lazada.vn/products/pdp-i1724148845.html,
Điện,Tiger Store 2311,199.000 ₫,-30%,139300,,,"Ổ Cắm Điện - Ổ Điện Đa Năng Loại Xịn Có Cổng Gắn USB Sạc Điện Thoại Kiêm Đèn Ngủ Cực Đẹp - Ổ điện chia 2 cổng USB kiêm đèn ngủ, Ổ CẮM ĐIỆN THÔNG MINH KIÊM ĐÈN NGỦ LED & 2 CỔNG USB CÓ CÔNG TẮC",,https://www.lazada.vn/products/pdp-i1994378459.html,
Phụ kiện Máy tính,Sky Blue shop,1.255.500 ₫,-26%,929070,,,"Deiog AK98 bàn phím cơ gaming - Led RGB sống động, 98 phím khoa học, mượt mà, chống nước IPX7, phù hợp chơi game & làm việc",,https://www.lazada.vn/products/pdp-i3203897974.html,
Phụ kiện Máy tính,MKSHOP,,,,,,"Bàn Phím Cơ Attack Shark K86 RGB, 3 Modes , Có màn Hình, Núm Vặn, Hotswap 5 pin",,https://www.lazada.vn/products/pdp-i2594860090.html,
Phụ kiện Máy tính,MOGE Mall,4.199.000 ₫,-58%,1763580,-1,5,Solakaka Ki75 81 Phím 3-Chế Độ Bluetooth Không Dây Hot Swappable Lighting RGB Văn Phòng Bàn phím cơ chơi game,,https://www.lazada.vn/products/pdp-i2983095152.html,
Phụ kiện Máy tính,BOSSGEAR,1.100.000 ₫,-10%,990000,,,"Bàn phím cơ Xinmeng M87 Lite, Không dây 3 modes, LED RGB, Mạch Xuôi, Hotswap 5 chân, Full Mod.",,https://www.lazada.vn/products/pdp-i2555825256.html,
Phụ kiện Máy tính,LOGITECH Flagship Store,1.590.000 ₫,-31%,1097100,-169,4.8,"Bàn phím game có dây Logitech G213 Prodigy - RGB Lightsync, phím Media chuyên biệt, chống tràn bền bỉ",643 Đã bán,https://www.lazada.vn/products/pdp-i260191301.html,
Phụ kiện Máy tính,Bàn Phím Universe,,,,,,"Kit next time 75 - 3 mode kết nối - kit bàn phím cơ nt75 - NT75 - LED RGB hot swap - Wireless, Type C, Bluetooth 5.0",,https://www.lazada.vn/products/pdp-i2375700069.html,
Phụ kiện Máy tính,WK Store,1.399.000 ₫,-18%,1147180,-5,5,"Bàn phím cơ Dareu EK75 PRO - BLACK GOLDEN Dream Switch RGB (3 Modes, Hotswap, Gasket)- BH 24T",11 Đã bán,https://www.lazada.vn/products/pdp-i2403074341.html,
Điện,Energizer Store,840.000 ₫,-38%,520800,-10,4.7,"Ổ điện đa năng 5AC kèm 3USB-A và 1USB-C sạc nhanh PD (max 20W) - EPB2501EU - Hàng chính hãng, bảo hành 1 năm",38 Đã bán,https://www.lazada.vn/products/pdp-i2658613154.html,
Phụ kiện Máy tính,HOSAN OFFICIAL,500.000 ₫,-34%,330000,,,"Bàn Phím Có Dây AULA F3061 - Bàn Phím Chơi Game 64 Phím Có RGB, Giao Diện USB Và Chuột S50",,https://www.lazada.vn/products/pdp-i3173795575.html,
Phụ kiện Máy tính,Logitech G Gaming,2.990.000 ₫,-25%,2242500,,,"Bàn phím game cơ học Logitech G512 - RGB Lightsync, 3 loại GX Switch, vật liệu cải tiến, cổng USB 2.0",,https://www.lazada.vn/products/pdp-i2210790553.html,
Phụ kiện Máy tính,Phong Cách Xanh Certified Store,,,,-4,5,[Trả góp 0%] Bàn phím cơ Bluetooth Filco Minila-R Convertible Matte Black - Hàng Chính Hãng,11 Đã bán,https://www.lazada.vn/products/pdp-i747466341.html,
Phụ kiện Máy tính,Fuhlen Store Chính Hãng,3.000.000 ₫,-20%,2400000,,,Bàn Phím Cơ Không Dây Fuhlen H75s Panda 3-Mode Gasket Hotswap mạch xuôi LED RGB nháy theo nhạc - Bảo hành 2 năm,,https://www.lazada.vn/products/pdp-i2690174702.html,
Phụ kiện Máy tính,Fuhlen Store Chính Hãng,3.000.000 ₫,-20%,2400000,,,Bàn Phím Cơ Không Dây Fuhlen H95s CSA Panda 3-Mode Gasket Hotswap Mạch Xuôi Led RGB nháy theo nhạc - Bảo hành 2 năm,,https://www.lazada.vn/products/pdp-i2696800672.html,
Phụ kiện Máy tính,Fuhlen Store Chính Hãng,3.000.000 ₫,-20%,2400000,,,Bàn Phím Cơ Không Dây Fuhlen H95s Warrior 3-Mode Gasket Hotswap Mạch Xuôi Led RGB nháy theo nhạc - Bảo hành 2 năm,,https://www.lazada.vn/products/pdp-i2690184710.html,
Phụ kiện Máy tính,BOSSGEAR,1.300.000 ₫,-8%,1196000,-2,5,"Bàn Phím Cơ Không Dây Xinmeng X98 Pro, 3 Modes, Mạch Xuôi, Hotswap 5 chân, LED RGB…",5 Đã bán,https://www.lazada.vn/products/pdp-i2412235984.html,
Phụ kiện Máy tính,vintagelifestyle,3.590.000 ₫,-3%,3482300,-2,5,"Bàn phím cơ 3 kiểu kết nối không dây bluetooth,2.4G, có dây Lofree Block 98 chính hãng, hotswap, có đèn LED",9 Đã bán,https://www.lazada.vn/products/pdp-i2335609627.html,
Phụ kiện Máy tính,Fuhlen Store Chính Hãng,3.000.000 ₫,-20%,2400000,,,Bàn Phím Cơ Không Dây Fuhlen H75s Saola 3-Mode Gasket Hotswap mạch xuôi LED RGB nháy theo nhạc - Bảo hành 2 năm,,https://www.lazada.vn/products/pdp-i2696755680.html,
Phụ kiện Máy tính,TungCustom,,,,,,"Bàn phím cơ không dây Aula F99 , RGB, Gasket,Mạch xuôi, 3 Modes, Hotswap 5 pin đã Mod Tungcustom",,https://www.lazada.vn/products/pdp-i2808713673.html,
Phụ kiện Máy tính,FL-Esports Authentic Store,2.899.000 ₫,-16%,2435160,,,Bàn phím cơ chơi game có dây FLEsport GP108CP Aqua Green RGB - Hotswap - Led RGB - Kết nối USB - Kailh Box switch - Hàng chính hãng,,https://www.lazada.vn/products/pdp-i2193039648.html,
Phụ kiện Máy tính,FL-Esports Authentic Store,2.799.000 ₫,-0.70%,2.799.000 ₫,,,Bàn phím cơ chơi game có dây FLEsport GP87CP White & Green - Hotswap - Led RGB - Kết nối USB - Kailh Box switch - Hàng chính hãng,,https://www.lazada.vn/products/pdp-i2193185090.html,
Đèn,HOME MI Lighting Shop,158.280 ₫,-50%,79140,-2,1.5,Đèn Bàn MI Gia Đình Đèn Led Cho Phòng Đèn Học Lampu Meja Belajar Đèn Bàn Sạc 3 Màu Trong 1 Có Dây USB Cảm Ứng Bật/Tắt Đèn Đọc Sách Mờ Vô Cấp Cho Phòng Ngủ Ký Túc Xá,,https://www.lazada.vn/products/pdp-i2074145038.html,
Phụ kiện Máy tính,Shopphukien NATB,190.000 ₫,-42%,110200,,,Bộ bàn phím chuột văn phòng có dây ZORNWEE ZE-9100/ ZUNTUO ZK200 bảo hành 6 tháng BUNOC's,,https://www.lazada.vn/products/pdp-i2161739124.html,
Xe hơi,KENTAI Shopping Mall,42.000 ₫,-50%,21000,,,4USB sạc nhanh với đèn LED thích hợp cho điện thoại di động điện thoại và máy tính bảng,,https://www.lazada.vn/products/pdp-i3131675129.html,
Trường học & văn phòng,Dụng Cụ Phun Xăm Hà My,,,,,,Thước điện tử,,https://www.lazada.vn/products/pdp-i2341560921.html,
Đèn,Cửa hàng Minh Phong,105.000 ₫,-14%,90300,,,Đèn bàn sạc led KY6665,,https://www.lazada.vn/products/pdp-i2100900050.html,
Phụ kiện Máy tính,Full Studio,,,,,,Bàn di chuột kiêm đệm masage kê tay 2 in 1 tiện lợi Baona.,,https://www.lazada.vn/products/pdp-i1892531266.html,
Điện,Tienminhlighting0601,270.000 ₫,-11%,240300,-16,4.9,"HÀNG LOẠI TỐT - Ổ Cắm Điện Đa Năng 2 Tầng/3 Tầng/4 Tầng Chịu Tải 2500W),  3 cổng sạc USB",46 Đã bán,https://www.lazada.vn/products/pdp-i2420262013.html,
Phụ kiện Máy tính,xuanfan,132.000 ₫,-50%,66000,,,Steelseries QCK Chuột Pad Siêu dày 450x400 6mm Pad Nâng cấp Smooth Gaming Bảng Mat Fps Esports Tuỳ chỉnh Pc Gaming Phụ kiện,,https://www.lazada.vn/products/pdp-i2801703159.html,
Thiết bị thể thao & hoạt động ngoài trời,Home Essentials1,99.000 ₫,-30%,69300,,,Đi xe đạp điện tử Shifters giao diện bổ tương thích phản hồi bề mặt lựa chọn mô hình,,https://www.lazada.vn/products/pdp-i3232804785.html,
Phụ kiện điện thoại & máy tính bảng,Shop Linh Kiện Pin,,,,,,"Sạc dự phòng nhiều mẫu mã, sạc nhanh QC 4.0. 22.5W",,https://www.lazada.vn/products/pdp-i2865722967.html,
Điện,Giang Gia Dụng,90.000 ₫,-34%,59400,-7,5,[HCM]Thiết Bị T.iết Kiệm Điện Năng Gia Đình Hàng Tốt,49 Đã bán,https://www.lazada.vn/products/pdp-i293036823.html,
Điện,,210.000 ₫,-14%,180600,,,Ổ Cắm Điện Di Động Mini USB PD Sạc Ổ Cắm Đa Chức Năng Cho Chuyến Công Tác Có Đèn LED Đêm Thiết Bị Điện Tử,,https://www.lazada.vn/products/pdp-i2997269953.html,
Phụ kiện Máy tính,TTSTore1,,,,,,Bàn phím cơ  ZK3 Blue Switch-Sản phẩm mới 2022 Led RGB đổi màu với 10 chế độ-Bảo hành 3 tháng,,https://www.lazada.vn/products/pdp-i3153195259.html,
Điện,,214.000 ₫,-37%,134820,,,Ổ Cắm Điện Đa Chức Năng Có Dây Dài USB Nhiều Lỗ Dùng Cho Ký Túc Xá Sinh Viên Và Gia Đình Ổ Cắm Điện Đa Năng PP/PC Chống Sét,30 Đã bán,https://www.lazada.vn/products/pdp-i2997555103.html,
Phụ kiện Máy tính,Miplus Store,639.000 ₫,-31%,440910,,,"Bàn phím LANGTU L98 bàn phím bluetooth không dây/có dây silent pin sạc Led RGB hỗ trợ window/mac,ios...gaming văn phòng",,https://www.lazada.vn/products/pdp-i3164289661.html,
Phụ kiện Máy tính,BOSSGEAR,550.000 ₫,-9%,500500,,,"Bàn Phím Cơ Không Dây K68, Bluetooth / 2.4Ghz, Dùng Pin, Hot Swap",,https://www.lazada.vn/products/pdp-i2407356236.html,
Phụ kiện Máy tính,TCKB,1.990.000 ₫,-35%,1293500,,,"Bàn phím cơ không dây Monka K100 Full size | 3 mode, RGB, Hotswap, Gasket mount, Núm xoay",,https://www.lazada.vn/products/pdp-i3085570261.html,
Phụ kiện Máy tính,THE BABU STORE,,,,,,"Bàn Phím Cơ Không Dây Riccks RS8 3 Mode | Mạch Xuôi | Led RGB+Led viền | Full Foam,Full Mod | QMK-VIA",,https://www.lazada.vn/products/pdp-i3180555986.html,
Phụ kiện Máy tính,LAZTE,823.000 ₫,-44%,460880,,,NEW 2 Keys 2.4G Mini Bluetooth Keyboard with RGB Light Hot-Swappable Copy Paste Wireless Macropad Gaming Keypad,,https://www.lazada.vn/products/pdp-i3233809774.html,
Phụ kiện Máy tính,E-Dra Authentic Store,,,,-1,5,Bàn phím cơ không dây Bluetooth E-DRA EK361W V2 Black - Bluetooth 5.0 - Led RGB - Switch huano - Pin 2000mhA,,https://www.lazada.vn/products/pdp-i1948126846.html,
Phụ kiện Máy tính,Fuhlen Store Chính Hãng,3.400.000 ₫,-30%,2380000,,,Bàn Phím Cơ Không Dây Fuhlen H75s Warrior 3-Mode Gasket Hotswap mạch xuôi LED RGB nháy theo nhạc - Bảo hành 2 năm,,https://www.lazada.vn/products/pdp-i2690359401.html,
Phụ kiện Máy tính,FL-Esports Authentic Store,,,,,,Bàn phím cơ có dây FLEsport CMK87SA Polar Night Black RGB - Hotswap - Led RGB - Kết nối USB - Kailh Box switch - Hàng chính hãng,,https://www.lazada.vn/products/pdp-i1966088403.html,
Đèn,HOME WI Lighting Shop2,202.280 ₫,-50%,101140,,,Đèn Bàn WI Gia Đình Đèn Led Cho Phòng Đèn Học Lampu Meja Belajar Đèn Bàn Sạc 3 Màu Trong 1 Có Dây USB Cảm Ứng Bật/Tắt Đèn Đọc Sách Mờ Vô Cấp Cho Phòng Ngủ Ký Túc Xá,,https://www.lazada.vn/products/pdp-i2074565243.html,
Điện,HelloBabyU Shop,58.000 ₫,-22%,45240,,,"Hellobabyu đa dây Ổ cắm điện với cổng USB cho gia đình, khách sạn, sử dụng tại văn phòng",8 Đã bán,https://www.lazada.vn/products/pdp-i3056943094.html,
Điện,GlobalWonderShop,228.000 ₫,-23%,175560,-1,5,Ổ Cắm Thông Minh Để Bàn Đèn LED Sạc USB Cắm Đa Năng Sử Dụng Tại Nhà Quà Tặng Sáng Tạo Cho Học Sinh Sinh Viên,,https://www.lazada.vn/products/pdp-i3089789878.html,
Điện,Electronic Big Sale Store,96.000 ₫,-33%,64320,,,Ổ cắm điện có dây hiệu quả với cổng PD và hai USB để sạc đồng thời nhiều thiết bị cho văn phòng và du lịch,,https://www.lazada.vn/products/pdp-i3101597414.html,
Điện,bvdzir463,325.000 ₫,-28%,234000,,,"Tiêu chuẩn Châu Âu Ổ cắm thông minh, công suất cao USB đa chức năng văn phòng và nhà ổ điện nhiều lỗ với cắm ổ cắm dây, dẫn & Adapter",,https://www.lazada.vn/products/pdp-i3092991336.html,
Điện,jiaozuoweicaishangmao,394.362 ₫,-40%,236617,,,"Ổ điện nhiều lỗ USB, ổ cắm gia đình đa chức năng, tiêu chuẩn UK/EU/US, đa công tắc ổ cắm với dây dây, dây dẫn và bộ điều hợp",,https://www.lazada.vn/products/pdp-i3134007762.html,
Điện,bvdzir463,604.000 ₫,-24%,459040,,,"Thông minh cho nhà và sử dụng tại văn phòng, Châu Âu ổ điện nhiều lỗ dây, 4USB sạc, Hàn Quốc Đức tiêu chuẩn ổ cắm điện để bàn dây, dẫn & Adapter",,https://www.lazada.vn/products/pdp-i3092911553.html,
Phụ kiện Máy tính,KONG 3C STORE [vn],734.000 ₫,-33%,491780,-3,5,"Bàn phím chơi game bluetooth M87, kết nối chế độ kép 2.4G, Mũ Lưỡi Trai PBT, đèn cầu vồng, thích hợp cho máy tính, máy tính xách tay và Mac",6 Đã bán,https://www.lazada.vn/products/pdp-i2807858519.html,
Phụ kiện Máy tính,Electronic accessories hood,596.372 ₫,-41%,351859,,,"Esports 60% wired gaming keyboard, RGB backlight ultra compact  keyboard, waterproof small compact 61 key keyboard for PC/Mac gamers",,https://www.lazada.vn/products/pdp-i2663426158.html,
Phụ kiện Máy tính,sillyshuai,780.000 ₫,-42%,452400,,,NEW 2 Keys 2.4G Mini Bluetooth Keyboard with RGB Light Hot-Swappable Copy Paste Wireless Macropad Gaming Keypad,,https://www.lazada.vn/products/pdp-i3208422364.html,
Phụ kiện Máy tính,Ali CUGI,999.999 ₫,-4%,959999,,,Bàn Phím Cơ Không Dây Bluetooth ZA63 Pro - Trục cơ Linear Hotswap 5 Pin - Pin sạc - LEG RGB cả phím và body ban  phim,,https://www.lazada.vn/products/pdp-i3015719503.html,
Phụ kiện Máy tính,32Sgvgtskhv,968.905 ₫,-2%,949526,,,Bàn phím bluetooth mini Gấp không dây 32sgvgtskhv cho Windows IOS Android OS nút đa chức năng bàn phím số bàn phím chơi game,,https://www.lazada.vn/products/pdp-i2739509734.html,
Phụ kiện Máy tính,GlobalTechMart,1.147.000 ₫,-23%,883190,,,Bàn Phím Tiện Dụng Bluetooth Không Dây Aula Tarantula S99 - 98 Phím Chơi Game Văn Phòng Thiết Kế Hình Nhện Đa Chức Năng Với Đèn Nền RGB,,https://www.lazada.vn/products/pdp-i3128727182.html,
Điện,TAO Home Tools,656.000 ₫,-48%,341120,,,Ổ Cắm Dây Điện Chuyên Dùng Cho Máy Tính Để Bàn Có Dây Ổ Cắm Kết Nối Nhiều Lỗ Có Cổng USB Ổ Cắm Vô Hình Dùng Cho Ký Túc Xá,96 Đã bán,https://www.lazada.vn/products/pdp-i2499671546.html,
Đồ gia dụng chăm sóc cá nhân,JIASHI Shopping Mall,175.000 ₫,-35%,113750,,,Bộ sạc điện Mini 20000 ma dung tích lớn đi kèm với cáp Bộ cấp nguồn di động di động,,https://www.lazada.vn/products/pdp-i2807299979.html,
Phụ kiện Máy tính,MKSHOP,,,,-3,5,Bàn Phím Cơ Riccks led viền Keymap Via 3 Modes Hotswap RGB - MKSHOP,10 Đã bán,https://www.lazada.vn/products/pdp-i3011042421.html,
Phụ kiện Máy tính,LINH KIỆN MÁY TÍNH SIÊU RẺ,750.000 ₫,-36%,480000,,,"Bàn phím cơ S100 PRO chuyên net cực bền, đèn phím hiệu ứng cực đẹp. Kết nối có dây cổng USB, Bảo hành 12 tháng",,https://www.lazada.vn/products/pdp-i3127432385.html,
Phụ kiện Máy tính,XSmart Store,1.000.000 ₫,-45%,550000,-33,5,"Bàn Phím Cơ Không Dây Bluetooth Nâng Cấp K6BT Led Đổi Màu, Pin Sạc Siêu Trâu, Tương Thích Mọi Thiết Bị",92 Đã bán,https://www.lazada.vn/products/pdp-i2231628629.html,
Phụ kiện Máy tính,1994's STORES,1.390.000 ₫,-46%,750600,-2,1,(CÓ SẴN) Bàn Phím Cơ Không Dây Royal Kludge RK987 Version 4 Wireless 2.4G + Bluetooth 5.1 + Có dây Type C + Hotswap,,https://www.lazada.vn/products/pdp-i1412217393.html,
Phụ kiện Máy tính,ketnOAMT,245.000 ₫,-47%,129850,,,JIAYOU MIX SE bàn phím chuột ăn gà 5 miếng bộ đa chức năng điện thoại di động trò chơi chuyển đổi,,https://www.lazada.vn/products/pdp-i3182281882.html,
Phụ kiện Máy tính,LINH KIỆN 1984,326.000 ₫,-48%,169520,-6,5,Bàn phím YINDIAO K600 giả cơ nút tròn nhiều màu sắc và có đèn led xuyên phím chuyên game,25 Đã bán,https://www.lazada.vn/products/pdp-i2356013180.html,
Phụ kiện Máy tính,Vi tính TG,186.000 ₫,-11%,165540,,,"Bàn phím giả cơ gaming có led - Bàn phím có kê điện thoại cực kỳ xịn xò, kiểu dáng hầm hố, đế giả hợp kim sang trọng 24",,https://www.lazada.vn/products/pdp-i2865526896.html,
Phụ kiện Máy tính,ar omal,263.000 ₫,-41%,155170,-1,1,AROMAL Bảo vệ mắt Tấm lót bàn học sinh Chống dầu Da Tấm lót bàn máy tính Đơn giản Màu trơn Tấm lót bàn cà phê,10 Đã bán,https://www.lazada.vn/products/pdp-i3051791704.html,
Phụ kiện điện thoại & máy tính bảng,Ruby Luxury,,,,,,"Màn hình kỹ thuật số thời gian thực Cáp sạc siêu nhanh, có thể truyền dữ liệu cùng một lúc, cáp bện dày hơn, đồng nguyên",,https://www.lazada.vn/products/pdp-i2911416900.html,
Xe hơi,MOLES Store,64.000 ₫,-44%,35840,-2,3,"Bộ sạc tốc độ cao 4-USB nhỏ gọn 12W, tính năng an toàn tiên tiến, sạc đa thiết bị, AC100-240V, nhiều màu sắc, lý tưởng cho du lịch, không sạc nhanh, tiêu chuẩn EU",5 Đã bán,https://www.lazada.vn/products/pdp-i3114311493.html,
Phụ kiện Máy tính,CANAMEK Vietnam,131.191 ₫,-44%,73466,,,CANAMEK 9 Phím Xách Tay Bàn Phím Clicker Fidget Keychain Thiết Lập Nút Cho Cảm Giác Căng Thẳng Cứu Trợ Lý Tưởng Cho Văn Phòng Du Lịch Đồ Chơi Túi Pandent,,https://www.lazada.vn/products/pdp-i3230335942.html,
Phụ kiện Máy tính,Dịch vụ Minh Tuấn,,,,,,"bàn phím cơ đã qua sử dụng đẹp 90%, các phím bấm dùng bình thường",,https://www.lazada.vn/products/pdp-i3186439460.html,
Phụ kiện điện thoại & máy tính bảng,Phụ Kiện_5.0,29.000 ₫,-14%,24940,,,Sạc Đa Năng Sạc 🔋 Rời Cho Điện Thoại.,,https://www.lazada.vn/products/pdp-i2284971701.html,
Phụ kiện Máy tính,shopdientugiare88,120.000 ₫,-17%,99600,-1,5,Phím giả cơ War-ship KM101 cũ thanh lý,,https://www.lazada.vn/products/pdp-i1961982968.html,
Điện,JINHF Vietnam,119.300 ₫,-44%,66808,,,"JINHF USB Power Strip, đa lỗ và đa cổng cắm, ký túc xá sinh viên nhà màu hồng dễ thương ổ cắm với cáp Power Strip Power chuyển đổi",,https://www.lazada.vn/products/pdp-i3135043068.html,
Điện,TB supermarket store,236.000 ₫,-12%,207680,,,Máy Đo Dòng Điện Usb Có Độ Chính Xác Cao Kỹ Thuật Số Zhisheng Máy Dò Sạc Điện Thoại Di Động Với Màn Hình Kỹ Thuật Số,6 Đã bán,https://www.lazada.vn/products/pdp-i2747300339.html,
Đèn,Thiết bị điện và đèn led chiếu sáng,80.000 ₫,-13%,69600,,,"ĐÈN BÀN LED SẠC ĐIỆN SIÊU SÁNG MINI, Đèn Bàn Học, Đèn Đọc Sách Tiết Kiệm Điện",,https://www.lazada.vn/products/pdp-i2284219505.html,
Điện,,,,,,,Tổng Đài Điện Đa Năng Dài USB Nhiều Lỗ Thiết Kế Sáng Tạo Cho Gia Đình Ký Túc Xá Nhà Máy Điện Phụ Kiện Điện Tử,6 Đã bán,https://www.lazada.vn/products/pdp-i2997334619.html,
Phụ kiện Máy tính,XiaoZhubangchu,924.000 ₫,-33%,619080,,,"Xiaozhubangchu khối lập phương thần kỳ ổ điện nhiều lỗ dọc với USB, Mini thông minh đa chức năng Ổ Cắm Sạc Nhanh",,https://www.lazada.vn/products/pdp-i3160566240.html,
Phụ kiện Máy tính,Âu Cơ Store,261.360 ₫,-54%,120225,,,"[Mã ELAUG giảm 6% đơn 50K] Bộ Bàn phím chuột văn phòng , chính hãng METOT Bền , Rất nhạy- Bảo hành 12 tháng lối 1 đổi",,https://www.lazada.vn/products/pdp-i1991720783.html,
Phụ kiện Máy tính,TungCustom,,,,,,Bàn phím cơ không dây MONKA 3075 version2 - Hỗ trợ Hotswap - Có màn led tùy chỉnh gif - LED RGB mạch xuôi,,https://www.lazada.vn/products/pdp-i2482699831.html,
Điện,Awesome home,90.000 ₫,-29%,63900,-40,4.9,Ổ Cắm Điện Thông Minh Đa Năng Có 2 Cổng Sạc usb Chất Lượng Cao,139 Đã bán,https://www.lazada.vn/products/pdp-i2951352451.html,
Điện,T890437T6,368.000 ₫,-30%,257600,,,"Sáng Tạo USB đa chức năng sạc để bàn Ổ cắm vuông văn phòng đa ổ cắm ổ điện nhiều lỗ điểm điện, công tắc và phích cắm",,https://www.lazada.vn/products/pdp-i3136806275.html,
Điện,jiaozuoweicaishangmao,394.362 ₫,-40%,236617,,,"USB có thể mở rộng, ổ điện nhiều lỗ gia dụng đa chức năng với cáp, thích hợp cho dây ký túc xá sinh viên, dây dẫn và bộ điều hợp",,https://www.lazada.vn/products/pdp-i3134195316.html,
Điện,GlobalWonderShop,235.000 ₫,-42%,136300,-5,5,Ổ Cắm Thông Minh Đường Dài Đa Chức Năng Có Cổng USB Công Suất Cao Sử Dụng Tại Nhà Cáp Cắm Ổ Cắm Điện Đa Lỗ Cổng Việt Nam,80 Đã bán,https://www.lazada.vn/products/pdp-i2953180662.html,
Phụ kiện Máy tính,Gamer Sky,990.000 ₫,-23%,762300,-32,4.3,Bàn Phím Cơ RK71 70% Chính Hãng Bàn Phím Bluetooth Bàn Phím Chơi Game Hai Chế Độ USB Không Dây Màu Xanh Băng Đèn Nền LED Xanh Dương Nâu Đỏ Switch,37 Đã bán,https://www.lazada.vn/products/pdp-i1379706886.html,
Điện,,,,,,,Ổ Cắm USB Sáng Tạo Có Dây Nối Điện Đa Chức Năng Có Nút Bấm Sạc Thông Minh Dùng Trong Gia Đình Ổ Cắm Điện Mạnh,174 Đã bán,https://www.lazada.vn/products/pdp-i2997405324.html,
Điện,,,,,,,Thiết Bị Đo Điện Đa Năng Điện Áp Điện Dung Điện Trường Đo Lường Điện Tử Độ Chính Xác Cao Dụng Cụ Điện Tử Kỹ Thuật Số,,https://www.lazada.vn/products/pdp-i3129931685.html,
Phụ kiện Máy tính,FUTmo,836.000 ₫,-46%,451440,,,FUTmo-NEW 2 Keys 2.4G Mini Bluetooth Keyboard with RGB Light Hot-Swappable Copy Paste Wireless Macropad Gaming Keypad,,https://www.lazada.vn/products/pdp-i3212134474.html,
Điện,,,,,,,Ổ Cắm Điện Đa Năng USB Cho Phòng Học Sinh Ổ Cắm Điện Có Dây Chuyển Đổi Phụ Kiện Ổ Cắm Điện Công Ty Sản Xuất Điện Phụ Kiện,,https://www.lazada.vn/products/pdp-i2997335658.html,
Phụ kiện Máy tính,Yoking Official,700.000 ₫,-45%,385000,-4,5,"Bàn phím cơ gaming Yoking K550 Blue Switch 87 phím tiêu chuẩn, bàn phím cơ RGB phù hợp với chơi game và làm việc , bàn phím cơ dùng cho PC, laptop",11 Đã bán,https://www.lazada.vn/products/pdp-i1737009043.html,
Phụ kiện Máy tính,"Zgaming,vn | Gaming Gear & Lót Chuột & Phụ Kiện PC",1.428.000 ₫,-28%,1028160,,,"Bàn Phím Cơ Không Dây LANGTU LT84 - Hot-Swap -Màn Hình Led & Núm Xoay, LED RGB nhiều chế độ, Bảo Hành 12 Tháng",6 Đã bán,https://www.lazada.vn/products/pdp-i2383866664.html,
Phụ kiện Máy tính,BOSSGEAR,1.200.000 ₫,-8%,1104000,,,"Bàn Phím Cơ Attack Shark K86 RGB, 3 Modes , Có màn Hình, Núm Vặn, Hot Swap 5 Chân",,https://www.lazada.vn/products/pdp-i2421131113.html,
Phụ kiện Máy tính,GiaPhuc Digital,4.690.000 ₫,-17%,3892700,,,"Bàn phím cơ gaming không dây Logitech G715 TKL - Bluetooth và Lightspeed, RGB, kèm kê tay, 2 loại switch, tương thích PC, Mac, Laptop",,https://www.lazada.vn/products/pdp-i2093472552.html,
Phụ kiện Máy tính,CP Peripheral.VN,2.240.000 ₫,-30%,1568000,,,"Bàn phím cơ Eweadn X87, Bluetooth, thiết bị ngoại vi không dây có ba chế độ, 2.4G, đèn RGB tích hợp, không rung, mới 2024 ra mắt",,https://www.lazada.vn/products/pdp-i2678054230.html,
Phụ kiện Máy tính,Global Joy,957.000 ₫,-23%,736890,-39,5,Bluetooth RGB Bàn Phím Cơ 12 Phím Lập Trình Macro Có Thể Tùy Chỉnh 3 Núm Photoshop Bàn Phím Chơi Game Hotswap USB Máy Tính Để Bàn,12 Đã bán,https://www.lazada.vn/products/pdp-i2594433323.html,
Điện,mengmian selected,317.000 ₫,-46%,171180,,,MENGMIAN | Bộ Che Quản Lý Dây Cáp cho Bàn Làm Việc,,https://www.lazada.vn/products/pdp-i3208245235.html,
Chăm sóc da mặt,Landnn,,,,,,Serum dưỡng mi Maroc giúp dài mi hiệu quả,,https://www.lazada.vn/products/pdp-i2366656762.html,
Phụ kiện điện thoại & máy tính bảng,HC SHOP HCM,1.070.000 ₫,-92%,85600,-27,5,TẶNG CÁP SẠC NHANH 39K - PIN SẠC DỰ PHÒNG CAO CẤP THIẾT KẾ MÀN HÌNH GƯƠNG CỰC SANG TRỌNG - 2 CỔNG SẠC NHANH + ĐÈN LED SIÊU SÁNG TẦM NHÌN TỐT - SẠC DỰ PHÒNG AN TOÀN CHO MỌI DÒNG ĐIỆN THOẠI,28 Đã bán,https://www.lazada.vn/products/pdp-i2524635792.html,
Phụ kiện điện thoại & máy tính bảng,TAIDU STORE,95.000 ₫,-38%,58900,,,Taidu xách tay viên nang nhỏ Pin sạc dự phòng với dual-chức năng Cáp sạc và dây buộc cho On-The-Go sạc khẩn cấp,,https://www.lazada.vn/products/pdp-i3199411011.html,
Dụng cụ cầm tay & phụ kiện,momian personal care,807.000 ₫,-43%,459990,,,MOMIAN | Thiết Bị Kiểm Tra Điện Thông Minh Đa Năng,,https://www.lazada.vn/products/pdp-i3211713611.html,
Phụ kiện Máy tính,Global Merch Park,250.000 ₫,-50%,125000,-90,5,XXL Rừng Cây Miếng Lót Chuột Đen Game Thủ Máy Tính Để Bàn Thảm Chất Liệu Cao Su Cho Máy Tính Văn Phòng Laptop Bàn Phím Thẩm Mỹ Thảm Chơi Game,25 Đã bán,https://www.lazada.vn/products/pdp-i2633186399.html,
Phụ kiện Máy tính,Global Merch Park,97.000 ₫,-23%,74690,,,Sakura Nhật Bản Hoa Anh Đào XL Miếng Lót Chuột Chơi Game Cao Su Chống Trơn Trượt HD Bàn Phím Laptop Thảm Cho Văn Phòng Và Sử Dụng Tại Nhà,5 Đã bán,https://www.lazada.vn/products/pdp-i2759984540.html,
Phụ kiện,Gimbal Global Store,107.357 ₫,-47%,56899,,,Cáp đa dây sạc 2 trong 1 sạc cáp Trọng lượng nhẹ cho người sử dụng thiết bị điện tử cho các hoạt động ngoài trời và du lịch,,https://www.lazada.vn/products/pdp-i3039748681.html,
Đèn,Vy Vy Shop ĐỒ ĐIỆN GIA DỤNG,,,,,,Đèn bàn học led sạc điện DP-666,13 Đã bán,https://www.lazada.vn/products/pdp-i2081588469.html,
Phụ kiện Máy tính,KAYAN,120.000 ₫,-27%,87600,-28,5,"Miếng lót chuột, bàn di chuột chống nước cỡ lớn 90x40cm dày 3mm",113 Đã bán,https://www.lazada.vn/products/pdp-i2136760844.html,
Phụ kiện Máy tính,Kho sỉ phụ kiện1,130.000 ₫,-12%,114400,,,Bàn phím máy tính chống nước Q9 gaming bản full 104 phím,,https://www.lazada.vn/products/pdp-i2730848861.html,
Phụ kiện Máy tính,LINH KIỆN 1984,159.000 ₫,-30%,111300,-17,5,[HCM] Bàn phím G21 LED giả cơ game chuyên dụng,77 Đã bán,https://www.lazada.vn/products/pdp-i2318036530.html,
Phụ kiện điện thoại & máy tính bảng,ShopAnZ,,,,-1,5,4 Loại Giao Diện Sạc + 1 Cáp Sạc + 1 Hộp Bảo Quản Pin Nhận Thẻ Có Thể Được Sử Dụng Làm Điện Thoại Di Động Máy Tính Bảng,7 Đã bán,https://www.lazada.vn/products/pdp-i2911805072.html,
Phụ kiện Máy tính,VI TÍNH NAM TRUNG HẢI,159.000 ₫,-25%,119250,-64,4.5,Bàn phím máy tính gaming giả cơ PANTSAN PK100 có dây nút tròn Led 7 màu cực đẹp - NTH,277 Đã bán,https://www.lazada.vn/products/pdp-i1941722220.html,
Phụ kiện Máy tính,Sidotech Official,479.000 ₫,-35%,311350,-73,5,Bàn phím máy tính giả cơ SIDOTECH INK9 Gundam có dây gaming TKL 87 key silent chống ồn type C chống nước đèn led RGB rực rỡ gõ phím nhanh decor kết nối type c cho PC laptop ipad macbook - Hàng chính hãng,152 Đã bán,https://www.lazada.vn/products/pdp-i2495790285.html,
Phụ kiện Máy tính,ABC Shop Online,,,,,,"BÀN PHÍM LAPTOP ACER 5830 (Acer Aspire E1-771, E15, E5-511, E5-521, E5-531, E5-571, ES1-512, ES1-531, ES1-711, E5-572)..",,https://www.lazada.vn/products/pdp-i1957645434.html,
Phụ kiện điện thoại & máy tính bảng,Shop gia dụng khuyến mãi,299.000 ₫,-43%,170430,-1,5,"Sạc dự phòng di động, dung lượng lớn đi kèm 4 dây để sạc mọi mẫu điện thoại di động(TH)",,https://www.lazada.vn/products/pdp-i3050259862.html,
Phụ kiện Máy tính,Vinetteam Store,105.300 ₫,-38%,65286,-5,5,"Bàn phím số,phím giả cơ mini cho kế toán game thủ kết nối usb/2.4G wireless cho máy tính",14 Đã bán,https://www.lazada.vn/products/pdp-i1392271560.html,
Đèn,ĐÈN DUY PHÚC,160.000 ₫,-13%,139200,-21,5,"Đèn Bàn Học, Đèn Đọc Sách Dễ Thương , Sử Dụng Điện 220v, Bóng Đèn LED Thay Thế Dễ Dàng , Tặng Kèm 01 Bóng Đèn LED Chống Chói 5W",85 Đã bán,https://www.lazada.vn/products/pdp-i1339960406.html,
Điện,,588.000 ₫,-45%,323400,,,Bộ Chuyển Đổi USB Đa Chức Năng Có Đèn Ngủ Đứng Trên Bàn Nhiều Lỗ Nhiều Vị Trí Bộ Chuyển Đổi Điện Chống Sét Dài 1m Dùng Tại Nhà,522 Đã bán,https://www.lazada.vn/products/pdp-i2997541114.html,
Điện,TB supermarket store,333.000 ₫,-35%,216450,,,Tổng Đê USB Nhiều Lỗ Bằng Đồng Dài Dây Nhanh Sạc Đa Chức Năng Dùng Trong Gia Đình Có Dây Treo Tường,,https://www.lazada.vn/products/pdp-i2830513667.html,
Phụ kiện Máy tính,Mai Dung Văn Phòng Phẩm,480.000 ₫,-40%,288000,-4,4.3,Bàn phím không dây K-SNAKE K100 kết nối không dây 3 chế độ Bluetooth và USB 2.4G thiết kế 100 phím phối màu hiện đại vớ,8 Đã bán,https://www.lazada.vn/products/pdp-i2747755303.html,
Điện,Plata,65.000 ₫,-25%,48750,,,"Ổ cắm điện đa năng thông minh kèm 2 cổng sạc USB đa năng và 4 lỗ cắm, Dây Cáp Dày Chất Lượng Cao 100%",,https://www.lazada.vn/products/pdp-i2587793977.html,
Điện,Tuyếtmai,46.900 ₫,-4%,45024,,,Ổ Điện Thông Minh Chữ T Kèm Đèn Ngủ Và Sạc USB,,https://www.lazada.vn/products/pdp-i2281765917.html,
Phụ kiện Máy tính,Punstore - Gear / Audio / Hitech,,,,-16,4.9,"RICCKS RS8 - Bàn phím cơ RICCKS RS8 HIFI Mạch Xuôi , RGB , 3 MODE , QMK/VIA Chính Hãng BH 12 THÁNG",42 Đã bán,https://www.lazada.vn/products/pdp-i3025858719.html,
Phụ kiện Máy tính,Linhkienstore.vn,500.000 ₫,-28%,360000,,,"Bàn Phím Có Dây AULA F3061 - Bàn Phím Chơi Game 64 Phím Có RGB, Giao Diện USB Và Chuột S50",,https://www.lazada.vn/products/pdp-i3173787385.html,
Phụ kiện Máy tính,Phụ Kiện Công Nghệ_85,577.500 ₫,-33%,386925,-1,5,"Bàn Phím Cơ 1 tay ZIYOULANG K5 39 Phím Blue Switch RGB Chơi Game Pubg Mobile, Rules, Free Fire",8 Đã bán,https://www.lazada.vn/products/pdp-i1669476488.html,
Xe hơi,TBC New Store 1227,,,,,,"Bộ Dụng Cụ Điện Tử Cao Cấp Có Độ Chính Xác Cao, Chống Cháy, Toàn Diện, Thiết Bị Đo Điện Áp Số, Bộ Dụng Cụ Điện",,https://www.lazada.vn/products/pdp-i3233940294.html,
Phụ kiện Máy tính,jiang jiu,823.000 ₫,-44%,460880,,,NEW 2 Keys 2.4G Mini Bluetooth Keyboard with RGB Light Hot-Swappable Copy Paste Wireless Macropad Gaming Keypad,,https://www.lazada.vn/products/pdp-i3233793792.html,
Phụ kiện Máy tính,HOSAN OFFICIAL,1.500.000 ₫,-37%,945000,-3,5,"Bàn Phím Cơ Bluetooth Không Dây Attack Shark X85 - Bàn Phím Gaming Led RGB, Hotswap, 3 Mode Kết Nối",5 Đã bán,https://www.lazada.vn/products/pdp-i2793501039.html,
Phụ kiện Máy tính,Long Hưng TechZone,2.990.000 ₫,-24%,2272400,,,"Bàn phím có dây Logitech G512 Carbon Lightsync RGB - Hàng chính hãng - Tốc độ truyền tải nhanh, vật liệu AL MG bền bỉ, thiết kế vô cùng chắc chắn",,https://www.lazada.vn/products/pdp-i1890780437.html,
Phụ kiện Máy tính,XSmart Store,3.350.000 ₫,-35%,2177500,-1,5,Bàn Phím Cơ Không Dây Bluetooth LEOBOG K81BT 3 Mode LED RGB Hotswap 5 Pin Cấu Trúc Gasket Lót Foam,,https://www.lazada.vn/products/pdp-i2678697849.html,
Phụ kiện Máy tính,EvbBVrws,678.072 ₫,-10%,610264,,,{UU61} LEOBOG K81 Hotswap Bluetooth Wireless Mechanical Keyboard Bluetooth 2.4G Wired 3 Mode RGB 81 Keys GASKET Customized for PC Laptop Windows Phone Android iOS,,https://www.lazada.vn/products/pdp-i3105128953.html,
Đèn,InnerSetting,38.000 ₫,-45%,20900,,,Có thể sạc qua USB Đèn bàn nhỏ nhỏ gọn làm việc & đèn an toàn cho máy tính và sạc điện di động,,https://www.lazada.vn/products/pdp-i3165296984.html,
Phụ kiện Máy tính,GlobalLifestyle,1.021.000 ₫,-23%,786170,,,"Bàn Phím Cơ Học Không Dây Bluetooth Darmoshark K2 Pro RGB Có Đèn Nền, Hỗ Trợ Hot Swap, 61 Phím Và Macro Drive",,https://www.lazada.vn/products/pdp-i3066640526.html,
Phụ kiện Máy tính,KONG 3C STORE [vn],864.308 ₫,-32%,587729,-22,5,"Bàn phím Bluetooth không dây M96, Màn hình thông minh & Núm xoay, Phím màng im lặng, Chế độ kép (Bluetooth/2,4 GHz), Đèn nền RGB 94 phím, Pin sạc 2000mAh, Phím PBT tiện dụng cho PC/Máy tính bảng/Máy tính xách tay",15 Đã bán,https://www.lazada.vn/products/pdp-i2773719492.html,
Điện,yangguangxin,392.303 ₫,-44%,219689,,,"yangguangxin USB Power Strip, đa lỗ và đa cổng cắm, ký túc xá sinh viên nhà màu hồng dễ thương ổ cắm với cáp Power Strip Power chuyển đổi",,https://www.lazada.vn/products/pdp-i3163919431.html,
Điện,yidibai,392.303 ₫,-44%,219689,,,"yidibai USB Power Strip, đa lỗ và đa cổng cắm, ký túc xá sinh viên nhà màu hồng dễ thương ổ cắm với cáp Power Strip Power chuyển đổi",,https://www.lazada.vn/products/pdp-i3164021408.html,
Phụ kiện Máy tính,Hisagi,763.000 ₫,-44%,427280,,,NEW 2 Keys 2.4G Mini Bluetooth Keyboard with RGB Light Hot-Swappable Copy Paste Wireless Macropad Gaming Keypad,,https://www.lazada.vn/products/pdp-i3174191636.html,
Phụ kiện Máy tính,CỬA HÀNG TBVT KIM ÁNH,,,,,,"Bàn phím máy tính Kitty (HELLOKTCAT) chuôi cắm USB, màu hồng tím cho cô nàng hiện đại, Bảo hành 12 tháng",,https://www.lazada.vn/products/pdp-i2397714864.html,
Phụ kiện Máy tính,1994's STORES,1.000.000 ₫,-28%,720000,,,Royal Kludge RK855 Led RGB - Hotswap l Bàn phím cơ chơi game không dây RK68 - Bluetooth 5.1 kết nối 5 thiết bị cùng lúc,,https://www.lazada.vn/products/pdp-i2201005021.html,
Điện,TB supermarket store,,,,,,Ổ Cắm USB Đa Chức Năng Di Động Cho Gia Đình Ổ Cắm Điện Đa Cổng Ổ Cắm Chuyển Đổi Nhanh Ổ Cắm Điện Di Động Ổ Cắm Điện Để Bàn,3.0K Đã bán,https://www.lazada.vn/products/pdp-i2794347515.html,
Điện,BestOutdoorSports,362.000 ₫,-50%,181000,,,Bộ dụng cụ công cụ đặc sản của thợ điện thông minh cho công việc dây điện cho công việc dây điện ZDVS-VN,,https://www.lazada.vn/products/pdp-i3173215948.html,
Phụ kiện Máy tính,TopData,999.999 ₫,-48%,519999,,,"Bàn phím chơi game có dây Xuan Silver Fox K82, cảm giác cơ học, thể thao điện tử, phát sáng, máy tính để bàn, văn phòng, nhà, bàn phím USB",,https://www.lazada.vn/products/pdp-i3198942776.html,
Phụ kiện Máy tính,i1fyeu,,,,,,"K68 Không Dây Bàn Phím Cơ Khí, Bluetooth 5.0/2.4Ghz Với 2-Trong-1 Receiver, 68-Key Bàn Phím Chơi Game, Cho PC Mac X điện thoại thông minh",,https://www.lazada.vn/products/pdp-i2640633575.html,
Phụ kiện Máy tính,JD SPORT AND HOMME,322.000 ₫,-50%,161000,,,Tấm lót chuột - Tấm lót chuột - Tấm lót chuột - ASUS Gaming ROG 2 - Chống nước - Kích thước lớn (90x40 dày 4mm) (80x30 dày 3mm),,https://www.lazada.vn/products/pdp-i3169760986.html,
Chăm sóc da mặt,Mỹ phẩm An An 1,199.000 ₫,-26%,147260,-1,5,"Kem nám Saffron Hải Âu Việt, mờ thâm nám tàn nhang hiệu quả và nhanh chóng - 10gr",,https://www.lazada.vn/products/pdp-i2178213086.html,
Phụ kiện điện thoại & máy tính bảng,Bảo Nguyên KonTum,,,,,,"Sạc dự phòng nhiều mẫu mã, sạc nhanh QC 4.0. 22.5W",,https://www.lazada.vn/products/pdp-i2865852470.html,
Smartphones,LeNgan _Store,,,,-163,4.6,"[ RẺ HỦY DIỆT ] điện thoại 4G Samsung Galaxy Note 9 ram 6G/128G Chính Hãng, Chiến Game mượt, Chụp ảnh siêu đẹp - Máy đủ máu, MYSS",259 Đã bán,https://www.lazada.vn/products/pdp-i2890895031.html,
Smartphones,Phone Mai Mobile,1.569.000 ₫,-14%,1349340,-4,4.3,"Điện thoại realme 7 5G Ram 8G/128GB 2Sim đẹp keng, Full chức năng, Pin 5000 mAh",14 Đã bán,https://www.lazada.vn/products/pdp-i3161341162.html,
Smartphones,Hoàng Hà Mobile,4.290.000 ₫,-33%,2874300,-405,5,Điện thoại Xiaomi Redmi 13 (6GB/128GB) - Chính Hãng,1.4K Đã bán,https://www.lazada.vn/products/pdp-i2484389320.html,
Điện,lenguyenshop1,,,,,,Usb Mini Đo Dòng Điện Và Điện Áp Kỹ Thuật Số,,https://www.lazada.vn/products/pdp-i3034424154.html,
Phụ kiện điện thoại & máy tính bảng,7bekZzat,839.000 ₫,-24%,637640,-1,5,"[Hỏa tốc] Sạc Dự Phòng Bonne TECHNOLOGIQUE BP09 , Sạc Dự Phòng 10.000 mAh Kiêm Củ Sạc Đa Năng, Sạc Dự Phòng Tích hợp",5 Đã bán,https://www.lazada.vn/products/pdp-i3098722117.html,
Điện,home smart 89,200.000 ₫,-13%,174000,-73,4.9,"Đồng hồ đo công suất tiêu thụ điện thiết bị 220V, ổ cắm đo công suất",309 Đã bán,https://www.lazada.vn/products/pdp-i1241286325.html,
Điện,salevn.vn,,,,,,Ổ Điện Thông Minh Chữ T Kèm Đèn Ngủ Và Sạc USB,,https://www.lazada.vn/products/pdp-i2351554096.html,
Camera giám sát & hệ thống,2Tech Store,920.000 ₫,-34%,607200,-364,4.8,"Camera Wifi IMOU A32EP 2K Thu Âm, Báo Động, Đàm Thoại 2 Chiều",1.8K Đã bán,https://www.lazada.vn/products/pdp-i1766495221.html,
Thiết bị nhà bếp,JENNIFEROOM Vietnam,3.120.000 ₫,-45%,1716000,-5,4.6,"JRK-OT1201 - Lò nướng điện Jenniferoom 220 V~, 50 Hz, 1000 W, 12 L",16 Đã bán,https://www.lazada.vn/products/pdp-i3160640906.html,
Trang trí nhà cửa,MijiaPlay,129.000 ₫,-31%,89010,-1,5,Đồng hồ điện tử 3Life Ngày hiển thị tuần Cài đặt báo thức kép Nghiêng góc nhìn 15 ° Đồng hồ đầu giường kỹ thuật số,,https://www.lazada.vn/products/pdp-i3188910426.html,
Điện,ANENG Tool Store,202.000 ₫,-52%,96960,,,【Aneng】Đồng hồ vạn năng kỹ thuật số Đồng hồ điện áp kháng đèn nền LCD votage hiện tại Ohm dụng cụ kiểm tra tự động tắt máy sfor thợ điện,,https://www.lazada.vn/products/pdp-i2651382904.html,
Dụng cụ đo lường,Điện Tử Viễn Thông Đông Đô,,,,,,"Đồng hồ đo vạn năng kỹ thuật số FNIRSI DMT-99 đo điện áp, điện trở, tụ điện, tần số, dòng điện",,https://www.lazada.vn/products/pdp-i2928684965.html,
Nhà thông minh,Hunonic Miền Nam Store,600.000 ₫,-18%,492000,-287,4.9,Công Tắc Thông Minh Wifi Hunonic Lahu 4 Kênh - 500W/kênh điều khiển mọi thiết bị từ xa qua điện thoại,1.1K Đã bán,https://www.lazada.vn/products/pdp-i2589137650.html,
Điện,GlobalTechMart,543.000 ₫,-42%,314940,-21,5,MASTFUYI Mini Vạn Năng Kỹ Thuật Số Thông Minh Thợ Điện Bút Thử Điện Áp DC/AC Điện Dung Ohm Hz NCV Chuyên Nghiệp Multitester Cho DIY Điện Làm Việc,51 Đã bán,https://www.lazada.vn/products/pdp-i2843225444.html,
Điện,Cty TNHH điện tử công nghệ Tiến Phát,199.000 ₫,-25%,149250,,,Máy đo điện tử đa năng,,https://www.lazada.vn/products/pdp-i2179227664.html,
Điện,METAKING.VN,520.000 ₫,-16%,436800,,,"Công Tơ Điện Tử Thông Minh Wifi [ TUYA ], Chóng Rò Rỉ Điện, Đồng Hồ Đo Điện 63A, Điều Khiển Từ Xa",,https://www.lazada.vn/products/pdp-i2924917940.html,
Điện,METERK,881.992 ₫,-48%,458635,-10,5,"Meterk Máy Đo Kỹ Thuật Số Một Pha Đa Năng, Màn Hình LCD Hệ Số Công Suất Năng Lượng Điện Tần Số Dòng Điện Xoay Chiều Điện Áp Xoay Chiều Đồng Hồ Đo Màn Hình, AC 40.0-300.0V / AC 200.0-450.0V (Tùy Chọn)",25 Đã bán,https://www.lazada.vn/products/pdp-i1477024856.html,
Thiết bị tiện ích USB,MU RAN,992.000 ₫,-50%,496000,-271,4.9,MURAN | Quạt Bàn Mini Di Động Sạc USB,,https://www.lazada.vn/products/pdp-i3193657488.html,
quà tặng & Gói quà,mingzhuo stationery,248.000 ₫,-29%,176080,-2,4.5,NUOXUNDE | Bộ Dụng Cụ Văn Phòng Điện Tử cho Nữ Sinh và Học Sinh Tiểu Học,,https://www.lazada.vn/products/pdp-i3217753666.html,
Điện,Điện Hoàn Cầu,210.000 ₫,-1%,207900,-8,5,Công tơ điện tử 1 pha 2 dây CE-18G GELEX,45 Đã bán,https://www.lazada.vn/products/pdp-i2696488950.html,
Điện,Foriot tools Store,445.050 ₫,-37%,280381,-66,4.9,Foriot Đồng Hồ Đo Điện Áp Và Dòng Điện Kỹ Thuật Số Màn Hình LCD Màn Hình Màu AC 50-300V 0-100A KWS-AC301 Vôn Kế Ampe Kế,237 Đã bán,https://www.lazada.vn/products/pdp-i2086480566.html,
Điện,EChipTECmall,114.300 ₫,-40%,68580,-10,5,Máy Kiểm Tra Sạc USB Máy Đo Dòng Điện Áp Bác Sĩ Vôn Kế Ampe Kế Máy Kiểm Tra Dung Lượng Pin Máy Dò Điện Di Động,24 Đã bán,https://www.lazada.vn/products/pdp-i1630104384.html,
Phụ kiện Máy tính,epoosuo,519.000 ₫,-81%,98610,-231,4.9,EPOOSUO | Chuột Không Dây Bluetooth Sạc Lại Yên Tĩnh cho Văn Phòng và Chơi Game,16 Đã bán,https://www.lazada.vn/products/pdp-i3206038635.html,
Thiết bị nhà bếp,Little Bear Kitchen Appliances Specialty Store,945.000 ₫,-68%,302400,-14,4.8,BEAR | Máy Ép Trái Cây Điện Tử Di Động với Sạc Không Dây,7 Đã bán,https://www.lazada.vn/products/pdp-i3194617115.html,
Phụ kiện điện thoại & máy tính bảng,Vention flagship store,915.000 ₫,-53%,430050,-1250,5,"Vention Sạc Dự Phòng 20000mAh 22.5W - 3 Cổng Sạc, Sạc Nhanh PD QC, Màn Hình LED Số, Chống Nóng - Đen / Trắng - Hàng Chính Hãng",3.9K Đã bán,https://www.lazada.vn/products/pdp-i2569230806.html,
Điện,homelifestorevn,230.700 ₫,-42%,133806,,,Vastar Đồng Hồ Vạn Năng DT9205A Đồng Hồ Vạn Năng Thông Minh Màn Hình Kỹ Thuật Số Độ Chính Xác Cao,8 Đã bán,https://www.lazada.vn/products/pdp-i2885777794.html,
Thiết bị nhà bếp,Little Bear Kitchen Appliances Specialty Store,4.298.000 ₫,-88%,515760,-4,4.8,BEAR | Máy Ép Trái Cây Điện Tử Mini Tự Động Đa Năng Cho Bé,,https://www.lazada.vn/products/pdp-i3194737422.html,
Điện,ForesightOfficialStore,97.700 ₫,-41%,57643,,,Thiết Bị Kiểm Tra Vôn Kế 0-100A 3 Trong 1 Màn Hình LED 22mm AC 60-500V,,https://www.lazada.vn/products/pdp-i2811104281.html,
Điện,Phukiensitphcm,27.000 ₫,-7%,25110,-1,5,Đồng Hồ Vạn Năng DT9205A Đồng Hồ Vạn Năng Thông Minh Màn Hình Kỹ Thuật Số Độ Chính Xác Cao Dụng Cụ Kiểm Tra Bảo Trì Thợ Điện,,https://www.lazada.vn/products/pdp-i2126909126.html,
Điện,ZOYI Tools,,,,-1,5,"Đồng Hồ Vạn Năng Zoyi ZT-100 Đo Điện Kỹ Thuật Số Thiết Kế Nhỏ Gọn, Màn Hình Hiển Thị Lớn, Dễ Đọc",,https://www.lazada.vn/products/pdp-i2846106634.html,
Điện,BUM STORE.,,,,,,"Ổ Điện Thông Minh Tích Hợp Cổng Usb Dây Dài 1m5, Ổ Cắm Usb Chất Liệu Nhựa Abs Chịu Nhiệt Có Công Tắc An Toàn Cho Bạn",,https://www.lazada.vn/products/pdp-i2665989377.html,
Điện,APNEU,273.000 ₫,-41%,161070,-108,4.8,"Đồng Hồ Đo Năng Lượng Dòng Điện Điện Áp LCD Kỹ Thuật Số, AC80-260V 100A 20A Chỉ Số Vôn Kế Ampe Kế Wattmeter Tester Detector TX-061",315 Đã bán,https://www.lazada.vn/products/pdp-i1042792469.html,
"Thiết bị sưởi, làm lạnh và thông gió",goojodoqstore.vn,800.000 ₫,-57%,344000,-1029,4.9,"Quạt mini GOOJODOQ GFS006 cầm tay siêu mạnh, Có thể chườm đá,100 tốc độ gió màn hình kỹ thuật số có thể điều chỉnh quạt",3.7K Đã bán,https://www.lazada.vn/products/pdp-i2873605232.html,
Phụ kiện Máy tính,Disney Weihonghang,1.506.000 ₫,-86%,210840,-62,4.9,Disney | Chuột Không Dây Đẹp & Im Lặng,,https://www.lazada.vn/products/pdp-i3181639577.html,
Thiết bị nhà bếp,Lebenlang Store,380.000 ₫,-34%,250800,-252,5,"Máy vắt cam mini Lebenlang LBL3383 công suất 40W, dung tích 500ml, bảo hành 2 năm - hàng chính hãng",584 Đã bán,https://www.lazada.vn/products/pdp-i2599522736.html,
Điện,Phụ Kiện Công Nghệ_85,165.000 ₫,-30%,115500,-7,4.3,Đồng Hồ Đo Vạn Năng DT9205A / DT9205A M2 Màn Hình Kỹ Thuật Số Bảo Dưỡng Chính Xác Cao,19 Đã bán,https://www.lazada.vn/products/pdp-i2609450125.html,
Điện,3celectronicstore,180.000 ₫,-36%,115200,-29,4.7,[FREESHIP🎁]Đồng hồ vạn năng DT9205A màn hình kỹ thuật số đồng hồ vạn năng thông minh Máy đo bảo dưỡng thợ điện chính xác cao,75 Đã bán,https://www.lazada.vn/products/pdp-i2279930254.html,
Điện,bansi08,,,,-1,5,Ổ Cắm Điện Đa Năng Thông Minh Có Cổng USB,5 Đã bán,https://www.lazada.vn/products/pdp-i838372427.html,
Điện,Global Merch Park,254.000 ₫,-23%,195580,-128,4.9,Đồng Hồ Vạn Năng Kỹ Thuật Số Mini Thông Minh 4000 Đếm Vôn Kế RMS Với Phạm Vi Tự Động Để Kiểm Tra Điện Áp Liên Tục Điện Trở NCV Hộ Gia Đình,312 Đã bán,https://www.lazada.vn/products/pdp-i2465577025.html,
Điện,Taiye Electric,91.000 ₫,-9%,82810,-73,4.7,Một pha LCD kỹ thuật số Đồng hồ đo năng lượng điện dds1108 có hoặc không có đèn nền kWh V một W wattmeter AC 230V 50/60Hz,110 Đã bán,https://www.lazada.vn/products/pdp-i2590657035.html,
Smartphones,MYSON MOBILE,419.000 ₫,-29%,297490,-33,4.4,"điện thoại Xiaomi Redmi Note 10 2sim ram 6G/128G Chính hãng, cấu hình khủng Cân game mượt - CMS",78 Đã bán,https://www.lazada.vn/products/pdp-i2879921936.html,
Điện,Linh Kiện Điện Tử 3MS Tân Phú,106.700 ₫,-14%,91762,-35,4.8,Đồng Hồ Vạn Năng Điện Tử XL830,111 Đã bán,https://www.lazada.vn/products/pdp-i249180277.html,
Điện thoại bàn,Xuyn.offiicial,,,,-1,5,"Điện thoại gập Philips E6515 - 4G, pin lâu, sạc typeC, sang trọng 2 màn hình",9 Đã bán,https://www.lazada.vn/products/pdp-i3021060067.html,
Phụ kiện điện thoại & máy tính bảng,aYoJSJK7,746.000 ₫,-57%,320780,,,"[GOOJODOQ* Quà tặng* Sạc Dự Phòng Mini Ngẫu nhiên GOOJODOQ 4000MAh.Pin Hiệu Suất Cao, Cầm Tay Và Kích Thước Bỏ Túi Dự Phòng",,https://www.lazada.vn/products/pdp-i3206548548.html,
Phụ kiện Máy tính,HIMO digital Specialty Store,1.319.000 ₫,-58%,553980,-13,4.7,AULA | Bàn Phím Bluetooth Không Dây Cảm Giác Cơ 3 Chế Độ,,https://www.lazada.vn/products/pdp-i3217694259.html,
Phụ kiện điện thoại & máy tính bảng,CÔNG TY TNHH MTV GROWN TECH,799.200 ₫,-27%,583416,-1,5,"Sạc dự phòng DEIOG DY-208 20000mAh không dây 22.5W chính hãng, sạc nhanh đa năng, đa cổng sạc",6 Đã bán,https://www.lazada.vn/products/pdp-i3126715783.html,
Dụng cụ cầm tay & phụ kiện,ZOYI Tools,,,,-1,5,Đồng Hồ Đo Điện Zoyi ZT-102A Đo Điện Vạn Năng Tự Động - Hàng Chính Hãng - Bảo Hành 12 Tháng,,https://www.lazada.vn/products/pdp-i2846173216.html,
Phụ kiện Máy tính,Plata,450.000 ₫,-32%,306000,,,"Bàn Phím Mini K61 LED RGB 10 Chế Độ Rainbow Cực Đẹp, Phím Bấm Êm, Thiết Kế Nhỏ Gọn, Dùng Cho Máy Tính, Laptop,PC",,https://www.lazada.vn/products/pdp-i2590505891.html,
Phụ kiện Máy tính,Tech7,,,,-13,4.6,Bàn phím không dây mini W201S - đa kết nối bluetooth 5.0 + 3.0 + Usb wireless 2.4G,36 Đã bán,https://www.lazada.vn/products/pdp-i1913872027.html,
Điện thoại cơ bản,phukien0846899000,1.098.000 ₫,-50%,549000,-328,5,"Điện thoại 4G Nokia 105 2021-2024, 2 Sim Chuẩn Quy Định Của Bộ Thông Tin Fullbox Loa To Sóng Khỏe Pin Bền",1.5K Đã bán,https://www.lazada.vn/products/pdp-i1592471939.html,
Điện,Shop Nhà Thông Minh_TT,,,,,,Công Tơ Điện Tử Thông Minh HUNONIC ENTEC,,https://www.lazada.vn/products/pdp-i3058594807.html,
Dụng cụ đo lường,Electrical,179.000 ₫,-41%,105610,-1,5,"Công tơ điện tử 1 pha đa năng 80A đo công suất, điện áp, cường độ",,https://www.lazada.vn/products/pdp-i2120699108.html,
Dụng cụ cầm tay & phụ kiện,ThaiDuongTD,226.000 ₫,-49%,115260,-7,4.7,Đồng hồ đo vạn năng Digital EXCEL DT9205A (Mẩu mới 2020-2021),19 Đã bán,https://www.lazada.vn/products/pdp-i2422272.html,
Phụ kiện Máy tính,josenlighting,,,,,,Bộ Lưu Điện Cầm Tay Quay Tay 220V 150W,,https://www.lazada.vn/products/pdp-i3231156371.html,
Điện,VOKTTA Official Store,1.321.350 ₫,-33%,885304,,,Voktta aneng AL01 cảm đa năng kế kỹ thuật số 6000 đếm True-RMS AC/Đồng hồ đo điện áp một chiều dụng cụ kiểm tra dòng điện chuyên nghiệp dụng cụ thợ điện,,https://www.lazada.vn/products/pdp-i2499065589.html,
Điện,KUAIQU,1.100.000 ₫,-47%,583000,-3,5,"【Hàng Có Sẵn】 UNI-T Đồng Hồ Vạn Năng Kỹ Thuật Số UNI T, Máy Đo Nhiệt Độ Điện Dung Tần Số AC DC Phạm Vi Thủ Công RMS UT890C UT890D + Đèn Nền",8 Đã bán,https://www.lazada.vn/products/pdp-i1269057000.html,
Điện,EChipTECmall,529.500 ₫,-34%,349470,-20,4.9,D69-2058 Vôn Kế Đồng Hồ Đo Tần Số Năng Lượng Điện KWH Hoạt Động Hệ Số Công Suất Hiện Tại Đồng Hồ Vạn Năng Kỹ Thuật Số CT Ampe Vôn Kế LCD Kỹ Thuật Số,104 Đã bán,https://www.lazada.vn/products/pdp-i797854735.html,
Điện,ĐIỆN TUẤN KHANG,325.000 ₫,-28%,234000,-1,5,[Ảnh thật] Công tơ điện tử 1 pha Nexus 5(60)A-5(80)A TH-92,9 Đã bán,https://www.lazada.vn/products/pdp-i2807100504.html,
Điện,ZOYI Tools,,,,-2,5,Đồng Hồ Đo Điện Vạn Năng Zoyi ZT-102 Đo Điện Đa Năng Hiển Thị Kỹ Thuật Số - Bảo Hành 12 Tháng,6 Đã bán,https://www.lazada.vn/products/pdp-i2846104617.html,
Điện,ĐIỆN TUẤN KHANG,280.000 ₫,-20%,224000,,,"Công Tơ Điện Tử 1 Pha Nexus Mini 5(80)A – Đo Điện Chính Xác, Gọn Nhẹ, Bền Bỉ!",,https://www.lazada.vn/products/pdp-i3118445823.html,
Điện,Bảo Hộ Thinksafe,276.000 ₫,-28%,198720,-15,4.9,"Đồng hồ đo điện vạn năng Total hiển thị 2000 - 4000 số RMS, AC/DC 0.8~600V, điện trở 600kΩ, tự động tắt nguồn - Thinksafe",36 Đã bán,https://www.lazada.vn/products/pdp-i2591489861.html,
Nhà thông minh,TP-Link,399.000 ₫,-40%,239400,-386,5,Ổ Cắm Thông Minh TP-Link Tapo P100 / P110M Kết Nối Wifi Điều Khiển Từ Xa- Hãng phân phối chính thức,2.1K Đã bán,https://www.lazada.vn/products/pdp-i668298200.html,
Điện,EChipTECmall,45.500 ₫,-40%,27300,-272,4.9,"Vôn Kế Kỹ Thuật Số LED AC 70-500V 0.56"" Đồng Hồ Đo Điện Áp, Dụng Cụ Vôn Kế Màn Hình 2 Dây Màu Đỏ Xanh Lục Tự Làm 110V 220V",1.5K Đã bán,https://www.lazada.vn/products/pdp-i817730057.html,
Điện,CH thiết bị đo điện Gex.vn,,,,-5,5,Công tơ điện tử 1 pha 1 biểu giá trực tiếp 80A emic ce38,27 Đã bán,https://www.lazada.vn/products/pdp-i2265105915.html,
Nhà thông minh,Hunonic Miền Nam Store,510.000 ₫,-18%,418200,-126,5,"Công tắc cảm ứng Hunonic Datic 1-2-3-4 nút kết nối Wifi điều khiển mọi thiết bị từ xa qua điện thoại, Bảo hành 12 tháng.",467 Đã bán,https://www.lazada.vn/products/pdp-i2589262226.html,
Điện,Minh Khôi Electric,400.000 ₫,-18%,328000,,,"Đồng hồ vạn năng Victor VC921,đồng hồ đo điện tử,đồng hồ đa năng,đồng hồ điện tử,máy đo vạn năng,dong ho van nang,đồng hồ đo điện trở,đồng hồ vạn năng kim,đồng hồ đo vạn năng,đồng hồ đo dòng điện,đồng hồ đo tụ điện,đồng hồ đo điện trở,đồng hồ đa năng đo đ",,https://www.lazada.vn/products/pdp-i3186472107.html,
Nhà thông minh,Điện Tử Nhật Minh,350.000 ₫,-20%,280000,-325,4.8,"Công Tắc Tuya Thông Minh Wifi Smart Life (Wifi+RF433) 1,2,3,4 Nút Cảm Ứng Chữ Nhật, Công Tắc Hẹn Giờ Điều Khiển Từ Xa 10A-2200W, Hỗ Trợ Điều Khiển Giọng Nói Tiếng Việt",1.9K Đã bán,https://www.lazada.vn/products/pdp-i290882776.html,
Điện,Thiết bị điện 123,800.000 ₫,-39%,488000,,,"Đồng hồ đa chức năng CW96 màn hình LCD hiển thị nhiều thông số điện áp, công suất, dòng điện, cos phi",,https://www.lazada.vn/products/pdp-i3053307382.html,
Điện,Bull Socket,3.411.000 ₫,-60%,1364400,,,Bull | Bộ Chia Điện Nhanh Có Màn Hình Số Dễ Mang Đi,,https://www.lazada.vn/products/pdp-i3230354855.html,
"Thiết bị sưởi, làm lạnh và thông gió",goojodoqstore.vn,600.000 ₫,-43%,342000,-325,4.9,"Quạt để bàn GOOJODOQ 2025 Quạt tốc độ cao để bàn- Im lặng turbo gió 100 tốc độ ,Màn hình kỹ thuật số LED ,Có thể treo tường ,Đèn chiếu sáng RGB",900 Đã bán,https://www.lazada.vn/products/pdp-i3061715223.html,
Điện,VOKTTA Official Store,447.150 ₫,-33%,299590,-6,5,"Vôn Kế Đa Chức Năng Tester, Đồng Hồ Đo Dòng Điện Áp Bộ Kiểm Tra USB Dung Lượng Sạc Dự Phòng",9 Đã bán,https://www.lazada.vn/products/pdp-i1304015637.html,
Điện,ĐAIVIETBIG,,,,,,Công Tơ Điện Tử Cao Cấp ĐÃ Kiểm Định EVN 1 Pha CHINT DDSU777 5(80)A,,https://www.lazada.vn/products/pdp-i2921114309.html,
Smartphones,OPPO Official Store,,,,-86,5,[Sale 25.10] Điện Thoại OPPO A3 (8GB/128GB) - Hàng chính hãng,208 Đã bán,https://www.lazada.vn/products/pdp-i3210658076.html,
Điện,EChipTECmall,744.300 ₫,-34%,491238,,,1 Chiếc PZEM-026 Vôn Kế Kỹ Thuật Số AC Một Pha 400V 100A Thông Minh Sạc Điện Tử Vôn Kế,,https://www.lazada.vn/products/pdp-i2208456979.html,
Điện,GlobalWonderShop,241.000 ₫,-23%,185570,-7,3.7,Ổ Cắm Tường Đa Chức Năng Có Sạc Nhanh USB Công Tắc Đường Dài Ổ Cắm Phòng Ngủ Thiết Kế Nhiều Lỗ W Cho Bảng Dây Điện,39 Đã bán,https://www.lazada.vn/products/pdp-i2901944588.html,
Phụ kiện điện thoại & máy tính bảng,Baseus OfficialMall,999.000 ₫,-49%,509490,-55,4.8,"Baseus Lipow Sạc dự phòng Cáp képvới màn hình kỹ thuật số 20000mAh 22,5W",177 Đã bán,https://www.lazada.vn/products/pdp-i3040313742.html,
Nhà thông minh,Hunonic Miền Nam Store,700.000 ₫,-7%,651000,-34,4.8,"Công Tắc Thông Minh Lahu 04 RTC Tích Hợp IC Thời Gian Thực, Điều Khiển Từ Xa Qua Điện Thoại, Hẹn Giờ Tự Động",122 Đã bán,https://www.lazada.vn/products/pdp-i2589155610.html,
Điện,KUAIQU,999.999 ₫,-41%,589999,-14,5,11.11 (Sẵn Sàng) Máy Đo Vạn Năng Kỹ Thuật Số UNI-T UT136B +/UT136C + Đồng Hồ Vạn Năng Kế AC DC Vôn Kế Ampe Kế Ohm Điện Dung HFE Diode/Bóng Bán Dẫn,22 Đã bán,https://www.lazada.vn/products/pdp-i491468589.html,
Điện,TRÙM SỈ ĐIỆN NƯỚC,,,,,,"Đồng Hồ Công Tơ Điện Tử 3 Pha 4 Dây NEXUS & HỮU HỒNG Chính Hãng Có Giấy Kiểm Định, Công Suất 100A",,https://www.lazada.vn/products/pdp-i2662620092.html,
Phụ kiện Máy tính,GOES TiME,864.000 ₫,-61%,336960,-32,4.8,GOES TiME | Chuột Bluetooth Văn Phòng Hình Gấu Dâu Sạc Lại Được,,https://www.lazada.vn/products/pdp-i3198461791.html,
Điện,NingXiangShiXiaoQiangDongBaiHuoDian,174.096 ₫,-50%,87048,,,Đồng hồ vạn năng Thông Minh Kỹ Thuật Số Chống cháy VC921 hiển thị độ chính xác cao đa năng bỏ túi,51 Đã bán,https://www.lazada.vn/products/pdp-i2783730505.html,
Điện,smart world,249.000 ₫,-30%,174300,-22,4.8,Thiết bị đo công suất 100A 220V công tơ điện tử màn hình LCD hiển thị 6 thông số đồng hồ điện tử,105 Đã bán,https://www.lazada.vn/products/pdp-i789860944.html,
Điện,Sakura_Shop,240.000 ₫,-55%,108000,-1,5,"Ổ Điện Đa Năng Chịu Tải A02, Phích Cắm Điện Thông Minh Có Cổng Sạc USB,  Ổ Cắm Điện Chịu Tải An Toàn, Chống Giật, Chống Cháy Nổ, Tiết Kiệm Điện Năng",,https://www.lazada.vn/products/pdp-i1933744144.html,
Thiết bị đeo thông minh,Shop Khai Quynh,,,,,,Đồng Hồ Học Sinh Điện Tử Để Bàn Thiết Kế Mỏng Đa Năng Tiện Lợi Dễ Sử Dụng,,https://www.lazada.vn/products/pdp-i2152057235.html,
Nhà thông minh,Global Merch Park,242.000 ₫,-50%,121000,-361,4.9,Tuya WIFI Ổ Cắm Thông Minh EU 16A/20A Có Giám Sát Nguồn Điện Điều Khiển Giọng Nói Hỗ Trợ Cho Nhà Thông Minh Alexa Zigbee3.0 Tương Thích Không Nối Đất Phích Cắm Điện,4.0K Đã bán,https://www.lazada.vn/products/pdp-i2752079139.html,
Smartphones,Hoàng Hà Mobile,4.190.000 ₫,-19%,3393900,-28,4.9,Điện thoại di động Xiaomi Redmi 13 6GB/128GB - 8GB/128GB - Chính hãng bảo hành 18 tháng,114 Đã bán,https://www.lazada.vn/products/pdp-i3064853539.html,
Phụ kiện Máy tính,XSmart Store,890.000 ₫,-45%,489500,-158,5,"Bàn Phím Cơ Bluetooth Không Dây K68BT Trục Cơ Red Switch Gõ Cực Đã, Thiết Kế Nhỏ Gọn Có Hotswap Có Thể Custom Kết Nối Máy Tính / Điện Thoại / Tablet",497 Đã bán,https://www.lazada.vn/products/pdp-i2075890883.html,
Nhà thông minh,TechHome,3.100.000 ₫,-6%,2914000,-18,4.9,"Loa thông minh Google nest hub 2nd Gen - Tích hợp trợ lý Google, Màn hình 7inch - Mới, Nguyên seal, Chính hãng",72 Đã bán,https://www.lazada.vn/products/pdp-i1310025070.html,
Phụ kiện Máy tính,Plata,1.700.000 ₫,-24%,1292000,,,"Bàn phím cơ gaming bluetooth M87 LED RGB bàn phím cơ không dây có Hotswap, White Switch, 3 Chế Độ Kết Nối tương thích với hệ điều hành MAC, Windows, và Android",,https://www.lazada.vn/products/pdp-i2586762781.html,
Phụ kiện Máy tính,MijiaPlay,413.846 ₫,-35%,268999,-1,5,Bàn phím không dây acer Bluetooth có thể sạc lại Đèn nền RGB Chơi game văn phòng Bàn phím có dây cho máy tính để bàn Máy tính xách tay,,https://www.lazada.vn/products/pdp-i3070366180.html,
Điện,ZOYI Tools,,,,-1,5,"Đồng hồ đo điện vạn năng kỹ thuật số Zoyi ZT-703S 3 trong 1, băng thông 280ms, tích hợp đo sóng hai kênh 50 mhz",,https://www.lazada.vn/products/pdp-i2846233159.html,
Dụng cụ đo lường,KKmoon,966.600 ₫,-44%,541296,-15,5,"Máy Kiểm Tra Bức Xạ Điện Từ KKmoon, Thiết Bị Cầm Tay Kỹ Thuật Số, Có Màn Hình LCD, Máy Dò Liều Kế Trường Điện, Có Âm Thanh Và Ánh Sáng",75 Đã bán,https://www.lazada.vn/products/pdp-i297710698.html,
Điện,Global Merch Park,212.000 ₫,-23%,163240,-90,4.7,ANENG SZ06 Vạn Năng Kỹ Thuật Số 600V AC/DC Điện Áp Chống Máy Ohm Kiểm Tra Đồng Hồ Có Đèn Nền LCD Cho Thợ Điện,176 Đã bán,https://www.lazada.vn/products/pdp-i2562838446.html,
Điện,Dempsey Kitto,765.504 ₫,-4%,734883,,,Đồng hồ vạn năng chống cháy thông minh đa năng aneng Q10 9999 từ với giá trị hiệu quả thực sự linh kiện điện tử dụng cụ kiểm tra,,https://www.lazada.vn/products/pdp-i2446870679.html,
Điện,ANENG  Store,280.706 ₫,-35%,182458,-30,5,ANENG Đồng Hồ Kẹp Đo Điện Kỹ Thuật Số Đồng Hồ Vạn Năng ST170 Vôn Kế Điện Xoay Chiều/DC 1999 Đếm 500A Kiểm Thử Đi-ốt Điện Dung NCV Ohm Hz,86 Đã bán,https://www.lazada.vn/products/pdp-i1585391076.html,
Điện,GlobalSuperBazaar,333.000 ₫,-23%,256410,,,Đồng Hồ Đo Điện Áp DC Hiển Thị Kỹ Thuật Số 13 Trong 1 4.5-50V 0-12A Đồng Hồ Đo Điện Đa Chức Năng Với Bộ Kiểm Tra Type-C PD3.1 Để Sạc Điện Thoại Di Động,,https://www.lazada.vn/products/pdp-i3138698139.html,
Nhà thông minh,Điện Tử Nhật Minh,600.000 ₫,-8%,552000,-77,4.9,"Công Tắc Cửa Cuốn Wifi, Điều Khiển Cửa Cuốn Thông Minh Có Viền Vàng/Không Viền Tuya Smartlife Bản Mới, Hẹn Giờ Điều Khiển Từ Xa Ra Lệnh Giọng Nói",365 Đã bán,https://www.lazada.vn/products/pdp-i1771488308.html,
Điện,Taiye Electric,267.000 ₫,-13%,232290,-1,5,Vôn Kế Kỹ Thuật Số D85-3050 DC Mới Máy Đo Phát Hiện Dương Và Âm Bộ Nguồn Màn Hình Kỹ Thuật Số LCD AC220V,,https://www.lazada.vn/products/pdp-i2070739951.html,
Phụ kiện Máy tính,Global Merch Park,517.000 ₫,-23%,398090,-19,5,Bàn Phím Bluetooth Không Dây Có Khe Cắm Thẻ Đa Chức Năng Cho Máy Tính Để Bàn Android Ios Máy Tính Xách Tay Pc Gamer 94 Phím Cao Su Dẫn Điện Phong Cách Ce Được Chứng Nhận,45 Đã bán,https://www.lazada.vn/products/pdp-i2474300054.html,
Điện,KUAIQU,999.999 ₫,-25%,749999,-13,4,Đồng Hồ Vạn Năng Thông Minh Kỹ Thuật Số UNI-T Mới 2021 Vôn Kế AC DC UT60S UT60BT 1000V Ampe Kế Đồng Hồ Vạn Năng Kiểm Tra Nhiệt Độ Tụ Điện RMS Thật,5 Đã bán,https://www.lazada.vn/products/pdp-i1644366301.html,
Điện,KUAIQU,1.200.000 ₫,-45%,660000,-14,4.8,Đồng Hồ Vạn Năng Kỹ Thuật Số UNI-T UT136C + LCD Máy Đo Điện Áp DC/AC Máy Đo Dòng Điện Điện Dung Điện Trở Diode Máy Đo Vôn Kế Ampe Kế,76 Đã bán,https://www.lazada.vn/products/pdp-i505356381.html,
Điện,GlobalLifestyle,626.000 ₫,-23%,482020,,,ANENG 613 Đồng Hồ Vạn Năng Thông Minh 4000 Đếm Màn Hình Kỹ Thuật Số Ampe Kế AC/DC Vôn Kế Với Khả Năng Đo Tắt Nguồn Theo Thời Gian Thực,,https://www.lazada.vn/products/pdp-i3101739281.html,
Điện,Enrich garden shop,55.000 ₫,-9%,50050,,,( Hỏa Tốc HCM ) Ổ Điện Thông Minh Chữ T Kèm Đèn Ngủ Và Sạc USB,,https://www.lazada.vn/products/pdp-i2344751569.html,
Điện,,414.000 ₫,-43%,235980,,,"Bảng Cắm Ổ Cắm Đa Chức Năng Có USB Cho Đèn Bàn, Phòng Học Sinh, Nhà Ở, Cắm Nhiều Lỗ, Cắm Điện, Cắm Điện, Cắm Điện",12 Đã bán,https://www.lazada.vn/products/pdp-i2997306753.html,
Phụ kiện Máy tính,vintagelifestyle,3.990.000 ₫,-18%,3271800,-10,4.2,"Bàn phím cơ không dây Lofree Flow chính hãng 84 phím, kết nối bluetooth và dây, Kailh switch, LED trắng và RGB",30 Đã bán,https://www.lazada.vn/products/pdp-i2393803852.html,
Điện,BẢO HỘ LAO ĐỘNG XSAFE,416.000 ₫,-20%,332800,-33,4.9,[HỎA TỐC] Đồng hồ đo điện vạn năng TOTAL màn hình LCD có đèn nền ban đêm đo dòng điện điện áp điện trở thông mạch,156 Đã bán,https://www.lazada.vn/products/pdp-i1969634911.html,
Phụ kiện điện thoại & máy tính bảng,Rocoren Official Store,1.331.667 ₫,-49%,679150,-52,4.8,Rocoren Pin sạc dự phòng 50000mAh 67.5W/22.5W Power bank | Cổng sạc nhanh USB-C | 6 cổng | Màn hình kỹ thuật số,124 Đã bán,https://www.lazada.vn/products/pdp-i2608003626.html,
Phụ kiện điện thoại & máy tính bảng,Pisen Official Store 1618388268,1.045.000 ₫,-50%,522500,-26,4.7,"Sạc dự phòng PISEN QUICK POWERMag 20W 10000mAh (Type-C) . model: TP-D112 - Tương thích đặc biệt từ iphone 12 trở lên, sạc nhanh, công suất 20W, an toàn, chứng nhận CCC ( 3C ) , mang lên máy bay, tàu. Bảo hành 24 tháng - Hàn",63 Đã bán,https://www.lazada.vn/products/pdp-i2208933276.html,
Điện,Aeneas Shop,,,,-1,5,"Đồng hồ đo điện,đồng hồ vạn năng đo Volt, ampe, điện trở và linh kiện điện tử cơ bản -AENEA",,https://www.lazada.vn/products/pdp-i2826876455.html,
Phụ kiện điện thoại & máy tính bảng,Pisen Official Store 1618388268,1.010.000 ₫,-35%,656500,-6,5,"Sạc dự phòng PISEN QUICK Power Cube (LC) Digital 22.5W 10000mAh/20000mAh , sạc nhanh, an toàn, chống chai pin, chứng chỉ CCC ( 3C cho lên máy bay ) , phù hợp cho Iphone, samsung, huawei, xiaomi, Model : TP-D260/261 ....  Hàng chính hãng, bảo hành 24 tháng",22 Đã bán,https://www.lazada.vn/products/pdp-i3149210646.html,
Nhà thông minh,Điện Tử Nhật Minh,750.000 ₫,-33%,502500,-81,4.9,"BH 6 tháng-Ổ Cắm Thông Minh Wifi Tuya Smart Life 4 Cổng 4 USB Điều Khiển Từ Xa Hẹn Giờ Tiện Lợi Qua Phần Mềm, Ổ Cắm Hẹn Giờ Điều Khiển Từ Xa, Ổ Cắm Điện Thông Minh Tuya Smart 10A",279 Đã bán,https://www.lazada.vn/products/pdp-i1259219749.html,
Nhà thông minh,Hunonic Miền Nam Store,300.000 ₫,-35%,195000,-93,4.9,Bộ hồng ngoại Hunonic IR Smart - Điều khiển thiết bị từ xa qua điện thoạii,280 Đã bán,https://www.lazada.vn/products/pdp-i2589161580.html,
Điện,Smart Sensor,977.000 ₫,-9%,889070,,,"Smart Sensor Đồng Hồ Vạn Năng Kỹ Thuật Số HABOTEST HT118E Đồng Hồ Đa Năng Phạm Vi Tự Động 20,000 Số Đếm True RMS Đo Điện Áp AC/DC & Điện Trở Dòng Điện Điện Tần Số Nhiệt Độ Liên Tục Nhiệm Vụ Tối Đa/PHÚT Đo Trực Tiếp & Diode Kiểm Tra NCV",,https://www.lazada.vn/products/pdp-i2174929562.html,
Phụ kiện điện thoại & máy tính bảng,Rocoren Official Store,498.333 ₫,-54%,229233,-1632,5,Rocoren Power Bank Original Portable Powerbank 30000mah/20000mAh/10000mAh PD 22.5W Fast Charging with Led Display,3.7K Đã bán,https://www.lazada.vn/products/pdp-i2565936871.html,
Phụ kiện điện thoại & máy tính bảng,Pisen Official Store 1618388268,796.000 ₫,-25%,597000,-78,4.9,"Sạc dự phòng có chân cắm, sạc nhanh , Điện bá đạo PISEN QUICK - High Power Box sạc Laptop,  iPhone, samsung, Android, 87W 22.5W 20W  sạc an toàn, bảo vệ máy, chống chai pin Global - Chính hãng, có bảo hiểm 46 Tỷ",161 Đã bán,https://www.lazada.vn/products/pdp-i2624156019.html,
Phụ kiện điện thoại & máy tính bảng,Pisen Official Store 1618388268,1.380.000 ₫,-54%,634800,-72,4.9,"Pin sạc dự phòng chân cắm PISEN Quick High Power Box kèm cáp sạc C/L, sạc nhanh công suất 22.5w, 20000mAh, TS-D313 - Hàng chính hãng, BH 24 tháng",203 Đã bán,https://www.lazada.vn/products/pdp-i2395426282.html,
Phụ kiện Máy tính,Phụ Kiện Công Nghệ_85,1.499.190 ₫,-34%,989465,-5,4.8,Bàn phím cơ không dây Xinmeng M87 pro - Hotswap 5 pin - Mạch xuôi - Led RGB với 3 chế độ kết nối,16 Đã bán,https://www.lazada.vn/products/pdp-i2505910020.html,
Phụ kiện Máy tính,Sola Digital Store,1.699.000 ₫,-48%,883480,,,Solakaka Sk961 Bàn Phím Cơ Đèn nền RGB 60% Hot Swappable Bluetooth Không Dây Có Dây 3 Chế Độ hot-Swappable Chuyển Đổi Bàn phím chơi game,,https://www.lazada.vn/products/pdp-i2593966371.html,
Phụ kiện điện thoại & máy tính bảng,Baseus OfficialMall,1.098.000 ₫,-53%,516060,-1475,4.9,"Sạc dự phòng Baseus Qpow2 10000mAh/20000mAh - Công suất 22,5W PD Sạc nhanh (Kèm cáp Type C và Iphone dài 30cm)",4.4K Đã bán,https://www.lazada.vn/products/pdp-i2478263596.html,
Nhà thông minh,Điện Tử Nhật Minh,650.000 ₫,-15%,552500,-256,4.9,"Công Tắc Cửa Cuốn Thông Minh Tuya, Công Tắc Điều Khiển Cửa Cuốn Wifi SmartLife Qua App Tuya, Điều Khiển Mở Cửa Cuốn Từ Xa Qua App, Ra Lệnh Giọng Nói",1.3K Đã bán,https://www.lazada.vn/products/pdp-i358248477.html,
Dụng cụ cầm tay & phụ kiện,Linh Kiện Điện Tử LiKi,,,,-80,4.9,Đồng Hồ Đo Điện XL830 XL830L - Đồng Hồ Vạn Năng Điện Tử XL830L ( Có Pin + Dây đo),246 Đã bán,https://www.lazada.vn/products/pdp-i2518986778.html,
Smartphones,SAMSUNG Flagship Store,29.990.000 ₫,-27%,21892700,-724,4.9,"[SĂN SALE GIỮ CHUỖI 4.11] Điện thoại Samsung Galaxy Z Flip5 5G, Điện thoại AI, Bản lề Flex gập không kẽ hở, Flex cam đa góc độ",3.8K Đã bán,https://www.lazada.vn/products/pdp-i2351112090.html,
Trang trí nhà cửa,Nhím shop 94,65.000 ₫,-42%,37700,-4,4,"Đồng Hồ Điện Tử Để Bàn Có Đèn LED Đổi Màu, Đa Chức Năng : Thời Gian, Ngày Tháng, Báo Thức, Đo Độ",13 Đã bán,https://www.lazada.vn/products/pdp-i1729439181.html,
Phụ kiện Tivi & thiết bị video,PhongNhi,,,,-13,4.8,Máy đo điện áp cường độ dòng điện công suất công tơ điện tử PUUCAI ampe kế vôn kế 20A 100A 6 trong 1,64 Đã bán,https://www.lazada.vn/products/pdp-i395290618.html,
Điện,Độc Lạ Trất,,,,,,Thiết bị điện tử đo điện áp và dòng sac điện thoại,,https://www.lazada.vn/products/pdp-i2325882041.html,
Điện,Thiết bị đo 365,480.000 ₫,-18%,393600,,,Đồng hồ đo điện tử Wellink HL-3000 loại bỏ túi,,https://www.lazada.vn/products/pdp-i304606559.html,
Dụng cụ điện & phụ kiện,Phukiensitphcm,130.000 ₫,-8%,119600,-2,4,"⚡Miễn Phí Vận Chuyển⚡bộ mỏ hàn,Bộ Hàn Sắt Điện Điều Chỉnh Nhiệt Độ, Dụng Cụ Hàn Bút Chì Nhiệt 220V 110V 60W,Bộ Mỏ Hàn Thiếc Điều Chỉnh Nhiệt",7 Đã bán,https://www.lazada.vn/products/pdp-i2321953706.html,
Điện,Xanh LazmaIl,320.000 ₫,-53%,150400,-40,4.8,"[HÀNG MỸ Tiết Kiệm Dõ Dệt Sau 1 Tháng Sử Dụng] Thiết bị tiết kiệm điện Eletricity saving box - Thiết Bị Tiết Kiệm Điện, Máy Tiết Kiệm Điện Eletricity Saving Box 220V, Thiết Bị Tiết Kiệm Điện Thông Minh Giữ Nguồn Điện Ổn Định Bộ Tiết Kiệm Điện Đa Năng",80 Đã bán,https://www.lazada.vn/products/pdp-i2941740909.html,
Dụng cụ điện & phụ kiện,shounahe,650.272 ₫,-23%,500709,-3,5,Shounahe💕Sissi Trạm Hàn Kỹ Thuật Số OLED Mini T12-942 Tay Cầm T12-907 + Đầu T12-K,13 Đã bán,https://www.lazada.vn/products/pdp-i2106444851.html,
Dụng cụ đo lường,Thế Giới Linh Kiện 720,469.000 ₫,-13%,408030,-2,5,"Đồng hồ kẹp dòng tự động ZOYI ZT-QB1, ZOYI ZT-QB4, ampe kìm đo điện tử đa năng, độ chính xác cao",22 Đã bán,https://www.lazada.vn/products/pdp-i1682103315.html,
Điện,Jianak,,,,,,Bộ đếm điện tử 5 chữ số BEM-5C dùng trong công nghiệp,10 Đã bán,https://www.lazada.vn/products/pdp-i2494217153.html,
quà tặng & Gói quà,mingzhuo stationery,381.000 ₫,-25%,285750,-2,4.5,NUOXUNDE | Bộ Dụng Cụ Văn Phòng Điện Tử Cho Bé Gái và Quà Tặng Học Sinh Tiểu Học,,https://www.lazada.vn/products/pdp-i3217586162.html,
Điện,Kangaroo store 1595312584,302.400 ₫,-54%,139104,-88,5,"KS bút điện thợ điện chuyên dụng dây phát hiện vỡ, màn hình hiển thị kỹ thuật số, đa chức năng cảm ứng thông minh phát hiện, kiểm tra điện, bút điện tua vít",137 Đã bán,https://www.lazada.vn/products/pdp-i2663070846.html,
Thiết bị đeo thông minh,Kpro Store,,,,-31,5,"Đồng hồ thông minh S10 Pro Gen 5 5G (Ram 4gb/64) lắp sim nghe gọi, màn Super Amoled, Android tải mọi game, Mxh, camera 180 độ, cảm ứng đa điểm, pin 1300mah Smartwatch - Tặng 1 dây thép, 1 dây sili đen, 1 dán màn và 1 củ sạc",93 Đã bán,https://www.lazada.vn/products/pdp-i2917350659.html,
Điện,muaban779,,,,,,"máy cấp nguồn, kiểm tra dòng cho điện thoại, điện tử",,https://www.lazada.vn/products/pdp-i2332708093.html,
Nhà thông minh,Hunonic Miền Nam Store,150.000 ₫,-14%,129000,-629,4.9,"Công Tắc Thông Minh Hunonic Datic Basic, Điều Khiển Từ Xa, Hẹn Giờ Tắt/Bật, Dễ Lắp Đặt, Có Nút Cơ",2.4K Đã bán,https://www.lazada.vn/products/pdp-i2207603661.html,
Điện,KKmoon,1.418.400 ₫,-46%,765936,,,KKmoon ANENG Đồng Hồ Kẹp ST212 Đồng Hồ Vạn Năng Kẹp Kỹ Thuật Số Thông Minh Vôn Kế AC & DC Thông Minh Đếm 6000 Ampe Kế 400A Máy Kiểm Tra Loại Kẹp Phạm Vi Tự Động Hiển Thị Màu VA Máy Đo Điện Áp Không Tiếp Xúc Điện Trở Đi-ốt Nhiệt Độ Tần Số Điện Dung,,https://www.lazada.vn/products/pdp-i1699821967.html,
Điện,GlobalSuperBazaar,747.000 ₫,-23%,575190,-1,5,"Đồng Hồ Đo Kẹp Kỹ Thuật Số SNAKOL SK203 6000 Đếm, Đa Năng Đo Điện Áp Dòng Điện AC/DC, Ampe Kế, Vôn Kế Với Chức Năng Kiểm Tra Điện Trở Tụ Điện Không Tiếp Xúc Dành Cho Thợ Điện",78 Đã bán,https://www.lazada.vn/products/pdp-i3180341515.html,
Thiết bị nhà bếp,Simplus Home Appliances,429.000 ₫,-28%,308880,-20,5,[New Arrival] Simplus Nồi Hấp Trứng Nồi Hấp Đa Năng 7 Chế Độ Hẹn Giờ 24 Tiếng Điều Khiển Cảm Ứng Hấp Trứng Làm Sữa Chua DZEG006,83 Đã bán,https://www.lazada.vn/products/pdp-i2885507151.html,
"Thiết bị sưởi, làm lạnh và thông gió",goojodoqstore.vn,900.000 ₫,-52%,432000,-102,4.9,Quạt mini GOOJODOQ Quạt cầm tay siêu nhanh 6000mah 3 trong 1 Turbo tốc độ cực cao có màn hình LED Hai vòi phun gió,297 Đã bán,https://www.lazada.vn/products/pdp-i3102480601.html,
Phụ kiện Máy tính,goojodoqstore.vn,300.000 ₫,-37%,189000,-1,5,Chuột không dây GOOJODOQ kết nối Bluetooth chế độ kép DPI1200/1800/2400/3600 chống nhiễu IPS tương thích rộng,,https://www.lazada.vn/products/pdp-i3215407157.html,
Điện,Global Joy,1.665.000 ₫,-23%,1282050,-87,4.8,BSIDE U1 Kỹ Thuật Số Kẹp Mét 100A DC AC Dĩa Ampe Kế Kìm T-RMS Hiện Tại OpenJaw Điện Tự Động Đồng Hồ Đo Vạn Năng Với Điện Áp & Đo Điện Trở,77 Đã bán,https://www.lazada.vn/products/pdp-i2581102803.html,
Phụ kiện điện thoại & máy tính bảng,Anker Official Store,990.000 ₫,-17%,821700,-38,5,"sạc dự phòng Anker Zolo 10,000mAh Power Bank 10K - 30W, Built-In USB-C and Lightning Cable, Compatible with MacBook, iPhone 17/16/15 /14 Series, Samsung",104 Đã bán,https://www.lazada.vn/products/pdp-i3148965542.html,
Điện,Điện thông minh & Đèn Led Kawasan,280.000 ₫,-8%,257600,,,ĐỒNG HỒ ĐO ĐIỆN NĂNG 1 PHA KỸ THUẬT SỐ – Model: DPM10,,https://www.lazada.vn/products/pdp-i3079931801.html,
Phụ kiện điện thoại & máy tính bảng,VENTION STORE,919.000 ₫,-49%,468690,-1,5,"Sạc Dự Phòng 35W Vention 10000mAh Nhỏ Gọn Tiện Lợi, Tích Hợp Cáp USB-C, Hỗ Trợ PD Cho Điện Thoại, Tai Nghe, Máy Tính Nhiều Thiết Bị, Vỏ PC+ABS Cao Cấp Chống Va Đập Tối Đa",,https://www.lazada.vn/products/pdp-i3213530757.html,
Thiết bị giặt là & chăm sóc trang phục,PHILIPS Flagship Store,295.000 ₫,-3%,286150,-210,5,Bàn Ủi Khô Philips DST0520/20 - Hàng Phân Phối Chính Hãng,637 Đã bán,https://www.lazada.vn/products/pdp-i2598579797.html,
Phụ kiện điện thoại & máy tính bảng,VENTION STORE,1.065.000 ₫,-43%,607050,,,"Sạc Dự Phòng 22.5W 30000mAh Vention Hỗ Trợ PD QC3.0, 4 Cổng USB/Type-C/Micro Cho Điện Thoại,Máy Tính Bảng",,https://www.lazada.vn/products/pdp-i3213625473.html,
Phụ kiện Máy tính,Razer digital,2.157.000 ₫,-65%,754950,-225,4.9,Razer | Chuột Chơi Game Nâng Cao 3D với Kết Nối Dây và Không Dây,,https://www.lazada.vn/products/pdp-i3204522718.html,
Phụ kiện Máy tính,Sky Blue shop,423.225 ₫,-33%,283560,-1,5,"Bàn phím cơ DY-M303 có dây kết nối bluetooth, có hệ thống đèn led bắt mắt, chơi game làm việc siêu tiện lợi.",5 Đã bán,https://www.lazada.vn/products/pdp-i2686005714.html,
Smartphones,HONOR Vietnam,3.990.000 ₫,-25%,2992500,-214,4.9,"Điện thoại Honor X6b (6+6)GB+128GB | Pin 5200mAh, Camera 50MP AI, tần số quét 90Hz| Chống bể vỡ | Bảo hành 18 tháng Hàng Chính Hãng",510 Đã bán,https://www.lazada.vn/products/pdp-i2728102787.html,
Phụ kiện điện thoại & máy tính bảng,Baseus OfficialMall,1.159.000 ₫,-56%,509960,-19,5,Pin sạc dự phòng Baseus Lipow 20000mAh 15W / 22.5W 2 cổng USB-A và 1 cổng Type-C,50 Đã bán,https://www.lazada.vn/products/pdp-i2894678789.html,
Phụ kiện Máy tính,XSmart Store,1.800.000 ₫,-34%,1188000,,,"Bàn Phím Cơ Bluetooth Không Dây X85 Có Màn Hình Led RGB Mạch Xuôi, Hotswap 5 Pin, 3 Mode Kết Nối, Phím PBT Cao Cấp",,https://www.lazada.vn/products/pdp-i2616413767.html,
Smartphones,Samsung Store,4.490.000 ₫,-20%,3592000,-120,4.9,Điện Thoại Samsung Galaxy A06 5G 6GB/128GB,620 Đã bán,https://www.lazada.vn/products/pdp-i3059799002.html,
Thiết bị giặt là & chăm sóc trang phục,PHILIPS Flagship Store,,,,-699,5,Bàn Ủi Khô Philips HD1172/01 - Hàng Chính Hãng,2.0K Đã bán,https://www.lazada.vn/products/pdp-i2426832938.html,
Phụ kiện Máy tính,EWEADN,435.000 ₫,-12%,382800,-253,4.9,"EWEADN | Chuột không dây Bluetooth tai thỏ siêu dễ thương, 2 chế độ (Bluetooth/2.4G), Silent Click (gõ êm), Pin sạc, Thiết kế công thái học, dành cho Nữ, Laptop và Văn phòng",,https://www.lazada.vn/products/pdp-i3193687255.html,
Phụ kiện điện thoại & máy tính bảng,Vention Franchised Store,955.000 ₫,-61%,372450,-5,5,Vention 20000mAh Sạc Dự Phòng 22.5W - Dây Type-C & Lightning Liền - Màn Số Hiển Thị Pin - Sạc 3 Thiết Bị Cùng Lúc - Đủ Tiêu Chuẩn Lên Máy Bay (74Wh) - Hàng Chính Hãng,17 Đã bán,https://www.lazada.vn/products/pdp-i2842313312.html,
Phụ kiện điện thoại & máy tính bảng,Vention Franchised Store,1.451.000 ₫,-67%,478830,-1,5,Vention® sạc dự phòng Pin dự phòng mini 35W 10000mAh USB-C + USB-C/Lightning tích hợp cáp USB-C và Lightning,7 Đã bán,https://www.lazada.vn/products/pdp-i3046412190.html,
Phụ kiện điện thoại & máy tính bảng,Vention flagship store,498.400 ₫,-48%,259168,-62,5,Vention Mini Powerbank 4800mAh - Sạc Dự Phòng Siêu Nhỏ Gọn Tích Hợp Cáp Lightning & Type-C 22.5W - Màn Hình LED Hiển Thị Pin - 2 Thiết Bị Cùng Lúc,169 Đã bán,https://www.lazada.vn/products/pdp-i2748363301.html,
Smartphones,HONOR Vietnam,4.990.000 ₫,-10%,4491000,-3,5,Điện Thoại Di Động Honor X6c 6GB + 128GB/256GB | Pin 5300mAh | Camera 50MP| NFC | Kháng nước IP64 | BH 18 Tháng,13 Đã bán,https://www.lazada.vn/products/pdp-i3148005522.html,
Phụ kiện điện thoại & máy tính bảng,Bull Socket,3.392.000 ₫,-54%,1560320,-1,4,Bull | Sạc USB Mở Rộng Đa Năng Thẩm Mỹ 100W,,https://www.lazada.vn/products/pdp-i3193439428.html,
Phụ kiện điện thoại & máy tính bảng,BEN BEN TPHCM,1.065.000 ₫,-92%,85200,-406,4,[DUNG LƯỢNG KHỦNG 30000MAH - TẶNG KÈM CÁP SẠC] PIN SẠC DỰ PHÒNG MẶT ĐEN CAO CẤP 30000MAH DUNG LƯỢNG KHỦNG - PIN DỰ PHÒNG CÓ MÀN HÌNH LCD HIỂN THỊ PHÂN TRĂM PIN + 2 CỔNG RA ĐÈN LED SIÊU SÁNG - PIN SẠC DỰ PHÒNG CAO CẤP,1.0K Đã bán,https://www.lazada.vn/products/pdp-i2220468958.html,
Dụng cụ nhà bếp,Cân Điện Tử Minh Vân,1.300.000 ₫,-31%,897000,-7,5,"Đầu cân điện tử - Loại Tính tiền K012 , Chống nước TCS 619, 501E - HMV",32 Đã bán,https://www.lazada.vn/products/pdp-i1857454210.html,
Dụng cụ cầm tay & phụ kiện,KUAIQU,4.079.171 ₫,-29%,2896211,-2,5,"[UNI-T Chính Hãng] Đồng Hồ Vạn Năng Kỹ Thuật Số UT61E + UT61D + UT61B Phiên Bản Nâng Cấp Của UNI-T, Máy Kiểm Tra Điện Trở Điện Áp Dòng Điện Xoay Chiều/Một Chiều RMS Thật",7 Đã bán,https://www.lazada.vn/products/pdp-i1203167568.html,
Smartphones,HONOR Vietnam,2.790.000 ₫,-22%,2176200,-34,4.6,"Điện thoại Honor X5b 4GB+64GB | Pin 5200mAh 90Hz | Màn hình 6.56"" | BH 18 Tháng Hàng Chính Hãng",98 Đã bán,https://www.lazada.vn/products/pdp-i2967101620.html,
Điện,Linh Kiện 024,179.000 ₫,-22%,139620,-16,4.8,Đồng hồ đo điện tử vạn năng BEST 9205M có sẵn pin 9V,46 Đã bán,https://www.lazada.vn/products/pdp-i1241671854.html,
Smartphones,HONOR Vietnam,3.190.000 ₫,-22%,2488200,-24,5,"Điện thoại HONOR X5b Plus 4GB+128GB | Pin 5200mAh 90Hz | Màn hình 6.56"" | BH 18 Tháng Hàng Chính Hãng",70 Đã bán,https://www.lazada.vn/products/pdp-i2967105348.html,
Trang trí nhà cửa,mengmian selected,144.000 ₫,-42%,83520,,,MENGMIAN | Đồng Hồ Báo Thức Quản Lý Thời Gian Điện Tử cho Học Sinh,,https://www.lazada.vn/products/pdp-i3208257446.html,
Điện,DIPPRUN,229.800 ₫,-34%,151668,-1,5,Sz202 Số Lượng Tối Đa 4000 aneng Mới đa năng kế kỹ thuật số Độ Chính Xác Cao Bảo Trì Đa Chức Năng Màn hình hiển thị kỹ thuật số Nhỏ điện áp và dòng điện,,https://www.lazada.vn/products/pdp-i3130907301.html,
Phụ kiện điện thoại & máy tính bảng,Tshop,2.600.000 ₫,-24%,1976000,,,"Bộ kết nối điện thoại thông minh đa năng, cao cấp Carson HookUpz 2.0, IS-200 (Hãng Carson- Mỹ)",,https://www.lazada.vn/products/pdp-i1564205659.html,
Smartphones,HONOR Vietnam,5.490.000 ₫,-16%,4611600,-73,4.9,Điện thoại thông minh Honor X7c 16(8+8)GB + 256GB | Pin 6000mAh sạc nhanh 35W | Camera 108MP|Chip Snapdragon 685| Loa kép | Kháng nước IP64 | BH 18 Tháng Hàng chính hãng,196 Đã bán,https://www.lazada.vn/products/pdp-i2836739334.html,
Điện,ANENG  Store,221.889 ₫,-35%,144227,-13,4.7,ANENG Đồng Hồ Vạn Năng Kỹ Thuật Số SZ301 Ampe Kế Điện Ohm Điện Trở Dòng Điện AC/DC Máy Kiểm Tra Tự Động Máy Đo Điện Dung Kiểm Tra Khác,27 Đã bán,https://www.lazada.vn/products/pdp-i2011661879.html,
Thiết bị đeo thông minh,MI MALL VN,890.000 ₫,-40%,534000,-236,5,"Vòng Đeo Tay Thông Minh Xiaomi Mi Band 10, Band 9 Pro, Band 9 Active - Phiên Bản Quốc Tế, Bảo Hành 12 Tháng",619 Đã bán,https://www.lazada.vn/products/pdp-i2725070263.html,
Phụ kiện Máy tính,Sidotech Official,1.599.000 ₫,-26%,1183260,-39,4.9,Bàn phím cơ gaming không dây SIDOTECH Y95 bluetooth 3 mode 95 phím có màn hình núm xoay hotswap mạch xuôi led RGB chơi game làm việc có gaket mount pin 8000mAh switch riêng đã lube - Hàng chính hãng,106 Đã bán,https://www.lazada.vn/products/pdp-i2627031774.html,
Điện,CH thiết bị đo điện Gex.vn,,,,-17,4.9,Công tơ điện tử 1 pha mini cài át bách khoa,130 Đã bán,https://www.lazada.vn/products/pdp-i2426916562.html,
Thiết bị đeo thông minh,MI MALL VN,1.190.000 ₫,-45%,654500,-238,5,"Đồng Hồ Thông Minh Xiaomi Redmi Watch 5 ACTIVE /  Watch 5 LITE (Chọn phân loại) – Phiên Bản Quốc Tế, Bảo Hành Chính Hãng 12 Tháng",498 Đã bán,https://www.lazada.vn/products/pdp-i2725254098.html,
Nhà thông minh,Điện thông minh & Đèn Led Kawasan,383.400 ₫,-28%,276048,-2,5,Ổ cắm điều khiển từ xa 500W C01-RM2A,9 Đã bán,https://www.lazada.vn/products/pdp-i1864106174.html,
Thiết bị giặt là & chăm sóc trang phục,PHILIPS Flagship Store,949.000 ₫,-17%,787670,-1225,4.9,"Bàn Ủi Hơi Nước Cầm Tay Philips Series 1000 STH1000/10 - Thiết Kế Nhỏ Gọn Nhẹ, Công Suất Mạnh, Khoang Chứa Nước 85ML - Hàng Phân Phối Chính Hãng",5.6K Đã bán,https://www.lazada.vn/products/pdp-i1922478151.html,
Phụ kiện điện thoại & máy tính bảng,Vention Digital Store,719.000 ₫,-31%,496110,-152,5,Vention 22.5W 20000mAh sạc dự phòng xách tay Powerbank 10000mAh 20W PD sạc nhanh với màn hình hiển thị kỹ thuật số cho iPhone 16 15 Pro Max Samsung Xiaomi Huawei USB C Ốp tích hợp pin dự phòng,495 Đã bán,https://www.lazada.vn/products/pdp-i3140451487.html,
Thiết bị nhà bếp,PHILIPS Flagship Store,980.000 ₫,-2%,960400,-114,4.9,Nồi Cơm Điện Philips Dòng 1000 Series Philips HD3008/30 - Hàng Phân Phối Chính Hãng,324 Đã bán,https://www.lazada.vn/products/pdp-i2720833807.html,
Phụ kiện điện thoại & máy tính bảng,Vention flagship store,291.500 ₫,-42%,169070,-15,5,"Vention Sạc GaN 30W Siêu Tốc PD3.0 PPS - Cổng USB-C Duy Nhất - Thiết Kế Nhỏ Gọn, Sạc Nhanh Cho iPhone 14/15/16, Samsung - Hàng Chính Hãng (Đen, Chân EU)",77 Đã bán,https://www.lazada.vn/products/pdp-i3119890545.html,
Thiết bị đeo thông minh,Awei Flagship store,3.699.000 ₫,-47%,1960470,,,Awei dòng đồng hồ thông minh H52 1.43inch amoeled smartwatchs cho nam nữ,,https://www.lazada.vn/products/pdp-i3194223821.html,
Điện,Điện Máy 365 Store,,,,,,Ổ cắm có dây Nanoco NES5215 – 5 ổ cắm – 1 công tắc – Bảo hành 12 tháng - STM,,https://www.lazada.vn/products/pdp-i3183098134.html,
"Thiết bị sưởi, làm lạnh và thông gió",NHẬT PHONG SOLAR,1.900.000 ₫,-40%,1140000,-146,4.9,"[0 đồng vận chuyển]Quạt năng lượng mặt trời, quạt tích điện chạy bằng lăng lượng mặt trời  dạng nằm chân quỳ NHẬT PHONG SOLAR,quạt có 12 Chế Độ gió,hiển thị phân trăm pin,3 cánh bằng kim loại, củ sạc điện 220v, tấm pin năng lượngmặt trời dây dài gần 5m",695 Đã bán,https://www.lazada.vn/products/pdp-i1475911121.html,
Phụ kiện Máy tính,Logitech G Gaming,1.290.000 ₫,-18%,1057800,,,"Bàn phím game có dây Logitech G213 Prodigy - RGB Lightsync, phím Media chuyên biệt, chống tràn bền bỉ",,https://www.lazada.vn/products/pdp-i2232443190.html,
Phụ kiện Máy tính,Cửa hàng Công nghệ thông minh Lê Phạm,1.099.000 ₫,-5%,1044050,,,Bàn Phím Game Logitech G213 RGB Prodigy - Hàng Chính Hãng - Bảo Hành 2 Năm,,https://www.lazada.vn/products/pdp-i514002535.html,
Điện,Điện thông minh & Đèn Led Kawasan,260.000 ₫,-7%,241800,-2,5,ĐỒNG HỒ ĐO ĐIỆN NĂNG 1 PHA ĐỒNG HỒ CƠ ĐO ĐIỆN NĂNG– Model: APM10,5 Đã bán,https://www.lazada.vn/products/pdp-i3080017341.html,
Thiết bị đeo thông minh,myFirst Kids,4.080.000 ₫,-30%,2856000,-22,4.8,"Đồng hồ thông minh trẻ em Đo nhịp tim, Định vị GPS, Gọi thoại Video 4G - myFirst Fone S3",97 Đã bán,https://www.lazada.vn/products/pdp-i3063127350.html,
Thiết bị đeo thông minh,myFirst Kids,2.590.000 ₫,-24%,1968400,-16,5,"Đồng hồ thông minh trẻ em R1c | Nghe gọi video 4G, Định vị GPS | Hàng Cao cấp Chống nước | myFirst Fone R1c nhập khẩu Singapore",80 Đã bán,https://www.lazada.vn/products/pdp-i3063032559.html,
"Thiết bị sưởi, làm lạnh và thông gió",JENNIFEROOM Vietnam,2.980.000 ₫,-45%,1639000,-1,5,"Quạt sạc điện gấp gọn Jenniferoom Foldable fan 5V, 2A, 8W, 8000mAh - Màu be JRL-FF085COM",,https://www.lazada.vn/products/pdp-i3160754008.html,
Phụ kiện Máy tính,Logitech Store Online,1.499.000 ₫,-21%,1184210,,,"Bàn phím gaming có dây Logitech G213 Prodigy - RGB, Full size, chống tràn bền bỉ",,https://www.lazada.vn/products/pdp-i3160162095.html,
Thiết bị nhà bếp,CH Khánh Dương,1.186.000 ₫,-33%,794620,-2,5,Nồi lẩu hấp đa năng 3 tầng. Đổi mới 100% trong vòng 30 ngày nếu lỗi kỹ thuật. Bảo hành 1 năm,6 Đã bán,https://www.lazada.vn/products/pdp-i3081397706.html,
Phụ kiện Máy tính,Fuhlen Store Chính Hãng,2.500.000 ₫,-32%,1700000,,,Bàn Phím Cơ Không Dây Fuhlen T87s Pro RGB 3-Mode Hotswap Led RGB 16.8 triệu màu - Bảo Hành 2 Năm,,https://www.lazada.vn/products/pdp-i2690176684.html,
Phụ kiện Máy tính,vintagelifestyle,6.990.000 ₫,-11%,6221100,,,"Bàn phím cơ không dây bluetooth, 2.4G Mojo 68 Plastic hồng ngọt ngào MelGeek chính hãng LED RGB có thể hotswap",,https://www.lazada.vn/products/pdp-i2242784694.html,
Phụ kiện điện thoại & máy tính bảng,Vention flagship store,915.000 ₫,-54%,420900,-362,4.9,"Vention Sạc Dự Phòng 20000mAh 65W PD QC4.0 - Dây Cáp Tích Hợp, Sạc Nhanh Type-C, 3 Cổng, Màn Hình LED, Đầy Đủ Laptop/Điện Thoại",1.1K Đã bán,https://www.lazada.vn/products/pdp-i2847922118.html,
Phụ kiện Máy tính,VintageLifestyle_VN,3.990.000 ₫,-18%,3271800,-3,5,"Bàn phím cơ không dây Lofree Flow chính hãng 84 phím, kết nối bluetooth và dây, Kailh switch, LED trắng và RGB",,https://www.lazada.vn/products/pdp-i2393807322.html,
Phụ kiện điện thoại & máy tính bảng,Energizer Store,3.390.000 ₫,-35%,2203500,-1,5,"Sạc dự phòng Energizer 27000mAh XP27000PD - tích hợp 3 cổng output, công suất 140W - Hàng chính hãng, bảo hành  1 năm 1 đổi 1",,https://www.lazada.vn/products/pdp-i2724705234.html,
Phụ kiện Máy tính,KINDLE STORE,1.800.000 ₫,-23%,1386000,,,"Bàn phím cơ Keychron K8 87 phím Tenkeyless Layout Wireless Bluetooth Mechanical Gaming Keyboard for Mac, Multitasking Type-C Wired Computer Keyboard for Windows PC Mechanical Blue Switch",,https://www.lazada.vn/products/pdp-i3142239161.html,
Thiết bị đeo thông minh,HUAWEI,1.070.000 ₫,-19%,866700,-413,5,Vòng Đeo Tay Thông Minh HUAWEI Band 10 | Khung Hợp Kim Nhôm Tinh Tế | Phân Tích Giấc Ngủ Chuyên Nghiệp | Trợ Lý Sức Khỏe Cảm Xúc,1.4K Đã bán,https://www.lazada.vn/products/pdp-i3014421301.html,
Thiết bị đeo thông minh,MI MALL VN,1.090.000 ₫,-40%,654000,-326,5,"Đồng Hồ, Vòng Đeo Tay Thông Minh Xiaomi Mi BAND 10, BAND 9, Watch 5 Active / Lite - Phiên Bản Quốc Tế, Bảo Hành Chính Hãng 12 Tháng",798 Đã bán,https://www.lazada.vn/products/pdp-i2725137048.html,
Smartphones,LedgerNanoX,,,,,,"Ledger Nano X ví lạnh chính hãng giúp bảo mật tối đa tài sản số，full box 100%, mới nguyên seal bảo hành chính hãng, giao hàng nhanh chóng",,https://www.lazada.vn/products/pdp-i3147556772.html,
Nhà thông minh,Polone,751.000 ₫,-49%,383010,,,"POLONE Ban Phát Triển ESP32-S3 Robot đối thoại AI Màn hình TFT 1,54 inch Hỗ trợ DeepSeek Robot thông minh Biểu hiện tùy chỉnh cá nhân hóa Mô-đun hộp thoại Robot thông minh Xiao Zhi",,https://www.lazada.vn/products/pdp-i3208426878.html,
Máy tính bảng,Đèn Led Thúy Nga,,,,-9,4.8,"Nguồn adapter 15v 3A, 15v 2a",42 Đã bán,https://www.lazada.vn/products/pdp-i1875051383.html,
Dụng cụ đo lường,Linh Kiện 024,489.000 ₫,-12%,430320,-12,5,"Đồng hồ kẹp dòng tự động ZOYI ZT-QB1, ZOYI ZT-QB4, ampe kìm đo điện tử đa năng, độ chính xác cao",38 Đã bán,https://www.lazada.vn/products/pdp-i1673061355.html,
Dụng cụ đo lường,ABG Official Store,425.000 ₫,-44%,238000,-5,5,Đồng Hồ Đo Điện Vạn Năng Zoyi VC921 Điện Tử Đo Điện Mini Bỏ Túi Ac/Dc - Hàng Chính Hãng - Bảo Hành 12 Tháng,28 Đã bán,https://www.lazada.vn/products/pdp-i1995861092.html,
Điện,GlobalLifestyle,262.000 ₫,-50%,131000,-51,4.8,ANENG M118A Đồng Hồ Vạn Năng Kỹ Thuật Số 6000 Đếm Kích Thước Bỏ Túi True RMS AC/DC Đồng Hồ Đo Điện Áp Có Đèn Pin Transistor Bút Thử Dụng Cụ,353 Đã bán,https://www.lazada.vn/products/pdp-i3101261160.html,
Điện,TUSUACHUAVN,139.000 ₫,-18%,113980,-21,5,"Đồng hồ vạn năng SAMWA YX-360TRN tặng kèm pin, hàng chuẩn loại xịn chính hãng CÓ BẢO HÀNH",56 Đã bán,https://www.lazada.vn/products/pdp-i1457491904.html,
Điện,Taiye Electric,502.000 ₫,-18%,411640,,,TUYA Máy Đo Thông Minh 1 Pha WIFI 2P 63A Din Rail Máy Đo Năng Lượng Điện Xoay Chiều 220V Máy Đo Dòng Điện Điện Áp KWH Đèn Nền,5 Đã bán,https://www.lazada.vn/products/pdp-i2034892604.html,
Điện,Taiye Electric,306.000 ₫,-9%,278460,-2,5,D52-2048 đa chức năng Din Rail Màn hình hiển thị kỹ thuật số AC dòng điện áp hệ số công suất mét,,https://www.lazada.vn/products/pdp-i2257214275.html,
Điện,Global Merch Park,273.000 ₫,-23%,210210,-4,5,4 Chữ Số Kỹ Thuật Số Khuếch Đa Năng Điện Có Còi 3 Trong 1 Điện Áp Dòng Điện Công Cụ Đo Lường,14 Đã bán,https://www.lazada.vn/products/pdp-i2720960642.html,
Điện,Taiye Electric,210.000 ₫,-10%,189000,,,Đồng hồ đo dòng điện một pha Ac Voltage Band CT Màn hình kỹ thuật số LED 220V 380V Theo dõi Loại điện tử chính xác cao,,https://www.lazada.vn/products/pdp-i2233654249.html,
Điện,MOOREU Eipsteink,780.900 ₫,-46%,421686,,,Mooreu Xoay ổ điện nhiều lỗ Có Thể Điều Chỉnh Ổ Cắm Adapter ổ cắm USB Extender Với Xoay Thiết Kế Cho Sofa Đầu Giường Bàn 2 ổ cắm điện xoay chiều USB-A Cổng USB-C Thuận Tiện Tường Ổ Cắm Thanh mở rộng,,https://www.lazada.vn/products/pdp-i3039785988.html,
Điện,shopxuanvn,85.000 ₫,-31%,58650,-77,4.8,Ổ điện đa năng có cổng sạc USB,296 Đã bán,https://www.lazada.vn/products/pdp-i1991539356.html,
Phụ kiện Máy tính,LOGITECH Flagship Store,2.990.000 ₫,-23%,2302300,-75,4.9,"Bàn phím game cơ học Logitech G512 - RGB Lightsync, 3 loại GX Switch, vật liệu cải tiến, cổng USB 2.0",249 Đã bán,https://www.lazada.vn/products/pdp-i260188430.html,
Phụ kiện Máy tính,BẢO HÂN TREASURES COMPUTER,,,,,,Bàn phím vi tính Keychron V1M-D1 V1 Max Swappable RGB Backlight - Black - Knob Version - Hàng Chính Hãng,,https://www.lazada.vn/products/pdp-i2924591238.html,
Máy tính bảng,HONOR Vietnam,4.990.000 ₫,-16%,4191600,-77,5,"Máy tính bảng Honor Pad X8a 4GB+128GB | Màn hình TFT LCD 11"" 90Hz | Pin 8300mAh | BH 18 tháng Hàng Chính Hãng",185 Đã bán,https://www.lazada.vn/products/pdp-i2899742958.html,
Phụ kiện Máy tính,RAZER,1.490.000 ₫,-32%,1013200,-13,5,[20H 6/7 - 9.7 Nhập 77LAZSOCIAL80K Voucher giảm 12% đơn từ 250K tối đa 80K]Bàn Phím Gaming Razer Ornata V3 X Có Dây | Full Size | Low-Profile Keycap | Keycap Phủ UV | Silent Membrane | Led Đơn,38 Đã bán,https://www.lazada.vn/products/pdp-i2138963763.html,
Phụ kiện Máy tính,Fuhlen Store Chính Hãng,3.000.000 ₫,-20%,2400000,,,Bàn Phím Cơ Không Dây Fuhlen H95s CSA Panda 3-Mode Gasket Hotswap Mạch Xuôi Led RGB nháy theo nhạc - Bảo hành 2 năm,,https://www.lazada.vn/products/pdp-i2696737647.html,
Phụ kiện Máy tính,Phụ kiện Thanh Loan 79,,,,,,"Bàn Phím Không Dây Remax JP-1 tích hợp khe để điện thoại, máy tính bảng kết nối cùng lúc 02 thiết bị Bluetooth và 01 USB",,https://www.lazada.vn/products/pdp-i1959957751.html,
Thiết bị nhà bếp,Moah.kr,,,,,,"Ấm Đun Siêu Tốc by Moah - 1,7L - Màn hình Led cảm ứng - 7 chế độ nhiệt tuỳ chỉnh",,https://www.lazada.vn/products/pdp-i3136675901.html,
Smartphones,Xiaomi Official Store,4.290.000 ₫,-16%,3603600,-30,5,"Điện thoại thông minh REDMI 13 (6+128G | 8+128G) | Màn hình lớn 6.79"" FHD+ | Camera 108MP siêu rõ | MediaTek Helio G91-Ultra",176 Đã bán,https://www.lazada.vn/products/pdp-i3014249921.html,
Thiết bị đeo thông minh,SAMSUNG Flagship Store,,,,-2,5,"[SĂN SALE GIỮ CHUỖI 4.11] Đồng hồ thông minh Samsung Galaxy Watch8 Classic, Galaxy AI, Vòng xoay bezel vật lý, 46mm",36 Đã bán,https://www.lazada.vn/products/pdp-i3141474220.html,
Thiết bị nhà bếp,PHILIPS Flagship Store,1.420.000 ₫,-16%,1192800,-953,4.9,"Máy Ép Trái Cây Philips HR1811/71 300W (Trắng Xanh)-Dung Tích 0.5L , Ly Đựng Nước Ép 500ML, Ngăn Chứa Xơ Và Vỏ Trái Cây-Bộ Lọc Và Lưỡi Xay Thép Không Gỉ - Hàng Phân Phối Chính Hãng",4.1K Đã bán,https://www.lazada.vn/products/pdp-i823092890.html,
Phụ kiện điện thoại & máy tính bảng,Vention Digital Store,800.000 ₫,-46%,432000,-1,5,"Vention Pin dự phòng 22,5W có cáp USB C sang C nhanh, pin dự phòng di động 10000mAh có màn hình LED cho iPhone16 15 pro Samsung Xiaomi",,https://www.lazada.vn/products/pdp-i3176093011.html,
Thiết bị nhà bếp,PHILIPS Flagship Store,1.900.000 ₫,-26%,1406000,-2636,4.8,Máy Xay Sinh Tố Philips HR2223/00 (Trắng)|700W|-Bộ 3 Cối Xay Nhựa-5 Chế Độ Cài Đặt Sẵn- Nghiền Mịn Đá--Hàng Phân Phối Chính Hãng.,12.1K Đã bán,https://www.lazada.vn/products/pdp-i764172155.html,
Nhà thông minh,AKIA Smarthome,2.800.000 ₫,-6%,2632000,-7,5,"Loa thông minh OLLI MAIKA - Trợ lý ảo tiếng Việt Maika, Nội dung tiếng Việt, Tích hợp giải pháp nhà thông minh, Kết nối Wifi, Bluetooth,",13 Đã bán,https://www.lazada.vn/products/pdp-i1913145159.html,
Máy tính bảng,SAMSUNG Flagship Store,,,,,,"[SĂN SALE GIỮ CHUỖI 4.11] Máy tính bảng Galaxy Tab A11 Wifi (4-64GB), Màn hình nhỏ gọn 8.7"", Tần số quét 90Hz, Tính năng giải toán tự động",,https://www.lazada.vn/products/pdp-i3202180720.html,
Thiết bị đeo thông minh,HUAWEI,5.990.000 ₫,-8%,5510800,-136,5,Đồng Hồ Thông Minh HUAWEI WATCH GT6 Series | Tập Luyện Nâng Cao | Theo Dõi Sức Khỏe,486 Đã bán,https://www.lazada.vn/products/pdp-i3194163243.html,
Phụ kiện điện thoại & máy tính bảng,Anker Official Store,1.500.000 ₫,-6%,1410000,-88,4.9,"Anker Laptop Charger, 140W USB-C Charger, 4-Port Multi-Device Fast Charging, Advanced GaN Power Adapter, Intuitive Touch Controls, Màn hình thông minh, for iPhone 17/ 17 Air/ 17 Pro series, MacBook, , Samsung Galaxy, Pixel, and More",272 Đã bán,https://www.lazada.vn/products/pdp-i3135724311.html,
Phụ kiện Máy tính,Vinetteam Store,1.890.000 ₫,-39%,1152900,-5,5,"Bàn phím cơ gaming bluetooth M87 LED RGB có Hotswap, White Switch, 3 Chế Độ Kết Nối tương thích với hệ điều hành MAC, Windows, và Android",15 Đã bán,https://www.lazada.vn/products/pdp-i2612031386.html,
Phụ kiện Máy tính,FL-Esports Authentic Store,,,,,,Bàn phím cơ chơi game có dây FLEsport CMK98SA Graphite Green RGB - Hotswap - Led RGB - Kết nối USB - Kailh Box switch - Hàng chính hãng,,https://www.lazada.vn/products/pdp-i1966535395.html,
Phụ kiện Máy tính,FL-Esports Authentic Store,,,,,,Bàn phím cơ có dây FLEsport CMK87SA  Ice Mint RGB - Hotswap - Led RGB - Kết nối USB - Kailh Box switch - Hàng chính hãng,,https://www.lazada.vn/products/pdp-i1966017868.html,
Phụ kiện Máy tính,TungCustom,,,,-1,5,"Kit bàn phím customLMK81 3 mode ,led rgb, Có núm chỉnh âm thanh đã mod full TungPhimCoCustom",,https://www.lazada.vn/products/pdp-i2209082764.html,
Thiết bị đeo thông minh,Xiaomi Official Store,1.170.000 ₫,-9%,1064700,-86,4.8,[New]  Xiaomi Smart Band 10 Glimmer Edition Glimmer Gold & Xiaomi Smart band 10 & Xiaomi Smart Band 10 Ceramic Edition Pearl White,339 Đã bán,https://www.lazada.vn/products/pdp-i3130707924.html,
Thiết bị nhà bếp,Tefal Flagship Store,5.290.000 ₫,-46%,2856600,-1344,4.8,Máy xay sinh tố và làm sữa hạt đa năng Tefal BL967B66 - 1300W,154 Đã bán,https://www.lazada.vn/products/pdp-i2739921606.html,
Phụ kiện Máy tính,TungCustom,,,,,,"Kit bàn phím cơ m1w darknight và kit M3w nhôm nguyên khối 3 mode ,Led rgb,Hotswap, mạch xuôi đã mod tại Tungcustom",,https://www.lazada.vn/products/pdp-i2507669752.html,
Thiết bị đeo thông minh,myFirst Kids,3.890.000 ₫,-14%,3345400,-2,5,Đồng hồ thông minh myFirst Fone R1s Gọi Video 4G|Đo Nhịp Tim | Định Vị GPS |Chống nước,5 Đã bán,https://www.lazada.vn/products/pdp-i3063115160.html,
Nhà thông minh,HUNONIC HÀ NỘI,2.990.000 ₫,-23%,2302300,-43,4.8,"Loa thông minh Olli Maika - Trợ Lý Ảo Tiếng Việt, Điều Khiển Nhà Thông Minh, Nghe Nhạc, Giải Trí",140 Đã bán,https://www.lazada.vn/products/pdp-i1524393311.html,
"Thiết bị sưởi, làm lạnh và thông gió",Masuto,2.400.000 ₫,-39%,1464000,-9,4.6,"Quạt Điện Ion Âm Thông Minh Masuto MSSmartAir, Điều Khiển giọng nói AI, 12 Cấp Độ, Oxy Bổ Sung, Remote - Chất Liệu Quartz, Không Cứng, Phù Hợp Gia Đình",35 Đã bán,https://www.lazada.vn/products/pdp-i3050516107.html,
Thiết bị nhà bếp,Moah.kr,,,,,,"Nồi Cơm Điện Áp Suất Thông Minh by Moah - 1,2L - Màn hình Led cảm ứng",,https://www.lazada.vn/products/pdp-i3136668965.html,
Phụ kiện điện thoại & máy tính bảng,Essager Direct Store,5.319.440 ₫,-51%,2606525,,,Essager 27000mAh sạc dự phòng 220 Wát siêu-sạc nhanh với USB-C & Multiport USB cho máy tính xách tay máy tính xách tay máy tính bảng điện thoại di động,,https://www.lazada.vn/products/pdp-i2623403589.html,
Phụ kiện điện thoại & máy tính bảng,BEN BEN TPHCM,1.060.000 ₫,-92%,84800,-397,4.4,[BẢO HÀNH TOÀN QUỐC - TẶNG CÁP SẠC NHANH 39K ] - PIN DỰ PHÒNG LCD MẶT GƯƠNG DUNG LƯỢNG 30000MAH - SẠC DỰ PHÒNG CÓ ĐÈN LED HIỂN THỊ DUNG LƯỢNG PIN - HỖ TRỢ SẠC NHANH,718 Đã bán,https://www.lazada.vn/products/pdp-i2588028001.html,
Phụ kiện điện thoại & máy tính bảng,PARHJg.Selection,44.700 ₫,-62%,16986,-8787,4.8,Kính Lúp Màn Hình Điện Thoại 3D HD – Biến Màn Hình Nhỏ Thành Rạp Phim Di Động,25.2K Đã bán,https://www.lazada.vn/products/pdp-i2518113815.html,
Phụ kiện điện thoại & máy tính bảng,BEN BEN TPHCM,178.000 ₫,-53%,83660,-24,5,"[KÈM CÁP SẠC - SALE XÃ KHO] SẠC DỰ PHÒNG LCD MÀN HÌNH GƯƠNG CAO CẤP - PIN DỰ PHÒNG 30000MAH - PIN SẠC DỰ PHÒNG MẶT GƯƠNG, 2 CỔNG SẠC, SẠC MỌI DÒNG ĐIỆN THOẠI - SẠC DỰ PHÒNG GƯƠNG ĐEN GIÁ SỐC",29 Đã bán,https://www.lazada.vn/products/pdp-i3178901353.html,
Phụ kiện điện thoại & máy tính bảng,MỘC ÂN SHOP TPHCM,178.000 ₫,-54%,81880,-21,4.9,"[KÈM CÁP SẠC - SALE XÃ KHO] SẠC DỰ PHÒNG LCD MÀN HÌNH GƯƠNG CAO CẤP - PIN DỰ PHÒNG 30000MAH - PIN SẠC DỰ PHÒNG MẶT GƯƠNG, 2 CỔNG SẠC, SẠC MỌI DÒNG ĐIỆN THOẠI - SẠC DỰ PHÒNG GƯƠNG ĐEN GIÁ SỐC",30 Đã bán,https://www.lazada.vn/products/pdp-i3178797515.html,
Dụng cụ cầm tay & phụ kiện,Minh Khôi Electric,200.000 ₫,-42%,116000,-7,5,"Đồng hồ vạn năng Samwa YX360-TRn tặng kèm pin,đồng hồ điện tử,máy đo vạn năng, đo điện,đồng hồ đa năng đo điện trở",15 Đã bán,https://www.lazada.vn/products/pdp-i2427762199.html,
Điện,Hanhstore247,,,,,,"Ổ cắm điện đa năng thông minh có cổng USB tiện dụng, Ổ Điện Đa Năng Loại Xịn Có Cổng Gắn USB Sạc Điện Thoại Kiêm Đèn Ngủ Tiện Lợi, o cam dien , ổ cắm điện giá rẻ hh029",,https://www.lazada.vn/products/pdp-i2911832241.html,
Dụng cụ đo lường,Deli Tools Việt Nam,540.750 ₫,-38%,335265,-83,4.8,Đồng hồ vạn năng Deli chính hãng - Màn hình LED kỹ thuật số - Phạm vi đo 600V - Bảo hành 12 tháng - DL8490,104 Đã bán,https://www.lazada.vn/products/pdp-i1951827172.html,
Điện,Bull Socket,2.222.000 ₫,-64%,799920,,,Bull | Ổ Cắm Điện Bàn Đa Năng Sạc Nhanh 67W Hiển Thị Số USB,,https://www.lazada.vn/products/pdp-i3234368977.html,
Điện,smart family store,157.600 ₫,-19%,127656,-30,5,【🔥Rẻ】Đồng Hồ Vạn Năng DT9205A Đồng Hồ Vạn Năng Thông Minh Màn Hình Kỹ Thuật Số Độ Chính Xác Cao Dụng Cụ Kiểm Tra Bảo Trì Thợ Điện,80 Đã bán,https://www.lazada.vn/products/pdp-i2193021836.html,
Điện,ANENG  Store,898.858 ₫,-35%,584257,-125,4.9,ANENG Đồng Hồ Vạn Năng Chuyên Nghiệp 683 Số Đếm 6000 Ampe Kế Dòng Điện AC/DC Kẹp Thử Điện Đồng Hồ Vạn Năng NCV Màn Hình Cảm Ứng Thông Minh Khác,190 Đã bán,https://www.lazada.vn/products/pdp-i2201132609.html,
Điện,ANENG Tool Store,377.000 ₫,-58%,158340,,,【Aneng】đồng Hồ Kẹp Kỹ Thuật Số Đồng Hồ Vạn Năng DC/AC Điện Dung Dòng Điện Diode NCV Ohm Dụng Cụ Kiểm Tra,,https://www.lazada.vn/products/pdp-i2181772925.html,
Điện,Golden stars,162.800 ₫,-49%,83028,-55,4.9,"Ổ power plug smart 5 plugs, 2 ports USB charger, 9 universal socket wire long 1.8 meters-drive electric multi-purpose have switch, intelligent electric, power plug anti-shock, plug multi-purpose，Use for up to 2,000 ,W",69 Đã bán,https://www.lazada.vn/products/pdp-i2030367492.html,
Dụng cụ đo lường,ABG Official Store,1.210.000 ₫,-46%,653400,-10,5,Đồng Hồ Đo Điện Vạn Năng Zoyi Zt-Y Cao Cấp Đo Điện Vạn Năng Tự Động 9999 Số Đếm - Hàng Chính Hãng - Bảo Hành 12 Tháng,25 Đã bán,https://www.lazada.vn/products/pdp-i1995280201.html,
Điện,KUAIQU,968.000 ₫,-49%,493680,-24,5,【Ready Stock】UNIT Digital Multimeter True RMS UT890C UT890D+ Manual Range AC DC Frequency Capacitance Temperature Tester Backligh,14 Đã bán,https://www.lazada.vn/products/pdp-i852952507.html,
Điện,Morefine,405.000 ₫,-30%,283500,,,【Nhiều hơn】 đa năng kế kỹ thuật số nhỏ gọn để kiểm tra điện áp và điện dung chính xác chất lượng cao,,https://www.lazada.vn/products/pdp-i3223880459.html,
Thiết bị giặt là & chăm sóc trang phục,PHILIPS Flagship Store,1.399.000 ₫,-29%,993290,-156,5,Bàn Ủi Hơi Nước Cầm Tay Philips STH3010/30 - Hàng Phân Phối Chính Hãng,695 Đã bán,https://www.lazada.vn/products/pdp-i2598564810.html,
"Thiết bị sưởi, làm lạnh và thông gió",Nhãn hiệu cửa hàng chuyên doanh,1.210.000 ₫,-51%,592900,-37,4.8,"Sharp Quạt Sạc Tích Điện , Quạt Điều Hòa, quạt lưu thông không khí，2400mAh Sân thượng/mặt đất/tường ba mục đích，Quạt Mini Fan Để Bàn Xoay 180 Độ,Quạt Tích Điện Để Bàn Nhỏ Gọn Cực Mát",76 Đã bán,https://www.lazada.vn/products/pdp-i2649464185.html,
Smartphones,HONOR Vietnam,11.390.000 ₫,-22%,8884200,-2,5,Điện Thoại Honor 400 Lite 5G| Camera 108MP | Pin 5230mAh | Bộ nhớ 256GB | Bảo hành 24 Tháng Hàng Chính Hãng,16 Đã bán,https://www.lazada.vn/products/pdp-i3121208664.html,
Phụ kiện Máy tính,WK Store,2.650.000 ₫,-14%,2279000,,,"Bàn phím cơ gaming Dareu A98 PRO (Bluetooth 5.0 / Wireless 2.4Ghz / Hotswap / DAREU Dream Switch, BH 24T)",,https://www.lazada.vn/products/pdp-i2343082358.html,
Phụ kiện Máy tính,E-Dra Authentic Store,,,,,,Bàn phím cơ không dây Bluetooth E-DRA EK396W - Gateron Switch - Keycap PBT Dyesub - Kết nối Bluetooth/ USB Type C,,https://www.lazada.vn/products/pdp-i1948215110.html,
Thiết bị nhà bếp,PHILIPS Flagship Store,2.799.000 ₫,-11%,2491110,-36,5,Máy Xay Cầm Tay Đa Năng Dòng 5000 Series Cao Cấp Philips HR2685/00 - Hàng Phân Phối Chính Hãng,122 Đã bán,https://www.lazada.vn/products/pdp-i2626565795.html,
Phụ kiện Máy tính,WK Store,1.550.000 ₫,-16%,1302000,-1,5,"Bàn Phím Cơ Dareu EK98 Pro | Bluetooth, 2.4G, Cắm Dây | Cherry PBT | Led RGB | Mới BH 24T",6 Đã bán,https://www.lazada.vn/products/pdp-i2654887600.html,
Smartphones,Xiaomi Official Store,,,,-2,5,"[New & Exclusive] POCO M7 | Pin khủng 7000mAh | Sạc nhanh 33W và sạc ngược 18W | Màn hình 6.9"" FHD+ tuyệt hảo | Snapdragon® 685 mạnh mẽ | Tần số quét AdaptiveSync 144Hz",9 Đã bán,https://www.lazada.vn/products/pdp-i3203849298.html,
Phụ kiện Máy tính,GiaPhuc Digital,,,,,,"Bàn phím game cơ học Logitech G512 - RGB Lightsync, 3 loại GX Switch, vật liệu cải tiến, cổng USB 2.0",,https://www.lazada.vn/products/pdp-i2093457346.html,
Phụ kiện điện thoại & máy tính bảng,UGREEN,2.423.000 ₫,-44%,1356880,-267,4.9,Bộ pin sạc dự phòng 25000mAh/20000mAh 145W/100W UGREEN | Cổng sạc nhanh USB-C | 3 cổng | Màn hình kỹ thuật số | Bảo hành 18 tháng 1 đổi 1 | 90597A 25188,934 Đã bán,https://www.lazada.vn/products/pdp-i2199416095.html,
Smartphones,SAMSUNG Flagship Store,,,,-17,5,"[SĂN SALE GIỮ CHUỖI 4.11] Điện thoại Samsung Galaxy S25+, Điện thoại AI, Tìm kiếm thông minh, Video camera đêm Nightography, Chip Snapdragon",105 Đã bán,https://www.lazada.vn/products/pdp-i2977981604.html,
Phụ kiện Máy tính,RAZER,4.990.000 ₫,-38%,3093800,,,"Bàn Phím Gaming Razer DeathStalker V2 Pro Tenkeyless | Có dây-Wireless 2,4 Ghz-Bluetooth | Switch Low-Profile | Led RGB",,https://www.lazada.vn/products/pdp-i2139018818.html,
Smartphones,SAMSUNG Flagship Store,,,,-29,5,"[SĂN SALE GIỮ CHUỖI 4.11] Điện thoại Samsung Galaxy S25, Điện thoại AI, Tìm kiếm thông minh, Video camera đêm Nightography, Chip Snapdragon",187 Đã bán,https://www.lazada.vn/products/pdp-i2977989664.html,
Smartphones,Xiaomi Official Store,9.990.000 ₫,-20%,7992000,-78,4.8,"Điện thoại thông minh POCO X7 Pro 5G (8+256GB | 12+256G) | Màn hình 6.67"" 120Hz AMOLED | D8400-Ultra | Camera 50MP OIS | Pin 6000mAh",236 Đã bán,https://www.lazada.vn/products/pdp-i3014290083.html,
Phụ kiện Máy tính,WK Store,1.820.000 ₫,-22%,1419600,,,"Bàn Phím Cơ AULA F75 3 Mode | USB 2.4G, Bluetooth, Type C (BH 24T)",,https://www.lazada.vn/products/pdp-i2826583965.html,
Máy tính bảng,Xiaomi Official Store,3.490.000 ₫,-29%,2477900,-42,4.9,Máy tính bảng REDMI Pad SE 8.7 Wifi (4+64G | 4+128GB | 6+128G ) | LCD 90Hz | MediaTek Helio G85 8 | Pin 6650mAh,151 Đã bán,https://www.lazada.vn/products/pdp-i3014413871.html,
Vệ sinh nhà cửa,Dyson,15.990.000 ₫,-11%,14231100,-1,5,[BRAND DAY 6.11: VC 15% Tối đa 1.5 Triệu] Máy hút bụi lau nhà Dyson Digital Slim Submarine™ (Khô và Uớt),,https://www.lazada.vn/products/pdp-i3160109696.html,
Smartphones,HONOR Vietnam,49.990.000 ₫,-2%,48990200,,,Điện Thoại Thông Minh Cao Cấp Honor Magic V5 5G 16GB+512GB | Màn hình 7.95 inch| Camera 50MP | Bảo Hành 24 Tháng Hàng Chính Hãng,7 Đã bán,https://www.lazada.vn/products/pdp-i3200717822.html,
Smartphones,SAMSUNG Flagship Store,,,,-46,4.6,"[SĂN SALE GIỮ CHUỖI 4.11] Điện thoại Samsung Galaxy S24, Điện thoại AI, Camera 50MP, Màn hình 6,2"" FHD+, Hiệu năng mạnh mẽ",241 Đã bán,https://www.lazada.vn/products/pdp-i2533183500.html,
Thiết bị đeo thông minh,HUAWEI,5.881.000 ₫,-32%,3999080,-483,5,Đồng Hồ Thông Minh | HUAWEI WATCH FIT 4 Series | Mỏng Nhẹ | Thể Thao & Sức Khỏe | Lên Đến 10 Ngày Sử Dụng| ECG,1.4K Đã bán,https://www.lazada.vn/products/pdp-i3085896052.html,
Thiết bị tiện ích USB,GlobalWonderShop,218.000 ₫,-57%,93740,-382,5,"Quạt Điện Cầm Tay Mini Không Chổi Than, Sạc USB, Công Suất Gió Mạnh, Kiểu Dáng Máy Bay Nhỏ Gọn, Dùng Để Làm Mát Cá Nhân",1.9K Đã bán,https://www.lazada.vn/products/pdp-i3155183152.html,
Thiết bị đeo thông minh,SAMSUNG Flagship Store,,,,-2,3,"[SĂN SALE GIỮ CHUỖI 4.11] Đồng hồ thông minh Samsung Galaxy Watch Ultra (2025), Galaxy AI, Thiết kế từ Titan, 47mm",37 Đã bán,https://www.lazada.vn/products/pdp-i3141492243.html,
Thiết bị đeo thông minh,SAMSUNG Flagship Store,11.990.000 ₫,-17%,9951700,-3,5,"[SĂN SALE GIỮ CHUỖI 4.11] Đồng hồ thông minh Samsung Galaxy Watch8, Galaxy AI, Đồng hồ mỏng nhất, Theo dõi sức khỏe toàn diện, 40mm & 44mm",24 Đã bán,https://www.lazada.vn/products/pdp-i3141477312.html,
Phụ kiện Máy tính,vintagelifestyle,5.590.000 ₫,-16%,4695600,-2,5,Bàn phím cơ không dây bluetooth phiên bản 1% trong suốt transparent chống nước có đèn LED Lofree chính hãng,5 Đã bán,https://www.lazada.vn/products/pdp-i2056797119.html,
Thiết bị nhà bếp,EPICURE Store,,,,,,"Ấm đun nước siêu tốc SMEG KLF04, Tùy Chỉnh Nhiệt Độ, Dung Tích 1.7 Lít, Nhập Khẩu Chính Hãng",,https://www.lazada.vn/products/pdp-i3185048720.html,
Thiết bị nhà bếp,ZODAN Corporation,280.000 ₫,-38%,173600,-1586,4.9,"Nồi nấu đa năng, nồi lẩu điện đa năng, nồi hấp cao cấp 28cm, 3.8L, bảo hành 1 năm",6.0K Đã bán,https://www.lazada.vn/products/pdp-i2075101237.html,
Smartphones,LeNgan _Store,,,,-139,4.7,"[SALE- RẺ HỦY DIỆT ] Điện thoại giá rẻ Samsung Galaxy A71 2sim ram 8G/128G, Cấu hình Cao Chiến mọi Game mượt, Chụp ảnh đẹp -CMSS",191 Đã bán,https://www.lazada.vn/products/pdp-i2890491278.html,
Smartphones,MYSON MOBILE,,,,-88,4.9,"điện thoại giá rẻ Realme 10 5G 2sim ram 8G/256G Chính Hãng, Cấu Hình khủng, Cày Gme nặng mượt,  - MSC",142 Đã bán,https://www.lazada.vn/products/pdp-i2867414503.html,
Phụ kiện điện thoại & máy tính bảng,NOBAHSI,,,,-133,4.8,"[SẠC MỌI DÒNG ĐIỆN THOẠI] PIN DỰ PHÒNG 20000MAH CAO CẤP - SẠC DỰ PHÒNG MINI 4IN1 THIẾT KẾ HIỆN ĐẠI SANG TRỌNG - PIN SẠC DỰ PHÒNG TÍCH HỢP 2 ĐÈN LED , HIỂN THỊ PHẦN TRĂM PIN",392 Đã bán,https://www.lazada.vn/products/pdp-i3047690496.html,
Điện thoại bàn,PTlG8cPR.Selection,12.000 ₫,-33%,8040,-1658,4.8,Giá xoay điện thoại di động đa năng kẹp xe ô tô giá đỡ xoay 360 độ,4.0K Đã bán,https://www.lazada.vn/products/pdp-i2429538969.html,
Phụ kiện điện thoại & máy tính bảng,Lacepulse Store,64.000 ₫,-14%,55040,-1,5,Lacepulse 丨 20000mAh gạo đen điện siêu mỏng xách tay điện nguồn trung tính Quà Tặng đóng gói phổ sạc nhanh đầu ra USB kép cho Android /IP,9 Đã bán,https://www.lazada.vn/products/pdp-i3112997882.html,
Phụ kiện điện thoại & máy tính bảng,Siêu thị nhập khẩu Sakurato,500.000 ₫,-48%,260000,-574,4.9,"Sạc Pin Dự Phòng 50000mah Bảo hành 12 tháng Trong Suốt Có đồng hồ Hiển Thị Hiệu Điện Thế(V), Cường độ dòng điện(A) tích hợp 10 đèn Led",2.1K Đã bán,https://www.lazada.vn/products/pdp-i2894406649.html,
Phụ kiện điện thoại & máy tính bảng,GUTEK,390.000 ₫,-41%,230100,-1480,4.9,Sạc dự phòng 50000mAh sạc nhanh 120W pin dung lượng lớn có dây cắm nhiều điện thoại - Gutek GT230,4.2K Đã bán,https://www.lazada.vn/products/pdp-i2730386858.html,
Điện thoại cơ bản,Hoàng Hà Mobile,810.000 ₫,-40%,486000,-28,4.9,"Điện thoại Viettel T2 4G 2,4"" - Chính hãng (lỗi 1 đổi 1 trong 100 ngày) (Dùng cho mọi nhà mạng)",92 Đã bán,https://www.lazada.vn/products/pdp-i2678176152.html,
Phụ kiện điện thoại & máy tính bảng,N6hHwUSJ,20.000 ₫,-40%,12000,-31,4.8,Cáp Sạc Nhanh 4 Trong 1 Sạc Chống Gẫy Chính Hãng Bảo Hành 12 tháng (tuandeptrai241091),111 Đã bán,https://www.lazada.vn/products/pdp-i2761312209.html,
Trường học & văn phòng,Globalshop,,,,,,"Máy tính VARIETY, Máy tính màu kẹo đa chức năng văn phòng phẩm, Đồ dùng học tập chất lượng cao Máy tính điện tử Mini ABS",,https://www.lazada.vn/products/pdp-i3217068251.html,
Điện,Thợ Máy,350.000 ₫,-4%,336000,-2,5,Đồng Hồ Đo Điện Zoyi ZT102A Đo Điện Vạn Năng Tự Động - Hàng Chính Hãng - Bảo Hành 12 Tháng,8 Đã bán,https://www.lazada.vn/products/pdp-i2567992832.html,
Điện,diymore Official Store,311.500 ₫,-33%,208705,-92,5,diymore Máy Kiểm Tra AN101 Đồng Hồ Vạn Năng Kỹ Thuật Số Di Động Vôn Kế Điện Áp Ohm Chống Cháy Có Thể Sạc Lại Tự Động Trên Phạm Vi Hoạt Động TRMS,64 Đã bán,https://www.lazada.vn/products/pdp-i2201123536.html,
Điện,GlobalTechMart,398.000 ₫,-23%,306460,,,MASTFUYI Đồng Hồ Vạn Năng Kỹ Thuật Số Thông Minh Màn Hình Lớn Phạm Vi Tự Động Điện Áp DC/AC Điện Dung Điện Trở Tần Số Diode Máy Kiểm Tra Vôn Kế,101 Đã bán,https://www.lazada.vn/products/pdp-i3227716855.html,
Điện,CH thiết bị đo điện Gex.vn,,,,-4,4.5,Công tơ điện tử 3 pha 1 biểu giá  trực tiếp 100A,25 Đã bán,https://www.lazada.vn/products/pdp-i2616535856.html,
Phụ kiện Máy tính,Long Hưng TechZone,5.699.000 ₫,-23%,4388230,,,"Bàn phím không dây Bluetooth Logitech G913 TKL Lightspeed - Hàng chính hãng - LED 16 triệu màu, độ dài dây đến 1.8m, cảm giác bấm cực tốt",,https://www.lazada.vn/products/pdp-i1890959049.html,
Thiết bị đeo thông minh,HUAWEI,,,,,,Đồng Hồ Thông Minh HUAWEI WATCH Ultimate | Kim Loại Lỏng Siêu Bền | Công Nghệ Lặn Sâu 150M | Liên Lạc Dưới Nước Bằng Sóng Siêu Âm | Đa Cảm Biến X-TAP,,https://www.lazada.vn/products/pdp-i3207508409.html,
Điện,CH thiết bị đo điện Gex.vn,,,,-1,5,Công tơ điện tử 3 pha 3  biểu giá trực tiếp 100A điện lực Emic,,https://www.lazada.vn/products/pdp-i2616701141.html,
Thiết bị nhà bếp,Zojirushi Official Store,5.290.000 ₫,-3%,5131300,,,"Bình Thuỷ Điện Zojirushi CD-LCQ50 - Chế Độ Giữ Nhiệt Thông Minh, Bơm Điện Tử Tiện Lợi, Khử Clo Và Tiết Kiệm Điện, Dung Tích 5L",,https://www.lazada.vn/products/pdp-i3107597799.html,
Điện,ESTONG Home,180.000 ₫,-31%,124200,-43,4.9,Kỹ Thuật Số Đồng Hồ Đo Dòng Điện Điện Áp Vôn Kế Bảng Ampe Kế Máy Đo Tần Số Màn Hình LED AC50-500V 1-140A Cài Đặt Nhúng,655 Đã bán,https://www.lazada.vn/products/pdp-i2214365058.html,
Điện,OKADY MALL,45.000 ₫,-20%,36000,-38,4.8,"Đa dây Ổ cắm điện với cổng USB cho gia đình, khách sạn, sử dụng tại văn phòng",309 Đã bán,https://www.lazada.vn/products/pdp-i3072876252.html,
Thiết bị nhà bếp,Zojirushi Official Store,5.490.000 ₫,-3%,5325300,,,"Bình Thuỷ Điện Zojirushi CD-JUQ30- Chức Năng Bơm Điện Tử, Giữ Nhiệt Tự Động, Khử Clo Trong Nước, Dung Tích 3L",,https://www.lazada.vn/products/pdp-i3111424014.html,
Điện thoại bàn,Refly,970.000 ₫,-23%,746900,-2,5,SOYES XS24 Pro Mini Android9.0 Điện thoại thông minh 3.0 inch RAM 2GB RAM 16GB ROM Nhận dạng khuôn mặt Dual SIM Mạng 3G Hỗ trợ Bluetooth WIFI Type-C Điện thoại nhỏ,8 Đã bán,https://www.lazada.vn/products/pdp-i2837863192.html,
Thiết bị đeo thông minh,HUAWEI,9.808.000 ₫,-10%,8827200,-6,5,Đồng Hồ Thông Minh | HUAWEI WATCH 5 | Công Nghệ Đa Cảm Biến X-TAP | Đo  SpO2 Từ Đầu Ngón Tay | Gọi Thoại eSIM,33 Đã bán,https://www.lazada.vn/products/pdp-i3115283757.html,
Điện thoại bàn,Refly,920.000 ₫,-0.10%,920.000 ₫,-3,5,SOYES XS15 Điện Thoại Thông Minh Mini Màn Hình 3.0 Inch RAM 2GB ROM 16GB Hỗ Trợ Bluetooth WIFI Điện Thoại Di Động Android 8.1,9 Đã bán,https://www.lazada.vn/products/pdp-i2415253264.html,
Phụ kiện Máy tính,KING SMART STORE,200.000 ₫,-59%,82000,,,G304 không dây Lightspeed Chuột chơi game đen/trắng,,https://www.lazada.vn/products/pdp-i3213841115.html,
Điện,juan juan store,372.485 ₫,-43%,212316,-31,5,Loại-C KWS-2303C đa chức năng màn hình hiển thị kỹ thuật số vôn kế điện một chiều 4-30 Vôn kế 12A Ampe kế sạc thiết bị kiểm tra dung lượng,136 Đã bán,https://www.lazada.vn/products/pdp-i2761545104.html,
Điện thoại bàn,Global Merch Park,725.000 ₫,-23%,558250,,,"Điện Thoại Di Động SERVO R25 PRO Có Tai Nghe Bluetooth Đài FM Ghi Danh Sách Đen Cuộc Gọi Dual SIM 2G Thiết Kế Thanh Tính Năng Với Màn Hình TFT 2,4 '",,https://www.lazada.vn/products/pdp-i3173271046.html,
Điện,Global Merch Park,637.000 ₫,-23%,490490,-22,5,ANENG 612 Đồng Hồ Vạn Năng Kỹ Thuật Số Thông Minh Công Cụ Đo Điện Dung Điện Áp AC/DC Thiết Bị Kiểm Tra Chuyên Nghiệp Với Màn Hình Kỹ Thuật Số,163 Đã bán,https://www.lazada.vn/products/pdp-i2726644490.html,
Điện,Taiye Electric,221.000 ₫,-9%,201110,,,Din Rail điện đồng hồ đo năng lượng AC80-270V 100A điện tử đồng hồ kWh wattmeter đa Ampe kế kỹ thuật số vôn kế TY2P-E,,https://www.lazada.vn/products/pdp-i2924917367.html,
Điện thoại bàn,MiraculousStore15re0,,,,,,"Điện thoại thông minh FUFFI 6.8 inch, điện thoại mở mạng 4G với bút cảm ứng, điện thoại phiên bản Android 12.0 với RAM 4G, điện thoại pixel 8+16MP, điện thoại hai sim",,https://www.lazada.vn/products/pdp-i3164651018.html,
Điện,Taiye Electric,334.000 ₫,-25%,250500,,,Ampe Kế Điện Áp Xoay Chiều Màn Hình Kỹ Thuật Số Din Rail D52-2058 Đồng Hồ Đo Tần Số Đồng Hồ Đo Điện,,https://www.lazada.vn/products/pdp-i2178374943.html,
Điện,pcbfun tool store,240.000 ₫,-35%,156000,-16,4.9,Đồng Hồ Đo Đa Năng AC80-300V 0-20A Điện Áp Dòng Điện Năng Lượng Điện 110V 220V Vôn Kế Màn Hình Kỹ Thuật Số LCD,39 Đã bán,https://www.lazada.vn/products/pdp-i2134439730.html,
Điện,Mao Yun,393.923 ₫,-46%,212718,-65,5,"Máy Kiểm Tra Điện Áp KWS-AC300 Vôn Kế, Đồng Hồ Đo Năng Lượng AC 50-300V LED Wattmeter Đồng Hồ Điện Có Chức Năng Đặt Lại 0-100A",45 Đã bán,https://www.lazada.vn/products/pdp-i1366222982.html,
Điện,Global Merch Park,747.000 ₫,-23%,575190,-18,5,"WINAPEX ET8104 True RMS Vạn Năng Kỹ Thuật Số 9999 Đếm Độ Chính Xác Cao Liên Tục AC/DC, Điện Dung Điện Dung Chống Máy",10 Đã bán,https://www.lazada.vn/products/pdp-i2625108498.html,
Điện,Global Merch Park,72.000 ₫,-22%,56160,-36,4.3,Kỹ Thuật Số Kẹp Mét 4000 Đếm Điện Áp Hiện Tại Điện Trở Điện Dung Diode Bút Thử Đồng Hồ Vạn Năng Thông Minh Với Chức Năng Ohm Đo,89 Đã bán,https://www.lazada.vn/products/pdp-i2777311101.html,
Điện,Taiye Electric,126.000 ₫,-8%,115920,,,Bộ Điều Chỉnh Điện Áp AC 0-500V Màn Hình LCD Đồng Hồ Hiển Thị Kỹ Thuật Số Vôn Kế 3 Dây D85-21,,https://www.lazada.vn/products/pdp-i2069370348.html,
Điện,Taiye Electric,321.000 ₫,-9%,292110,-10,5,D69-2058 6in1 vôn kế hiện tại Ampe kế Hệ số công suất điện năng lượng máy đo tần số Bảng điều khiển kỹ thuật số wattmeter LCD Volt Amp,65 Đã bán,https://www.lazada.vn/products/pdp-i2273270006.html,
Điện,Taiye Electric,145.000 ₫,-2%,142100,,,Din Rail đa chức năng Ampe kế kỹ thuật số vôn kế đồng hồ đo năng lượng điện 100A dòng điện áp đồng hồ kWh,,https://www.lazada.vn/products/pdp-i2281016374.html,
Điện,Taiye Electric,302.000 ₫,-26%,223480,-5,5,AC Điện Áp Kế Ampe Kế Power Meter Hệ Số Công Suất Tester Kỹ Thuật Số Hiển Thị Đồng Hồ Năng Lượng Wattmeter Thiết Lập Lại DL69-2047,,https://www.lazada.vn/products/pdp-i2032222836.html,
Phụ kiện Máy tính,HAWEEL.Achoice-VN,15.000 ₫,-33%,10050,-2657,4.9,"Thảm bàn PU Mouse Pad hai mặt, Kích thước: 60 x 30cm",8.7K Đã bán,https://www.lazada.vn/products/pdp-i2518438457.html,
Đồ chơi cho trẻ sơ sinh & trẻ nhỏ,5rsdiD.Selection,45.800 ₫,-29%,32518,-2508,4.9,"Đèn ngủ LED chiếu sáng trần nhà , tạo không gian sống động vui nhộn ........Nhiều màu sắc lựa chọn",7.0K Đã bán,https://www.lazada.vn/products/pdp-i2537949166.html,
Smartphones,LPK_dienthoaigiare,339.000 ₫,-12%,298320,-41,4.4,dienthoaigiare J2prime_g532  hõ trợ thẻ nhớ  zalo facebok tiktok ... nghe gọi vào mạng tải app ok,106 Đã bán,https://www.lazada.vn/products/pdp-i2411881944.html,
Máy tính bảng,Đèn Led Thúy Nga,,,,-2,5,Mắt đèn led 36v 50w,10 Đã bán,https://www.lazada.vn/products/pdp-i1855156337.html,
Phụ kiện điện thoại & máy tính bảng,Shop Tuấn Tử Tế,100.000 ₫,-45%,55000,,,"[SS] Sạc dự phòng, Pin dự phòng 2 cổng USB Sạc nhanh,màu trắng nhỏ gọn tiện lợi ( (tuantute2410)",,https://www.lazada.vn/products/pdp-i3167830965.html,
Điện thoại bàn,MYSON MOBILE,427.000 ₫,-30%,298900,-16,5,"[SỐC CỦA SALE] điện thoại A78 - A78 5G máy 2sim ram 8G/256G, Cấu hình mạnh đỉnh Cày PUBG/Liên Quân/Free Fire/Tiktok siêu mượt Máy đủ màu",32 Đã bán,https://www.lazada.vn/products/pdp-i3130124184.html,
Phụ kiện điện thoại & máy tính bảng,z9PCM2GN,238.000 ₫,-38%,147560,-14,4.1,Sạc dự phòng 50000mAh sạc nhanh 120W pin dung lượng lớn có dây cắm nhiều điện thoại LED,55 Đã bán,https://www.lazada.vn/products/pdp-i3098585910.html,
Vệ sinh nhà cửa,d3odSmYq.Selection,64.000 ₫,-47%,33920,-1413,4.9,"Máy Hút Bụi Ô Tô Không Dây 120W – Nhỏ Gọn, Mạnh Mẽ, Dùng Nguồn Sạc 12V – Trọng Lượng 310g, 17x12cm",3.9K Đã bán,https://www.lazada.vn/products/pdp-i2507825435.html,
Phụ kiện điện thoại & máy tính bảng,Linh Kiện Pin 247 HCM,145.000 ₫,-46%,78300,-11,5,"LK247 Mạch Sạc Nhanh Dự Phòng QC5A 22.5W Max Sạc Nhanh 2 Chiều Type-C tích hợp Bảo Vệ pin 3.7v 18650, 21700 pin lipo 10.000mah",47 Đã bán,https://www.lazada.vn/products/pdp-i3065523239.html,
Điện thoại bàn,BSNT.PN,,,,-39,4.5,"[SALE SỐC] điện thoại Y56 5G ram 8G/256G 2sim màn hình to, Camera siêu đẹp, cấu hình khủng, Cày Game nặng siêu mượt mà- BN",56 Đã bán,https://www.lazada.vn/products/pdp-i3008603977.html,
Đèn,My Home - Tiệm Decor,132.096 ₫,-48%,68689,-72,4.9,[Voucher 50K| 25.06 29.06] Đèn học để bàn tích điện kết hợp dải led 3 màu sắc điều chỉnh độ sáng và có giá để bút tiện lợi DN112,210 Đã bán,https://www.lazada.vn/products/pdp-i2206178957.html,
Trang trí nhà cửa,Cogi Home,170.000 ₫,-22%,132600,,,"Đồng Hồ Điện Tử LED LCD Decor Để Bàn Hiển Thị Thời Gian Ngày Tháng Nhiệt Độ, Tích Hợp 3 Báo Thức",,https://www.lazada.vn/products/pdp-i3198613233.html,
Điện,Auto Tour,400.000 ₫,-40%,240000,,,"Đồng Hồ Đo Năng Lượng Dòng Điện Điện Áp LCD Kỹ Thuật Số, AC80-260V 100A 20A Chỉ Số Vôn Kế Ampe Kế Wattmeter Tester Detector TX-061",,https://www.lazada.vn/products/pdp-i3021278373.html,
Điện,chasoee,,,,,,Đồng hồ đo năng lượng LCD kỹ thuật số 3 pha 4 dây 7P Đồng hồ đo điện tử KWh Đồng hồ đo điện DIN-Rail 3 x 220V/380V,32 Đã bán,https://www.lazada.vn/products/pdp-i2628234135.html,
Dụng cụ cầm tay & phụ kiện,MOTORBIKE 666,,,,,,"Đồng Hồ Đo Điện Ampe Kế ,Vôn Kế ,Điện Trở UT33D",5 Đã bán,https://www.lazada.vn/products/pdp-i3123003360.html,
Điện,SimpleProject Home,199.868 ₫,-13%,173885,-145,4.8,"Vôn Kế, Đồng Hồ Vạn Năng Kỹ Thuật Số Bỏ Túi AC/DC XB866-INTL",333 Đã bán,https://www.lazada.vn/products/pdp-i1089560157.html,
Trang trí nhà cửa,Coleen Decor bàn học,100.000 ₫,-30%,70000,,,Đồng Hồ Đa Chức Năng Mặt LED Điện Tử Báo Thức Để Bàn (tặng kèm pin) Trang Trí Bàn Học Decor COLEEN,,https://www.lazada.vn/products/pdp-i2863762054.html,
Camera giám sát & hệ thống,EZVIZ Flagship Store,999.000 ₫,-57%,429570,-14,5,"Camera WI-FI EZVIZ H1C 1080p, Trong Nhà, Đàm Thoại 2 Chiều, Phát Hiện Chuyển Động",56 Đã bán,https://www.lazada.vn/products/pdp-i3030647607.html,
Dụng cụ đo lường,Lucky Store SG,626.000 ₫,-27%,456980,-17,4.5,"Thước Điện Tử, Thước Đo Độ Dài, Thước Đo Diện Tích Khoảng Cách Từ Xa 40m. Mua Ngay Thước Đo Bằng Tia Laze Độ Chính Xác Cao, Màn Hình LCD, Công Nghệ Chống Nước IP54, Đo Nhiều Chế Độ. Bảo Hành 1 Đổi 1.",36 Đã bán,https://www.lazada.vn/products/pdp-i305448608.html,
Phụ kiện Máy tính,Patech Electronics,,,,-1,5,"Bàn Phím Cơ Có Dây Gaming Newmen GM326, LED Rainbow, Keycap Doubleshot Xuyên Led, Hotswap - Hàng Chính Hãng, Bảo Hành 24 Tháng",,https://www.lazada.vn/products/pdp-i2506465894.html,
Điện,Global Merch Park,303.000 ₫,-23%,233310,-380,4.9,ANENG M118A Mini Kỹ Thuật Số Đồng Hồ Vạn Năng Máy Kiểm Tra Không Tiếp Xúc Cảm Ứng AC/DC Điện Áp Dòng Điện Điện Dung True RMS Phạm Vi Tự Động Multimetro,1.1K Đã bán,https://www.lazada.vn/products/pdp-i2562806784.html,
Điện,GlobalLifestyle,967.000 ₫,-37%,609210,,,"SUNSHINE DT-890N Vạn Năng Kỹ Thuật Số Độ Chính Xác Cao AC/DC, Điện Trở Máy Thông Minh Chống Đốt Tính Năng",,https://www.lazada.vn/products/pdp-i3188854684.html,
Điện,Global Merch Park,1.110.000 ₫,-39%,677100,-114,5,ANENG 683 Đồng Hồ Vạn Năng Màn Hình Cảm Ứng Thông Minh 6000 Đếm Ampe Kế Kỹ Thuật Số Có Thể Sạc Lại AC/DC Máy Đo Dòng Điện NCV Diode Dành Cho Thợ Điện,184 Đã bán,https://www.lazada.vn/products/pdp-i2562654978.html,
Điện,Taiye Electric,354.000 ₫,-2%,346920,,,Ba pha bốn dây Din Rail Đồng hồ đo năng lượng 380V LCD điện tử Watt Power Meter wattmeter kWh 100A AC LCD 7p 50Hz 3p4w dts017,,https://www.lazada.vn/products/pdp-i2652015025.html,
Phụ kiện điện thoại & máy tính bảng,Global Merch Park,625.000 ₫,-23%,481250,-54,4.9,Bộ Sạc USB 6 Cổng Hub Charge 6 Thiết Bị Đồng Thời Với Màn Hình LED Hiển Thị Điện Áp Và Dòng Điện Bộ Sạc Máy Tính Để Bàn Nhanh,29 Đã bán,https://www.lazada.vn/products/pdp-i2626888194.html,
Điện,Taiye Electric,524.000 ₫,-2%,513520,,,Ba pha bốn dây Din Rail Đồng hồ đo năng lượng 380V LCD điện tử Watt Power Meter wattmeter kWh 100A AC LCD 7p 50Hz 3p4w dts017,,https://www.lazada.vn/products/pdp-i2652609603.html,
Thiết bị đeo thông minh,High luxury watches,999.999 ₫,-15%,849999,,,Sức khỏe ECG PPG Đồng hồ thông minh et450 ai chẩn đoán y tế đường huyết không thấm nước Đồng hồ trái tim Thiết bị đeo tay đồng hồ thông minh ES,,https://www.lazada.vn/products/pdp-i2616984580.html,
Điện,UNI-T Official Store,,,,,,Đồng Hồ Vạn Năng Kỹ Thuật Số UNI-T Đồng Hồ Đo Dòng Điện Điện Áp AC DC UT139C Máy Kiểm Tra Tần Số Nhiệt Độ RMS Thực Sự Cầm Tay Điện NCV,,https://www.lazada.vn/products/pdp-i2034496431.html,
Phụ kiện Máy tính,KONG 3C STORE [vn],2.779.111 ₫,-30%,1945377,,,"Bàn phím chơi game không dây Attack Shark X85Pro Macro - Màn hình màu TFT, Có thể hoán đổi nóng, RGB, Bluetooth 5.0, Pin 4000mAh, Núm tùy chỉnh, Giá đỡ gioăng, dành cho PC/MAC, Công tắc Linear Blueberry",,https://www.lazada.vn/products/pdp-i2934136682.html,
Thiết bị đeo thông minh,NineWind  Offical Shop.VN,999.999 ₫,-16%,839999,-34,4.5,NineWind P11 cộng với vòng đeo tay thông minh ECG không xâm lấn nhiệt độ đường huyết Nhịp tim Oxy máu huyết giám sát áp suất không thấm nước chuyển động đếm bước sức khỏe giám sát dữ liệu đồng hồ,42 Đã bán,https://www.lazada.vn/products/pdp-i2336841622.html,
Điện,THIẾT BỊ ĐIỆN HÙNG PHÁT,290.000 ₫,-35%,188500,-5,5,"Công tơ điện 1P 5(20)A,10(40)A dùng đo số điện phòng trọ,nhà ở",44 Đã bán,https://www.lazada.vn/products/pdp-i1667183182.html,
Smartphones,HOANG MOBILE 47,3.145.000 ₫,-46%,1698300,-6,4.7,Điện thoại A56 5G siêu đẹp cấu hình ổn 8GB/256GB thiết kế trẻ trung camera AI chụp ảnh siêu đẹp,10 Đã bán,https://www.lazada.vn/products/pdp-i3191867537.html,
Phụ kiện điện thoại & máy tính bảng,BEN BEN TPHCM,161.000 ₫,-50%,80500,-55,4.2,"[HÀNG TỐT] PIN SẠC DỰ PHÒNG 30000MAH MẶT KÍNH CƯỜNG LỰC CAO CẤP - PIN BỀN, SẠC NHANH, DÙNG CẢ NGÀY KHÔNG HẾT PIN, TUỔI THỌ PIN HƠN 999 LẦN SẠC",168 Đã bán,https://www.lazada.vn/products/pdp-i935348361.html,
Điện,phukienlegiasi,120.000 ₫,-28%,86400,-2,5,Đồng Hồ Đo Vạn Năng Kỹ Thuật Số Tự Động Aneng DM850,6 Đã bán,https://www.lazada.vn/products/pdp-i2891356358.html,
"Thiết bị sưởi, làm lạnh và thông gió",KHO GIA DỤNG QUANG BÁCH,370.000 ₫,-35%,240500,,,"ĐÈN SƯỞI NHÀ TẮM 3 BÓNG  KOTTMANN MODEL K3B-G, ĐÈN 3 BÓNG CONG CAMAC CM03A CÔNG SUẤT 825W. BÓNG ĐÈN SƯỞI  R125 CÔNG SUẤT 275W HÀNG ĐẸP LOẠI 1",,https://www.lazada.vn/products/pdp-i3109003394.html,
Phụ kiện điện thoại & máy tính bảng,ESSAGER,1.598.000 ₫,-71%,463420,-2164,4.9,Essager usba22.5w sạc dự phòng s xách tay 20000mah màn hình hiển thị kỹ thuật số với loại c cáp lightning micro sạc nhanh 10000mah 4 đầu ra 2 lnputs sạc dự phòng s cho pd20w iphone15pro Huawei Mate 60 Samsung máy tính bảng máy tính xách tay bộ sạc điện th,5.6K Đã bán,https://www.lazada.vn/products/pdp-i2659434386.html,
Phụ kiện điện thoại & máy tính bảng,GlobalLifestyle,363.000 ₫,-57%,156090,-248,5,Transformers 35W PD Sạc Nhanh TF-K21 GaN USB A + Loại C 2 Cổng Có Thể Gập Lại Có Đèn LED Dành Cho Samsung Huawei Qualcomm,929 Đã bán,https://www.lazada.vn/products/pdp-i3027676947.html,
Phụ kiện điện thoại & máy tính bảng,CleverOfficial Store,132.000 ₫,-49%,67320,-68,4.6,⚡Miễn Phí Vận Chuyển⚡Pin Sạc Dự Phòng 1.5V AA / AAA 9800mAh Kèm 4 Pin Chất Lượng Cao Máy Sạc,215 Đã bán,https://www.lazada.vn/products/pdp-i3068616823.html,
Dụng cụ cầm tay & phụ kiện,Điện Hoàn Cầu,200.000 ₫,-1%,198000,,,Công tơ điện tử 1 pha 80A LS-Electric 4 thông số siêu chính xác có sơ đồ hướng dẫn đấu nối,22 Đã bán,https://www.lazada.vn/products/pdp-i2575282687.html,
Thiết bị nhà bếp,PAIFA.Selection,85.700 ₫,-38%,53134,-1207,4.9,"Máy đánh trứng cầm tay , bằng điện , nhiều đầu tiện dụng , dành cho gia đình",3.4K Đã bán,https://www.lazada.vn/products/pdp-i2519407671.html,
Điện thoại cơ bản,NOKIA4G - 18nd,295.000 ₫,-10%,265500,-4,5,ĐIỆN THOẠI NOKIA N105/4G CHÍNH HÃNG,8 Đã bán,https://www.lazada.vn/products/pdp-i3204897506.html,
Smartphones,Nguyên Lê Store,1.200.000 ₫,-46%,648000,-43,4.9,điện thoại SS.A10s 2sim ram 3G bộ nhớ trong 32GB nguyên zin đẹp keng,108 Đã bán,https://www.lazada.vn/products/pdp-i3139382615.html,
Máy tính bảng,Đèn Led Thúy Nga,,,,-15,4.9,Nguồn tổ ong 5v 5a 10a 20a 40a 60a 70a,75 Đã bán,https://www.lazada.vn/products/pdp-i1850913147.html,
Máy tính bảng,Đèn Led Thúy Nga,,,,,,Chấn Lưu 24w - 36w driver,,https://www.lazada.vn/products/pdp-i1990005883.html,
Phụ kiện điện thoại & máy tính bảng,UEDENSHI_SHOP,,,,-47,5,Sạc dự phòng chính hãng lỗi mạch lấy cell pin 18650 dung lượng 2.500mah siêu tiết kiệm kinh phí,119 Đã bán,https://www.lazada.vn/products/pdp-i2304439784.html,
Phụ kiện điện thoại & máy tính bảng,SeasTina MALL,104.000 ₫,-50%,52000,-38,3.7,"SeasTina mini pin sạc dự phòng với bốn được xây dựng trong cáp, 20000mAh dung tích lớn đồ sạc di động",88 Đã bán,https://www.lazada.vn/products/pdp-i3138859648.html,
Phụ kiện điện thoại & máy tính bảng,Inno Tech,225.000 ₫,-60%,90000,-187,4.8,"Sạc Dự Phòng 10000mah Sạc Trực Tiếp Dây 15w, Kích Cỡ Viên Pin, Sạc 2 Điện Thoại Cùng Lúc, Thanh Đỡ Điện Thoại Xem Phim",620 Đã bán,https://www.lazada.vn/products/pdp-i2538264043.html,
Phụ kiện điện thoại & máy tính bảng,QP STORE.VN,300.000 ₫,-37%,189000,-235,4.8,"Sạc dự phòng TAKASHIO, sạc dự phòng không dây TAKASHIO 20.000mah- QP STORE",698 Đã bán,https://www.lazada.vn/products/pdp-i2335323522.html,
Phụ kiện điện thoại & máy tính bảng,JasmineStyle,86.000 ₫,-49%,43860,-12,4.5,"Jasminestyle mini pin sạc dự phòng với bốn được xây dựng trong cáp, 20000mAh dung tích lớn đồ sạc di động",46 Đã bán,https://www.lazada.vn/products/pdp-i3126954256.html,
Phụ kiện điện thoại & máy tính bảng,VUA BÁN LẺ 88,28.800 ₫,-44%,16128,-54,4.8,Box sạc dự phòng 1 pin (không pin),304 Đã bán,https://www.lazada.vn/products/pdp-i391834353.html,
Trang trí nhà cửa,TAO Home Décor,1.038.000 ₫,-12%,913440,,,Đồng Hồ Điện Tử LED Số Liệu Thời Gian Vạn Niên Không Đồng Hồ Báo Thức Sáng Tạo Phòng Khách Đồng Hồ Điện Tử Không Tiếng Hoạt Hình,615 Đã bán,https://www.lazada.vn/products/pdp-i2830961219.html,
Điện,ANENG  Store,322.454 ₫,-35%,209595,-60,4.7,"Aneng Đồng Hồ Kẹp Kỹ Thuật Số RMS Thật Đếm Được ST180 4000 Đồng Hồ Vạn Năng Điện Áp Dòng Điện Xoay Chiều Đo Đặc Biệt Dành Cho Thợ Điện Ampe Kế, Hiển Thị Đèn Nền Kiểm Tra Điện Áp Công Cụ Ohm Giữ Dữ Liệu NCV Tụ HZ",191 Đã bán,https://www.lazada.vn/products/pdp-i1279730475.html,
Dụng cụ cầm tay & phụ kiện,ZOYI Tools,,,,-1,5,Đồng Hồ Đo Điện Vạn Năng Zoyi ZT-101 Đo Điện Đa Năng Hiển Thị Kỹ Thuật Số Hàng Chính Hãng - Bảo Hành 12 Tháng,,https://www.lazada.vn/products/pdp-i2846181114.html,
Điện,EChipTECmall,408.600 ₫,-34%,269676,-1,5,Đồng Hồ Đo Điện Đa Năng Dòng Điện Và Điện Áp LCD Máy Kiểm Tra Đồng Hồ Hiển Thị Kỹ Thuật Số DC 7.5 -100V 0 -20A Vôn Kế Ampe Kế,8 Đã bán,https://www.lazada.vn/products/pdp-i1849004155.html,
Dụng cụ điện & phụ kiện,GlobalSuperBazaar,430.000 ₫,-23%,331100,,,"Bộ Dụng Cụ Điện Tử Máy Hiện Sóng Kỹ Thuật Số Mini DIY Với MCU STC8K8A Màn Hình OLED 0,96 Inch Dự Án Hàn Để Thực Hành Lắp Ráp",,https://www.lazada.vn/products/pdp-i3162804332.html,
Điện,Global Merch Park,452.000 ₫,-23%,348040,-99,5,ANENG ST184 Đồng Hồ Kẹp Kỹ Thuật Số True RMS Đồng Hồ Đo Dòng Điện Xoay Chiều 6000 Đếm Điện Áp DC Hz Điện Dung Ohm Kiểm Tra Đồng Hồ Vạn Năng Điện Chuyên Nghiệp,33 Đã bán,https://www.lazada.vn/products/pdp-i2562895259.html,
Điện,Mao Yun,459.577 ₫,-45%,252767,-41,5,Máy Kiểm Tra Năng Lượng Điện Kỹ Thuật Số Mới 2021 Vôn Kế Ampe Kế Đồng Hồ Đo Năng Lượng Điện Áp Dòng Điện Xoay Chiều 50-300V Đồng Hồ Vôn Kế Màn Hình LED Đồng Hồ Vạn Năng 0-100A,88 Đã bán,https://www.lazada.vn/products/pdp-i1513594130.html,
Điện,I know tool,212.000 ₫,-56%,93280,,,"Đồng Hồ Vạn Năng Kỹ Thuật Số LCD I Know, Đồng Hồ Đo Điện Áp Ôm Kế AC DC-Quốc Tế",,https://www.lazada.vn/products/pdp-i2095478520.html,
Dụng cụ đo lường,DI  SHI  DAI,349.843 ₫,-35%,227397,-5,5,KWS-AC301 wattmeter Power Meter vôn kế dòng điện xoay chiều 50-300V điện áp 50-60Hz Điện testerled AC Đồng hồ đo điện 0-20/100A Detector,40 Đã bán,https://www.lazada.vn/products/pdp-i3113479778.html,
Phụ kiện điện thoại & máy tính bảng,THANH CONG PLUS,269.000 ₫,-45%,147950,-21,4.3,"Pin dự phòng pin 20000mAh trong suốt dung lượng lớn sạc nhanh 22,5W cho nhiều thiết bị điện thoại",104 Đã bán,https://www.lazada.vn/products/pdp-i2671719022.html,
Phụ kiện điện thoại & máy tính bảng,vneIcRnO.Selection,60.500 ₫,-23%,46585,-27,4.3,"Pin Sạc Dự Phòng Aimier Mini – Sạc Nhanh PD, Màn Hình LCD Hiển Thị, Nhỏ Gọn Dễ Mang Theo – Tương Thích Nhiều Cổng Sạc",2.3K Đã bán,https://www.lazada.vn/products/pdp-i3140914720.html,
Phụ kiện điện thoại & máy tính bảng,Phucvudoisong,67.000 ₫,-24%,50920,-76,4.8,"Mạch sạc dự phòng QC 3.0 loại tốt. Có LCD hiển thị, 3 cổng vào 2 cổng ra chuẩn hãng ,DIY Sạc dự phòng",221 Đã bán,https://www.lazada.vn/products/pdp-i2066376915.html,
Phụ kiện Máy tính,LOGITECH Flagship Store,159.000 ₫,-34%,104940,-1194,4.9,Chuột quang Logitech B100 | Logitech M90 - Dây dài 1m8,6.3K Đã bán,https://www.lazada.vn/products/pdp-i260194005.html,
Máy tính bảng,Bear appliances store,1.700.000 ₫,-18%,1394000,-1,5,"Máy tính bảng PSD 6S hệ thống Android 15, chip Snapdragon 888, RAM 16GB, dung lượng ROM 512GB siêu lớn, camera 24MP và 48MP độ phân giải cao, pin 15000mAh, hỗ trợ mạng di động 3/4/G, Bluetooth, GPS và các chức năng khác, mỏng nhẹ dễ mang theo cho việc",,https://www.lazada.vn/products/pdp-i3195710393.html,
Nhà thông minh,Techcoro,125.000 ₫,-36%,80000,-68,4.9,"Công Tắc điều khiển từ xa RF 30A - 220V,  khoảng cách lên tới 100m",314 Đã bán,https://www.lazada.vn/products/pdp-i2193598183.html,
Smartphones,Nubia Redmagic,6.990.000 ₫,-6%,6570600,-11,5,Điện thoại Gaming Nubia Neo 3 GT 5G 24(12+12)GB I 256GB I Màn OLED 1300nits I Pin 6000mAh sạc 80w I Game Space - Hàng Chính Hãng,26 Đã bán,https://www.lazada.vn/products/pdp-i3078995505.html,
Smartphones,Hoàng Hà Mobile,2.990.000 ₫,-36%,1913600,-24,4.6,Điện thoại di động HTC Wildfire E3 lite (4GB/64GB) - Chính hãng,59 Đã bán,https://www.lazada.vn/products/pdp-i2435617043.html,
Điện,METERK,,,,,,Meterk Đồng Hồ Kẹp Dòng Điện Xoay Chiều Kỹ Thuật Số ST211 6000 Đếm Đồng Hồ Vạn Năng Phạm Vi Tự Động 400A Với Đèn Nền Đồng Hồ Đo Điện Áp Đồng Hồ Kẹp Kẹp Kiểm Tra NCV Ampe Kế Đồng Hồ Vạn Năng Máy Kiểm Tra Đo Nhiệt Độ/Điện Dung/Diode/Dòng Điện Xoay Chiều/AC/,,https://www.lazada.vn/products/pdp-i2147987995.html,
Thiết bị nhà bếp,Bear Home Electronics Appliances,859.000 ₫,-64%,309240,-803,4.9,BEAR | Bình Đun Nước Điện Có Tính Năng Cách Nhiệt Dành Cho Gia Đình,21 Đã bán,https://www.lazada.vn/products/pdp-i3195028521.html,
Đồ dùng làm vườn,Máy Sencomart Hoàng,,,,,,Máy Phát Điện 2KW Gia Đình Giá Rẻ,,https://www.lazada.vn/products/pdp-i2296909341.html,
Phụ kiện Tivi & thiết bị video,FmzWuP.Selection,20.100 ₫,-33%,13467,-1690,4.9,"Điều Khiển Từ Xa TV 4K Thông Minh (Nền Đen) – Chất Liệu ABS An Toàn, Thân Thiện Môi Trường & Bền Bỉ Cho Gia Đình!",8.5K Đã bán,https://www.lazada.vn/products/pdp-i2890678668.html,
Phụ kiện Máy tính,,,,,,,Fun60 Gaming Mechanical Keyboard 61-Key Wired Wireless Bluetooth Low Latency Magnetic Switches Anti-Ghosting for Esports,18 Đã bán,https://www.lazada.vn/products/pdp-i3176075812.html,
Phụ kiện điện thoại & máy tính bảng,Vention flagship store,186.500 ₫,-49%,95115,-147,5,"Vention Cáp USB Type-C 5A 240W - Dây Sạc Nhanh 2 Đầu C-C - Truyền Dữ Liệu 480Mbps - Vỏ Nhôm Hợp Kim, Dệt Nylon Bền Bỉ - Hàng Chính Hãng (1m)",408 Đã bán,https://www.lazada.vn/products/pdp-i2982873481.html,
Máy tính bảng,Bear appliances store,1.800.000 ₫,-22%,1404000,,,"Máy tính bảng mới V62 mỏng nhẹ, RAM 16GB+ROM 512GB, bộ nhớ siêu cao, camera ba 24MP và 48MP chất lượng cao, pin 15000mAh với thời gian sử dụng lâu, hệ điều hành Android 15, chip Snapdragon 888, hỗ trợ 4G/5G, WiFi, Bluetooth cho học tập, làm việc và xem",,https://www.lazada.vn/products/pdp-i3195175026.html,
Phụ kiện điện thoại & máy tính bảng,vneIcRnO.Selection,78.700 ₫,-23%,60599,-10,5,"Pin Sạc Dự Phòng Hình Thỏi Son – Nhỏ Gọn, Dán Được, Nhiều Màu Thời Trang – Phù Hợp Nhiều Loại Cổng Sạc",1.7K Đã bán,https://www.lazada.vn/products/pdp-i3140962316.html,
Phụ kiện Máy tính,XSmart Store,1.900.000 ₫,-32%,1292000,-7,4.1,"Bàn Phím Cơ Bluetooth Không Dây K86 RGB PRO VIP Có Màn Hình, App Tùy Chỉnh HOTSWAP 5 Pin, Lót Foam",15 Đã bán,https://www.lazada.vn/products/pdp-i2422622401.html,
Smartphones,SAMSUNG Flagship Store,,,,-1,5,"[SĂN SALE GIỮ CHUỖI 4.11] Điện Thoại Samsung Galaxy S25 FE (8/128GB), Concert Camera 50MP, Pin bền bỉ, Trợ thủ AI thông minh",42 Đã bán,https://www.lazada.vn/products/pdp-i3184380815.html,
Phụ kiện Máy tính,Punstore - Gear / Audio / Hitech,,,,-17,5,"Hàng Chính Hãng Rainy 75 - Bàn phím cơ RAINY75 Kết Nối 3 Mode, Full Nhôm, Led RGB, BH 12 Tháng",72 Đã bán,https://www.lazada.vn/products/pdp-i2531479912.html,
Phụ kiện điện thoại & máy tính bảng,N6hHwUSJ,100.000 ₫,-45%,55000,-2,5,[SS] SẠC DỰ PHÒNG CAO CẤP MÀN HÌNH GƯƠNG - 2 CỔNG SẠC NHANH + ĐÈN LED SIÊU SÁNG ( (tuandeptrai241091),,https://www.lazada.vn/products/pdp-i3167891081.html,
Phụ kiện điện thoại & máy tính bảng,Phụ Kiện Công Nghệ KDTi,120.000 ₫,-29%,85200,-1,5,Sạc Dự Phòng - Pin Đa Năng với Công Suất 5.000mAh - Sạc Nhanh cổng sạc USB và Type-C tích hợp dây sạc,,https://www.lazada.vn/products/pdp-i3080338204.html,
Điện thoại bàn,LeNgan _Store,,,,-31,4.9,"điện thoại A78 - A78 5G máy 2simram 8G/256G, Cấu hình mạnh đỉnh Cày PUBG/Liên Quân/Free Fire/Tiktok siêu mượt MS",31 Đã bán,https://www.lazada.vn/products/pdp-i3212697666.html,
Smartphones,Chỉ vì 3C,2.880.000 ₫,-45%,1584000,-3,5,Galax A55 điện thoại gốc mớii 16GB RAM +1TB ROM Mạng 3G/4G/5G Toàn màn hình HD 48MP+108MP Camera,5 Đã bán,https://www.lazada.vn/products/pdp-i3189781762.html,
Điện thoại bàn,LeNgan _Store,,,,-30,5,sale sốc điện thoại A53 (8/256GB) |Cấu hình Cao Chiến mọi Game mượt -SMM,32 Đã bán,https://www.lazada.vn/products/pdp-i3212739599.html,
Phụ kiện điện thoại & máy tính bảng,Sạc dự phòng thông minh 3,518.000 ₫,-56%,227920,-9,4,"Xạc dự phòng 50000mAh 800000mah Siêu nhanh PD20W, 120W sạc dự phòng nạp dùng 6 đầu ra 6 đầu vào có đèn LED sạc nhanh",25 Đã bán,https://www.lazada.vn/products/pdp-i3199971559.html,
Phụ kiện điện thoại & máy tính bảng,Lương Thị Thanh Yến,80.000 ₫,-29%,56800,-14,3.7,"[sdp] [SẠC CHUẨN DUNG LƯỢNG 30000 MAH] - PIN SẠC DỰ PHÒNG 30000MAH THIẾT KẾ MẶT KÍNH CƯỜNG LỰC CHỐNG VA ĐẬP TỐT - PIN BỀN, SẠC CỰC NHANH THÍCH HỢP TẤT CẢ CÁC ĐT Dũng YenLuong",49 Đã bán,https://www.lazada.vn/products/pdp-i1299671402.html,
Phụ kiện điện thoại & máy tính bảng,Shen Zhen 3C,300.000 ₫,-73%,81000,-1,1,Pin Sạc Dự Phòng mini pd 18w 5000mah Cho samsung iphone 15 14 13 12 pro max,14 Đã bán,https://www.lazada.vn/products/pdp-i3190028275.html,
Phụ kiện điện thoại & máy tính bảng,CHANG TAN,120.000 ₫,-48%,62400,-83,4.6,"[GIÁ SỐC] PIN DỰ PHÒNG DUNG LƯỢNG 30.000MAH - SẠC DỰ PHÒNG MẶT GƯƠNG CAO CẤP - PIN DỰ PHÒNG, CỤC SẠC DỰ PHÒNG HỖ TRỢ SẠC NHANH, SẠC NHIỀU THIẾT BỊ CÙNG LÚC, 2 CỔNG SẠC TIỆN LỢI",131 Đã bán,https://www.lazada.vn/products/pdp-i3063357216.html,
Phụ kiện điện thoại & máy tính bảng,Gia Dụng An Nhiên Store,130.000 ₫,-56%,57200,-10,3.9,Sạc Dự Phòng 30000mAh Trong Suốt Tích Hợp 4 Cổng Sạc Nhanh Có Màn Hình LED Hiện Phần Trăm Pin - Công xuất sạc,26 Đã bán,https://www.lazada.vn/products/pdp-i2947928084.html,
Phụ kiện điện thoại & máy tính bảng,CHANG TAN,60.000 ₫,-70%,18000,-17,4.6,"SẠC GIÁ RẺ MẶT GƯƠNG LCD 30000MAH, HỖ TRỢ SẠC NHANH KÈM CÁP SẠC NGẮN",30 Đã bán,https://www.lazada.vn/products/pdp-i3162831752.html,
Dụng cụ cầm tay & phụ kiện,Ruby Luxury,,,,-4,3.8,Bộ 1 Đồng hồ đo vạn năng Excel DT9205A Thích hợp cho thợ điện tử hay học sinh sinh viên học tập,16 Đã bán,https://www.lazada.vn/products/pdp-i2893237523.html,
Điện,Tool-Hive,117.980 ₫,-53%,55450,-16,4.8,"Tool-Hive - Đồng Hồ Vạn Năng Kỹ Thuật Số XL830L, Độ Chính Xác Cao, Tặng Kèm PIN, Dễ Sử Dụng",59 Đã bán,https://www.lazada.vn/products/pdp-i3063347547.html,
Điện,Coofari Tools Store,117.980 ₫,-53%,55450,-534,4.7,Đồng hồ vạn năng đo điện kỹ thuật số XL830L độ chính xác cao tặng kèm PIN,1.5K Đã bán,https://www.lazada.vn/products/pdp-i2629394808.html,
Điện,O-KAY TOOL,117.980 ₫,-51%,57810,-15,4.8,"Đồng hồ vạn năng đo điện kỹ thuật số XL830L - Độ chính xác cao - Tặng kèm PIN - Chất lượng cao, Giá tốt",45 Đã bán,https://www.lazada.vn/products/pdp-i3023849218.html,
Điện,Handy_Tools.Vault,117.980 ₫,-50%,58990,-2,5,"Đồng Hồ Vạn Năng Đo Điện XL830L - Độ Chính Xác Cao, Tặng Kèm PIN | Đa Năng, Hiệu Quả",5 Đã bán,https://www.lazada.vn/products/pdp-i3074925380.html,
Dụng cụ đo lường,KIPRUN,301.000 ₫,-46%,162540,-170,4.7,"Ampe Kế AC/DC Đồng Hồ Đo Điện Áp Ohm Multimetro Có Cặp Nhiệt Điện, Đèn Nền LCD AN8205C-INTL",224 Đã bán,https://www.lazada.vn/products/pdp-i834942011.html,
Điện,ANENG  Store,225.210 ₫,-35%,146386,-3,5,Aneng Đồng hồ vạn năng thông minh mini M115 4000 đếm kỹ thuật số DC/Đồng hồ đo điện áp xoay chiều vạn năng Ohm NCV dụng cụ kiểm tra điện trở,5 Đã bán,https://www.lazada.vn/products/pdp-i3131567196.html,
Điện,ĐIỆN TUẤN KHANG,1.550.000 ₫,-26%,1147000,,,"[NEXUS]Công Tơ Điện Tử và Cơ Điện Tử  3 Pha 4 Dây,Chính Hãng Có Giấy Kiểm Định, Công Suất 100A",,https://www.lazada.vn/products/pdp-i2697179308.html,
Phụ kiện điện thoại & máy tính bảng,Vention Franchised Store,998.000 ₫,-43%,568860,-19,5,Vention 10000mAh 35W Sạc Dự Phòng - Dây Type-C Tích Hợp - Sạc Nhanh PD PPS - Thiết Kế Nhỏ Gọn - Đủ Tiêu Chuẩn Lên Máy Bay - Chính Hãng,39 Đã bán,https://www.lazada.vn/products/pdp-i2842177786.html,
Điện,GlobalTechMart,374.000 ₫,-23%,287980,,,Máy Đo Tần Số Kỹ Thuật Số DIY Với Vỏ Trong Suốt 1Hz Đến 50 MHz Máy Kiểm Tra Dao Động Tinh Thể Công Cụ Đo Điện,,https://www.lazada.vn/products/pdp-i3163983869.html,
Phụ kiện điện thoại & máy tính bảng,Pisen Official Store 1618388268,1.196.000 ₫,-30%,837200,,,"Sạc Dự Phòng Nhỏ Gọn 3IN1 | Tích Hợp 2 Cáp Sạc, Màn Hình Led Hiển Thị Pin, Tự Điều Chỉnh Dòng Điện Khi Sạc, Hỗ Trợ Sạc Iwatch, Phù Hợp Android/IOS, Tai Nghe | POWERLink Flex 22.5W | TP-D104 | Bảo Hành 24 Tháng | Bảo Hiểm 2 Triệu Đô Toàn Cầu Usb",,https://www.lazada.vn/products/pdp-i2962185134.html,
Phụ kiện điện thoại & máy tính bảng,Anker Official Store,1.290.000 ₫,-9%,1173900,-5,5,"Sạc dự phòng Anker PowerBank, 20,000mAh Portable Charger with Built-in USB-C Cable,87W Max Fast Charging USB C Power Bank A1383",12 Đã bán,https://www.lazada.vn/products/pdp-i3161826280.html,
Phụ kiện Máy tính,FL-Esports Authentic Store,3.819.000 ₫,-7%,3551670,,,Bàn phím cơ chơi game không dây FL-Esports CMK87SAM Marshmallow 3 Mode Wireless  RGB - Hotswap - Led RGB - 3 chế độ kết nối - Kailh Box switch - Hàng chính hãng,,https://www.lazada.vn/products/pdp-i2191066568.html,
Điện,,,,,,,Ổ Cắm USB Đa Năng Có Thể Thu Nhỏ Công Suất Cao Nhiều Lỗ Có Dây Dài Dùng Cho Ký Túc Xá Công Tắc Điện Mặt Bàn Gia Dụng,186 Đã bán,https://www.lazada.vn/products/pdp-i2997426237.html,
Phụ kiện điện thoại & máy tính bảng,Q-TechLand -Shop phụ kiện,299.000 ₫,-43%,170430,-2,5,"[Bảo Hành 12 Tháng] -MÀU HỒNG - Sạc Dự Phòng kèm cáp 4 trong 1, 10000mAh, sạc nhanh 2.1A,  cục sạc dự phòng gọn nhẹ dung lượng lớn, đa chức năng kèm đèn pin",6 Đã bán,https://www.lazada.vn/products/pdp-i1925745902.html,
Phụ kiện Máy tính,THIẾT BỊ CÔNG NGHỆ HUY LONG,649.000 ₫,-22%,506220,-33,4.8,"Bàn phím không dây FREEWOLF M96 kết nối bằng Bluetooth và 2.4G có đèn led 7 màu, nút văn âm lượng và màn hình led mini",96 Đã bán,https://www.lazada.vn/products/pdp-i2636447362.html,
Phụ kiện Máy tính,Qilmily,990.000 ₫,-9%,900900,-8,5,Bàn Phím Hàn Quốc Actto B303 Chính Hãng Bàn Phím Retro Bàn Phím Bluetooth Mini Bàn Phím Ghép Đôi Bàn Phím Máy Đánh Chữ Cho Máy Tính Bảng,,https://www.lazada.vn/products/pdp-i1826341132.html,
Phụ kiện Máy tính,THE BABU STORE,1.849.000 ₫,-2%,1812020,,,"Mchose Mix87 | Bàn Phím Phím Từ Tính Chuyên Game 8K Hz, Độ Trễ 0.08ms, Scan Rate 256K, Accuracy 0.001mm, RGB 16.8 Triệu",,https://www.lazada.vn/products/pdp-i3180769134.html,
Điện,Siêu thị đồ thông minh Alice,80.000 ₫,-31%,55200,-59,4.8,"[ Freeship ] Ổ cắm điện đa năng kèm cổng cắm USB - Ổ cắm nhiều ổ,  Ổ Điện Tích Hợp Sạc Nhanh - Công tắc bật tắt an toàn tiện dụng",261 Đã bán,https://www.lazada.vn/products/pdp-i2173016778.html,
Điện,Siêu Thị Tiện Ích 4.0,89.000 ₫,-45%,48950,-5,4.8,Ổ Cắm Điện - Ổ Điện Đa Năng Loại Xịn Có Cổng USB Sạc Điện Thoại Kiêm Đèn Ngủ Cực Đẹp - Ổ Điện Chia 2 Cổng USB Kiêm Đèn Ngủ,41 Đã bán,https://www.lazada.vn/products/pdp-i274284515.html,
Phụ kiện Máy tính,BẢO HÂN TREASURES COMPUTER,550.000 ₫,-31%,379500,,,"Bàn phím số không dây Newmen TK-028 (LED, Bluetooth ) - Hàng chính hãng",,https://www.lazada.vn/products/pdp-i2236015177.html,
Phụ kiện Máy tính,LOGITECH Flagship Store,1.590.000 ₫,-31%,1097100,-169,4.8,"Bàn phím game có dây Logitech G213 Prodigy - RGB Lightsync, phím Media chuyên biệt, chống tràn bền bỉ",643 Đã bán,https://www.lazada.vn/products/pdp-i260191301.html,
Phụ kiện Máy tính,Punstore - Gear / Audio / Hitech,,,,-16,4.9,"RICCKS RS8 - Bàn phím cơ RICCKS RS8 HIFI Mạch Xuôi , RGB , 3 MODE , QMK/VIA Chính Hãng BH 12 THÁNG",42 Đã bán,https://www.lazada.vn/products/pdp-i3025858719.html,
Phụ kiện Máy tính,glo.vn,306.000 ₫,-49%,156060,-7,4.6,"Bàn Phím Bluetooth Không Dây KB-16 - Mini Kết Nối - Iphone, Ipad, Laptop",13 Đã bán,https://www.lazada.vn/products/pdp-i1724148845.html,
Phụ kiện Máy tính,Plata,1.700.000 ₫,-24%,1292000,,,"Bàn phím cơ gaming bluetooth M87 LED RGB bàn phím cơ không dây có Hotswap, White Switch, 3 Chế Độ Kết Nối tương thích với hệ điều hành MAC, Windows, và Android",,https://www.lazada.vn/products/pdp-i2586762781.html,
Điện,Tiger Store 2311,199.000 ₫,-30%,139300,,,"Ổ Cắm Điện - Ổ Điện Đa Năng Loại Xịn Có Cổng Gắn USB Sạc Điện Thoại Kiêm Đèn Ngủ Cực Đẹp - Ổ điện chia 2 cổng USB kiêm đèn ngủ, Ổ CẮM ĐIỆN THÔNG MINH KIÊM ĐÈN NGỦ LED & 2 CỔNG USB CÓ CÔNG TẮC",,https://www.lazada.vn/products/pdp-i1994378459.html,
Phụ kiện Máy tính,Punstore - Gear / Audio / Hitech,,,,-16,4.9,"RICCKS RS8 - Bàn phím cơ RICCKS RS8 HIFI Mạch Xuôi , RGB , 3 MODE , QMK/VIA Chính Hãng BH 12 THÁNG",42 Đã bán,https://www.lazada.vn/products/pdp-i3025858719.html,
Phụ kiện Máy tính,XSmart Store,1.200.000 ₫,-35%,780000,-7,5,"Bàn Phím Cơ Không Dây Máy Tính K8BT Bluetooth 5.0 Hotswap Red Switch LED Gaming, Gõ Êm, Lót Foam",15 Đã bán,https://www.lazada.vn/products/pdp-i2492997652.html,
Phụ kiện Máy tính,BOSSGEAR,1.300.000 ₫,-8%,1196000,-2,5,"Bàn Phím Cơ Không Dây Xinmeng X98 Pro, 3 Modes, Mạch Xuôi, Hotswap 5 chân, LED RGB…",5 Đã bán,https://www.lazada.vn/products/pdp-i2412235984.html,
Phụ kiện Máy tính,THE BABU STORE,1.849.000 ₫,-2%,1812020,,,"Mchose Mix87 | Bàn Phím Phím Từ Tính Chuyên Game 8K Hz, Độ Trễ 0.08ms, Scan Rate 256K, Accuracy 0.001mm, RGB 16.8 Triệu",,https://www.lazada.vn/products/pdp-i3180769134.html,
Điện,Energizer Store,840.000 ₫,-38%,520800,-10,4.7,"Ổ điện đa năng 5AC kèm 3USB-A và 1USB-C sạc nhanh PD (max 20W) - EPB2501EU - Hàng chính hãng, bảo hành 1 năm",38 Đã bán,https://www.lazada.vn/products/pdp-i2658613154.html,
Trang trí nhà cửa,Vinetteam Store,132.900 ₫,-35%,86385,-29,4.7,"Đồng Hồ Báo Thức Điện Tử Để Bàn Màn Hình LCD Đa Chức Năng: Thời Gian, Lịch, Báo Thức, Nhiệt Độ -dc2998",119 Đã bán,https://www.lazada.vn/products/pdp-i1383975156.html,
Xe hơi,TAIDU STORE,46.620 ₫,-17%,38694,,,"Taidu 4 cổng 12W Bộ sạc nhanh cổng USB với đèn LED, tương thích với điện thoại thông minh và máy tính bảng, CE & Chứng nhận FCC, tùy chọn màu đen/trắng/xám, rắc cắm Châu Âu",,https://www.lazada.vn/products/pdp-i3114596933.html,
,,,,,,,Ổ Điện Xanh Lá Có 3 Usb Sạc Điện Thoại và Chia Ổ Điện Kiêm Đèn Ngủ Có 2 Usb Sạc Điện Thoại,,https://www.lazada.vn/products/pdp-i3140848523.html,
Điện,Lâm Khải Phong_shop,15.281 ₫,-14%,13141,-4,4.5,Chia Ổ Điện Kiêm Đèn Ngủ Có 2 Usb Sạc Điện Thoại và Phích Cắm Chia Ổ Điện 1 Ra 5 Lỗ,6 Đã bán,https://www.lazada.vn/products/pdp-i3036804707.html,
Phụ kiện Máy tính,CỬA HÀNG TBVT KIM ÁNH,,,,,,"Bàn phím máy tính Kitty (HELLOKTCAT) chuôi cắm USB, màu hồng tím cho cô nàng hiện đại, Bảo hành 12 tháng",,https://www.lazada.vn/products/pdp-i2397714864.html,
Điện,Hanhstore247,,,,,,"Ổ cắm điện đa năng thông minh có cổng USB tiện dụng, Ổ Điện Đa Năng Loại Xịn Có Cổng Gắn USB Sạc Điện Thoại Kiêm Đèn Ngủ Tiện Lợi, o cam dien , ổ cắm điện giá rẻ hh029",,https://www.lazada.vn/products/pdp-i2911832241.html,
Điện,VyVy.StoreVN,93.000 ₫,-20%,74400,,,"Ổ Điện Đa Năng Nhiều Chân Cắm, Ổ Cắm Chữ Nhât 4 USB Thông Minh, Vừa Cắm Vừa Sạc Tiện Dụng",,https://www.lazada.vn/products/pdp-i2896539960.html,
Điện,KUDIXIONG,153.000 ₫,-33%,102510,,,Kudixiong Dải Phích cắm đa năng cho gia đình có sạc USB điều khiển phụ dải dây đa công tắc dải kéo,,https://www.lazada.vn/products/pdp-i2700131958.html,
Điện,3celectronicstore,110.100 ₫,-36%,70464,-2,5,Ổ cắm điện đa năng 7 Cổng Sạc USB 2 Cáp USB 3 Và 5M Dây Cáp Dày Chất Lượng Cao 100% Chính Hãng,7 Đã bán,https://www.lazada.vn/products/pdp-i2669736349.html,
Phụ kiện Máy tính,XSmart Store,1.000.000 ₫,-45%,550000,-33,5,"Bàn Phím Cơ Không Dây Bluetooth Nâng Cấp K6BT Led Đổi Màu, Pin Sạc Siêu Trâu, Tương Thích Mọi Thiết Bị",92 Đã bán,https://www.lazada.vn/products/pdp-i2231628629.html,
Điện,Siêu Thị Tiện Ích 4.0,89.000 ₫,-45%,48950,-5,4.8,Ổ Cắm Điện - Ổ Điện Đa Năng Loại Xịn Có Cổng USB Sạc Điện Thoại Kiêm Đèn Ngủ Cực Đẹp - Ổ Điện Chia 2 Cổng USB Kiêm Đèn Ngủ,41 Đã bán,https://www.lazada.vn/products/pdp-i274284515.html,
Dụng cụ điện & phụ kiện,GlobalWonderShop,473.000 ₫,-23%,364210,,,Bộ Dụng Cụ Hàn Điện Mini Kỹ Thuật Số Hiển Thị USB Sạc Không Dây Tiện Dụng Cho Sửa Chữa Thiết Bị Gia Dụng,130 Đã bán,https://www.lazada.vn/products/pdp-i3233353999.html,
Điện,GlobalTechMart,398.000 ₫,-23%,306460,,,MASTFUYI Đồng Hồ Vạn Năng Kỹ Thuật Số Thông Minh Màn Hình Lớn Phạm Vi Tự Động Điện Áp DC/AC Điện Dung Điện Trở Tần Số Diode Máy Kiểm Tra Vôn Kế,101 Đã bán,https://www.lazada.vn/products/pdp-i3227716855.html,
Điện,Rẻ Độc Lạ,345.000 ₫,-16%,289800,-6,4.5,"Ổ cắm điện đa năng thông minh có cổng USB sạc nhanh 2.1A, an toàn, chống giật, siêu thiện lợi, Có thể sử dụng cho nhiều thiết bị điện tử cùng 1 lúc như: Sạc laptop, Sạc điện thoại, Pin dự phòng, Loa Bluetooth….(N004)",15 Đã bán,https://www.lazada.vn/products/pdp-i356100912.html,
quà tặng & Gói quà,FEIYU stationery,483.000 ₫,-15%,410550,,,Bộ Đồ Dùng Văn Phòng Điện Tử Quà Tặng Sinh Nhật,,https://www.lazada.vn/products/pdp-i3195312863.html,
Phụ kiện Máy tính,Âu Cơ Store,261.360 ₫,-54%,120225,,,"[Mã ELAUG giảm 6% đơn 50K] Bộ Bàn phím chuột văn phòng , chính hãng METOT Bền , Rất nhạy- Bảo hành 12 tháng lối 1 đổi",,https://www.lazada.vn/products/pdp-i1991720783.html,
Phụ kiện Máy tính,MOGE Mall,4.199.000 ₫,-58%,1763580,-1,5,Solakaka Ki75 81 Phím 3-Chế Độ Bluetooth Không Dây Hot Swappable Lighting RGB Văn Phòng Bàn phím cơ chơi game,,https://www.lazada.vn/products/pdp-i2983095152.html,
Phụ kiện Máy tính,LAZTE,823.000 ₫,-44%,460880,,,NEW 2 Keys 2.4G Mini Bluetooth Keyboard with RGB Light Hot-Swappable Copy Paste Wireless Macropad Gaming Keypad,,https://www.lazada.vn/products/pdp-i3233809774.html,
Phụ kiện Máy tính,BOSSGEAR,1.100.000 ₫,-10%,990000,,,"Bàn phím cơ Xinmeng M87 Lite, Không dây 3 modes, LED RGB, Mạch Xuôi, Hotswap 5 chân, Full Mod.",,https://www.lazada.vn/products/pdp-i2555825256.html,
Phụ kiện Máy tính,WK Store,1.399.000 ₫,-18%,1147180,-5,5,"Bàn phím cơ Dareu EK75 PRO - BLACK GOLDEN Dream Switch RGB (3 Modes, Hotswap, Gasket)- BH 24T",11 Đã bán,https://www.lazada.vn/products/pdp-i2403074341.html,
Phụ kiện Máy tính,HOSAN OFFICIAL,500.000 ₫,-34%,330000,,,"Bàn Phím Có Dây AULA F3061 - Bàn Phím Chơi Game 64 Phím Có RGB, Giao Diện USB Và Chuột S50",,https://www.lazada.vn/products/pdp-i3173795575.html,
Phụ kiện Máy tính,Bàn Phím Universe,,,,,,"Kit next time 75 - 3 mode kết nối - kit bàn phím cơ nt75 - NT75 - LED RGB hot swap - Wireless, Type C, Bluetooth 5.0",,https://www.lazada.vn/products/pdp-i2375700069.html,
Phụ kiện Máy tính,Phong Cách Xanh Certified Store,,,,-4,5,[Trả góp 0%] Bàn phím cơ Bluetooth Filco Minila-R Convertible Matte Black - Hàng Chính Hãng,11 Đã bán,https://www.lazada.vn/products/pdp-i747466341.html,
Thiết bị đeo thông minh,Awei Flagship store,3.699.000 ₫,-47%,1960470,,,Awei dòng đồng hồ thông minh H52 1.43inch amoeled smartwatchs cho nam nữ,,https://www.lazada.vn/products/pdp-i3194223821.html,
Phụ kiện Máy tính,Fuhlen Store Chính Hãng,3.000.000 ₫,-20%,2400000,,,Bàn Phím Cơ Không Dây Fuhlen H95s CSA Panda 3-Mode Gasket Hotswap Mạch Xuôi Led RGB nháy theo nhạc - Bảo hành 2 năm,,https://www.lazada.vn/products/pdp-i2696800672.html,
Phụ kiện Máy tính,Fuhlen Store Chính Hãng,3.000.000 ₫,-20%,2400000,,,Bàn Phím Cơ Không Dây Fuhlen H95s Warrior 3-Mode Gasket Hotswap Mạch Xuôi Led RGB nháy theo nhạc - Bảo hành 2 năm,,https://www.lazada.vn/products/pdp-i2690184710.html,
Phụ kiện Máy tính,TungCustom,,,,,,"Bàn phím cơ không dây Aula F99 , RGB, Gasket,Mạch xuôi, 3 Modes, Hotswap 5 pin đã Mod Tungcustom",,https://www.lazada.vn/products/pdp-i2808713673.html,
Phụ kiện Máy tính,TungCustom,,,,,,"Kit bàn phím cơ m1w darknight và kit M3w nhôm nguyên khối 3 mode ,Led rgb,Hotswap, mạch xuôi đã mod tại Tungcustom",,https://www.lazada.vn/products/pdp-i2507669752.html,
Phụ kiện Máy tính,Fuhlen Store Chính Hãng,3.400.000 ₫,-30%,2380000,,,Bàn Phím Cơ Không Dây Fuhlen H75s Warrior 3-Mode Gasket Hotswap mạch xuôi LED RGB nháy theo nhạc - Bảo hành 2 năm,,https://www.lazada.vn/products/pdp-i2690359401.html,
Phụ kiện Máy tính,Fuhlen Store Chính Hãng,3.000.000 ₫,-20%,2400000,,,Bàn Phím Cơ Không Dây Fuhlen H75s Saola 3-Mode Gasket Hotswap mạch xuôi LED RGB nháy theo nhạc - Bảo hành 2 năm,,https://www.lazada.vn/products/pdp-i2696755680.html,
Phụ kiện Máy tính,FL-Esports Authentic Store,2.799.000 ₫,-0.70%,2.799.000 ₫,,,Bàn phím cơ chơi game có dây FLEsport GP87CP White & Green - Hotswap - Led RGB - Kết nối USB - Kailh Box switch - Hàng chính hãng,,https://www.lazada.vn/products/pdp-i2193185090.html,
Điện,jiaozuoweicaishangmao,423.395 ₫,-39%,258270,,,"Dây có thể rút vào ổ điện nhiều lỗ, ổ cắm USB sạc nhanh đa chức năng cho gia đình và ký túc xá, bảng mở rộng dây dài với nhiều ổ cắm dây, dây dẫn và bộ điều hợp",,https://www.lazada.vn/products/pdp-i3134123834.html,
Điện,GlobalTechMart,187.000 ₫,-38%,115940,,,Bộ Công Cụ Hàn Ô Tô Thông Minh D2-5 Bộ Học Điện Tử DIY - Robot Theo Dõi Thông Minh Bộ Công Cụ Điện Tử Ô Tô Dành Cho Người Có Sở Thích,64 Đã bán,https://www.lazada.vn/products/pdp-i3202766808.html,
Điện,Electronic Big Sale Store,96.000 ₫,-33%,64320,,,Ổ cắm điện có dây hiệu quả với cổng PD và hai USB để sạc đồng thời nhiều thiết bị cho văn phòng và du lịch,,https://www.lazada.vn/products/pdp-i3101597414.html,
Điện,GlobalWonderShop,87.000 ₫,-45%,47850,,,Màn Hình Kép Ba Chữ Số Máy Đo Dòng Điện Kỹ Thuật Số 0-100V Đèn LED Đọc Với Điều Chỉnh Tinh Chỉnh Công Cụ Đo Dòng Điện Trực Tiếp,1.0K Đã bán,https://www.lazada.vn/products/pdp-i3208086238.html,
Điện,Global Joy,1.208.000 ₫,-23%,930160,-11,5,GVDA 9999 Đếm Đồng Hồ Vạn Năng Kỹ Thuật Số Phạm Vi Tự Động Thông Minh 1000V 10A Máy Đo Điện Dung Ohm Hz Điện Dung True RMS AC DC DMM GD128,23 Đã bán,https://www.lazada.vn/products/pdp-i2506780709.html,
Điện,jiaozuoweicaishangmao,394.362 ₫,-40%,236617,,,"Ổ điện nhiều lỗ USB, ổ cắm gia đình đa chức năng, tiêu chuẩn UK/EU/US, đa công tắc ổ cắm với dây dây, dây dẫn và bộ điều hợp",,https://www.lazada.vn/products/pdp-i3134007762.html,
Điện,GlobalTechMart,316.000 ₫,-23%,243320,,,Máy Đo Dung Lượng Pin Kỹ Thuật Số 5 Trong 1 Máy Kiểm Tra Dung Lượng Thông Minh Với Màn Hình LCD Để Kiểm Tra Điện Gia Đình,,https://www.lazada.vn/products/pdp-i3139994083.html,
Điện,GlobalLifestyle,699.000 ₫,-39%,426390,,,"Đồng Hồ Vạn Năng Kỹ Thuật Số 6000 Đếm Đèn Nền ZT-101, Đo Dòng Điện Xoay Chiều/một Chiều, Điện Áp, Điện Trở, True RMS, Dùng Cho Các Dự Án Điện Tử Tự Chế",,https://www.lazada.vn/products/pdp-i3226732515.html,
Phụ kiện Máy tính,KONG 3C STORE [vn],864.308 ₫,-32%,587729,-22,5,"Bàn phím Bluetooth không dây M96, Màn hình thông minh & Núm xoay, Phím màng im lặng, Chế độ kép (Bluetooth/2,4 GHz), Đèn nền RGB 94 phím, Pin sạc 2000mAh, Phím PBT tiện dụng cho PC/Máy tính bảng/Máy tính xách tay",15 Đã bán,https://www.lazada.vn/products/pdp-i2773719492.html,
Phụ kiện điện thoại & máy tính bảng,vneIcRnO.Selection,62.100 ₫,-42%,36018,-1181,4.8,"AME216 Sạc nhanh thời trang và nhẹ hỗ trợ nhiều loại cổng sạc, phối màu đen trắng, sạc dự phòng di động",3.8K Đã bán,https://www.lazada.vn/products/pdp-i2533033956.html,
Điện,TỔNG KHO GIA DỤNG 1587825305,,,,-43,4.8,"Ổ điện đa năng sạc nhanh, ổ cắm điện tự ngắt dây nối dài ổ điện thông minh chịu tải cao 2200w",140 Đã bán,https://www.lazada.vn/products/pdp-i2708808190.html,
Dụng cụ điện & phụ kiện,GlobalSuperBazaar,848.000 ₫,-23%,652960,,,"Bộ Dụng Cụ Hàn Kỹ Thuật Số T12, Màn Hình LCD Di Động, Điều Khiển Nhiệt Độ, Sửa Chữa Điện Tử, Không Kèm Nguồn Điện",31 Đã bán,https://www.lazada.vn/products/pdp-i3145453956.html,
Điện,PowerOfficial Store,104.000 ₫,-36%,66560,-3,5,🔥FREESHIP🔥Ổ power plug smart 5 plugs 2 ports USB charger 9 universal socket wire long 1.8 meters-drive electric multi-purpose have switch intelligent electric power plug anti-shock plug multi-purpose,19 Đã bán,https://www.lazada.vn/products/pdp-i2622036809.html,
Điện,A_hoco__Store,128.000 ₫,-46%,69120,-2,4,"Ổ power plug smart 5 plugs, 2 ports USB charger, 9 universal socket wire long 1.8 meters-drive electric multi-purpose have switch, intelligent electric, power plug anti-shock, plug multi-purpose",,https://www.lazada.vn/products/pdp-i2622074349.html,
Điện,bansi08,,,,-1,5,Ổ Cắm Điện Đa Năng Thông Minh Có Cổng USB,5 Đã bán,https://www.lazada.vn/products/pdp-i838372427.html,
Điện,,158.000 ₫,-22%,123240,,,"Ổ Cắm Điện Công Suất Cao Có Dây USB Đa Chức Năng Ổ Cắm Điện Gia Dụng Chống Sét Bằng Nhựa PP Dài 1,8m Thiết Bị Điện Tử",,https://www.lazada.vn/products/pdp-i3002035636.html,
Điện,Kangaroo store 1595312584,302.400 ₫,-54%,139104,-88,5,"KS bút điện thợ điện chuyên dụng dây phát hiện vỡ, màn hình hiển thị kỹ thuật số, đa chức năng cảm ứng thông minh phát hiện, kiểm tra điện, bút điện tua vít",137 Đã bán,https://www.lazada.vn/products/pdp-i2663070846.html,
Điện,Global Merch Park,316.000 ₫,-50%,158000,-8,5,ANENG SZ06 Đồng Hồ Vạn Năng Kỹ Thuật Số 2000 Đếm AC/DC Bút Thử Điện Áp DC Ohm Mini Thông Minh Multimetro Điện Chuyên Nghiệp Dụng Cụ,43 Đã bán,https://www.lazada.vn/products/pdp-i2713259600.html,
Điện,GlobalSuperBazaar,267.000 ₫,-23%,205590,-2,5,"Máy Đo Vạn Năng Kỹ Thuật Số Thông Minh ANENG SZ303 1999 Số Đo, Chuyên Nghiệp, Đo Điện Áp Dòng Điện Xoay Chiều/một Chiều, Có Chức Năng Lưu Trữ Dữ Liệu, Độ Chính Xác Cao",,https://www.lazada.vn/products/pdp-i3124901858.html,
Điện,GlobalWonderShop,241.000 ₫,-23%,185570,-7,3.7,Ổ Cắm Tường Đa Chức Năng Có Công Tắc Dây Dài USB Sạc Nhanh Ổ Cắm Phòng Ngủ Thiết Kế Đa Lỗ W Cho Bảng Dây Điện,39 Đã bán,https://www.lazada.vn/products/pdp-i2901944588.html,
Điện,GlobalSuperBazaar,252.000 ₫,-23%,194040,,,ANENG SZ818 Đồng Hồ Vạn Năng Kỹ Thuật Số Có Thể Sạc Lại Điện Áp AC/DC Chuyên Nghiệp NCV Ampe Kế Vôn Kế hFE Triode Máy Kiểm Tra Tụ Điện Đen,162 Đã bán,https://www.lazada.vn/products/pdp-i3226736368.html,
Phụ kiện Máy tính,HOSAN OFFICIAL,1.500.000 ₫,-37%,945000,-3,5,"Bàn Phím Cơ Bluetooth Không Dây Attack Shark X85 - Bàn Phím Gaming Led RGB, Hotswap, 3 Mode Kết Nối",5 Đã bán,https://www.lazada.vn/products/pdp-i2793501039.html,
Phụ kiện Máy tính,WK Store,1.550.000 ₫,-16%,1302000,-1,5,"Bàn Phím Cơ Dareu EK98 Pro | Bluetooth, 2.4G, Cắm Dây | Cherry PBT | Led RGB | Mới BH 24T",6 Đã bán,https://www.lazada.vn/products/pdp-i2654887600.html,
Điện,Awesome home,90.000 ₫,-29%,63900,-40,4.9,Ổ Cắm Điện Thông Minh Đa Năng Có 2 Cổng Sạc usb Chất Lượng Cao,139 Đã bán,https://www.lazada.vn/products/pdp-i2951352451.html,
Điện,Global Merch Park,269.000 ₫,-23%,207130,-84,5,ANENG SZ304 Vạn Năng Kỹ Thuật Số AC/DC Khuếch Với Điện Áp Không Tiếp Xúc Máy Kiểm Tra Dòng Điện Hz Diode Tụ Điện,59 Đã bán,https://www.lazada.vn/products/pdp-i2621735243.html,
Điện,Global Merch Park,651.000 ₫,-23%,501270,-46,5,Đồng Hồ Đo Điện 8in1 Với Màn Hình Màu Đồng Hồ Đo Năng Lượng Xoay Chiều Đa Chức Năng 2P 170-270V/63A Đo Điện Áp Và Dòng Điện Lắp Đường Ray Tiêu Chuẩn,170 Đã bán,https://www.lazada.vn/products/pdp-i2625126588.html,
Điện,bvdzir463,241.000 ₫,-31%,166290,,,"Nhiều lỗ công tắc ổ cắm, bảng sạc USB, ổ cắm đa năng, dây phích cắm tiêu chuẩn Châu Âu, dây dẫn & bộ điều hợp",,https://www.lazada.vn/products/pdp-i3092842858.html,
Điện,Global Merch Park,212.000 ₫,-23%,163240,-90,4.7,ANENG SZ06 Vạn Năng Kỹ Thuật Số 600V AC/DC Điện Áp Chống Máy Ohm Kiểm Tra Đồng Hồ Có Đèn Nền LCD Cho Thợ Điện,176 Đã bán,https://www.lazada.vn/products/pdp-i2562838446.html,
Nhà thông minh,Global Merch Park,242.000 ₫,-50%,121000,-361,4.9,"Ổ Cắm Thông Minh Tuya WIFI EU 16A/20A Với Chức Năng Giám Sát Điện Năng, Hỗ Trợ Điều Khiển Bằng Giọng Nói Cho Nhà Thông Minh, Tương Thích Với Alexa, Zigbee3.0, Phích Cắm Điện Không Nối Đất",4.0K Đã bán,https://www.lazada.vn/products/pdp-i2752079139.html,
Điện,GlobalSuperBazaar,333.000 ₫,-23%,256410,,,Đồng Hồ Đo Điện Áp DC Hiển Thị Kỹ Thuật Số 13 Trong 1 4.5-50V 0-12A Đồng Hồ Đo Điện Đa Chức Năng Với Bộ Kiểm Tra Type-C PD3.1 Để Sạc Điện Thoại Di Động,,https://www.lazada.vn/products/pdp-i3138698139.html,
Điện,T890437T6,367.000 ₫,-30%,256900,,,"Micheng nhà đa chức năng, Ổ cắm cao cho ký túc xá, bàn làm việc, ổ điện nhiều lỗ sạc nhanh với các điểm quản lý cáp, công tắc và phích cắm",,https://www.lazada.vn/products/pdp-i3136735603.html,
Điện,Global Merch Park,296.000 ₫,-23%,227920,,,Đồng hồ vạn năng kỹ thuật số hoàn toàn tự động Dt9205a Đồng hồ vạn năng chính xác cao,,https://www.lazada.vn/products/pdp-i3052230794.html,
Phụ kiện điện thoại & máy tính bảng,Dhqi16juibg,219.000 ₫,-20%,175200,,,"Một bộ sạc, phổ quát và linh hoạt, cho điện thoại thông minh có nhiều đầu, đến ba, ba trong một phích cắm, sạc siêu nhanh Sạc gắn tường",,https://www.lazada.vn/products/pdp-i3079998625.html,
Điện,GlobalLifestyle,1.165.000 ₫,-23%,897050,,,HoldPeak Vạn Năng Kỹ Thuật Số HP-770S 6000 Đếm Hướng Dẫn Sử Dụng Máy Đo Điện Áp AC/DC NCV Điện Trở Chính Xác Công Cụ Đo Điện,6 Đã bán,https://www.lazada.vn/products/pdp-i2901238118.html,
Điện,Excellent pick me,364.718 ₫,-49%,186006,,,"💥💕Excellent Ready Stock USB Power Strip, đa lỗ và đa cổng cắm, ký túc xá sinh viên nhà màu hồng dễ thương ổ cắm với cáp Power Strip Power chuyển đổi",,https://www.lazada.vn/products/pdp-i3181220732.html,
Điện,jiaozuoweicaishangmao,585.256 ₫,-33%,392121,,,"Tất cả các đồng nguyên chất ổ cắm nhanh chóng sạc USB đa-lỗ tường-mountable đa chức năng hộ gia đình ổ điện nhiều lỗ với dây dài dây, dẫn & Adapter",,https://www.lazada.vn/products/pdp-i3134124729.html,
Phụ kiện điện thoại & máy tính bảng,Global Merch Park,625.000 ₫,-23%,481250,-54,4.9,Bộ Sạc USB 6 Cổng Hub Charge 6 Thiết Bị Đồng Thời Với Màn Hình LED Hiển Thị Điện Áp Và Dòng Điện Bộ Sạc Máy Tính Để Bàn Nhanh,29 Đã bán,https://www.lazada.vn/products/pdp-i2626888194.html,
Điện,GlobalSuperBazaar,320.000 ₫,-52%,153600,,,"Máy Đo Vạn Năng Kỹ Thuật Số ANENG Chuyên Nghiệp, Đo Điện Áp AC/DC, Dòng Điện, Điện Dung, Điện Trở, Điện Trở Không Tiếp Xúc (NCV), Máy Đo Ohm Dùng Cho Kiểm Tra Điện.",1.0K Đã bán,https://www.lazada.vn/products/pdp-i3202794641.html,
Nhà thông minh,Global Merch Park,349.000 ₫,-42%,202420,,,MOES Tuya Cổng Thông Minh Hub Bluetooth WiFi Lưới Tương Thích Với Alexa Google Home Ứng Dụng Điều Khiển Từ Xa Làm Việc Cuộc Sống Thông Minh Lưới SIG,12 Đã bán,https://www.lazada.vn/products/pdp-i2715877230.html,
Điện,GlobalLifestyle,563.000 ₫,-35%,365950,,,ANENG ST181 + B19 Kẹp Đồng Hồ Đo Vạn Năng 4000 Đếm Kỹ Thuật Số Dòng Điện AC Bút Thử Điện Áp Với Hz Điện Dung NCV Ohm Dụng Cụ Đo,,https://www.lazada.vn/products/pdp-i3195716919.html,
Điện,jiaozuoweicaishangmao,439.364 ₫,-38%,272405,,,"2500W thông minh Bảng ổ cắm USB hộ gia đình đa công tắc chức năng ổ điện nhiều lỗ mở rộng với dây dài dây an toàn, dẫn & Adapter",,https://www.lazada.vn/products/pdp-i3134143951.html,
Điện,T890437T6,368.000 ₫,-30%,257600,,,"Sáng Tạo USB đa chức năng sạc để bàn Ổ cắm vuông văn phòng đa ổ cắm ổ điện nhiều lỗ điểm điện, công tắc và phích cắm",,https://www.lazada.vn/products/pdp-i3136806275.html,
Điện,GlobalLifestyle,967.000 ₫,-37%,609210,,,"SUNSHINE DT-890N Vạn Năng Kỹ Thuật Số Độ Chính Xác Cao AC/DC, Điện Trở Máy Thông Minh Chống Đốt Tính Năng",,https://www.lazada.vn/products/pdp-i3188854684.html,
Điện,GlobalLifestyle,268.000 ₫,-23%,206360,,,ANENG SZ301 Vạn Năng Kỹ Thuật Số Đa Dải AC/DC Điện Áp DC Điện Trở Điện Dung Máy Tự Động Ohm Đo Có Còi,,https://www.lazada.vn/products/pdp-i3113033026.html,
Điện,GlobalSuperBazaar,962.000 ₫,-23%,740740,,,"Máy Đo Vạn Năng Kỹ Thuật Số ANENG 622B Chuyên Nghiệp, Thông Minh, Đo Dòng Điện Xoay Chiều, Điện Áp, Ampe Kế True RMS, 9999 Số Đếm, Có Chức Năng Đo Nhiệt Độ, Điốt, Điện Trở.",,https://www.lazada.vn/products/pdp-i3162520297.html,
Điện,GlobalLifestyle,626.000 ₫,-23%,482020,,,ANENG 613 Đồng Hồ Vạn Năng Thông Minh 4000 Đếm Màn Hình Kỹ Thuật Số Ampe Kế AC/DC Vôn Kế Với Khả Năng Đo Tắt Nguồn Theo Thời Gian Thực,,https://www.lazada.vn/products/pdp-i3101739281.html,
Điện,bvdzir463,604.000 ₫,-24%,459040,,,"Thông minh cho nhà và sử dụng tại văn phòng, Châu Âu ổ điện nhiều lỗ dây, 4USB sạc, Hàn Quốc Đức tiêu chuẩn ổ cắm điện để bàn dây, dẫn & Adapter",,https://www.lazada.vn/products/pdp-i3092911553.html,
Điện,stellamall,336.000 ₫,-47%,178080,,,Dụng cụ điện cầm tay đa năng kế kỹ thuật số dụng cụ sửa chữa điện,,https://www.lazada.vn/products/pdp-i3177487136.html,
Điện,SZC Store 1602745294,233.250 ₫,-31%,160942,,,Ổ Cắm Điện Thông Minh Đa Năng Tích Hợp 2 và 3 Cổng Sạc USB Tiện Dụng Miễn Phí Vận Chuyển Dây Dài 90cm và 110cm Hàng Mới Khuyến Mãi Bảo Hành Chính Hãng Chất Lượng Cao Sử Dụng An Toàn Tiện Lợi Phù Hợp Với Mọi Thiết Bị Điện Tử,,https://www.lazada.vn/products/pdp-i3180968409.html,
Vệ sinh nhà cửa,Anker Official Store,18.990.000 ₫,-8%,17470800,,,Robot hút bụi eufy by Anker E25 Tự làm sạch khi lau nhà Luôn sạch sẽ Con lăn lau nhà 20.000 Pa Công suất hú,,https://www.lazada.vn/products/pdp-i3202070424.html,
Phụ kiện Máy tính,ar omal,263.000 ₫,-41%,155170,-1,1,AROMAL Bảo vệ mắt Tấm lót bàn học sinh Chống dầu Da Tấm lót bàn máy tính Đơn giản Màu trơn Tấm lót bàn cà phê,10 Đã bán,https://www.lazada.vn/products/pdp-i3051791704.html,
Phụ kiện Máy tính,BẢO HÂN TREASURES COMPUTER,,,,,,Bàn phím vi tính Keychron Q1M/ Q1 Max Swappable RGB Backlight Knob Version - Hàng Chính Hãng,,https://www.lazada.vn/products/pdp-i2923629603.html,
Phụ kiện Máy tính,HẢI PHONG CPT,,,,-27,4.7,BÀN PHÍM GIẢ CƠ DÀNH CHO GAME THỦ LED ĐA MÀU,109 Đã bán,https://www.lazada.vn/products/pdp-i308916267.html,
Xe hơi,KENTAI Shopping Mall,42.000 ₫,-50%,21000,,,4USB sạc nhanh với đèn LED thích hợp cho điện thoại di động điện thoại và máy tính bảng,,https://www.lazada.vn/products/pdp-i3131675129.html,
Phụ kiện Máy tính,NVN-STORE,199.000 ₫,-50%,99500,-1,5,Bàn phím G21 LED giả cơ game chuyên dụng,,https://www.lazada.vn/products/pdp-i2364926018.html,
Phụ kiện Máy tính,Shopphukien NATB,190.000 ₫,-42%,110200,,,Bộ bàn phím chuột văn phòng có dây ZORNWEE ZE-9100/ ZUNTUO ZK200 bảo hành 6 tháng BUNOC's,,https://www.lazada.vn/products/pdp-i2161739124.html,
Điện,ForesightOfficialStore,156.200 ₫,-39%,95282,-93,4.8,Bộ điều chỉnh công suất tốc độ thiết bị điện đa năng 1 pha 220V AC 4000W,310 Đã bán,https://www.lazada.vn/products/pdp-i2847650145.html,
Phụ kiện Máy tính,Phukienpitech,280.000 ₫,-23%,215600,-47,5,Bàn phím gaming có đèn led 7 màu phím tròn keyboard chơi game T Wolf T80[ Mẫu mới ],163 Đã bán,https://www.lazada.vn/products/pdp-i2284427325.html,
Phụ kiện Máy tính,LINH KIỆN 1984,159.000 ₫,-30%,111300,-17,5,[HCM] Bàn phím G21 LED giả cơ game chuyên dụng,77 Đã bán,https://www.lazada.vn/products/pdp-i2318036530.html,
Dụng cụ đo lường,Smart 1992,,,,-7,4.4,Máy đo điện áp cường độ dòng điện công suất công tơ điện tử PUUCAI ampe kế vôn kế 100A 6 trong 1,19 Đã bán,https://www.lazada.vn/products/pdp-i1773502984.html,
Phụ kiện Máy tính,XSmart Store,890.000 ₫,-45%,489500,-158,5,"Bàn Phím Cơ Bluetooth Không Dây K68BT Trục Cơ Red Switch Gõ Cực Đã, Thiết Kế Nhỏ Gọn Có Hotswap Có Thể Custom Kết Nối Máy Tính / Điện Thoại / Tablet",497 Đã bán,https://www.lazada.vn/products/pdp-i2075890883.html,
Điện,GlobalLifestyle,1.100.000 ₫,-23%,847000,-3,5,NJTY T58B T58C Vạn Năng Kỹ Thuật Số LED Thông Minh Có Đèn Nền Màn Hình Lớn Đo Điện Cảm Phạm Vi TỰ ĐỘNG 9999 Đếm Điện Áp Hiện Tại Điện Dung Bút Thử Điện,8 Đã bán,https://www.lazada.vn/products/pdp-i2873591869.html,
Điện,Taiye Electric,267.000 ₫,-13%,232290,-1,5,Vôn Kế Kỹ Thuật Số D85-3050 DC Mới Máy Đo Phát Hiện Dương Và Âm Bộ Nguồn Màn Hình Kỹ Thuật Số LCD AC220V,,https://www.lazada.vn/products/pdp-i2070739951.html,
Điện,bvdzir463,325.000 ₫,-28%,234000,,,"Tiêu chuẩn Châu Âu Ổ cắm thông minh, công suất cao USB đa chức năng văn phòng và nhà ổ điện nhiều lỗ với cắm ổ cắm dây, dẫn & Adapter",,https://www.lazada.vn/products/pdp-i3092991336.html,
Điện,jiaozuoweicaishangmao,782.683 ₫,-30%,547878,,,"Văn phòng nhà cửa EU thông minh với 4 dây cổng USB, Dây ổ điện nhiều lỗ Máy tính để bàn tiêu chuẩn Hàn Quốc và Đức, dây dẫn & bộ điều hợp",,https://www.lazada.vn/products/pdp-i3134130144.html,
Điện,AYUYTDB,318.869 ₫,-49%,162623,,,"SUPE USB Power Strip, đa lỗ và đa cổng cắm, ký túc xá sinh viên nhà màu hồng dễ thương ổ cắm với cáp Power Strip Power chuyển đổi",,https://www.lazada.vn/products/pdp-i3194068034.html,
Điện,jiaozuoweicaishangmao,535.900 ₫,-35%,348335,,,"Với nhiều cửa hàng và dây, Malaysia Tiêu chuẩn Anh Thông Minh USB Ổ Điện Nhiều lỗ dây, dây dẫn và bộ điều hợp",,https://www.lazada.vn/products/pdp-i3134195132.html,
Điện,CHUNCHEN,367.926 ₫,-49%,187642,,,"CHUNCHEN USB Power Strip, đa lỗ và đa cổng cắm, ký túc xá sinh viên nhà màu hồng dễ thương ổ cắm với cáp Power Strip Power chuyển đổi",,https://www.lazada.vn/products/pdp-i3196985682.html,
Phụ kiện Máy tính,zzbcna,576.000 ₫,-26%,426240,,,"Bộ điều khiển âm lượng USB, Bluetooth núm không dây, Bàn phím nhỏ, đa phương tiện RO lập trình, tùy chỉnh phím tắt bàn phím chơi game",,https://www.lazada.vn/products/pdp-i3042640453.html,
Điện,Woer Want,392.773 ₫,-49%,200314,,,"WORE USB Power Strip, đa lỗ và đa cổng cắm, ký túc xá sinh viên nhà màu hồng dễ thương ổ cắm với cáp Power Strip Power chuyển đổi",,https://www.lazada.vn/products/pdp-i3193761449.html,
Phụ kiện Máy tính,Electronic accessories hood,596.372 ₫,-41%,351859,,,"Esports 60% wired gaming keyboard, RGB backlight ultra compact  keyboard, waterproof small compact 61 key keyboard for PC/Mac gamers",,https://www.lazada.vn/products/pdp-i2663426158.html,
Phụ kiện Máy tính,EvbBVrws,678.072 ₫,-10%,610264,,,{UU61} LEOBOG K81 Hotswap Bluetooth Wireless Mechanical Keyboard Bluetooth 2.4G Wired 3 Mode RGB 81 Keys GASKET Customized for PC Laptop Windows Phone Android iOS,,https://www.lazada.vn/products/pdp-i3105128953.html,
Phụ kiện Máy tính,Hisagi,763.000 ₫,-44%,427280,,,NEW 2 Keys 2.4G Mini Bluetooth Keyboard with RGB Light Hot-Swappable Copy Paste Wireless Macropad Gaming Keypad,,https://www.lazada.vn/products/pdp-i3174191636.html,
Phụ kiện Máy tính,32Sgvgtskhv,968.905 ₫,-2%,949526,,,Bàn phím bluetooth mini Gấp không dây 32sgvgtskhv cho Windows IOS Android OS nút đa chức năng bàn phím số bàn phím chơi game,,https://www.lazada.vn/products/pdp-i2739509734.html,
Phụ kiện Máy tính,GlobalTechMart,1.147.000 ₫,-23%,883190,,,Bàn Phím Tiện Dụng Bluetooth Không Dây Aula Tarantula S99 - 98 Phím Chơi Game Văn Phòng Thiết Kế Hình Nhện Đa Chức Năng Với Đèn Nền RGB,,https://www.lazada.vn/products/pdp-i3128727182.html,
Điện,TAO Home Tools,221.000 ₫,-46%,119340,,,Ổ Cắm Có Thể Thu Gọn Đa Chức Năng Ổ Cắm USB Ổ Cắm Gia Dụng Học Sinh Ký Túc Xá Có Dây Ổ Cắm Nhiều Lỗ,192 Đã bán,https://www.lazada.vn/products/pdp-i2466918480.html,
Điện,TAO Home Tools,656.000 ₫,-48%,341120,,,Ổ Cắm Dây Điện Chuyên Dùng Cho Máy Tính Để Bàn Có Dây Ổ Cắm Kết Nối Nhiều Lỗ Có Cổng USB Ổ Cắm Vô Hình Dùng Cho Ký Túc Xá,96 Đã bán,https://www.lazada.vn/products/pdp-i2499671546.html,
Phụ kiện Máy tính,WIFI WIFI,,,,,,Bàn phím cơ  ZK3 Blue Switch-Sản phẩm mới 2022 Led RGB đổi màu với 10 chế độ-Bảo hành 3 tháng,,https://www.lazada.vn/products/pdp-i3153187176.html,
Đồ chơi cho trẻ sơ sinh & trẻ nhỏ,mingzhuo stationery,,,,,,MINGZHUO | Bộ Dụng Cụ Văn Phòng Điện Tử Cho Trẻ Em Làm Quà Tặng,,https://www.lazada.vn/products/pdp-i3220035994.html,
Phụ kiện Máy tính,LINH KIỆN MÁY TÍNH SIÊU RẺ,750.000 ₫,-36%,480000,,,"Bàn phím cơ S100 PRO chuyên net cực bền, đèn phím hiệu ứng cực đẹp. Kết nối có dây cổng USB, Bảo hành 12 tháng",,https://www.lazada.vn/products/pdp-i3127432385.html,
Phụ kiện Máy tính,MKSHOP,,,,-3,5,Bàn Phím Cơ Riccks led viền Keymap Via 3 Modes Hotswap RGB - MKSHOP,10 Đã bán,https://www.lazada.vn/products/pdp-i3011042421.html,
Phụ kiện điện thoại & máy tính bảng,Rocoren Official Store,1.590.000 ₫,-50%,795000,-52,5,Rocoren 20000MAh pd65w sạc dự phòng vỏ kim loại Ban Đầu Nhanh Chóng Sạc Màn hình LED kỹ thuật số USB C đồ sạc di động Powerbank bộ sạc ngoài Tương Thích Xiaomi 13 12 Cho iPhone 15 14 13 Pro Max Samsung S24 S23 Siêu,130 Đã bán,https://www.lazada.vn/products/pdp-i2929986612.html,
Phụ kiện Máy tính,GiaPhuc Digital,4.690.000 ₫,-17%,3892700,,,"Bàn phím cơ gaming không dây Logitech G715 TKL - Bluetooth và Lightspeed, RGB, kèm kê tay, 2 loại switch, tương thích PC, Mac, Laptop",,https://www.lazada.vn/products/pdp-i2093472552.html,
Điện,Linh Kiện 024,259.000 ₫,-12%,227920,-63,5,Công tơ điện tử PZEM-061 80VAC-260VAC 100A,167 Đã bán,https://www.lazada.vn/products/pdp-i1240982837.html,
Phụ kiện điện thoại & máy tính bảng,SUDIRO-A,140.000 ₫,-46%,75600,-2,5,【Hàng tồn kho đã sẵn sàng】♥Sản phẩm gốc + cá tuyết♥Hộp lưu trữ kỹ thuật số đa chức năng đồ sạc di động Bộ năm trong một đầu nối 60W sạc nhanh cáp dữ liệu nhiều đầu,5 Đã bán,https://www.lazada.vn/products/pdp-i2367877557.html,
Điện,Global Merch Park,791.000 ₫,-23%,609070,-7,4.7,ZOYI ZT-102L Vạn Năng Kỹ Thuật Số Nhỏ Gọn Độ Chính Xác Cao Phạm Vi Tự Động Điện Cảm Đồng Hồ Đo Vạn Năng Cho Điện DIY Dự Án 1000V AC/750V DC,,https://www.lazada.vn/products/pdp-i2722610338.html,
Phụ kiện Máy tính,32Sgvgtskhv,800.000 ₫,-32%,544000,,,32sgvgtskhv RGB Bàn phím bluetooth không dây sạc lại được iOS Android Windows đèn nền LED BT nga cho iPad chơi Game bàn phím,,https://www.lazada.vn/products/pdp-i2739489782.html,
Phụ kiện Máy tính,JonesMayer,837.000 ₫,-43%,477090,,,NEW 2 Keys 2.4G Mini Bluetooth Keyboard with RGB Light Hot-Swappable Copy Paste Wireless Macropad Gaming Keypad,,https://www.lazada.vn/products/pdp-i3228711331.html,
Phụ kiện Máy tính,xuanfan,132.000 ₫,-50%,66000,,,Steelseries QCK Chuột Pad Siêu dày 450x400 6mm Pad Nâng cấp Smooth Gaming Bảng Mat Fps Esports Tuỳ chỉnh Pc Gaming Phụ kiện,,https://www.lazada.vn/products/pdp-i2801703159.html,
Phụ kiện Máy tính,HAWEEL.Achoice-VN,15.000 ₫,-33%,10050,-2659,4.9,"Thảm bàn PU Mouse Pad hai mặt, Kích thước: 60 x 30cm",8.7K Đã bán,https://www.lazada.vn/products/pdp-i2518438457.html,
Phụ kiện Máy tính,xDnUIM.Selection,49.000 ₫,-29%,34790,-6240,5,"Ổ cắm điện đa chức năng , gồm 6 đầu chuyển , tiện lợi , dễ di chuyển",17.8K Đã bán,https://www.lazada.vn/products/pdp-i2534662796.html,
Phụ kiện điện thoại & máy tính bảng,N6hHwUSJ,100.000 ₫,-45%,55000,-2,5,[SS] SẠC DỰ PHÒNG CAO CẤP MÀN HÌNH GƯƠNG - 2 CỔNG SẠC NHANH + ĐÈN LED SIÊU SÁNG ( (tuandeptrai241091),,https://www.lazada.vn/products/pdp-i3167891081.html,
Phụ kiện Máy tính,ketnOAMT,245.000 ₫,-47%,129850,,,JIAYOU MIX SE bàn phím chuột ăn gà 5 miếng bộ đa chức năng điện thoại di động trò chơi chuyển đổi,,https://www.lazada.vn/products/pdp-i3182281882.html,
Phụ kiện Máy tính,Ruby Luxury,115.500 ₫,-15%,98175,-15,4.9,Thảm Da Trải Bàn Làm Việc 2 Mặt 90x45cm nhiều màu sắc,53 Đã bán,https://www.lazada.vn/products/pdp-i1878450614.html,
Phụ kiện Máy tính,VI TÍNH NAM TRUNG HẢI,190.000 ₫,-37%,119700,-5,5,Bàn phím máy tính gaming giả cơ PANTSAN PK100 có dây nút tròn Led 7 màu cực đẹp-Trắng,21 Đã bán,https://www.lazada.vn/products/pdp-i2238974744.html,
Phụ kiện điện thoại & máy tính bảng,SẢN PHẨM ĐIỆN,,,,,,Thành lý sạc dự phòng có màn hình hiển thị phần trăm pin,,https://www.lazada.vn/products/pdp-i2273020626.html,
Dụng cụ cầm tay & phụ kiện,Ruby Luxury,,,,-4,3.8,Bộ 1 Đồng hồ đo vạn năng Excel DT9205A Thích hợp cho thợ điện tử hay học sinh sinh viên học tập,16 Đã bán,https://www.lazada.vn/products/pdp-i2893237523.html,
Phụ kiện Máy tính,Kho sỉ phụ kiện1,130.000 ₫,-12%,114400,,,Bàn phím máy tính chống nước Q9 gaming bản full 104 phím,,https://www.lazada.vn/products/pdp-i2730848861.html,
Phụ kiện điện thoại & máy tính bảng,Shop gia dụng khuyến mãi,299.000 ₫,-43%,170430,-1,5,"Sạc dự phòng di động, dung lượng lớn đi kèm 4 dây để sạc mọi mẫu điện thoại di động(TH)",,https://www.lazada.vn/products/pdp-i3050259862.html,
Điện,Auto Tour,80.000 ₫,-48%,41600,,,Ổ Điện Thông Minh Chữ T Kèm Đèn Ngủ Và Sạc USB Tiện Dụng - PHÍCH CẮM 3 CHẤU - Màu sắc ngẫu nhiên,,https://www.lazada.vn/products/pdp-i2963467892.html,
Đèn,,366.000 ₫,-46%,197640,,,"Đèn Bàn Học Tập Điện Tử Chống Ánh Sáng Xanh, Đèn Ngủ Phòng Ngủ, Đèn Bàn Học, Đèn Đọc Sách Cho Trẻ Em, Đèn Bàn Học Tập",24 Đã bán,https://www.lazada.vn/products/pdp-i3228942197.html,
Phụ kiện điện thoại & máy tính bảng,,284.000 ₫,-40%,170400,,,Bảng Ổ Cắm Điện Mini Di Động USB Bộ Chuyển Đổi Điện Đa Chức Năng Bảng Dây Cho Gia Đình Bảng Dây Có Nguồn Cung Cấp Sạc,54 Đã bán,https://www.lazada.vn/products/pdp-i2997549091.html,
Đèn,Feimefeiyou,216.232 ₫,-49%,110278,-9,4.3,table lamp led light for room study lamp 3 colors in 1 rechargeable desk lamp with USB wire touch ON/OFF stepless dimming reading light for dormitory bedroom,42 Đã bán,https://www.lazada.vn/products/pdp-i1565216564.html,
Điện,Golden stars,162.800 ₫,-49%,83028,-55,4.9,"Ổ power plug smart 5 plugs, 2 ports USB charger, 9 universal socket wire long 1.8 meters-drive electric multi-purpose have switch, intelligent electric, power plug anti-shock, plug multi-purpose，Use for up to 2,000 ,W",69 Đã bán,https://www.lazada.vn/products/pdp-i2030367492.html,
Đèn,Vimite,500.000 ₫,-50%,250000,,,Vimite 1200mAh ánh sáng ba màu LED đèn đêm nhỏ 350W màn hình chống chớp ánh sáng nhẹ USB sạc không khí đèn bàn bàn bàn phòng ngủ phòng ngủ đèn học tập đèn đầu giường,,https://www.lazada.vn/products/pdp-i2765094391.html,
Phụ kiện điện thoại & máy tính bảng,Q-TechLand -Shop phụ kiện,289.000 ₫,-45%,158950,-24,4.8,"[Bảo Hành 12 Tháng] Sạc Dự Phòng kèm cáp 4 trong 1, 10000mAh, sạc nhanh 2.1A, 4 cáp sạc trong 1 (USB/microUSB, Lightning/Type-C), cục sạc dự phòng gọn nhẹ dung lượng lớn, đa chức năng kèm đèn pin",119 Đã bán,https://www.lazada.vn/products/pdp-i1907449930.html,
Phụ kiện Máy tính,Phụ Kiện Công Nghệ_85,660.000 ₫,-44%,369600,,,"Bàn Phím Mini K61 LED RGB 10 Chế Độ Rainbow Cực Đẹp, Phím Bấm Êm, Thiết Kế Nhỏ Gọn, Dùng Cho Máy Tính, Laptop,PC -DC4746",,https://www.lazada.vn/products/pdp-i2941771137.html,
Phụ kiện Máy tính,BOSSGEAR,550.000 ₫,-9%,500500,,,"Bàn Phím Cơ Không Dây K68, Bluetooth / 2.4Ghz, Dùng Pin, Hot Swap",,https://www.lazada.vn/products/pdp-i2407356236.html,
Phụ kiện Máy tính,TCKB,1.990.000 ₫,-35%,1293500,,,"Bàn phím cơ không dây Monka K100 Full size | 3 mode, RGB, Hotswap, Gasket mount, Núm xoay",,https://www.lazada.vn/products/pdp-i3085570261.html,
Phụ kiện Máy tính,XSmart Store,2.000.000 ₫,-40%,1200000,-2,5,Bàn Phím Cơ Bluetooth Không Dây Cao Cấp Attack Shark X85PRO Có Màn Hình Tùy Chỉnh Qua App LED RGB Hotswap 5 Pin Mạch Xuôi,8 Đã bán,https://www.lazada.vn/products/pdp-i2702600483.html,
Smartphones,Samsung Store,4.490.000 ₫,-20%,3592000,-120,4.9,Điện Thoại Samsung Galaxy A06 5G 6GB/128GB,620 Đã bán,https://www.lazada.vn/products/pdp-i3059799002.html,
Phụ kiện Máy tính,E-Dra Authentic Store,,,,-1,5,Bàn phím cơ không dây Bluetooth E-DRA EK361W V2 Black - Bluetooth 5.0 - Led RGB - Switch huano - Pin 2000mhA,,https://www.lazada.vn/products/pdp-i1948126846.html,
Phụ kiện Máy tính,FL-Esports Authentic Store,,,,,,Bàn phím cơ có dây FLEsport CMK87SA Polar Night Black RGB - Hotswap - Led RGB - Kết nối USB - Kailh Box switch - Hàng chính hãng,,https://www.lazada.vn/products/pdp-i1966088403.html,
Máy tính bảng,SAMSUNG Flagship Store,,,,,,"[SĂN SALE GIỮ CHUỖI 4.11] Máy tính bảng Galaxy Tab A11 Wifi (4-64GB), Màn hình nhỏ gọn 8.7"", Tần số quét 90Hz, Tính năng giải toán tự động",,https://www.lazada.vn/products/pdp-i3202180720.html,
Đèn,HOME MI Lighting Shop,158.280 ₫,-50%,79140,-2,1.5,Đèn Bàn MI Gia Đình Đèn Led Cho Phòng Đèn Học Lampu Meja Belajar Đèn Bàn Sạc 3 Màu Trong 1 Có Dây USB Cảm Ứng Bật/Tắt Đèn Đọc Sách Mờ Vô Cấp Cho Phòng Ngủ Ký Túc Xá,,https://www.lazada.vn/products/pdp-i2074145038.html,
Điện,GlobalLifestyle,1.137.000 ₫,-23%,875490,-1,5,ANENG 623 Đồng Hồ Vạn Năng Thông Minh Có Pin Lithium Có Thể Sạc Lại Vôn Kế Ô Tô Màn Hình Kỹ Thuật Số 20000 Đếm Công Cụ Đo Dòng Điện Áp AC/DC,,https://www.lazada.vn/products/pdp-i2870318131.html,
Phụ kiện Máy tính,ewjilfzkgj,315.393 ₫,-15%,268084,,,"Máy Bàn phím không dây mini Bluetooth 9, có đèn nền 2.4G, Remote chuột bay thoại Bluetooth 7, dùng cho Andro tivi box PC",,https://www.lazada.vn/products/pdp-i2718547318.html,
Điện,caichuitan,532.640 ₫,-44%,298278,,,"[caichuitan] USB Power Strip, đa lỗ và đa cổng cắm, ký túc xá sinh viên nhà màu hồng dễ thương ổ cắm với cáp Power Strip Power chuyển đổi",,https://www.lazada.vn/products/pdp-i3208615818.html,
Điện,esyi Shop,799.650 ₫,-33%,535765,,,Ổ Cắm Điện Thông Minh Đa Năng Tích Hợp 2 và 3 Cổng Sạc USB Tiện Dụng Dây Dài 90cm và 110cm Miễn Phí Vận Chuyển Hàng Mới Khuyến Mãi Bảo Hành Chính Hãng Tiện Lợi Dễ Dàng Sử Dụng Phù Hợp Với Mọi Thiết Bị Điện Tử Tại Nhà Văn Phòng Ổ Cắm Chất Lượng Cao An Toàn,,https://www.lazada.vn/products/pdp-i3177953146.html,
Điện,Yci Store,799.650 ₫,-33%,535765,,,Ổ Cắm Điện Thông Minh Đa Năng Tích Hợp 2 và 3 Cổng Sạc USB Tiện Dụng Dây Dài 90cm và 110cm Miễn Phí Vận Chuyển Hàng Mới Khuyến Mãi Bảo Hành Chính Hãng Sản Phẩm Chất Lượng Cao Tiện Lợi Cho Gia Đình Văn Phòng Sử Dụng Hàng Ngày,,https://www.lazada.vn/products/pdp-i3187398481.html,
Phụ kiện Máy tính,IngemarEvangelineaXwCk,999.999 ₫,-25%,749999,,,"Bàn phím 3 chế độ 812, 2000mAh, bàn phím RGB, không dây 2.4G, Bluetooth, có dây cho điện thoại và laptop",,https://www.lazada.vn/products/pdp-i3168743326.html,
Phụ kiện Máy tính,YUNUO,837.000 ₫,-44%,468720,,,NEW 2 Keys 2.4G Mini Bluetooth Keyboard with RGB Light Hot-Swappable Copy Paste Wireless Macropad Gaming Keypad,,https://www.lazada.vn/products/pdp-i3236254188.html,
Phụ kiện Máy tính,1994's STORES,1.390.000 ₫,-46%,750600,-2,1,(CÓ SẴN) Bàn Phím Cơ Không Dây Royal Kludge RK987 Version 4 Wireless 2.4G + Bluetooth 5.1 + Có dây Type C + Hotswap,,https://www.lazada.vn/products/pdp-i1412217393.html,
Máy tính bảng,SAMSUNG Flagship Store,,,,,,"[SĂN SALE GIỮ CHUỖI 4.11] Máy tính bảng Galaxy Tab S11 Wifi, Galaxy AI, S Pen thế hệ mới, Màn hình lớn 11""",26 Đã bán,https://www.lazada.vn/products/pdp-i3187224669.html,
Phụ kiện Máy tính,BẢO HÂN TREASURES COMPUTER,,,,,,Bàn phím vi tính Keychron L1-M3 L1 Swappable RGB Backlight Brown Switch Knob Version - Black - Hàng Chính Hãng,,https://www.lazada.vn/products/pdp-i2924775038.html,
Điện,TAO Hard Tools,231.000 ₫,-6%,217140,-2,5,"Độ Chính Xác Cao Nguồn Điện Máy Đo Tần Số Điện Năng Lượng Máy Hiển Thị Kỹ Thuật Số, Điện Máy Đo 220V 100A Điện Đa Năng Dụng Cụ",604 Đã bán,https://www.lazada.vn/products/pdp-i2524241934.html,
Điện,TB supermarket store,,,,,,Ổ Cắm USB Đa Chức Năng Di Động Cho Gia Đình Ổ Cắm Điện Đa Cổng Ổ Cắm Chuyển Đổi Nhanh Ổ Cắm Điện Di Động Ổ Cắm Điện Để Bàn,3.0K Đã bán,https://www.lazada.vn/products/pdp-i2794347515.html,
Phụ kiện Máy tính,Global Merch Park,250.000 ₫,-50%,125000,-90,5,XXL Rừng Cây Miếng Lót Chuột Đen Game Thủ Máy Tính Để Bàn Thảm Chất Liệu Cao Su Cho Máy Tính Văn Phòng Laptop Bàn Phím Thẩm Mỹ Thảm Chơi Game,25 Đã bán,https://www.lazada.vn/products/pdp-i2633186399.html,
Phụ kiện Máy tính,Global Merch Park,595.000 ₫,-42%,345100,-27,5,XXL RGB Đèn Nền Miếng Lót Chuột SteelSeries Lấy Cảm Hứng Từ Laptop Chơi Game Thảm Bàn Phím Game Thủ Cô Gái Để Bàn Cao Su CS:GO Esports Mousepad,512 Đã bán,https://www.lazada.vn/products/pdp-i2725947754.html,
Phụ kiện điện thoại & máy tính bảng,BEN BEN TPHCM,1.074.000 ₫,-93%,75180,-73,4.8,"[MIỄN SHIP TOÀN QUỐC] SẠC DỰ PHÒNG CAO CẤP DUNG LƯỢNG 30000MAH - PIN DỰ PHÒNG MÀN HÌNH GƯƠNG BÓNG GIÁ RẺ 2 CỔNG SẠC, TẶNG KÈM CÁP SẠC - PIN SẠC DỰ PHÒNG THÔNG MNIH",100 Đã bán,https://www.lazada.vn/products/pdp-i2377899078.html,
Điện,Cosette,58.000 ₫,-33%,38860,-54,4.8,Ổ Cắm Điện Thông Minh Đa Năng Cổng Sạc USB Tiện Dụng,205 Đã bán,https://www.lazada.vn/products/pdp-i2279881737.html,
Dụng cụ nhà bếp,CleverOfficial Store,136.000 ₫,-42%,78880,-7,5,⚡Miễn Phí Vận Chuyển⚡Cân Tiểu Ly Điện Tử Dùng Pha Chế 3Kg/0.1g (Tặng Kèm Khay Trong Suốt I2000),209 Đã bán,https://www.lazada.vn/products/pdp-i2439073989.html,
Phụ kiện Máy tính,Vietstore24h,200.000 ₫,-46%,108000,-42,4.9,Bàn phím máy tính gaming giả cơ PANTSAN PK100 có dây nút tròn Led 7 màu cực đẹp,177 Đã bán,https://www.lazada.vn/products/pdp-i2033661177.html,
Phụ kiện Máy tính,VI TÍNH NAM TRUNG HẢI,150.000 ₫,-25%,112500,-32,4.6,Bàn phím G21 LED giả cơ game chuyên dụng - TRẮNG,122 Đã bán,https://www.lazada.vn/products/pdp-i1495570962.html,
Phụ kiện Máy tính,VI TÍNH NAM TRUNG HẢI,159.000 ₫,-25%,119250,-64,4.5,Bàn phím máy tính gaming giả cơ PANTSAN PK100 có dây nút tròn Led 7 màu cực đẹp - NTH,277 Đã bán,https://www.lazada.vn/products/pdp-i1941722220.html,
Phụ kiện điện thoại & máy tính bảng,Store Houseware,198.000 ₫,-56%,87120,-17,4.9,5 Trong 1 60W Nhanh Chóng Sạc đa năng Cáp dữ liệu Điện Thoại Di Động Giá để điện thoại Lưu Trữ Hộp Với Lấy Thẻ Pin,83 Đã bán,https://www.lazada.vn/products/pdp-i2738301521.html,
Phụ kiện Máy tính,LINH KIỆN 1984,119.000 ₫,-34%,78540,-55,4.7,[HCM]Bàn phím Q17 giả cơ game chuyên dụng,166 Đã bán,https://www.lazada.vn/products/pdp-i248297274.html,
Phụ kiện Máy tính,Sidotech Official,479.000 ₫,-35%,311350,-73,5,Bàn phím máy tính giả cơ SIDOTECH INK9 Gundam có dây gaming TKL 87 key silent chống ồn type C chống nước đèn led RGB rực rỡ gõ phím nhanh decor kết nối type c cho PC laptop ipad macbook - Hàng chính hãng,152 Đã bán,https://www.lazada.vn/products/pdp-i2495790285.html,
Phụ kiện điện thoại & máy tính bảng,ShopAnZ,,,,-1,5,4 Loại Giao Diện Sạc + 1 Cáp Sạc + 1 Hộp Bảo Quản Pin Nhận Thẻ Có Thể Được Sử Dụng Làm Điện Thoại Di Động Máy Tính Bảng,7 Đã bán,https://www.lazada.vn/products/pdp-i2911805072.html,
Điện,smart world,240.000 ₫,-27%,175200,-17,4.5,Thiết bị đo công suất 100A công tơ điện tử,89 Đã bán,https://www.lazada.vn/products/pdp-i815122336.html,
Điện,ForesightOfficialStore,87.900 ₫,-40%,52740,-17,4.5,"Ổ cắm điện thông minh 5 phích cắm, 2 cổng sạc USB, 9 ổ cắm đa năng dây dài 1,8 mét điện đa năng có công tắc",44 Đã bán,https://www.lazada.vn/products/pdp-i2638967012.html,
Điện,Tienminhlighting0601,270.000 ₫,-11%,240300,-16,4.9,"HÀNG LOẠI TỐT - Ổ Cắm Điện Đa Năng 2 Tầng/3 Tầng/4 Tầng Chịu Tải 2500W),  3 cổng sạc USB",46 Đã bán,https://www.lazada.vn/products/pdp-i2420262013.html,
Điện,Gia Dụng Marrre,105.000 ₫,-41%,61950,-26,4.9,2500W Ổ Cắm Điện Đa Năng 6 Cổng Tích Hợp Sạc USB 2 Cáp USB 3 Và 5M Dây Cáp Dày Chất Có Chốt An Toàn Tiện Dụng OD01,82 Đã bán,https://www.lazada.vn/products/pdp-i2747027575.html,
Dụng cụ đo lường,KIPRUN,301.000 ₫,-46%,162540,-170,4.7,"Ampe Kế AC/DC Đồng Hồ Đo Điện Áp Ohm Multimetro Có Cặp Nhiệt Điện, Đèn Nền LCD AN8205C-INTL",224 Đã bán,https://www.lazada.vn/products/pdp-i834942011.html,
Trường học & văn phòng,MaxgePC Vietnam,77.206 ₫,-44%,43235,,,MaxgePC 12 chữ số điện kép chức năng Tiêu chuẩn điện tử máy tính cầm tay cho văn phòng hàng ngày và cơ bản,,https://www.lazada.vn/products/pdp-i3058742050.html,
Điện,TB supermarket store,236.000 ₫,-12%,207680,,,Máy Đo Dòng Điện Usb Có Độ Chính Xác Cao Kỹ Thuật Số Zhisheng Máy Dò Sạc Điện Thoại Di Động Với Màn Hình Kỹ Thuật Số,6 Đã bán,https://www.lazada.vn/products/pdp-i2747300339.html,
Điện,TB supermarket store,192.000 ₫,-24%,145920,,,Ổ Cắm Điện Đa Năng USB Dây Kéo Cho Phòng Học Sinh Phòng Ký Túc Xá Đèn Bàn Đồ Dùng Học Tập Phụ Kiện Ổ Cắm,,https://www.lazada.vn/products/pdp-i2995235292.html,
Điện,ATOTO,81.667 ₫,-40%,49000,-3,5,"Ổ Cắm Điện Power Strip Đa Năng Thông Minh-Ổ cắm điện thông minh kèm cổng sạc 2 USB，5 plugs, 9 universal socket",13 Đã bán,https://www.lazada.vn/products/pdp-i2606986684.html,
Điện,,,,,,,Ổ Cắm Điện USB Đa Chức Năng Cho Văn Phòng Và Gia Đình Bảng Dây Kéo Bảng Dây Có Dây Chuyển Đổi Đa Năng Thiết Bị Điện Tử,234 Đã bán,https://www.lazada.vn/products/pdp-i2997323739.html,
Phụ kiện Máy tính,Linhkienstore.vn,500.000 ₫,-28%,360000,,,"Bàn Phím Có Dây AULA F3061 - Bàn Phím Chơi Game 64 Phím Có RGB, Giao Diện USB Và Chuột S50",,https://www.lazada.vn/products/pdp-i3173787385.html,
Phụ kiện Máy tính,Tứ Gia company,,,,,,Bàn Phím Rapoo V55 Led Gaming USB- Hàng chính hãng,,https://www.lazada.vn/products/pdp-i1357763177.html,
Phụ kiện Máy tính,jiang jiu,823.000 ₫,-44%,460880,,,NEW 2 Keys 2.4G Mini Bluetooth Keyboard with RGB Light Hot-Swappable Copy Paste Wireless Macropad Gaming Keypad,,https://www.lazada.vn/products/pdp-i3233793792.html,
Phụ kiện Máy tính,THE BABU STORE,,,,,,"Bàn Phím Cơ Không Dây Riccks RS8 3 Mode | Mạch Xuôi | Led RGB+Led viền | Full Foam,Full Mod | QMK-VIA",,https://www.lazada.vn/products/pdp-i3180555986.html,
Phụ kiện điện thoại & máy tính bảng,Baseus OfficialMall,1.098.000 ₫,-53%,516060,-1475,4.9,"Sạc dự phòng Baseus Qpow2 10000mAh/20000mAh - Công suất 22,5W PD Sạc nhanh (Kèm cáp Type C và Iphone dài 30cm)",4.4K Đã bán,https://www.lazada.vn/products/pdp-i2478263596.html,
Phụ kiện Máy tính,FL-Esports Authentic Store,2.899.000 ₫,-16%,2435160,,,Bàn phím cơ chơi game có dây FLEsport GP108CP Aqua Green RGB - Hotswap - Led RGB - Kết nối USB - Kailh Box switch - Hàng chính hãng,,https://www.lazada.vn/products/pdp-i2193039648.html,
Điện,GlobalWonderShop,235.000 ₫,-42%,136300,-5,5,"Ổ Cắm Thông Minh Đa Năng, Dây Dài, Tích Hợp Cổng USB, Công Suất Cao, Dùng Trong Gia Đình, Có Nhiều Lỗ Cắm, Hàng Có Sẵn Tại Việt Nam",80 Đã bán,https://www.lazada.vn/products/pdp-i2953180662.html,
Điện,SaveMoneyEverydays,356.235 ₫,-49%,181679,,,"SME USB Power Strip, đa lỗ và đa cổng cắm, ký túc xá sinh viên nhà màu hồng dễ thương ổ cắm với cáp Power Strip Power chuyển đổi",,https://www.lazada.vn/products/pdp-i3178698249.html,
Điện,,,,,,,Thiết Bị Đo Điện Đa Năng Điện Áp Điện Dung Điện Trường Đo Lường Điện Tử Độ Chính Xác Cao Dụng Cụ Điện Tử Kỹ Thuật Số,,https://www.lazada.vn/products/pdp-i3129931685.html,
Phụ kiện Máy tính,zzbcna,700.000 ₫,-25%,525000,,,"Bàn phím, văn phòng nữ, Bluetooth im lặng, không dây, dễ thương, vừa phải, nằm phẳng, ngoại hình cao, máy tính xách tay, đánh máy, Bàn phím chơi game hoạt hình",,https://www.lazada.vn/products/pdp-i3042601892.html,
Phụ kiện Máy tính,GlobalLifestyle,1.021.000 ₫,-23%,786170,,,"Bàn Phím Cơ Học Không Dây Bluetooth Darmoshark K2 Pro RGB Có Đèn Nền, Hỗ Trợ Hot Swap, 61 Phím Và Macro Drive",,https://www.lazada.vn/products/pdp-i3066640526.html,
Phụ kiện Máy tính,GlobalLifestyle,602.000 ₫,-23%,463540,,,"Bàn Phím Chơi Game 60% Nhỏ Gọn, Tiện Dụng, Đèn Nền RGB, Màng, Dành Cho PC Windows, Laptop - 68 Phím Chuẩn, Có Dây, Đầu Vào USB",,https://www.lazada.vn/products/pdp-i2954021937.html,
Phụ kiện Máy tính,KONG 3C STORE [vn],2.779.111 ₫,-30%,1945377,,,"Bàn phím chơi game không dây Attack Shark X85Pro Macro - Màn hình màu TFT, Có thể hoán đổi nóng, RGB, Bluetooth 5.0, Pin 4000mAh, Núm tùy chỉnh, Giá đỡ gioăng, dành cho PC/MAC, Công tắc Linear Blueberry",,https://www.lazada.vn/products/pdp-i2934136682.html,
Đồ gia dụng chăm sóc cá nhân,JIASHI Shopping Mall,175.000 ₫,-35%,113750,,,Bộ sạc điện Mini 20000 ma dung tích lớn đi kèm với cáp Bộ cấp nguồn di động di động,,https://www.lazada.vn/products/pdp-i2807299979.html,
Điện,,,,,,,Ổ Cắm Điện Đa Năng USB Cho Phòng Học Sinh Ổ Cắm Điện Có Dây Chuyển Đổi Phụ Kiện Ổ Cắm Điện Công Ty Sản Xuất Điện Phụ Kiện,,https://www.lazada.vn/products/pdp-i2997335658.html,
Phụ kiện điện thoại & máy tính bảng,Pisen Official Store 1618388268,1.196.000 ₫,-30%,837200,,,"Sạc Dự Phòng Nhỏ Gọn 3IN1 | Tích Hợp 2 Cáp Sạc, Màn Hình Led Hiển Thị Pin, Tự Điều Chỉnh Dòng Điện Khi Sạc, Hỗ Trợ Sạc Iwatch, Phù Hợp Android/IOS, Tai Nghe | POWERLink Flex 22.5W | TP-D104 | Bảo Hành 24 Tháng | Bảo Hiểm 2 Triệu Đô Toàn Cầu Usb",,https://www.lazada.vn/products/pdp-i2962185134.html,
Phụ kiện Máy tính,Phan Computer,916.000 ₫,-15%,778600,,,"Bàn phím LANGTU L98 kết nối 3 chế độ, có màn hình led, núm xoay dành cho game thủ và văn phòng",,https://www.lazada.vn/products/pdp-i3202478273.html,
Phụ kiện Máy tính,vintagelifestyle,3.590.000 ₫,-26%,2656600,,,"Bàn phím cơ AKKO 5108B Plus 108 phím My Sweet Piano có hotswap, 3 kiểu kết nối bluetooth, 2.4g, có dây",,https://www.lazada.vn/products/pdp-i3175466791.html,
Phụ kiện Máy tính,BOSSGEAR,1.200.000 ₫,-8%,1104000,,,"Bàn Phím Cơ Attack Shark K86 RGB, 3 Modes , Có màn Hình, Núm Vặn, Hot Swap 5 Chân",,https://www.lazada.vn/products/pdp-i2421131113.html,
Phụ kiện Máy tính,CP Peripheral.VN,2.240.000 ₫,-30%,1568000,,,"Bàn phím cơ Eweadn X87, Bluetooth, thiết bị ngoại vi không dây có ba chế độ, 2.4G, đèn RGB tích hợp, không rung, mới 2024 ra mắt",,https://www.lazada.vn/products/pdp-i2678054230.html,
"Thiết bị sưởi, làm lạnh và thông gió",goojodoqstore.vn,300.000 ₫,-40%,180000,-1895,4.9,"Quạt mini GOOJODOQ cầm tay với 4000mAh,5 bánh răng gió mạnh,điều chỉnh mức 100 Level,Tiếng ồn nhỏ,có thể gập lại",7.2K Đã bán,https://www.lazada.vn/products/pdp-i2871595253.html,
Smartphones,Chỉ vì 3C,2.980.000 ₫,-45%,1639000,-3,3.7,Galax S24 Ultra điên thoại gia rẻ Full HD 16GB RAM +1TB ROM Hỗ trợ 2 SIM Mạng 3G/4G/5G Bộ Lớn 8000mAh,,https://www.lazada.vn/products/pdp-i3184343611.html,
Phụ kiện Máy tính,E-WOITD EL,178.733 ₫,-41%,105452,-2,5,【E-WOITD】 RGB Bàn Phím Chơi Game Một Tay Mini USB Siêu Mỏng Có Dây 35-Phím Một Tay Đèn Nền Bàn Phím Cho Máy Tính PC Máy Tính Xách Tay,6 Đã bán,https://www.lazada.vn/products/pdp-i3120581151.html,
Phụ kiện Máy tính,THIẾT BỊ CÔNG NGHỆ HUY LONG,249.000 ₫,-30%,174300,-43,5,Bàn phím giả cơ YINDIAO K500 đa dạng màu sắc kèm theo đèn led 7 màu xuyên phím dành cho game thủ,151 Đã bán,https://www.lazada.vn/products/pdp-i2609489444.html,
Phụ kiện Máy tính,Kho sỉ phụ kiện1,420.000 ₫,-10%,378000,-78,5,Bàn phím cơ LEAVEN K550 Pro 13 chế độ LED xuyên phím thích hợp chơi game làm việc,261 Đã bán,https://www.lazada.vn/products/pdp-i1581700497.html,
Phụ kiện Máy tính,Vietstore24h,25.000 ₫,-62%,9500,-141,4.8,Miếng Lót Chuột T1,1.1K Đã bán,https://www.lazada.vn/products/pdp-i1909015745.html,
Phụ kiện Máy tính,KAYAN,120.000 ₫,-27%,87600,-28,5,"Miếng lót chuột, bàn di chuột chống nước cỡ lớn 90x40cm dày 3mm",113 Đã bán,https://www.lazada.vn/products/pdp-i2136760844.html,
Phụ kiện Máy tính,NVN-STORE,26.000 ₫,-46%,14040,-147,4.8,Lót chuột size 26x21cm dày 5 li- Màu đen-M05,897 Đã bán,https://www.lazada.vn/products/pdp-i787202797.html,
Phụ kiện điện thoại & máy tính bảng,goojodoqstore.vn,120.000 ₫,-18%,98400,-595,4.9,【Free Gift】Sạc dự phòng di động GOOJODOQ 10000Mah Typc-C/Lighting Giao diện kép 22.5w Pin có thể tháo rời Power Bank,1.7K Đã bán,https://www.lazada.vn/products/pdp-i2836457430.html,
Phụ kiện điện thoại & máy tính bảng,goojodoqstore.vn,180.000 ₫,-43%,102600,-609,4.9,"Sạc Pin Dự Phòng Mini GOOJODOQ 4000MAh,Tích Hợp Cáp Type-C & LN,Pin Hiệu Suất Cao, Cầm Tay Và Kích Thước Bỏ Túi",1.9K Đã bán,https://www.lazada.vn/products/pdp-i3050638377.html,
Điện,homelifestorevn,218.100 ₫,-41%,128679,-30,5,Đồng hồ đo công suất điện 220V có nút độ chính xác cao màn hình hiển thị LCD P U I Kwh bộ công tơ điện tử A,128 Đã bán,https://www.lazada.vn/products/pdp-i2406997860.html,
Điện,A_hoco__Store,229.000 ₫,-41%,135110,-23,4.9,【🔥HCM/24H】Đồng hồ vạn năng DT9205A màn hình kỹ thuật số đồng hồ vạn năng thông minh Máy đo bảo dưỡng thợ điện chính xác cao,57 Đã bán,https://www.lazada.vn/products/pdp-i1904566071.html,
Điện,Alice Mart,80.000 ₫,-26%,59200,,,"Ổ cắm điện đa năng nhiều ổ,  Ổ Điện Tích Hợp Sạc Nhanh - 2 Cổng Cắm USB - Công tắc bật tắt an toàn tiện dụng - Dây dài 1,9m chịu nhiệt tốt , chịu tải 2500w",,https://www.lazada.vn/products/pdp-i2910684406.html,
Đèn,XiaoZhubangchu,376.000 ₫,-33%,251920,-4,5,"Đèn để bàn cấp điện USB xiaozhubangchu để nghiên cứu, độ sáng 3 cấp, hiệu chỉnh Nhiệt độ màu, giảm Đèn xanh dương, thiết kế không nhấp nháy",,https://www.lazada.vn/products/pdp-i3085775179.html,
Trường học & văn phòng,FEIYU stationery,883.000 ₫,-57%,379690,-5,4.8,Bộ Quà Đồ Văn Phòng Điện Tử Cho Bé Gái 6-8 Tuổi,,https://www.lazada.vn/products/pdp-i3191311641.html,
Điện,,210.000 ₫,-14%,180600,,,Ổ Cắm Điện Di Động Mini USB PD Sạc Ổ Cắm Đa Chức Năng Cho Chuyến Công Tác Có Đèn LED Đêm Thiết Bị Điện Tử,,https://www.lazada.vn/products/pdp-i2997269953.html,
Điện,Smart power,129.000 ₫,-22%,100620,-6,5,"Combo 02 ổ cắm điện gắn tường 110-220V tích hợp 2 cổng sạc USB 2V/5A tiện dụng (trắng) ổ cắm điện, ổ cắm điện đa năng, ổ cắm đa năng, sạc điện thoại máy tính bảng, ổ cắm thông minh",55 Đã bán,https://www.lazada.vn/products/pdp-i339720704.html,
Điện,,214.000 ₫,-37%,134820,,,Ổ Cắm Điện Đa Chức Năng Có Dây Dài USB Nhiều Lỗ Dùng Cho Ký Túc Xá Sinh Viên Và Gia Đình Ổ Cắm Điện Đa Năng PP/PC Chống Sét,30 Đã bán,https://www.lazada.vn/products/pdp-i2997555103.html,
Phụ kiện Máy tính,PHONG VU Digital Store,390.000 ₫,-18%,319800,-1,5,Bàn phím gaming Rapoo V50S RGB màu đen (214290V50100841) - Bảo hành 24 tháng,,https://www.lazada.vn/products/pdp-i2652440337.html,
Phụ kiện Máy tính,FL-Esports Authentic Store,,,,,,Bàn phím cơ chơi game có dây FLEsport CMK98SA Graphite Green RGB - Hotswap - Led RGB - Kết nối USB - Kailh Box switch - Hàng chính hãng,,https://www.lazada.vn/products/pdp-i1966535395.html,
Phụ kiện Máy tính,MKSHOP,,,,,,"Bàn Phím Cơ Attack Shark K86 RGB, 3 Modes , Có màn Hình, Núm Vặn, Hotswap 5 pin",,https://www.lazada.vn/products/pdp-i2594860090.html,
Phụ kiện Máy tính,want jp PC,1.000.000 ₫,-12%,880000,,,"Bàn phím mini 3 phím, Bàn Phím USB PC một tay có núm, Bàn Phím Cơ lập trình, Bàn phím chơi game cơ Macro mini, công tắc màu xanh (màu đen)",,https://www.lazada.vn/products/pdp-i3109657919.html,
Phụ kiện Máy tính,Cửa hàng Công nghệ thông minh Lê Phạm,1.099.000 ₫,-5%,1044050,,,Bàn Phím Game Logitech G213 RGB Prodigy - Hàng Chính Hãng - Bảo Hành 2 Năm,,https://www.lazada.vn/products/pdp-i514002535.html,
Phụ kiện Máy tính,Sky Blue shop,1.255.500 ₫,-26%,929070,,,"Deiog AK98 bàn phím cơ gaming - Led RGB sống động, 98 phím khoa học, mượt mà, chống nước IPX7, phù hợp chơi game & làm việc",,https://www.lazada.vn/products/pdp-i3203897974.html,
Phụ kiện Máy tính,Phụ Kiện Giá Rẻ 36,,,,,,"Bàn Phím Không Dây Remax JP-1 tích hợp khe để điện thoại, máy tính bảng kết nối cùng lúc 02 thiết bị Bluetooth và 01 USB",,https://www.lazada.vn/products/pdp-i1959948814.html,
Thiết bị nhà bếp,PHILIPS Flagship Store,1.900.000 ₫,-26%,1406000,-2636,4.8,Máy Xay Sinh Tố Philips HR2223/00 (Trắng)|700W|-Bộ 3 Cối Xay Nhựa-5 Chế Độ Cài Đặt Sẵn- Nghiền Mịn Đá--Hàng Phân Phối Chính Hãng.,12.1K Đã bán,https://www.lazada.vn/products/pdp-i764172155.html,
Phụ kiện Máy tính,Fuhlen Store Chính Hãng,3.000.000 ₫,-20%,2400000,,,Bàn Phím Cơ Không Dây Fuhlen H75s Panda 3-Mode Gasket Hotswap mạch xuôi LED RGB nháy theo nhạc - Bảo hành 2 năm,,https://www.lazada.vn/products/pdp-i2690174702.html,
Phụ kiện Máy tính,XSmart Store,3.350.000 ₫,-35%,2177500,-1,5,Bàn Phím Cơ Không Dây Bluetooth LEOBOG K81BT 3 Mode LED RGB Hotswap 5 Pin Cấu Trúc Gasket Lót Foam,,https://www.lazada.vn/products/pdp-i2678697849.html,
Đèn,HOME WI Lighting Shop2,202.280 ₫,-50%,101140,,,Đèn Bàn WI Gia Đình Đèn Led Cho Phòng Đèn Học Lampu Meja Belajar Đèn Bàn Sạc 3 Màu Trong 1 Có Dây USB Cảm Ứng Bật/Tắt Đèn Đọc Sách Mờ Vô Cấp Cho Phòng Ngủ Ký Túc Xá,,https://www.lazada.vn/products/pdp-i2074565243.html,
Phụ kiện Máy tính,Gamer Sky,990.000 ₫,-23%,762300,-32,4.3,Bàn Phím Cơ RK71 70% Chính Hãng Bàn Phím Bluetooth Bàn Phím Chơi Game Hai Chế Độ USB Không Dây Màu Xanh Băng Đèn Nền LED Xanh Dương Nâu Đỏ Switch,37 Đã bán,https://www.lazada.vn/products/pdp-i1379706886.html,
Điện,jiaozuoweicaishangmao,586.708 ₫,-33%,393094,,,"Hộ gia đình đa chức năng dọc hình tháp văn phòng với sạc USB và ánh sáng dây dài ổ điện nhiều lỗ chuyển đổi nhiều ổ cắm dây, dẫn & Adapter",,https://www.lazada.vn/products/pdp-i3134047749.html,
Phụ kiện Máy tính,GlobalLifestyle,584.000 ₫,-23%,449680,,,"Bàn Phím Chơi Game Hàn Quốc HXSJ V200 Di Động 68 Phím, 65%, Đèn Nền RGB, Có Dây, Màng, Dành Cho Máy Tính Để Bàn Và Laptop",,https://www.lazada.vn/products/pdp-i3147851337.html,
Phụ kiện Máy tính,Ali CUGI,999.999 ₫,-4%,959999,,,Bàn Phím Cơ Không Dây Bluetooth ZA63 Pro - Trục cơ Linear Hotswap 5 Pin - Pin sạc - LEG RGB cả phím và body ban  phim,,https://www.lazada.vn/products/pdp-i3015719503.html,
Phụ kiện Máy tính,Lazone,600.000 ₫,-36%,384000,,,"Bàn phím cơ K550 Blue Switch 87 phím tiêu chuẩn, bàn phím cơ gaming RGB phù hợp với chơi game và làm việc , bàn phím cơ giá rẻ dùng cho PC, laptop",,https://www.lazada.vn/products/pdp-i1985559061.html,
Phụ kiện Máy tính,Yoking Official,700.000 ₫,-45%,385000,-4,5,"Bàn phím cơ gaming Yoking K550 Blue Switch 87 phím tiêu chuẩn, bàn phím cơ RGB phù hợp với chơi game và làm việc , bàn phím cơ dùng cho PC, laptop",11 Đã bán,https://www.lazada.vn/products/pdp-i1737009043.html,
Phụ kiện Máy tính,"Zgaming,vn | Gaming Gear & Lót Chuột & Phụ Kiện PC",1.428.000 ₫,-28%,1028160,,,"Bàn Phím Cơ Không Dây LANGTU LT84 - Hot-Swap -Màn Hình Led & Núm Xoay, LED RGB nhiều chế độ, Bảo Hành 12 Tháng",6 Đã bán,https://www.lazada.vn/products/pdp-i2383866664.html,
Phụ kiện Máy tính,Global Joy,957.000 ₫,-23%,736890,-39,5,Bluetooth RGB Bàn Phím Cơ 12 Phím Lập Trình Macro Có Thể Tùy Chỉnh 3 Núm Photoshop Bàn Phím Chơi Game Hotswap USB Máy Tính Để Bàn,12 Đã bán,https://www.lazada.vn/products/pdp-i2594433323.html,
Phụ kiện Máy tính,i1fyeu,,,,,,"K68 Không Dây Bàn Phím Cơ Khí, Bluetooth 5.0/2.4Ghz Với 2-Trong-1 Receiver, 68-Key Bàn Phím Chơi Game, Cho PC Mac X điện thoại thông minh",,https://www.lazada.vn/products/pdp-i2640633575.html,
Phụ kiện Máy tính,‌Emerald Electronics,999.999 ₫,-20%,799999,,,"Bàn phím cơ có dây APAYADO K61 - 60% nhỏ gọn (61 phím), đèn nền RGB, thiết kế di động, switch Phantom, dành cho chơi game",,https://www.lazada.vn/products/pdp-i3165122985.html,
Phụ kiện Máy tính,pamatdeti1972,460.000 ₫,-50%,230000,,,Sexy Ganyu Genshin Shock Gaming Chuột Pad XXL R18 Máy tính ngực lớn NSFW Chuột Pad Gamer Núm vú Anime Girl Bảng Pad,,https://www.lazada.vn/products/pdp-i2862951978.html,
Smartphones,THẮNG THAO MOBILE,3.690.000 ₫,-16%,3099600,,,"Điện thoại Xiaomi POCO C75 (8GB/256GB) Helio G81 Ultra,Màn hình 6.88inch - Hàng chính hãng",469 Đã bán*,https://www.lazada.vn/products/pdp-i3218897360.html,
Điện,NingXiangShiXiaoQiangDongBaiHuoDian,174.096 ₫,-50%,87048,,,Đồng hồ vạn năng Thông Minh Kỹ Thuật Số Chống cháy VC921 hiển thị độ chính xác cao đa năng bỏ túi,51 Đã bán,https://www.lazada.vn/products/pdp-i2783730505.html,
Điện thoại bàn,PhanLong10 Store,,,,,,"Điện Thoại Thông Minh 5S quốc tế, kèm sạc, bảo hành 3 tháng",,https://www.lazada.vn/products/pdp-i3217465970.html,
Điện,NingXiangShiHaiJunDaiBaiHuoDian,178.490 ₫,-50%,89245,,,Đồng hồ vạn năng Thông Minh Kỹ Thuật Số Chống cháy VC921 hiển thị độ chính xác cao đa năng bỏ túi,6 Đã bán,https://www.lazada.vn/products/pdp-i2783818011.html,
Dụng cụ cầm tay & phụ kiện,Thế Giới Linh Kiện 720,71.000 ₫,-40%,42600,-229,4.8,"Đồng hồ đo điện tử vạn năng DT830B Digital Multimeter, đồng hồ đo điện đa năng, đo điện áp, ampe, diode... hiển thị kỹ thuật số, đồng hồ đo có kèm pin theo",742 Đã bán,https://www.lazada.vn/products/pdp-i1427164470.html,
Điện,TỔNG KHO GIA DỤNG 1587825305,,,,-67,4.7,Ổ cắm điện đa năng 7 Cổng Sạc USB 2 Cáp USB 3 Và 5M Dây Cáp Dày Chất Lượng Cao 100% Chính Hãng,274 Đã bán,https://www.lazada.vn/products/pdp-i2708713623.html,
Thiết bị nhà bếp,ZODAN Corporation,198.000 ₫,-50%,99000,-1950,4.9,"[BH 1 NĂM] Ấm đun siêu tốc, Bình đun nước siêu tốc 2.3L - Bảo Hành 1 Năm",5.1K Đã bán,https://www.lazada.vn/products/pdp-i2531847264.html,
Phụ kiện Máy tính,Richky05,300.000 ₫,-74%,78000,-3,5,Chuột chơi game Logitech G102 lightsync chuột quang có dây USB 8000DPI 6 nút Có Đèn Led Đẹp Mắt LIGHTSYNC Gaming Mouse Gen 2,44 Đã bán,https://www.lazada.vn/products/pdp-i3190963435.html,
Dụng cụ cầm tay & phụ kiện,Smart Room,,,,-19,4.9,Đồng hồ vạn năng điện tử ZOYI ZT102 đồng hồ đa năng kỹ thuật số màn hình LCD ZT 102,91 Đã bán,https://www.lazada.vn/products/pdp-i1993688449.html,
Điện,Samebeauty,341.167 ₫,-40%,204700,-4,4,[Giao hàng 24 giờ⚡️] Đồng hồ đo điện áp D52-2066 6 trong 1 đa năng 110V 220V 380V 100A,18 Đã bán,https://www.lazada.vn/products/pdp-i2807379856.html,
Điện,Shop Hoàng Bách,,,,-8,4.9,Công Tơ Điện Tử 4 Thông Số 80A 220V có RESET độ chính xác cao màn hình LCD,41 Đã bán,https://www.lazada.vn/products/pdp-i2792861171.html,
Đèn,Điện Việt,82.000 ₫,-35%,53300,-2424,4.8,"Đèn bàn học bài, đọc sách loại tốt nhiều mẫu - Điện Việt",7.8K Đã bán,https://www.lazada.vn/products/pdp-i286082657.html,
Đèn,My Home - Tiệm Decor,132.096 ₫,-48%,68689,-72,4.9,[Voucher 50K| 25.06 29.06] Đèn học để bàn tích điện kết hợp dải led 3 màu sắc điều chỉnh độ sáng và có giá để bút tiện lợi DN112,210 Đã bán,https://www.lazada.vn/products/pdp-i2206178957.html,
Điện,Good Luck VN,208.000 ₫,-52%,99840,-65,5,"Đồng hồ đo điện, loại kim, model vạn năng sunma sanwai YX-360TR, tặng kèm 2 pin AA + 1 pin 9V, loại con trỏ YX-360TRN, đồng hồ vạn năng analog, đồng hồ điện sunwa",113 Đã bán,https://www.lazada.vn/products/pdp-i2465263003.html,
Phụ kiện điện thoại & máy tính bảng,violet56,147.000 ₫,-33%,98490,-5,5,"Sạc Siêu Nhanh 66W 20000MAh Cáp Tự Dây Điện Dung Tích Lớn, In Logo Nguồn Điện Di Động Trong Suốt Quà Tặng",17 Đã bán,https://www.lazada.vn/products/pdp-i3121216575.html,
Điện,Smart power,240.000 ₫,-27%,175200,-41,4.6,Thiết bị đo công suất 100A công tơ điện tử,234 Đã bán,https://www.lazada.vn/products/pdp-i815080952.html,
Thiết bị y tế,OOKAS Đồ gia dụng nhỏ,176.098 ₫,-29%,125029,-9,5,OOKAS Trang chủ Kích thước lớn LED HD Hiển thị Quy mô điện tử,39 Đã bán,https://www.lazada.vn/products/pdp-i2578443485.html,
Trường học & văn phòng,MMLUCK,109.000 ₫,-41%,64310,,,MMLUCK Thuận tiện Cầm tay Cầm tay Máy đếm Màn hình điện tử Tay LCD Kỹ thuật số,,https://www.lazada.vn/products/pdp-i3074652489.html,
Điện,PowerOfficial Store,285.800 ₫,-50%,142900,-11,4.9,"Đồng hồ đo điện vạn năng VOM Sanwa YX360TRD kèm pin, có còi báo, ốp da bọc",29 Đã bán,https://www.lazada.vn/products/pdp-i2166134831.html,
Dụng cụ cầm tay & phụ kiện,Đồ Nghề Hoà Phát,,,,,,Đồng hồ vạn năng điện tử UT33 cao cấp - Hàng Có Sẵn,6 Đã bán,https://www.lazada.vn/products/pdp-i2313001249.html,
Trang trí nhà cửa,Nhím shop 94,65.000 ₫,-42%,37700,-4,4,"Đồng Hồ Điện Tử Để Bàn Có Đèn LED Đổi Màu, Đa Chức Năng : Thời Gian, Ngày Tháng, Báo Thức, Đo Độ",13 Đã bán,https://www.lazada.vn/products/pdp-i1729439181.html,
Đèn,Cửa hàng Minh Phong,105.000 ₫,-14%,90300,,,Đèn bàn sạc led KY6665,,https://www.lazada.vn/products/pdp-i2100900050.html,
Phụ kiện điện thoại & máy tính bảng,Siêu thị nhập khẩu Sakurato,375.000 ₫,-41%,221250,-378,4.9,"Sạc Dự Phòng 30000mAh 120W Trong Suốt Sạc Siêu Nhanh Siêu Bền Kết Hợp Led Soi Sáng Với 4 Đầu Sạc Và 3 Cổng Sạc Tiện Dụng 2 Cổng USB, 1 Cổng Type C",1.4K Đã bán,https://www.lazada.vn/products/pdp-i2662954801.html,
Phụ kiện điện thoại & máy tính bảng,Mu1NqZN9,658.000 ₫,-63%,243460,-1,5,Sạc dự phòng 80000mAh 50000mah sạc nhanh 120W pin PD20W dung lượng lớn có dây cắm nhiều điện thoại,10 Đã bán,https://www.lazada.vn/products/pdp-i3199906575.html,
Phụ kiện điện thoại & máy tính bảng,UEDENSHI_SHOP,,,,-47,5,Sạc dự phòng chính hãng lỗi mạch lấy cell pin 18650 dung lượng 2.500mah siêu tiết kiệm kinh phí,119 Đã bán,https://www.lazada.vn/products/pdp-i2304439784.html,
Phụ kiện điện thoại & máy tính bảng,THANH CONG PLUS,269.000 ₫,-45%,147950,-21,4.3,"Pin dự phòng pin 20000mAh trong suốt dung lượng lớn sạc nhanh 22,5W cho nhiều thiết bị điện thoại",104 Đã bán,https://www.lazada.vn/products/pdp-i2671719022.html,
Phụ kiện điện thoại & máy tính bảng,CleverOfficial Store,132.000 ₫,-49%,67320,-68,4.6,⚡Miễn Phí Vận Chuyển⚡Pin Sạc Dự Phòng 1.5V AA / AAA 9800mAh Kèm 4 Pin Chất Lượng Cao Máy Sạc,215 Đã bán,https://www.lazada.vn/products/pdp-i3068616823.html,
Phụ kiện điện thoại & máy tính bảng,Shen Zhen 3C,490.000 ₫,-67%,161700,-22,4.8,"Bùng nổ 100000mAh sạc dự phòng 50000mAh,2 cổng sạc đầu vào, 4 cổng USB sạc, hiển thị dung lượng kỹ Bùng nổ 100000mAh sạc dự phòng 50000mAh,2 cổng sạc đầu vào, 4 cổng USB sạc, hiển thị dung lượng kỹ thuật sốthuật số",74 Đã bán,https://www.lazada.vn/products/pdp-i3189188451.html,
Phụ kiện điện thoại & máy tính bảng,vneIcRnO.Selection,60.500 ₫,-23%,46585,-27,4.3,"Pin Sạc Dự Phòng Aimier Mini – Sạc Nhanh PD, Màn Hình LCD Hiển Thị, Nhỏ Gọn Dễ Mang Theo – Tương Thích Nhiều Cổng Sạc",2.3K Đã bán,https://www.lazada.vn/products/pdp-i3140914720.html,
Dụng cụ cầm tay & phụ kiện,Thế Giới Linh Kiện 720,71.000 ₫,-40%,42600,-229,4.8,"Đồng hồ đo điện tử vạn năng DT830B Digital Multimeter, đồng hồ đo điện đa năng, đo điện áp, ampe, diode... hiển thị kỹ thuật số, đồng hồ đo có kèm pin theo",742 Đã bán,https://www.lazada.vn/products/pdp-i1427164470.html,
Dụng cụ cầm tay & phụ kiện,Linh Kiện 024,51.500 ₫,-4%,49440,-487,4.8,"Đồng hồ đo điện tử vạn năng DT830B Digital Multimeter, đồng hồ đo điện tử đa năng, đo điện áp, ampe, diode hiển thị kỹ thuật số, đồng hồ đo có kèm pin theo",1.4K Đã bán,https://www.lazada.vn/products/pdp-i1339643352.html,
Phụ kiện Máy tính,HAWEEL.Achoice-VN,15.000 ₫,-33%,10050,-2659,4.9,"Thảm bàn PU Mouse Pad hai mặt, Kích thước: 60 x 30cm",8.7K Đã bán,https://www.lazada.vn/products/pdp-i2518438457.html,
Phụ kiện điện thoại & máy tính bảng,VUA BÁN LẺ 88,28.800 ₫,-44%,16128,-54,4.8,Box sạc dự phòng 1 pin (không pin),304 Đã bán,https://www.lazada.vn/products/pdp-i391834353.html,
Phụ kiện điện thoại & máy tính bảng,Shen Zhen 3C,500.000 ₫,-68%,160000,-41,4.4,Sạc dự phòng100000mAh cổng sạc nhanh 120W pd20W kèm 4 đầu cáp sạc màn hình led bảo hành 12 tháng,142 Đã bán,https://www.lazada.vn/products/pdp-i3189143990.html,
Phụ kiện điện thoại & máy tính bảng,Inno Tech,165.000 ₫,-46%,89100,-182,4.7,"Sạc Dự Phòng 10000mah Cắm Sạc 20w Trực Tiếp, Sạc Cùng Lúc 2 Thiết Bị, Có Giá Kê Đứng Điện Thoại, Cổng Sạc Kép Đầu Ra",585 Đã bán,https://www.lazada.vn/products/pdp-i2554272186.html,
Phụ kiện điện thoại & máy tính bảng,Shen Zhen 3C,600.000 ₫,-75%,150000,-24,4.7,"[năng lượng mặt trời]pin sạc dự phòng  100000mAh dung lượng  khủng,lớn với ngân hàng điện bốn dây đèn LED sạc nhanh 120W",69 Đã bán,https://www.lazada.vn/products/pdp-i3189241362.html,
Phụ kiện điện thoại & máy tính bảng,CHANG TAN,60.000 ₫,-70%,18000,-17,4.6,"SẠC GIÁ RẺ MẶT GƯƠNG LCD 30000MAH, HỖ TRỢ SẠC NHANH KÈM CÁP SẠC NGẮN",30 Đã bán,https://www.lazada.vn/products/pdp-i3162831752.html,
Phụ kiện điện thoại & máy tính bảng,Inno Tech,225.000 ₫,-60%,90000,-187,4.8,"Sạc Dự Phòng 10000mah Sạc Trực Tiếp Dây 15w, Kích Cỡ Viên Pin, Sạc 2 Điện Thoại Cùng Lúc, Thanh Đỡ Điện Thoại Xem Phim",620 Đã bán,https://www.lazada.vn/products/pdp-i2538264043.html,
Phụ kiện điện thoại & máy tính bảng,Phát Đạt Phụ Kiện,170.000 ₫,-34%,112200,-265,4.9,Sạc Dự Phòng HOCO 10.000mAh-J100(J82),835 Đã bán,https://www.lazada.vn/products/pdp-i2530308876.html,
Điện,Good Luck VN,100.000 ₫,-45%,55000,-119,4.4,"Đồng hồ đo điện vạn năng Samwa YX-360 TRn, Đồng hồ vạn năng tương tự Sanwa, tặng kèm pin 9V",469 Đã bán,https://www.lazada.vn/products/pdp-i2671225712.html,
Dụng cụ đo lường,YZL-tools,147.000 ₫,-46%,79380,-36,5,Đồng hồ vạn năng kỹ thuật số Mini 4000 đếm AC DC dụng cụ điện Tester Auto multimetro kỹ thuật số Profesional Meter,,https://www.lazada.vn/products/pdp-i2302404321.html,https://www.lazada.vn/products/pdp-i2302404321.html