category,store_name,original_price,discount_percent,price,rating,comment_count,name,sold,link
Snacks & Confectionery,Otto Shop.Selection,"₫ 42,000",-29%,"₫30,000",5,(16413),Kẹo socola sữa Popit Doraemon 212gr | Socola | Đồ ăn vặt,61.1K sold,https://www.lazada.vn/products/pdp-i2427303130.html
Snacks & Confectionery,Kinh Đô.Selection,"₫ 21,700",-29%,"₫15,500",4.9,(386),Oreo Bánh Quế – Gói 54g (Vanilla & Socola) Bánh Quy & Bánh Nướng,2.8K sold,https://www.lazada.vn/products/pdp-i2904221937.html
Snacks & Confectionery,Otto Shop.Selection,"₫ 31,500",-29%,"₫22,500",5,(17874),Bánh phủ socola Choco PN SoSof 216g | Bánh ăn vặt Socola | Đồ ăn vặt,58.2K sold,https://www.lazada.vn/products/pdp-i2554106670.html
Food Staples & Cooking Essentials,pdgroup.Selection,"₫ 33,100",-25%,"₫24,700",5,(12514),Túi 200gr Sườn Non chay đậu nành cao cấp,36.6K sold,https://www.lazada.vn/products/pdp-i2502948952.html
Food Staples & Cooking Essentials,Brothers Shop,"₫ 10,000",-36%,"₫6,400",4.8,(496),⭐SET 50 món ăn vặt cay nội địa Trυng tự chọn,5.2K sold,https://www.lazada.vn/products/pdp-i1867634129.html
Food Staples & Cooking Essentials,Storebinhtantphcm,"₫ 18,000",-50%,"₫4,000",4.8,(1212),SIÊU NGON BÁNH TRÁNG TRỘN THẬP CẨM TÂY NINH KÈM NƯỚC SỐT FULL TOPING,8.9K sold,https://www.lazada.vn/products/pdp-i2055704208.html
Food Staples & Cooking Essentials,Tạp Hoá HULA,"₫ 35,000",-20%,"₫28,000",5,(215),1 Kg Quẩy Đùi Gà Phô Mai Cay Thơm Giòn Khó Cưỡng - Đồ Ăn Vặt Việt Nam,854 sold,https://www.lazada.vn/products/pdp-i2581207552.html
Snacks & Confectionery,ChengMei food.Selection,"₫ 45,500",-29%,"₫32,500",4.9,(1642),[100gr/100 viên] Kẹo Ngậm không Đường Thơm Miệng Vị Trái Cây,9.6K sold,https://www.lazada.vn/products/pdp-i2598662003.html
Snacks & Confectionery,SuSuTo Shop.Selection,"₫ 51,800",-23%,"₫39,800",5,(7373),"kẹo dâu tây dâu tằm Đà Lạt hộp 500g nhìn là muốn ăn ngay sang trọng hợp vệ sinh, món đồ ăn vặt đưa về ký ức tuổi thơ tuyệt vời",27.7K sold,https://www.lazada.vn/products/pdp-i2409956794.html
Food Staples & Cooking Essentials,pdgroup.Selection,"₫ 26,800",-29%,"₫19,100",4.9,(1509),100gr tép sấy ăn liền đặc biệt thơm ngon ăn bánh tráng - nhậu lai rai - ăn với gỏi đồ ăn vặt giá rẻ,4.4K sold,https://www.lazada.vn/products/pdp-i2619666503.html
Snacks & Confectionery,ChengMei food.Selection,"₫ 50,600",-29%,"₫36,100",4.9,(2983),1 bịch 100 viên Kẹo Cafe Không Đường Kẹo Ăn Kiêng,32.4K sold,https://www.lazada.vn/products/pdp-i2598523988.html
Snacks & Confectionery,Ăn vặt store TD,,,"₫65,000",4.9,(5862),500gr lạp xưởng tôm đất Sóc Trăng,30.0K sold,https://www.lazada.vn/products/pdp-i519954856.html
Snacks & Confectionery,WANT WANT Store,,,"₫8,500",5,(1677),"Kẹo Dẻo Want Want QQ Gummies Chân Mèo 2 Lớp Nhiều Vị Gói 24.5g, Kẹo Trái Cây Mềm Dẻo, Thơm Ngon",13.5K sold,https://www.lazada.vn/products/pdp-i3106784549.html
Snacks & Confectionery,thucduong.healthy shop,"₫ 99,000",-24%,"₫50,000",4.9,(63),"Bánh Gừng Táo Đỏ Không Đường 500G, Đồ Ăn Nhẹ Tốt Cho Sức Khoẻ , Dưỡng Thần, Tâm An, Khí Huyết Lưu Thông - Snack food Thức ăn vặt",203 sold,https://www.lazada.vn/products/pdp-i2918692145.html
Snacks & Confectionery,Ăn vặt store TD,,,"₫9,000",4.7,(163),xả lỗ - 100gr kẹo dẻo vuông,1.6K sold,https://www.lazada.vn/products/pdp-i2309582051.html
Snacks & Confectionery,ChengMei food.Selection,"₫ 45,100",-29%,"₫32,200",4.9,(1264),"(100 viên) Kẹo cà phê đường đen, Kẹo đậu phộng, Kẹo matcha latte",5.1K sold,https://www.lazada.vn/products/pdp-i2598524962.html
Snacks & Confectionery,BACH HOA YEN HOA,,,"₫39,000",4.9,(146),1kg Bánh tai heo nhí,405 sold,https://www.lazada.vn/products/pdp-i2422634261.html
Snacks & Confectionery,Chuồn Chuồn Đỏ.Selection,"₫ 37,000",-29%,"₫26,400",4.4,(35),"Kẹo Dẻo Cokoc Đủ Hương Vị - Kẹo Trái Cây Lột Vỏ 3D Bobo Ít Đường, Tốt Cho Sức Khỏe",121 sold,https://www.lazada.vn/products/pdp-i2807253631.html
Snacks & Confectionery,Tân Lộc Phát Food.Selection,"₫ 26,800",-29%,"₫19,100",5,(4),KẸO ME CAY XÍ MUỘI TÂN LỘC PHÁT - BỊCH 80G,109 sold,https://www.lazada.vn/products/pdp-i3111301274.html
Snacks & Confectionery,Viettin Mart 1593072786,"₫ 99,000",-51%,"₫52,500",4.9,(169),Kẹo Dẻo Chip Chip 500g VietTin Mart,730 sold,https://www.lazada.vn/products/pdp-i1228758697.html
Snacks & Confectionery,SHOP HAIMY,"₫ 80,000",-34%,"₫53,000",4.9,(127),1kg (2 bags) 500g/1kg customized Da Nang M Candy,414 sold,https://www.lazada.vn/products/pdp-i2065194423.html
Snacks & Confectionery,SHOP ĂN VẶT NỘI ĐỊA - NHẬP KHẨU NHÀ BƠ,"₫ 99,000",-30%,"₫69,000",4.6,(18),Túi 500g Kẹo Dẻo Chip Chip Mix Nhiều Vị Trái Cây Siêu Ngon Cho Bé Yêu ( Giao Mix Vị Ngẫu Nhiên ),73 sold,https://www.lazada.vn/products/pdp-i3019626826.html
Snacks & Confectionery,RUVASK,"₫ 68,000",-27%,"₫49,500",4.9,(252),Socola Đen Đắng NGUYÊN CHẤT Không Đường 100% Hộp 24 Miếng - SCL Đen Ăn Kiêng YIKANONG Hộp 120G - Chocolate Ruvask,1.1K sold,https://www.lazada.vn/products/pdp-i2729117112.html
Snacks & Confectionery,Paco Food,,,"₫3,000",4.6,(9),Kẹo bột hủ trái cây thời 8x 9x bánh kẹo tuổi thơ ăn vặt đủ mùi đủ vị,62 sold,https://www.lazada.vn/products/pdp-i2379478136.html
Snacks & Confectionery,Shopp Bach Hoa,"₫ 35,000",-26%,"₫26,000",4.7,(74),"Socola đen đắng nguyên chất không đường 100%, Chocolate ăn kiêng thanh gói lẻ - hộp 120 gram",379 sold,https://www.lazada.vn/products/pdp-i2516120974.html
Snacks & Confectionery,pdgroup.Selection,"₫ 40,200",-29%,"₫28,700",5,(75),Kẹo mềm Dynamite Chews vị Socola Bạc Hà gói 125g,401 sold,https://www.lazada.vn/products/pdp-i2674710043.html
Food Staples & Cooking Essentials,SG Foods.Selection,"₫ 22,200",-34%,"₫14,700",5,(6633),"Cháo Tươi SGFood Thịt Thăn Rau Củ 240g – Dinh Dưỡng Cân Bằng, Thơm Ngon & Tiện Lợi Cho Mọi Bữa Ăn!",27.7K sold,https://www.lazada.vn/products/pdp-i2433596271.html
Snacks & Confectionery,Tân Lộc Phát Food.Selection,"₫ 25,100",-29%,"₫17,900",5,(3),KẸO DÂU TẰM TÂN LỘC PHÁT - BỊCH 100G,92 sold,https://www.lazada.vn/products/pdp-i3111328066.html
Snacks & Confectionery,SHOP HAIMY,"₫ 79,000",-25%,"₫50,000",4.9,(575),"Haimy shop 1kg of mochi cake with milk cream mix 6 taste super delicious, fat!   MCLUNE",1.6K sold,https://www.lazada.vn/products/pdp-i2586289413.html
Snacks & Confectionery,Tân Lộc Phát Food.Selection,"₫ 62,400",-23%,"₫48,000",5,(11),Kẹo Thạch Suso Thanh Dài 800g 24 thanh Đồ Ăn Vặt Yêu Thích,396 sold,https://www.lazada.vn/products/pdp-i3110917383.html
Snacks & Confectionery,AN VAT SHOP ME TOM,"₫ 381,666",-35%,"₫105,000",4.5,(4),"Sỉ thùng 2,5kg bánh mochi kem lạnh phủ dừa đủ màu đủ vị",15 sold,https://www.lazada.vn/products/pdp-i3014699451.html
Snacks & Confectionery,PhươngMinh.Selection,"₫ 25,100",-24%,"₫19,000",5,(482),Bánh Quy Kem Oreo 110.4gr,7.5K sold,https://www.lazada.vn/products/pdp-i3067713745.html
Snacks & Confectionery,Đăng Quang Shop,"₫ 155,000",-43%,"₫89,000",4.6,(14),Bánh mochi đài loan mix 4 vị hai cô gái gói 2kg Đồ ăn vặt cô nương béo,132 sold,https://www.lazada.vn/products/pdp-i2820935858.html
Snacks & Confectionery,Miavina Mart,,,"₫80,000",4.8,(10),Indian Sweets ( Mithai),48 sold,https://www.lazada.vn/products/pdp-i2647977073.html
Food Staples & Cooking Essentials,NHẤT TÍN Food.Selection,"₫ 46,200",-29%,"₫33,000",5,(1309),Bột Tỏi sấy lạnh nguyên chất NTPowder 100g - Bột Gia Vị - Nhất Tín Food,3.7K sold,https://www.lazada.vn/products/pdp-i2481825452.html
Snacks & Confectionery,Cam My flower tea,,,"₫169,000",5,(2),"Kẹo Nougat - Kẹo Hạnh Phúc -  Kẹo Siêu Hạt Ăn Kiêng -  Kẹo Trái Cây -  Kẹo Đậu Phộng - Kẹo Dẻo - Kẹo Ngon,..",7 sold,https://www.lazada.vn/products/pdp-i3145432578.html
Snacks & Confectionery,SUMI_SHOPĐặc Sản Ba Miền 0902451254,"₫ 45,000",-20%,"₫36,000",4.9,(107),Loại Đăc Biệt 1 Lon Kẹo Mạch Nha Nếp Quảng Ngãi Vàng ~400gr,557 sold,https://www.lazada.vn/products/pdp-i2186535473.html
Snacks & Confectionery,Nguyên liệu làm bánh Nhất An 0931847626,,,"₫90,000",5,(29),Socola chip đen Colatta (chia lẻ từ bao 5kg),110 sold,https://www.lazada.vn/products/pdp-i595562490.html
Snacks & Confectionery,WANT WANT Store,,,"₫85,000",4.9,(63),"24.5g package multi-layer cat legs QQ gummies want gum paste, squishy candy, delicious",285 sold,https://www.lazada.vn/products/pdp-i3168994487.html
Snacks & Confectionery,Trung Hoa FOOD,"₫ 41,850",-28%,"₫28,000",4.9,(257),1 gói 320gr Kẹo dẻo trái cây Top Fruit thơm ngon bổ dưỡng,8.0K sold,https://www.lazada.vn/products/pdp-i2209735030.html
Snacks & Confectionery,ShopNgocHan88,,,"₫6,700",5,(608),Bim Bim Khoai Tây Lay's các vị 30gr - Date luôn mới,3.7K sold,https://www.lazada.vn/products/pdp-i2521532071.html
Food Staples & Cooking Essentials,CNF ChineseFood,"₫ 4,000",-30%,"₫2,800",4.9,(416),Xúc Xích Bò BBQ Cay Nhẹ Đồ Ăn Vặt Trung Hoa,6.6K sold,https://www.lazada.vn/products/pdp-i1936021997.html
Food Staples & Cooking Essentials,Anvy Foods 01,"₫ 155,000",-5%,"₫149,000",4.9,(380),[ Combo 3 mói siêu hời ] Khô Gà Lá Chanh 300Gram + Khô Bò Sợi Ngắn 300Gram + Khô Mực Cán Tẩm 200Gram,1.0K sold,https://www.lazada.vn/products/pdp-i2650357077.html
Food Staples & Cooking Essentials,Anvy Foods 01,"₫ 79,000",-10%,"₫79,000",4.9,(583),"Khô Bò Mềm Nguyên Miếng 500gr, chuẩn Hàng loại 1",1.9K sold,https://www.lazada.vn/products/pdp-i2358139882.html
Food Staples & Cooking Essentials,SuSuTo Shop.Selection,"₫ 66,000",-44%,"₫37,000",4.9,(94),"Chà bông heo xù Let's Nuts hộp 250g loại thượng hạng, dinh dưỡng cho bữa ăn gia đình",535 sold,https://www.lazada.vn/products/pdp-i2616438772.html
Snacks & Confectionery,Phukiensaleoff.Selection,"₫ 45,500",-29%,"₫32,500",4.8,(331),BÁNH GẤU NHÂN KEM MIX VỊ LOẠI ĐẶC BIỆT,1.1K sold,https://www.lazada.vn/products/pdp-i2651838341.html
Food Staples & Cooking Essentials,Bách Hóa Cổ Đông N01,"₫ 55,000",-42%,"₫14,000",4.9,(33),"300g Bánh tráng Tây Ninh đủ vị ( Xì ke , Rong biển , Cuộn tôm , phô mai ..)",136 sold,https://www.lazada.vn/products/pdp-i2638688267.html
Food Staples & Cooking Essentials,Bách Hóa Cổ Đông N01,"₫ 50,000",-44%,"₫28,000",4.7,(13),Combo SIÊU BƠ 200g bánh tráng phơi sương mềm dẻo + 150g bơ béo + 150g muối tép hành cay,43 sold,https://www.lazada.vn/products/pdp-i2677063664.html
Food Staples & Cooking Essentials,SuSuTo Shop.Selection,"₫ 42,700",-29%,"₫30,500",4.8,(207),"Khoai lang mật ong mix vàng tím giòn, thơm hộp 200g sang trọng hợp vệ sinh món ăn vặt healthy",930 sold,https://www.lazada.vn/products/pdp-i2616546108.html
Food Staples & Cooking Essentials,Ăn Vặt Linh Foods,"₫ 89,000",-17%,"₫73,500",4.9,(3224),Khô Bò Miếng Mềm Lon Pet 250gr ĐẶC BIỆT,11.0K sold,https://www.lazada.vn/products/pdp-i2089426604.html
Food Staples & Cooking Essentials,LÀNG ME VEGETARIAN FOODS,"₫ 42,200",-29%,"₫30,100",4.9,(187),"Bóng Cá Chay , cá chay Khô Ngon Loại 1 Làng Me , chế biến món chay ngon ( gói 200 gr ) , Hàng công ty không chất bảo quản , không biến đổi Gen",482 sold,https://www.lazada.vn/products/pdp-i2610628569.html
Snacks & Confectionery,pdgroup.Selection,"₫ 37,100",-29%,"₫26,500",4.7,(372),Bánh AFC mặn hộp 86gr vị lúa mì rau củ,1.3K sold,https://www.lazada.vn/products/pdp-i2674630458.html
Food Staples & Cooking Essentials,pdgroup.Selection,"₫ 58,800",-23%,"₫45,200",4.8,(63),500gr rong sụn rong chân vịt nấu chè nguyên liệu khô,242 sold,https://www.lazada.vn/products/pdp-i2619706255.html
Food Staples & Cooking Essentials,Nem Lai Vung Hồng Vy,"₫ 40,000",-45%,"₫22,000",4.8,(1940),Nem Chua Lai Vung (10 chiếc / Hộp) Loại Nhất,19.1K sold,https://www.lazada.vn/products/pdp-i1690193973.html
Food Staples & Cooking Essentials,pdgroup.Selection,"₫ 33,600",-33%,"₫22,500",5,(48369),[Acecook] 1 lọ 120gr muối chấm Hảo Hảo vị Tôm chua cay mẫu bao bì mới,194.1K sold,https://www.lazada.vn/products/pdp-i2408232189.html
Food Staples & Cooking Essentials,pdgroup.Selection,"₫ 30,300",-29%,"₫21,600",4.9,(224),200gr củ cải sợi muối phơi khô tự nhiên dai giòn mằn mặn,540 sold,https://www.lazada.vn/products/pdp-i2619640584.html
Snacks & Confectionery,pdgroup.Selection,"₫ 40,500",-29%,"₫28,900",4.9,(160),Kẹo sữa bò Jack Jill Lush gói 140gr,493 sold,https://www.lazada.vn/products/pdp-i2674589993.html
Food Staples & Cooking Essentials,Shop chè dưỡng nhan .Selection,"₫ 49,400",-19%,"₫39,900",4.9,(1050),500gr táo đỏ tân cương,3.6K sold,https://www.lazada.vn/products/pdp-i2787281575.html
Snacks & Confectionery,PhươngMinh.Selection,"₫ 41,900",-29%,"₫29,900",5,(115),Bánh Oreo Pie Vị Marshmallow Vani Hộp X 168G,1.3K sold,https://www.lazada.vn/products/pdp-i3067920163.html
Food Staples & Cooking Essentials,Viettin Mart 1593072786,"₫ 50,000",-52%,"₫25,900",4.8,(1410),500g trái cây sấy thập cẩm HÀNG VỤN - Viettin Mart,7.2K sold,https://www.lazada.vn/products/pdp-i711278043.html
Food Staples & Cooking Essentials,LÀNG ME VEGETARIAN FOODS,"₫ 42,200",-29%,"₫30,100",4.9,(100),"Thịt Bằm Chay , thịt bằm chay Khô Ngon Loại 1 Làng Me , chế biến món chay ngon ( gói 200 gr ) , Hàng công ty không chất bảo quản , không biến đổi Gen",274 sold,https://www.lazada.vn/products/pdp-i2610649432.html
Milk Formula & Baby Food,Ăn dặm cùng Su Dứa,"₫ 95,000",-26%,"₫70,000",,Reviews,Phô Mai QBB Nhật Bản Cho Bé Ăn Dặm 90gr (Date mới nhất),6 sold,https://www.lazada.vn/products/pdp-i3113769082.html
Snacks & Confectionery,Kinh Đô.Selection,"₫ 58,500",-23%,"₫45,000",5,(233),Bánh Quy Ritz Mặn 247gr,725 sold,https://www.lazada.vn/products/pdp-i2904712404.html
Food Staples & Cooking Essentials,Hạt Điều Rang Muối Hoàng Phát,"₫ 100,000",-22%,"₫79,000",4.9,(2552),HỘP 500G HẠT ĐIỀU RANG CỦI TRUYỀN THỐNG NGUYÊN HẠT SẠCH VỎ - SẢN XUẤT HÀNG NGÀY,12.1K sold,https://www.lazada.vn/products/pdp-i1795056082.html
Food Staples & Cooking Essentials,Paco Food,"₫ 120,000",-34%,"₫79,000",4.7,(25),[M4 MÊ LY] combo bánh tráng phơi sương m4 Paco Food 300g bánh 1 hủ ruốc hành 1 hủ tóp mỡ 1 muối béo 1 chai bơ 2 sốt,96 sold,https://www.lazada.vn/products/pdp-i2909360007.html
Snacks & Confectionery,PhươngMinh.Selection,"₫ 27,300",-29%,"₫19,500",4.9,(353),Bánh Ritz phô mai 118g,1.7K sold,https://www.lazada.vn/products/pdp-i3068782757.html
Snacks & Confectionery,Cao Bồi Food.Selection,"₫ 63,600",-23%,"₫39,800",4.9,(49),Bánh Thuyền Mix Hạt Bịch | Shop Cao Bồi Food,181 sold,https://www.lazada.vn/products/pdp-i2751361582.html
Food Staples & Cooking Essentials,pdgroup.Selection,"₫ 50,500",-23%,"₫38,800",4.8,(197),Combo 3 gói 100gr tép sấy ăn liền đặc biệt thơm ngon ăn bánh tráng - nhậu lai rai - ăn với gỏi đồ ăn vặt giá rẻ,434 sold,https://www.lazada.vn/products/pdp-i2737910119.html
Food Staples & Cooking Essentials,BACH HOA NHA VEO,"₫ 17,500",-22%,"₫13,700",4.5,(13),"[GÓI] Củ Cải Giòn Tứ Xuyên, Củ Cải Muối Trung Quốc Siêu Ngon – Gói 106g – Hàng Chuẩn",100 sold,https://www.lazada.vn/products/pdp-i2338966701.html
Bakery & Breakfast,GIÒ CHẢ TƯ PHƯƠNG,"₫ 80,000",-25%,"₫72,000",4.9,(341),"20 BÁNH TÍ HON SIÊU TIẾT KIỆM- BÁNH MÌ TƯƠI  TÍ HON TRỮ ĐÔNG BỊCH 20 CÁI SIÊU TIẾT KIỆM LOẠI 40GRAM - KHÁCH MUA VỀ TRỮ NGĂN MÁT TỦ LẠNH DÙNG DẦN RẤT TIỆN LỢi- LÒ BÁNH MÌ TƯ PHƯƠNG- BÁNH MÌ CHUỘT- BÁNH MÌ PHÁP- BÁNH TI HON, MINI",950 sold,https://www.lazada.vn/products/pdp-i2283400794.html
Food Staples & Cooking Essentials,BON SHOP 2017ST,"₫ 4,000",-48%,"₫2,100",,Reviews,HOT Cá cay hồ nam đồ ăn vặt cay,,https://www.lazada.vn/products/pdp-i3183796072.html
Snacks & Confectionery,pdgroup.Selection,"₫ 34,500",-29%,"₫24,600",4.8,(52),Kẹo Dynamite nhân muối ớt hương xoài xanh và ổi hồng gói 96g,221 sold,https://www.lazada.vn/products/pdp-i2674684119.html
Food Staples & Cooking Essentials,pdgroup.Selection,"₫ 70,600",-23%,"₫54,300",4.9,(45),Gói 200gr kỷ tử đỏ sấy khô làm nguyên liệu chế biến món ăn,139 sold,https://www.lazada.vn/products/pdp-i2619697308.html
Food Staples & Cooking Essentials,Storebinhtantphcm,"₫ 30,000",-53%,"₫15,000",4.5,(72),Bánh tráng phơi sương cuốn Bơ chà bông ruốc-bánh tráng Tây ninh,334 sold,https://www.lazada.vn/products/pdp-i2101529572.html
Snacks & Confectionery,Tân Lộc Phát Food.Selection,"₫ 37,800",-29%,"₫27,000",5,(478),ĐẬU PHỘNG CỐT DỪA TỎI ỚT TÂN LỘC PHÁT BỊCH 250G,1.6K sold,https://www.lazada.vn/products/pdp-i2686699021.html
Food Staples & Cooking Essentials,pdgroup.Selection,"₫ 43,700",-29%,"₫31,200",5,(30),"[Mới] Tương ớt chinsu đượm vị cay bùng vị ngon tỏi ớt 250g, 500g",81 sold,https://www.lazada.vn/products/pdp-i2786352161.html
Food Staples & Cooking Essentials,SIÊU_THỊ_ĐỒ_KHÔ_VŨNG TÀU.Selection,"₫ 66,000",-23%,"₫50,700",4.9,(622),500G RUỐC KHÔ VŨNG TÀU [HCM][GIAO HÀNG HỎA TỐC],1.6K sold,https://www.lazada.vn/products/pdp-i2618902343.html
Food Staples & Cooking Essentials,Bách Hóa Cổ Đông N01,"₫ 25,000",-24%,"₫19,000",5,(4),"BÒ MIẾNG HẰNG ĐẠI GÓI TO 40 MIẾNG CAY SIÊU HOT đồ ăn vặt, ăn vặt hot",20 sold,https://www.lazada.vn/products/pdp-i2633584986.html
Food Staples & Cooking Essentials,pdgroup.Selection,"₫ 49,300",-23%,"₫37,900",4.9,(108),Combo 7 gói HẢO 100 hương vị tôm chua cay Acecook gói 65gr,285 sold,https://www.lazada.vn/products/pdp-i2728446753.html
Food Staples & Cooking Essentials,Bách Hóa Cổ Đông N01,"₫ 130,000",-44%,"₫39,000",4.9,(678),1KG MỨT CHÀ LÀ SẤY DẺO KHÔNG ĐƯỜNG ẤN ĐỘ DẺO NGON THƯỢNG HẠNG,2.4K sold,https://www.lazada.vn/products/pdp-i2330435033.html
Snacks & Confectionery,Let's Nuts,"₫ 119,000",-41%,"₫23,175",4.8,(675),"Chuối sấy mè gừng Let's Nuts túi 500g giòn, ngọt, thơm, đồ ăn vặt tuyệt hảo cho hội nhóm, những chuyến du lịch, làm quà tặng",1.8K sold,https://www.lazada.vn/products/pdp-i2603968340.html
Bakery & Breakfast,Van Tuong Cake,"₫ 115,000",-14%,"₫99,000",4.9,(3288),thùng bánh Mix đủ vị nhiều trọng lượng cho khách lựa chọn 500g- 1kg - 2kg đặc biệt là không cân thùng nha khách iu ( shop tự mix),9.0K sold,https://www.lazada.vn/products/pdp-i2416499853.html
Food Staples & Cooking Essentials,CHẢLỤANGON,"₫ 86,000",-19%,"₫69,316",4.9,(858),BÒ VIÊN NHÀ LÀM ( 500G ),2.3K sold,https://www.lazada.vn/products/pdp-i2051577595.html
Food Staples & Cooking Essentials,CNF ChineseFood,"₫ 9,000",-39%,"₫4,700",4.9,(674),"Thanh Cua Tẩm Vị Ăn Liền , Đồ Ăn Vặt Thanh Cua Đỏ Cay",14.2K sold,https://www.lazada.vn/products/pdp-i1938715316.html
Food Staples & Cooking Essentials,thucphamgiasi,"₫ 50,000",-20%,"₫40,000",4.7,(398),500g bánh gạo tokbokki Hàn Quốc Jofood kèm 100g sốt,2.1K sold,https://www.lazada.vn/products/pdp-i1551228082.html
Food Staples & Cooking Essentials,shop9890,"₫ 200,000",-32%,"₫69,000",4.9,(12564),Khô gà lá chanh - 2 hũ 500g nguyên liệu cao cấp hương vị thơm ngon đảm bảo vệ sinh an toàn thực phẩm,62.4K sold,https://www.lazada.vn/products/pdp-i388316890.html
Food Staples & Cooking Essentials,MASAN CONSUMER,"₫ 378,000",-27%,"₫253,000",5,(6306),[Chọn Vị] Thùng Mì Omachi  - Thùng 30 Gói x 80G,20.5K sold,https://www.lazada.vn/products/pdp-i2284675912.html
Snacks & Confectionery,Phukiensaleoff.Selection,"₫ 50,200",-23%,"₫38,600",4.9,(227),500g bim bim que đậu hà lan-ăn vặt út nhi,681 sold,https://www.lazada.vn/products/pdp-i2651878201.html
Food Staples & Cooking Essentials,Storebinhtantphcm,"₫ 15,000",-53%,"₫7,117",4.8,(361),Bánh tráng mix sate hành phi muối nhuyễn tắc nhà làm,4.9K sold,https://www.lazada.vn/products/pdp-i2121258572.html
Food Staples & Cooking Essentials,Tân Lộc Phát Food.Selection,"₫ 46,800",-29%,"₫33,400",4.9,(154),KHÔ BÒ MIẾNG TÂN LỘC PHÁT BỊCH 100G,744 sold,https://www.lazada.vn/products/pdp-i2685950026.html
Food Staples & Cooking Essentials,Vựa Khô Minh Triết,"₫ 189,000",-36%,"₫60,100",4.8,(382),Lạp Xưởng Tôm và Lạp Xưởng Heo Tươi Mai Quế Lộ Đặc Biệt Thơm Ngon ĐẶC SẢN SÓC TRĂNG - Vựa Khô Minh Triết,1.3K sold,https://www.lazada.vn/products/pdp-i1856351021.html
Snacks & Confectionery,PhươngMinh.Selection,"₫ 46,900",-29%,"₫33,500",5,(2),Gói Bánh Quy Oreo Vị Vani - Gói X 248.4G Kinh Đô,1.1K sold,https://www.lazada.vn/products/pdp-i3068675851.html
Snacks & Confectionery,Denfood.Selection,"₫ 141,600",-23%,"₫32,500",5,(151),Kẹo Ngậm Trái Cây Vitamin C Không Đường Đủ Vị - 100g/300g/500g,1.6K sold,https://www.lazada.vn/products/pdp-i2835036754.html
Food Staples & Cooking Essentials,NHÃ UYÊN KHƠI MÂY,"₫ 75,000",-50%,"₫37,500",4.8,(334),500gr bánh tráng xike muối tỏi siêu cay,1.7K sold,https://www.lazada.vn/products/pdp-i1604721613.html
Food Staples & Cooking Essentials,LÀNG ME VEGETARIAN FOODS,"₫ 81,700",-23%,"₫62,800",5,(241),"Sườn Non Chay , sườn chay Khô Ngon Loại 1 Làng Me , chế biến món chay ngon ( gói 500 gr ) , Hàng công ty không chất bảo quản , không biến đổi Gen",805 sold,https://www.lazada.vn/products/pdp-i2604213380.html
Food Staples & Cooking Essentials,pdgroup.Selection,"₫ 38,700",-29%,"₫27,600",4.9,(42),200gr rong chân vịt rong sụn rau câu nấu chè,144 sold,https://www.lazada.vn/products/pdp-i2619706254.html
Pet Food,MarketPetshop,"₫ 32,300",-45%,"₫16,000",4.7,(90),"GÀ SẤY DẺO CHO CHÓ TRƯỞNG THÀNH, TREAT THƯỞNG CHO CHÓ TRƯỞNG THÀNH 50GRAM",810 sold,https://www.lazada.vn/products/pdp-i2293690694.html
Snacks & Confectionery,FoodMap Flagships Store.Selection,"₫ 30,300",-33%,"₫20,200",5,(20003),Kẹo Dynamite BigBang Vị Socola Bạc Hà - Gói 120g,58.6K sold,https://www.lazada.vn/products/pdp-i2473603335.html
Food Staples & Cooking Essentials,Anvy Foods 01,"₫ 80,000",-11%,"₫71,162",4.9,(141),"Khô gà lá chanh 500gr giòn dai, đậm vị ( Ăn vặt AnVy Foods )",484 sold,https://www.lazada.vn/products/pdp-i2358246862.html
Food Staples & Cooking Essentials,ChuChan,"₫ 55,000",-17%,"₫45,500",4.9,(54),Bánh tráng trộn hành phi (hũ 300gram) Chuchan,332 sold,https://www.lazada.vn/products/pdp-i2745721399.html
Snacks & Confectionery,SuSuTo Shop.Selection,"₫ 52,300",-29%,"₫37,300",4.9,(43),Kẹo dẻo sữa trái cây đặc sản Đà Lạt Let's Nuts hộp 300g,161 sold,https://www.lazada.vn/products/pdp-i3040555295.html
Food Staples & Cooking Essentials,Tạp Hoá HULA,,,"₫100,000",5,(2),COMBO THẤT TUYỆT - 7 Món Đồ Ăn Vặt Chân Ái Siêu Hấp Dẫn - HULA FOOD,23 sold,https://www.lazada.vn/products/pdp-i2581299330.html
Food Staples & Cooking Essentials,Trà sữa Soda Super,,,"₫31,900",5,(3),[SX 05.2025] Vải Thiều Ngâm Nước Đường Đóng Lon 560g - LOTUSFOOD,69 sold,https://www.lazada.vn/products/pdp-i3109104719.html
Snacks & Confectionery,PhươngMinh.Selection,"₫ 52,000",-29%,"₫37,100",5,(19),Bánh Khoai Tây Slide Vị Thịt Nướng 90gr,61 sold,https://www.lazada.vn/products/pdp-i3042145435.html
Food Staples & Cooking Essentials,pdgroup.Selection,"₫ 55,700",-23%,"₫42,800",5,(6),Gói 250gr táo lát sấy khô snack táo giòn đồ ăn vặt,23 sold,https://www.lazada.vn/products/pdp-i2826915070.html
Food Staples & Cooking Essentials,THỰC PHẨM SẠCH 3 MIỀN - ĐỒ ĂN VẶT,"₫ 130,000",-48%,"₫67,853",4.5,(623),Hạnh nhân lõi đã tách vỏ sấy chín nguyên vị chất lượng đặc biệt tốt cho sức khỏe TPS,3.0K sold,https://www.lazada.vn/products/pdp-i1287611669.html
Snacks & Confectionery,PhươngMinh.Selection,"₫ 78,800",-23%,"₫60,600",,,Combo 6 Chai Nước Chanh Dây TingCo 500ml,,https://www.lazada.vn/products/pdp-i3094621629.html
Snacks & Confectionery,PhươngMinh.Selection,"₫ 36,600",-29%,"₫26,000",5,(129),"Bánh gạo cuộn Want Want 170g Phô mai, Trứng muối, Rong biển, Bắp ngọt",1.0K sold,https://www.lazada.vn/products/pdp-i3118728066.html
Food Staples & Cooking Essentials,Đặc Sản Lạng Sơn 1611284642,"₫ 8,000",-28%,"₫5,800",5,(12),"[Lẻ] Củ Cải Ăn Liền, Xào, Ăn Kết Hợp Cháo, Hàng Chuẩn, Siêu Ngon Gói 70g (Cay Nhẹ), Date Mới",243 sold,https://www.lazada.vn/products/pdp-i1902590616.html
Snacks & Confectionery,ChengMei food.Selection,"₫ 45,500",-29%,"₫32,500",4.8,(562),100g Kẹo ô mai vỏ quýt siêu ngon,1.8K sold,https://www.lazada.vn/products/pdp-i2715287409.html
Snacks & Confectionery,PhươngMinh.Selection,"₫ 28,700",-29%,"₫20,500",,Reviews,"Bánh Quế Cosy Vị Kem SôCôLa 117,6gr",,https://www.lazada.vn/products/pdp-i3042007791.html
Food Staples & Cooking Essentials,SIÊU_THỊ_ĐỒ_KHÔ_VŨNG TÀU.Selection,"₫ 74,000",-23%,"₫56,900",4.8,(69),[HCM]200G KHÔ CÁ CHỈ VÀNG Loại 1 Ngon Đặc Biệt - Dày mình dẻo ngọt thơm[ GIAO HÀNG NHANH 4h HCM],605 sold,https://www.lazada.vn/products/pdp-i2653161943.html
Snacks & Confectionery,duongngoctam7070,"₫ 96,000",-32%,"₫65,000",4.8,(38),Kẹo Dừa Sáp Cafe Muối Dẻo Cực Ngon 500G,135 sold,https://www.lazada.vn/products/pdp-i1051922353.html
Snacks & Confectionery,SHOP HAIMY,"₫ 148,700",-33%,"₫57,187",4.9,(167),Hugely ear cookies-1kg-delicious snack ear cookies-burnt-snacks,386 sold,https://www.lazada.vn/products/pdp-i2425864953.html
Food Staples & Cooking Essentials,Denfood,"₫ 103,000",-47%,"₫55,000",5,(14),"Ớt Chưng Hồ Nam Chú Bé, Ớt Chưng Dầu Chuẩn Vị Trυng - Ăn Vặt Denfood",59 sold,https://www.lazada.vn/products/pdp-i2724336286.html
Food Staples & Cooking Essentials,Viettin Mart 1593072786,"₫ 103,500",-46%,"₫55,800",4.9,(2576),Mít Sấy Hàng Vỡ VietTin Mart 500g,10.5K sold,https://www.lazada.vn/products/pdp-i1287936251.html
Food Staples & Cooking Essentials,TRUNGTHAOSHOP,"₫ 43,000",-39%,"₫26,433",4.9,(21),Đào Tươi Ngâm Nước Đường Hạ Long CANfresh 820g - date 2027,91 sold,https://www.lazada.vn/products/pdp-i3126590640.html
Snacks & Confectionery,Ăn vặt store TD,,,"₫59,000",4.2,(19),500gr bột cacao nguyên chất,155 sold,https://www.lazada.vn/products/pdp-i520044357.html
Pet Food,MarketPetshop,"₫ 50,400",-47%,"₫26,800",4.9,(28),"PHI LÊ GÀ SẤY KHÔ CHO CHÓ GÓI 100G-150G, BÁNH THƯỞNG CAO CẤP CHO CHÓ",105 sold,https://www.lazada.vn/products/pdp-i2622071660.html
Snacks & Confectionery,SuSuTo Shop.Selection,"₫ 42,900",-23%,"₫33,000",4.9,(511),[HCM]Bắp xốc mắm ăn là nghiện lon pet 350g sang trọng hợp vệ sinh món quà ăn vặt tuyệt vời mỗi ngày Susuto Shop,2.6K sold,https://www.lazada.vn/products/pdp-i2631431143.html
Outdoor Sports & Activities Equipment,GPQU,"₫ 24,500",-33%,"₫16,300",5,(3466),"Chén Inox Tròn Có Quai – Đựng Cơm, Rượu, Nước Sốt, Đồ Ăn Gia Đình",10.0K sold,https://www.lazada.vn/products/pdp-i2539415093.html
Kitchenware,ddddVN.Selection,"₫ 31,800",-53%,"₫14,900",5,(8546),Túi Carton ăn trưa túi chất lượng cao Tas Lunch Box Character giá rẻ,28.0K sold,https://www.lazada.vn/products/pdp-i2486562336.html
Tableware,TnkIWG.Selection,"₫ 30,700",-64%,"₫11,100",4.9,(797),"Cốc Nhựa 700ml Có Ống Hút Bộ Lọc Tách Nước Cái – Cốc Đôi Cầm Tay Chống Rơi, Dùng Được Cho Đồ Uống Khô & Ướt",3.0K sold,https://www.lazada.vn/products/pdp-i2537722843.html
Kitchenware,uLI1ug.Selection,"₫ 25,200",-37%,"₫15,700",5,(4365),"[1 Túi] Túi Giữ Nhiệt Đựng Hộp Cơm Trưa – Họa Tiết Hoạt Hình Dễ Thương | Túi Giữ Nhiệt Văn Phòng, Đi Học, Đi Làm, Picnic",14.0K sold,https://www.lazada.vn/products/pdp-i2537722265.html
Tableware,rAr8jD.Selection,"₫ 40,600",-29%,"₫29,000",5,(7452),"Bộ 5 Bát Lúa Mì Đa Năng – Bát Ăn Lò Vi Sóng 17cm, Chống Nóng, Đầy Màu Sắc, Dùng Cho Gia Đình & Trái Cây",20.7K sold,https://www.lazada.vn/products/pdp-i2501671092.html
Tableware,KRcOX8.Selection,"₫ 55,000",-42%,"₫18,900",5,(308),"Bộ 5 Đĩa Tròn 20cm Chất Liệu Bột Mì – Đĩa Ăn Không Vỡ, Thân Thiện Môi Trường – Dùng Cho Pasta, Bít Tết, Món Tráng Miệng",958 sold,https://www.lazada.vn/products/pdp-i2537395348.html
Food Staples & Cooking Essentials,BÁNH TRÁNG NHƯ NGỌC,"₫ 98,000",-20%,"₫55,000",4.9,(3820),Bánh tráng phơi sương - COMBO DÙNG THỬ SIÊU RẺ - Đồ ăn vặt NHƯ NGỌC (500g) GỒM 200G BÁNH TRÁNG + 100G BƠ BÉO SIÊU NGON + 100G TÔM HÀNH PHI LOẠI 1 + 100G SỐT ME (TẶNG 1 BỊCH MUỐI NHUYỄN) QUÁ NGON - QUÁ RẺ LUÔN NÈ,14.2K sold,https://www.lazada.vn/products/pdp-i2211429012.html
Snacks & Confectionery,Anvy Foods 01,"₫ 110,000",-24%,"₫51,480",4.9,(1686),"Xoài Sấy Dẻo Muối Ớt 500gr, Hàng Đặc Biệt Dẻo Thơm, Ăn Vặt AnVyFoods",6.2K sold,https://www.lazada.vn/products/pdp-i2358330197.html
Food Staples & Cooking Essentials,Foody.Taiwan,,,"₫5,990",4.7,(934),Tổng Hợp Đồ Ăn Vặt Nội Địa Trung - Các Món Cay Siêu Ngon - Foody.Taiwan,41.7K sold,https://www.lazada.vn/products/pdp-i1473713990.html
Snacks & Confectionery,Đồ Ăn Vặt Sỉ Lẻ,"₫ 167,000",-46%,"₫32,000",5,(10),[ Hàng mới ] Combo 500g Socola Dubai nhân sợi/ sô cô la hạt dẻ cười/ Hạt phỉ/ sữa dừa Dubai thơm ngon cực đã,47 sold,https://www.lazada.vn/products/pdp-i2996967952.html
Snacks & Confectionery,ShopNgocHan88,"₫ 10,300",-3%,"₫10,000",5,(177),Bim Bim Khoai Tây/ Bim Bim Lays Đủ Vị 54gr - DATE MỚI,1.1K sold,https://www.lazada.vn/products/pdp-i2521520161.html
Food Staples & Cooking Essentials,Tân Lộc Phát Food.Selection,"₫ 64,400",-23%,"₫49,500",4.7,(10),CHÀ LÀ SẤY KHÔ TÂN LỘC PHÁT FOOD | HŨ 500G,33 sold,https://www.lazada.vn/products/pdp-i2864542992.html
Snacks & Confectionery,Tân Lộc Phát Food.Selection,"₫ 123,500",-23%,"₫56,100",5,(18),Hạt Điều Lụa Rang Muối Tân Lộc Phát Hũ 500g,48 sold,https://www.lazada.vn/products/pdp-i2939470170.html
Snacks & Confectionery,Tân Lộc Phát Food.Selection,"₫ 39,500",-29%,"₫28,200",,Reviews,ĐẬU PHỘNG CỐT DỪA TÂN LỘC PHÁT - BỊCH 250G,139 sold,https://www.lazada.vn/products/pdp-i3113682208.html
Food Staples & Cooking Essentials,TPS NICE.Selection,"₫ 32,000",-29%,"₫22,800",4.2,(7),Combo Bịch 3 Miếng Cơm Cháy Mỡ Hành Giòn Cay,113 sold,https://www.lazada.vn/products/pdp-i2995360167.html
Snacks & Confectionery,SuSuTo Shop.Selection,"₫ 64,400",-23%,"₫49,500",4.9,(144),"Đậu phộng rang tỏi ớt Let's Nuts hộp 500g giòn, ngon dùng làm snack ăn vặt, món khai vị",440 sold,https://www.lazada.vn/products/pdp-i2689205263.html
Food Staples & Cooking Essentials,pdgroup.Selection,"₫ 62,800",-23%,"₫48,300",5,(21),Combo 4 gói mì Đệ Nhất thịt bằm Acecook gói 83gr,49 sold,https://www.lazada.vn/products/pdp-i2728542241.html
Snacks & Confectionery,pdgroup.Selection,"₫ 41,300",-29%,"₫29,500",4.9,(65),Bánh gạo Nhật ICHI vị Shouyu Mật Ong gói 100gr,251 sold,https://www.lazada.vn/products/pdp-i2674708058.html
Food Staples & Cooking Essentials,TPS NICE.Selection,"₫ 53,300",-23%,"₫41,000",5,(2),"CHÀ BÔNG GÀ LOẠI CAO CẤP SKFOOD – HŨ 150G – NGON TỪ ỨC GÀ, SỢI TƠ MỀM, DỄ ĂN - SK FOOD",65 sold,https://www.lazada.vn/products/pdp-i3105702822.html
Snacks & Confectionery,PhươngMinh.Selection,"₫ 35,000",-29%,"₫25,000",5,(4),Bánh gạo Want Want rong biển vị cá ngừ Bonito 118gr,17 sold,https://www.lazada.vn/products/pdp-i3118805002.html
Snacks & Confectionery,Tân Lộc Phát Food.Selection,"₫ 67,500",-23%,"₫20,400",5,(13),Đậu Phộng Cốt Dừa Tỏi Ớt Tân Lộc Phát Hũ 500g,137 sold,https://www.lazada.vn/products/pdp-i2939582409.html
Food Staples & Cooking Essentials,SIÊU_THỊ_ĐỒ_KHÔ_VŨNG TÀU.Selection,"₫ 72,700",-23%,"₫55,900",4.9,(325),"[HCM] 1kg THANH GẠO LỨC GIẢM CÂN, HEALTHY, ĂN KIÊNG MIX HẠT NGŨ CỐC TỐT CHO SỨC KHỎE",1.3K sold,https://www.lazada.vn/products/pdp-i2618902342.html
Food Staples & Cooking Essentials,Cao Bồi Food.Selection,"₫ 108,500",-23%,"₫30,100",5,(36),"Xoài Sấy Dẻo Muối Ớt Cao Bồi Food | Sấy Thăng Hoa | Xoài sạch, Không sơ, Miếng to dày",142 sold,https://www.lazada.vn/products/pdp-i2751295417.html
Snacks & Confectionery,pdgroup.Selection,"₫ 40,500",-29%,"₫28,900",4.7,(167),Bánh quy Marie Cosy gói 136gr vị sữa dừa,482 sold,https://www.lazada.vn/products/pdp-i2674632427.html
Food Staples & Cooking Essentials,TPS NICE.Selection,"₫ 89,700",-23%,"₫69,000",4.9,(14),Xoài Sấy Dẻo Chua Ngọt Đặc Sản Đà Lạt Hiệu SKFOOD 500g,164 sold,https://www.lazada.vn/products/pdp-i3105861242.html
Snacks & Confectionery,SuSuTo Shop.Selection,"₫ 53,300",-23%,"₫41,000",4.9,(870),"Đậu phộng da cá cốt dừa Let's Nuts hộp 500g giòn, thơm đồ ăn vặt ngon mỗi ngày, phù hợp hội họp bạn bè, làm món khai vị bàn tiệc",3.0K sold,https://www.lazada.vn/products/pdp-i2616452695.html
Food Staples & Cooking Essentials,Tân Lộc Phát Food.Selection,"₫ 38,700",-29%,"₫27,600",4.8,(95),MÍT SẤY DẺO NGUYÊN CHẤT TÂN LỘC PHÁT | Gói 100G | Đồ ăn vặt yêu thích,521 sold,https://www.lazada.vn/products/pdp-i2686644742.html
Food Staples & Cooking Essentials,pdgroup.Selection,"₫ 73,900",-23%,"₫56,800",5,(12),Túi 100gr rau tiến vua khô loại ngon,58 sold,https://www.lazada.vn/products/pdp-i2619726008.html
Snacks & Confectionery,Tân Lộc Phát Food.Selection,"₫ 39,500",-29%,"₫28,200",,Reviews,ĐẬU PHỘNG CỐT DỪA TÂN LỘC PHÁT - HŨ 250G,,https://www.lazada.vn/products/pdp-i3113721054.html
Snacks & Confectionery,Tân Lộc Phát Food.Selection,"₫ 70,200",-23%,"₫54,000",5,(7),Bánh Trứng Hạnh Nhân Nguyên Hạt 1 Gói 300g 26 Cái Thơm Vị Bơ Bánh Giòn Rụm,80 sold,https://www.lazada.vn/products/pdp-i3110905405.html
Food Staples & Cooking Essentials,TT MART 99,,,"₫49,000",5,(2),THÙNG 6 HỘP MIẾN CHUA CAY TRÙNG KHÁNH ăn vặt shop haimy 01,6 sold,https://www.lazada.vn/products/pdp-i3114356749.html
Snacks & Confectionery,Shopp Bích Ngọc,"₫ 65,000",-43%,"₫21,000",4.8,(77),"Socola đen đắng nguyên chất không đường 100%, Chocolate ăn kiêng thanh gói lẻ - hộp 120 gram YIKANONG",424 sold,https://www.lazada.vn/products/pdp-i2515607426.html
Food Staples & Cooking Essentials,CNF ChineseFood,"₫ 18,000",-34%,"₫11,800",4.8,(470),Que cay DongDong tẩm vị ăn liền 70g,5.4K sold,https://www.lazada.vn/products/pdp-i1966836377.html
Snacks & Confectionery,Jinshu Shop,"₫ 27,500",-7%,"₫25,500",4.9,(62),Combo 2 bịch (mỗi bịch 130gram ) kẹo mềm sữa bò X.O - khoảng 50 viên 1 bịch- Date mới 12 tháng. Có lựa chọn số lượng lẻ khi thanh toán.,332 sold,https://www.lazada.vn/products/pdp-i2019940893.html
Snacks & Confectionery,SuSuTo Shop.Selection,"₫ 50,000",-23%,"₫38,400",4.9,(2731),"Đậu hà lan cháy tỏi ớt Let's Nuts giòn rụm, thơm hộp 450g sang trọng hợp vệ sinh, món snack ăn vặt không thể thiếu cho hội họp, bạn bè",8.4K sold,https://www.lazada.vn/products/pdp-i2514925246.html
Snacks & Confectionery,Phukiensaleoff.Selection,"₫ 70,600",-23%,"₫54,300",4.5,(31),5 BỊCH BÁNH TRÁNG TRỘN THẬP CẨM KÈM NƯỚC SỐT FULL TOPING (5 bịch),375 sold,https://www.lazada.vn/products/pdp-i2651862321.html
Food Staples & Cooking Essentials,FRUIT OCEAN.Selection,"₫ 34,900",-46%,"₫18,800",5,(5601),VỎ QUÝTSẤY 100g túi chua ngọt trần da khô cam da ăn liền ngâm nước cam da hoài cổ kẹo snack,18.4K sold,https://www.lazada.vn/products/pdp-i2466923533.html
Food Staples & Cooking Essentials,pdgroup.Selection,"₫ 52,300",-29%,"₫37,300",5,(133),[Mới] Combo 4 gói mì hảo hảo BIG 100gr Tôm chua cay Acecook,389 sold,https://www.lazada.vn/products/pdp-i2663420512.html
Snacks & Confectionery,FRUIT OCEAN.Selection,"₫ 26,600",-29%,"₫19,000",5,(9),Mận Sấy Cherry Việt Quất Fruit Ocean 50g,50 sold,https://www.lazada.vn/products/pdp-i3080425720.html
Food Staples & Cooking Essentials,BACH HOA NHA VEO,"₫ 17,000",-18%,"₫67,000",5,(1),"Củ Cải Giòn Tứ Xuyên, Củ Cải Muối Trung Quốc Siêu Ngon – Túi 70g & 80g – Hàng Chuẩn",,https://www.lazada.vn/products/pdp-i2306075441.html
Snacks & Confectionery,Đồ Ăn Vặt Sỉ Lẻ,"₫ 195,000",-50%,"₫50,000",4.6,(126),[ Tốt cho sức khỏe ] Combo 2 hộp Kẹo Socola đen không đường/ Kẹo socola đen Nguyên chất ăn vặt ngon không lo mập hộp 120g,589 sold,https://www.lazada.vn/products/pdp-i2511779304.html
Snacks & Confectionery,ĐỒ DÙNG THÔNG MINH123,"₫ 54,000",-41%,"₫22,000",4.7,(15),"[✅ NHIỀU LOẠI ✅] CAY MIẾNG SƯỜN DÊ HẰNG ĐẠI BỊCH 60 GÓI , ĐỒ ĂN VẶT TUỔI THƠ CÁC LOẠI",106 sold,https://www.lazada.vn/products/pdp-i1972150244.html
Snacks & Confectionery,Kẹo Dẻo Đức - Ăn Vặt Panda Pẻn,"₫ 145,000",-14%,"₫105,000",5,(49),"Kẹo Dẻo Đức Ăn Vặt Panda Pẻn 44 Mẫu, Buffet Kẹo Dẻo Hương Trái Cây Tự Nhiên Không Chất Bảo Quản, Không Chảy Nước",217 sold,https://www.lazada.vn/products/pdp-i2640619119.html
Snacks & Confectionery,ĂN VẶT THỊ BỐNG,"₫ 90,000",-50%,"₫45,000",4.7,(9),Combo 20 Món Ăn Vặt Mix Nhiều Vị,23 sold,https://www.lazada.vn/products/pdp-i2168625703.html
Snacks & Confectionery,SuSuTo Shop.Selection,"₫ 51,800",-23%,"₫39,800",4.9,(301),"Rong biển cháy tỏi Let's Nuts hộp 150g, snack ăn vặt healthy cực ngon",1.5K sold,https://www.lazada.vn/products/pdp-i2616473544.html
Snacks & Confectionery,HOANG NHI FOODD,"₫ 64,100",-46%,"₫34,500",4.7,(470),bánh tráng rong biển cháy tỏi tây ninh 500g,2.1K sold,https://www.lazada.vn/products/pdp-i2004016289.html
Snacks & Confectionery,BeeGin,"₫ 130,000",-33%,"₫87,492",4.9,(92),Thùng 1kg Bánh Mochi Tròn Đài Loan Mix 4 Vị Hai Cô Gái B40KG - Ăn vặt BeeGin,287 sold,https://www.lazada.vn/products/pdp-i2052887432.html
Snacks & Confectionery,Shop Thảo Dược Hạnh Nguyên,"₫ 75,000",-20%,"₫60,000",5,(3),"Kẹo gừng táo đỏ 1kg, bánh gừng táo đỏ đường nâu cay, thơm, dẻo, ít đường, phủ dừa non, ăn vặt",9 sold,https://www.lazada.vn/products/pdp-i2979178624.html
Snacks & Confectionery,Ăn vặt store TD,,,"₫39,000",5,(28),500gr kẹo chip chip tuổi thơ,97 sold,https://www.lazada.vn/products/pdp-i2675562251.html
Snacks & Confectionery,Anvy Foods 01,"₫ 55,000",-17%,"₫45,553",4.9,(171),500gr Nho Vàng Ngọt Sấy Khô - Nho Ấn Độ Trái Dài -Ngọt Thanh Chua Nhẹ,755 sold,https://www.lazada.vn/products/pdp-i2358277689.html
Snacks & Confectionery,Bách Hóa Cổ Đông N01,"₫ 40,000",-45%,"₫22,000",5,(4),"500G Kẹo Bông Gòn Marshmallow, Kẹo Xốp Bông Sữa MIX Vị , Kẹo Marshmallow Thái Lan Ngọt Ngào",12 sold,https://www.lazada.vn/products/pdp-i2890478003.html
Snacks & Confectionery,Tân Lộc Phát Food.Selection,"₫ 30,300",-29%,"₫21,600",,Reviews,ĐẬU PHỘNG CỐT DỪA TỎI ỚT TÂN LỘC PHÁT - BỊCH 100G,,https://www.lazada.vn/products/pdp-i3113453466.html
Snacks & Confectionery,Tân Lộc Phát Food.Selection,"₫ 45,500",-29%,"₫20,400",4.8,(53),Đậu Phộng Rang Tỏi Ớt Tân Lộc Phát Hũ 500g,116 sold,https://www.lazada.vn/products/pdp-i2939522705.html
Snacks & Confectionery,SuSuTo Shop.Selection,"₫ 42,200",-29%,"₫30,100",4.8,(106),"Chuối sấy mè gừng Let's Nuts hộp 250g đặc sản Đà Lạt, đồ ăn vặt xịn xò mỗi ngày",565 sold,https://www.lazada.vn/products/pdp-i2683379471.html
Snacks & Confectionery,Phukiensaleoff.Selection,"₫ 69,100",-23%,"₫53,100",5,(65),10 bịch Bánh tráng xike muối tỏiMón ăn vặt gây nghiện,2.3K sold,https://www.lazada.vn/products/pdp-i2651814595.html
Food Staples & Cooking Essentials,Paco Food,"₫ 100,000",-41%,"₫59,000",4.6,(8),[M3 KÈM HỦ RUỐC TO] combo bánh tráng phơi sương bơ phô mai m3 paco food đầy đủ topping bánh tráng 150g tốp mỡ sôt và bơ,30 sold,https://www.lazada.vn/products/pdp-i2909340079.html
Snacks & Confectionery,Tân Lộc Phát Food.Selection,"₫ 28,600",-29%,"₫20,400",,Reviews,ĐẬU PHỘNG TỎI ỚT TÂN LỘC PHÁT - BỊCH 90G,,https://www.lazada.vn/products/pdp-i3113454424.html
Snacks & Confectionery,Phukiensaleoff.Selection,"₫ 61,100",-23%,"₫47,000",4.8,(76),300g xí muội đào,329 sold,https://www.lazada.vn/products/pdp-i2651929053.html
Food Staples & Cooking Essentials,Tân Lộc Phát Food.Selection,"₫ 38,700",-29%,"₫27,600",,Reviews,KHÔ BÒ XÉ SỢI TÂN LỘC PHÁT - BỊCH 100G,,https://www.lazada.vn/products/pdp-i3113415764.html
Snacks & Confectionery,Đồ Ăn Vặt Sỉ Lẻ,"₫ 140,000",-50%,"₫70,000",4.6,(62),[ Cực ngon - Cực mềm ] Combo 1000g kẹo bông sữa trắng  Marshmallow,323 sold,https://www.lazada.vn/products/pdp-i1269450135.html
Snacks & Confectionery,Tiệm của Mỡ,"₫ 90,000",-50%,"₫45,000",4.7,(6),"Kẹo Dẻo Chip  500g Kẹo làm từ Genlatine hữu cơ, hương trái cây tự nhiên, đậm vị ngon nhà làm. Kẹo chip chip đủ hình, đủ vị mà viên nào cũng ngon không tả nổi.",27 sold,https://www.lazada.vn/products/pdp-i2114418727.html
Snacks & Confectionery,SuSuTo Shop.Selection,"₫ 57,200",-23%,"₫44,000",4.8,(4),Trái cây sấy thập cẩm Let's Nuts hàng tuyển hộp 250g sang trọng hợp vệ sinh món ăn vặt tuyệt vời,10 sold,https://www.lazada.vn/products/pdp-i3036048755.html
Food Staples & Cooking Essentials,Paco Food,"₫ 130,000",-32%,"₫45,000",4.8,(1160),Combo bơ phô mai PACO FOOD kèm bánh tráng phơi sương muối ruốc hành phi cùng tuýp bơ siêu béo sốt tắc tốp mỡ mắm tỏi độc quyền nhà Paco Food,5.2K sold,https://www.lazada.vn/products/pdp-i2025952847.html
Food Staples & Cooking Essentials,pdgroup.Selection,"₫ 33,600",-29%,"₫24,000",4.9,(56),"Túi 200gr củ cải muối nguyên liệu nấu ăn, món nước lèo, chiên xào phong cách người Hoa",161 sold,https://www.lazada.vn/products/pdp-i2619671514.html
Snacks & Confectionery,Jinshu Shop,"₫ 30,500",-13%,"₫26,505",4.7,(22),Túi 700gr (khoảng 46 viên) thạch rau câu trái cây jojo. Date mới 12 tháng.,97 sold,https://www.lazada.vn/products/pdp-i2592358541.html
Snacks & Confectionery,pdgroup.Selection,"₫ 49,700",-29%,"₫35,500",4.9,(43),One One bánh gạo mặn vị bò tôm nướng và bánh ngọt gói 150gr,146 sold,https://www.lazada.vn/products/pdp-i2723025406.html
Snacks & Confectionery,Cao Bồi Food.Selection,"₫ 61,100",-23%,"₫47,000",,,TÁO ĐỎ TÂN CƯƠNG BỊCH 500G | SHOP CAO BỒI FOOD,41 sold,https://www.lazada.vn/products/pdp-i2885158795.html
Food Staples & Cooking Essentials,TPS NICE.Selection,"₫ 50,600",-29%,"₫36,100",5,(12),[HCM]100G RONG BIỂN CHÁY TỎI LOẠI 1 THƠM NGON BỔ DƯỠNG - THỰC PHẨM SẠCH,115 sold,https://www.lazada.vn/products/pdp-i2710714233.html
Food Staples & Cooking Essentials,BON SHOP 2017ST,,,"₫2,500",,,[Siêu rẻ] Tổng hợp đồ ăn vặt cay siêu ngon,,https://www.lazada.vn/products/pdp-i3094281458.html
Snacks & Confectionery,TLfood hop,"₫ 150,000",-34%,"₫99,000",5,(7),Bánh Trung Thu mochi Khoai môn trứng muối 500gr,24 sold,https://www.lazada.vn/products/pdp-i2756709799.html
Food Staples & Cooking Essentials,Bách Hóa Cổ Đông N01,"₫ 150,000",-47%,"₫59,000",5,(1331),DẦU ĐẬU NÀNH SIMPLY - SIMPLY GẠO LỨT- MEIZAN - CÁI LÂN CHAI 1L HÀNG CHUẨN,5.3K sold,https://www.lazada.vn/products/pdp-i2331933662.html
Snacks & Confectionery,SuSuTo Shop.Selection,"₫ 50,600",-29%,"₫36,100",5,(25),"Bánh quy bơ vị mặn hình tròn đồng tiền Let's Nuts hộp 250g đồ ăn vặt tuổi thơ, giòn tan thú vị phù hợp mọi lứa tuổi",567 sold,https://www.lazada.vn/products/pdp-i3040125598.html
Food Staples & Cooking Essentials,Shop chè dưỡng nhan .Selection,"₫ 81,700",-23%,"₫62,800",5,(40),500gr thục địa nấu sâm,511 sold,https://www.lazada.vn/products/pdp-i2787233828.html
Food Staples & Cooking Essentials,SK FOOD.Selection,"₫ 115,700",-23%,"₫89,000",4.7,(99),[COMBO 2 HŨ] KHÔ BÒ SỢI DÀI HÀNG LOẠI NGON MỖI HŨ 200G HIỆU SK FOOD,513 sold,https://www.lazada.vn/products/pdp-i2598213163.html
Snacks & Confectionery,Tân Lộc Phát Food.Selection,"₫ 51,900",-23%,"₫39,900",5,(3),Kẹo Dẻo Bóc Vỏ Vị Xoài Fucuco Túi 270g Kẹo dẻo cốt trái cây thơm ngon,69 sold,https://www.lazada.vn/products/pdp-i3110884525.html
Snacks & Confectionery,Nông Lâm Food Store.Selection,"₫ 30,800",-29%,"₫22,000",5,(3),Hạt điều phô mai Nonglamfood 45g | Premium cheese cashews,10 sold,https://www.lazada.vn/products/pdp-i3094240886.html
Snacks & Confectionery,SHOP ĂN VẶT BÉ TÁO,"₫ 69,000",-30%,"₫48,510",5,(8),Túi 300g Kẹo Dẻo Chip Chip Mix Nhiều Vị Trái Cây Siêu Ngon Cho Bé Yêu ( Giao Mix Vị Ngẫu Nhiên ),36 sold,https://www.lazada.vn/products/pdp-i3021381543.html
Snacks & Confectionery,Tân Lộc Phát Food.Selection,"₫ 113,300",-23%,"₫87,100",4.6,(33),HẠT DƯA TÂN LỘC PHÁT - BỊCH 500G,250 sold,https://www.lazada.vn/products/pdp-i2660821823.html
Snacks & Confectionery,SuSuTo Shop.Selection,"₫ 50,600",-29%,"₫36,100",4.9,(15),"Bánh quy hạt ngọc bơ mặn tuổi thơ Let's Nuts hộp 250g, đồ ăn vặt giòn tan",514 sold,https://www.lazada.vn/products/pdp-i3040058907.html
Snacks & Confectionery,Đồ Ăn Vặt Sỉ Lẻ,"₫ 115,000",-47%,"₫32,000",4.2,(5),[ Hàng mới ] Combo 300g Socola Dubai nhân sợi/ sô cô la hạt dẻ cười/ Hạt phỉ/ sữa dừa Dubai thơm ngon cực đã,13 sold,https://www.lazada.vn/products/pdp-i2997132309.html
Snacks & Confectionery,TRANG Hí,"₫ 35,000",-44%,"₫19,500",5,(15),[💥BỊCH 30 GÓI💥] ĐỒ ĂN VẶT CÁC LOẠI . ĐỒ ĂN VẶT TUỔI THƠ SIÊU NGON,99 sold,https://www.lazada.vn/products/pdp-i1971943067.html
Snacks & Confectionery,SuSuTo Shop,"₫ 80,000",-23%,"₫36,080",4.9,(1737),1kg kẹo dâu tây dâu tằm Đà Lạt (túi zip) nhìn là muốn ăn ngay  sang trọng hợp vệ sinh đồ ăn vặt tuyệt vời SUSUTOSHOP,6.3K sold,https://www.lazada.vn/products/pdp-i1871119017.html
Snacks & Confectionery,MẸ & BÉ COSMETICS.Selection,"₫ 42,700",-29%,"₫30,500",5,(6216),Thạch Rau Câu Trái Cây Ngon Dòn Ngọt Zoto túi 850g,17.9K sold,https://www.lazada.vn/products/pdp-i2475502798.html
Snacks & Confectionery,Tạp Hoá HULA,,,"₫28,000",5,(8),Đồ Ăn Vặt - Bim Bim Tăm Đậu Hà Lan Thơm Ngon,24 sold,https://www.lazada.vn/products/pdp-i2581345200.html
Bakery & Breakfast,HK FOODS.VN,,,"₫100,000",4.6,(52),Đùi vịt cay tứ xuyên HK Foods - Đồ ăn vặt,123 sold,https://www.lazada.vn/products/pdp-i1247079240.html
Snacks & Confectionery,ĂN VẶT THỊ BỐNG,"₫ 54,000",-50%,"₫27,000",4.8,(235),Kẹo Dừa Lá Dứa Đặc Sản Bến Tre Hộp 40 Viên,2.0K sold,https://www.lazada.vn/products/pdp-i1624891368.html
Bakery & Breakfast,Tạp Hoá HULA,"₫ 89,000",-33%,"₫59,990",4.6,(7),[COMBO 9 Vị] 1 Kg Lương Khô Mini (63-66 Gói) Tiện Lợi Và Dinh Dưỡng Cho Bữa Ăn Nhanh - Đồ Ăn Vặt,22 sold,https://www.lazada.vn/products/pdp-i2679769350.html
Snacks & Confectionery,Bách Hóa Cổ Đông N01,"₫ 100,000",-45%,"₫28,000",4.8,(126),2 SET BÁNH TRÁNG PHƠI SƯƠNG - MUỐI TÔM HÀNH PHI BƠ BÉO NGẬY CHUẨN TÂY NINH,327 sold,https://www.lazada.vn/products/pdp-i2392282934.html
Snacks & Confectionery,Đồ Ăn Vặt Sỉ Lẻ,"₫ 100,000",-50%,"₫50,000",4.8,(46),[ Tốt cho sức khỏe ] Kẹo Socola đen không đường/ Kẹo socola đen Nguyên chất ăn vặt ngon không lo mập hộp 120g,186 sold,https://www.lazada.vn/products/pdp-i2511709313.html
Food Staples & Cooking Essentials,CNF ChineseFood,"₫ 9,000",-44%,"₫5,000",4.9,(170),Xúc Xích Ngô Topping Bắp Và Xúc Xích Nướng BBQ Ăn Liền Loại 32g,4.0K sold,https://www.lazada.vn/products/pdp-i2194699690.html
Food Staples & Cooking Essentials,Rin Sesshomaru,"₫ 150,000",-15%,"₫128,115",5,(5),Túi ăn vặt 30 món thịt mặn tê cay nhẹ nội địa trung dễ thương hồng,17 sold,https://www.lazada.vn/products/pdp-i1616455701.html
Milk Formula & Baby Food,dCfM8o9G,,,"₫69,000",,Reviews,Phô mai Nhật QBB hộp 6 miếng 90gr cho bé ăn dặm,,https://www.lazada.vn/products/pdp-i2447910047.html
Snacks & Confectionery,BIN HANG NHAP,"₫ 100,000",-41%,"₫27,999",5,(3),Bánh Mochi lạnh nhân kem trái cây mềm mịn,37 sold,https://www.lazada.vn/products/pdp-i1599150051.html
Food Staples & Cooking Essentials,SHOP HAIMY,"₫ 92,000",-40%,"₫55,000",4.7,(170),[Ho Chi Minh] 500g special spicy crisper crocodile blossom flavor-snacks-snacks-snacks,763 sold,https://www.lazada.vn/products/pdp-i2037046627.html
Snacks & Confectionery,Tân Lộc Phát Food,"₫ 38,100",-49%,"₫9,700",5,(3),Bánh Dẻo Nhân Đậu Xanh Truyền Thống Túi 6 bánh nhỏ Mềm Dẻo Thơm Ngon,21 sold,https://www.lazada.vn/products/pdp-i3116788871.html
Food Staples & Cooking Essentials,Đồ Ăn Vặt Sỉ Lẻ,"₫ 80,000",-50%,"₫40,000",4.7,(99),[ Tiện lợi  ] Combo 3 hộp SỦI CẢO ĂN LIỀN 3 VỊ / Hoành thánh ăn liên món ăn vặt ngon siêu nghiền,383 sold,https://www.lazada.vn/products/pdp-i2180343131.html
Snacks & Confectionery,Ăn Vặt 68,"₫ 45,500",-25%,"₫34,000",4.8,(28),"500G Kẹo Bông Gòn Marshmallow, Kẹo Xốp Bông Sữa MIX Vị , Kẹo Marshmallow Thái Lan Ngọt Ngào",120 sold,https://www.lazada.vn/products/pdp-i2667939760.html
Food Staples & Cooking Essentials,Viettin Mart 1593072786,"₫ 115,000",-46%,"₫62,300",4.9,(3318),1kg Cơm cháy bể mắm hành loại ngon - Viettin Mart,15.7K sold,https://www.lazada.vn/products/pdp-i711252567.html
Food Staples & Cooking Essentials,Paco Food,,,"₫40,000",5,(49),Combo 10 gói/30 gói Snack Hương Bò món ăn tuổi thơ trường học gói 30g Moon Snack Food,348 sold,https://www.lazada.vn/products/pdp-i2008625750.html
Food Staples & Cooking Essentials,SIÊU THỊ ĐỒ KHÔ VŨNG TÀU,"₫ 260,000",-48%,"₫74,022",4.7,(266),1kg HẠT DƯA Phước Thành loại đặc biệt [HCM] [hoa tốc],864 sold,https://www.lazada.vn/products/pdp-i2484064635.html
Snacks & Confectionery,Jinshu Shop,"₫ 42,500",-11%,"₫37,665",4.9,(297),[ ĂN LÀ GHIỀN ] Bịch 300g kẹo trà sữa trân châu mềm dẻo - cty Thái Dương - (Date mới 12 tháng),2.4K sold,https://www.lazada.vn/products/pdp-i2044110391.html
Snacks & Confectionery,Tạp Hóa Chất Lượng Giá Rẻ,"₫ 30,000",-33%,"₫20,000",5,(3),"Kẹo sữa chua hoa quả Kate You hộp 30 thanh - kẹo dẻo Kateyou mix các vị thanh 17,5g - Snack food đồ ăn vặt candy food",5 sold,https://www.lazada.vn/products/pdp-i3066265173.html
Food Staples & Cooking Essentials,ĐỒ DÙNG ĐA TIỆN ÍCH,"₫ 40,000",-45%,"₫12,000",5,(90),[💥NHIỀU COMBO💥]  BÒ MIẾNG HẰNG ĐẠI  GÓI TO 40 MIẾNG CAY CAY SIÊU NGON  DÚNG VỊ TUỔI THƠ,1.2K sold,https://www.lazada.vn/products/pdp-i1465064688.html
Food Staples & Cooking Essentials,CNF ChineseFood,"₫ 4,000",-50%,"₫2,000",4.8,(176),Xúc Xích Bi Sụn Ăn Liền Nhiều Vị,3.4K sold,https://www.lazada.vn/products/pdp-i2194707586.html
Snacks & Confectionery,Thế Giới Đồ Ăn Vặt 1613728784,"₫ 70,000",-50%,"₫12,000",4.7,(30),[ Ăn vặt trẻ thơ ] Combo 60 gói Kẹo tăm lạnh cô gái hương vị trái cây thơm ngon,125 sold,https://www.lazada.vn/products/pdp-i1918154239.html
Drinks,Ăn vặt Ông Tơ.Selection,"₫ 148,200",-23%,"₫114,000",,Reviews(11),"Cà Phê Keto Cappuccino Hỗ Trợ Ăn Kiêng - Đường 0 calo, sữa gầy tách béo,....",164 sold,https://www.lazada.vn/products/pdp-i2842020009.html
Food Staples & Cooking Essentials,BON SHOP 2017ST,"₫ 110,000",-45%,"₫25,000",4.3,(85),BỊCH 30 GÓI SNACK HƯƠNG BÒ THƠM CAY NGON TUYỆT,1.2K sold,https://www.lazada.vn/products/pdp-i1365886197.html
Food Staples & Cooking Essentials,Nhím đồ ăn vặt,"₫ 63,000",-44%,"₫35,000",4.6,(10),"Trái cây sấy khô thập cẩm hũ 270g đủ vị 100% Sấy Tự Nhiên Không Đường, Không Chất Bảo Quản - shop đồ ăn vặt NHIMFOOD",20 sold,https://www.lazada.vn/products/pdp-i2428199816.html
Snacks & Confectionery,An Vat _ Song Hai,,,"₫37,000",5,(6),Kẹo dẻo bóc vỏ vị xoài FUCUCO - kẹo dẻo cốt trái cây lột bóc vỏ ăn vặt thơm ngon túi 270g,69 sold,https://www.lazada.vn/products/pdp-i3027447001.html
Snacks & Confectionery,AN VAT SHOP ME TOM,"₫ 40,000",-22%,"₫16,000",,Reviews,Combo 12 bánh mochi dẻo Mastsu đủ vị dẻo ngọt,,https://www.lazada.vn/products/pdp-i3015486562.html
Pet Food,Love Pets Shop,"₫ 28,000",-32%,"₫19,000",5,(136),Dried Beef dog cookies-love pets shop,623 sold,https://www.lazada.vn/products/pdp-i2134285397.html
Food Staples & Cooking Essentials,ShopNgocHan88,,,"₫52,300",5,(2065),Chai Dầu Ăn 1L Meizan- Neptune- Simly,7.0K sold,https://www.lazada.vn/products/pdp-i2521467570.html
Food Staples & Cooking Essentials,Green House Shopp,"₫ 25,000",-22%,"₫19,500",,Reviews,"Gói 160gr củ cải muối cay giòn Tứ Xuyên ăn kèm cơm, mì, cháo",6 sold,https://www.lazada.vn/products/pdp-i2930295208.html
Snacks & Confectionery,SỬU NHI FOOD,"₫ 140,000",-18%,"₫59,000",,Reviews,[ 1KG ] BÁNH MOCHI HẠT DẺ SỢI KATAIFI DUBAI,,https://www.lazada.vn/products/pdp-i3056159336.html
Snacks & Confectionery,Tân Lộc Phát Food.Selection,"₫ 50,600",-29%,"₫36,100",,Reviews,KẸO DÂU TẰM TÂN LỘC PHÁT - HŨ 300G,,https://www.lazada.vn/products/pdp-i3111301183.html
Snacks & Confectionery,Viettin Mart 1593072786,"₫ 105,000",-46%,"₫57,000",4.9,(15),Kẹo Dẻo Sữa Chua Mix Vị 500g VietTin Mart,37 sold,https://www.lazada.vn/products/pdp-i3056791491.html
Snacks & Confectionery,Nông Lâm Food Store.Selection,"₫ 36,400",-29%,"₫26,000",5,(3),Chanh Dây Sấy Dẻo Nonglamfood Túi 45g | Healthy Snack | Ăn vặt văn phòng | Ăn vặt tốt cho sức khỏe | Trái cây sấy dẻo,37 sold,https://www.lazada.vn/products/pdp-i3094241804.html
Snacks & Confectionery,Thuytrananvat,"₫ 60,000",-20%,"₫48,000",4.6,(17),500g KẸO DẺO CHIP CHIPTRÁI CÂY,63 sold,https://www.lazada.vn/products/pdp-i2636364424.html
Pet Food,Shopvatnuoi.vn,,,"₫35,000",4.5,(4),Đồ Ăn Vặt Xương Gặm Sạch Răng Thơm Miệng Yaho 165g,66 sold,https://www.lazada.vn/products/pdp-i1768519725.html
Food Staples & Cooking Essentials,SIÊU_THỊ_ĐỒ_KHÔ_VŨNG TÀU.Selection,"₫ 261,500",-23%,"₫201,100",5,(80),1KG Khô mực chuối (mực sữa) VŨNG TÀU ít mặn rim nấu siêu ngọt[ GIAO HÀNG NHANH 4h HCM],2.4K sold,https://www.lazada.vn/products/pdp-i2618939866.html
Personal Care Appliances,SUPER COSMETICS HN,"₫ 310,000",-56%,"₫134,865",4.8,(87),[Giảm cân thần tốc trong 7 ngày] Kem tan mỡ thải mỡ thừa kem giảm cân dành cho người lười béo cằm thon mặt thon chân thon bụng thon eo kem tan mỡ không ăn kiêng không vận động nhẹ nhàng giảm 20 kg không béo lại,220 sold,https://www.lazada.vn/products/pdp-i2071216373.html
Snacks & Confectionery,BH Minh Ngọc,"₫ 140,000",-4%,"₫35,000",4.8,(551),[SIÊU HOT] Socola bọc dâu tây sấy lạnh gói 60gram Vị Sô cô la truyền thống / Sữa / Trà Xanh - ăn vặt,3.3K sold,https://www.lazada.vn/products/pdp-i2023087994.html
Snacks & Confectionery,ĂN VẶT YOTAFOOD,"₫ 34,000",-18%,"₫28,000",4.9,(594),1Kg Khoai Tây Phô Mai Que ( Giòn ngon - Đậm vị ) | Đồ ăn vặt tuổi thơ từ Yotafood,2.4K sold,https://www.lazada.vn/products/pdp-i1963169497.html
Food Staples & Cooking Essentials,NHẤT TÍN Food.Selection,"₫ 66,000",-23%,"₫50,700",4.9,(92),Viên uống Hà Thủ Ô Mật Ong Rừng NTFood hũ 485gr - Nhất Tín Food,577 sold,https://www.lazada.vn/products/pdp-i2746763320.html
Snacks & Confectionery,ĐỒ DÙNG ĐA TIỆN ÍCH,"₫ 65,000",-35%,"₫43,000",5,(11),[💥20 GÓI💥] ĐỒ ĂN VẶT CÁC LOẠI. ĐỒ ĂN VẶT TUỔI THƠ SIÊU NGON,33 sold,https://www.lazada.vn/products/pdp-i1991327321.html
Food Staples & Cooking Essentials,Paco Food,"₫ 150,000",-33%,"₫100,000",4.9,(94),[COMBO ĂN LÀ DÍNH] Combo bánh tráng phơi sương Ăn Là Dính PACO FOOD kèm 2 hủ ruốc hành phi 3 chai bơ phô mai 1 hủ tóp mỡ,306 sold,https://www.lazada.vn/products/pdp-i2909200579.html
Snacks & Confectionery,BachhoaanvatsontayHD,"₫ 150,000",-47%,"₫39,000",4.8,(43),1Kg Kẹo dẻo Chip Chip mix vị mềm ngon đặc biệt đặc sản ĐÀ LẠT,173 sold,https://www.lazada.vn/products/pdp-i2327026523.html
Food Staples & Cooking Essentials,Bách Hóa Cổ Đông N01,"₫ 200,000",-46%,"₫109,000",4.9,(74),Mì Kokomi  Tôm Chua Cay Gói - Thùng 30 Gói,157 sold,https://www.lazada.vn/products/pdp-i2670384719.html
Food Staples & Cooking Essentials,AVAGI,"₫ 68,000",-34%,"₫45,000",5,(18),"BÁNH TRÁNG TRỘN HÀNH PHI KO CAY , AVAGI, Đồ ăn vặt Snack Food Thức Ăn",61 sold,https://www.lazada.vn/products/pdp-i2924521253.html
Snacks & Confectionery,Bách hóa Ăn vặt ngon 3M,"₫ 50,000",-50%,"₫25,000",4.7,(7),500GR KẸO DẺO CHÍP CHÍP TUỔI THƠ MIX VỊ DAI NGON,41 sold,https://www.lazada.vn/products/pdp-i2327564523.html
Food Staples & Cooking Essentials,Đồ Ăn Vặt Sỉ Lẻ,"₫ 150,000",-50%,"₫75,000",3.8,(12),[ Ăn vặt ngon ] Combo 6 hộp MIẾN CHUA CAY TRÙNG KHÁNH ăn vặt đã nghiền,60 sold,https://www.lazada.vn/products/pdp-i689314247.html
Pet Food,PipiPetShop,"₫ 20,000",-30%,"₫14,000",5,(11),Xương gặm sạch răng ăn được cho chó Yaho (1 xương 9.6cm),115 sold,https://www.lazada.vn/products/pdp-i2354565175.html
Snacks & Confectionery,Tân Lộc Phát Food,"₫ 19,100",-49%,"₫9,700",4.7,(13),"Bánh In, Bánh Dẻo Nhân Dừa, Đậu Xanh Truyền Thống Mềm Dẻo Thơm Ngon",70 sold,https://www.lazada.vn/products/pdp-i3116820831.html
Snacks & Confectionery,Anvy Foods 01,"₫ 60,000",-20%,"₫48,000",4.9,(808),Hộp Mix 6-8 Loại Ô Mai Xí Muội Chua Ngọt [ HÀNG LOẠI 1] 500GR,2.7K sold,https://www.lazada.vn/products/pdp-i2358343191.html
Snacks & Confectionery,Ăn vặt store TD,,,"₫33,000",4.8,(1683),500gr chuối xiêm ép dẻo,8.9K sold,https://www.lazada.vn/products/pdp-i520032460.html
Pet Food,Pet Boss 95,"₫ 28,100",-45%,"₫14,100",4.9,(335),BÁNH THƯỞNG VỊ THỊT BÒ CHO CHÓ TRƯỞNG THÀNH GÓI 100GRAM,9.0K sold,https://www.lazada.vn/products/pdp-i1289818310.html
Pet Food,Pet Boss 95,"₫ 43,700",-47%,"₫16,800",4.9,(202),"(PET FOOD) GÓI XƯƠNG GẶM CHO CHÓ PETFOOD PET TREAT CAO CẤP GIÚP LOAI BỎ MẢNG BÁM ,MÀI RĂNG",1.6K sold,https://www.lazada.vn/products/pdp-i2629689113.html
Snacks & Confectionery,Anvat492,"₫ 33,000",-36%,"₫21,000",4.8,(58),Bánh Mochi Nhân Trái Cây Kem Lạnh Đài Loan - Ăn Vặt 492,269 sold,https://www.lazada.vn/products/pdp-i2178202201.html
Snacks & Confectionery,Bánh kẹo Sỉ & Lẻ Uyên Nhi,,,"₫59,000",,Reviews,Bánh nướng mochi trứng muối ruốc hộp 500 gr,,https://www.lazada.vn/products/pdp-i3180233115.html
Snacks & Confectionery,pdgroup.Selection,"₫ 52,800",-29%,"₫37,700",5,(96),One One bánh gạo vị Phô mai ngô sữa gói 118gr,248 sold,https://www.lazada.vn/products/pdp-i2722966699.html
Snacks & Confectionery,AN VAT SHOP ME TOM,"₫ 7,000",-44%,"₫3,900",,Reviews,"Bánh mochi dẻo Mastsu dẻo ngọt đủ vị đậu trắng, đậu đen, mè trắng, mè đen",,https://www.lazada.vn/products/pdp-i3015610228.html
Snacks & Confectionery,pdgroup.Selection,"₫ 68,300",-23%,"₫52,500",5,(3),Gói 200gr Xí muội mặn ô mai mặn đặc sản Bắc Bộ ăn vặt đồ uống châu Á,23 sold,https://www.lazada.vn/products/pdp-i2843586224.html
Food Staples & Cooking Essentials,THỰC PHẨM SẠCH 3 MIỀN - ĐỒ ĂN VẶT.Selection,"₫ 81,700",-23%,"₫62,800",5,(10),500G ME XÍ MUỘI VỊ CHUA CHUA NGỌT NGỌT ĂN VẶT SIÊU NGON,46 sold,https://www.lazada.vn/products/pdp-i2994763272.html
Food Staples & Cooking Essentials,Ăn Vặt Thi Thi,"₫ 175,000",-21%,"₫69,000",5,(4),1KG LẠP XƯỞNG TÔM SÓC TRĂNG SIÊU NGON,10 sold,https://www.lazada.vn/products/pdp-i2367232405.html
Snacks & Confectionery,SỬU NHI FOOD,"₫ 130,000",-24%,"₫59,000",4.8,(104),[Hộp 60 viên] Kẹo Dẻo Có Nhân Hình Con Mắt/ Dưa Hấu/ Dâu / Vịt/ Đào/ Gấu trúc/ Mèo Kitty/ Người Nhện/ Hành Tinh [LẺ 30V],398 sold,https://www.lazada.vn/products/pdp-i2410914469.html
Food Staples & Cooking Essentials,TPS NICE.Selection,"₫ 27,800",-29%,"₫19,800",4.9,(14),Khô Gà Lá Chanh Loại 1 Bịch 40g - Thực Phẩm Sạch,61 sold,https://www.lazada.vn/products/pdp-i2708720430.html
Pet Food,Pet Boss 95,"₫ 86,300",-46%,"₫26,800",5,(28),"PHI LÊ GÀ SẤY KHÔ CHO CHÓ GÓI 100G, BÁNH THƯỞNG CHO CHÓ",279 sold,https://www.lazada.vn/products/pdp-i2622038877.html
Snacks & Confectionery,THỰC PHẨM SẠCH 3 MIỀN - ĐỒ ĂN VẶT.Selection,"₫ 44,700",-29%,"₫31,900",4.7,(22),200g đậu phộng rang tỏi ớt ăn vặt TPS,59 sold,https://www.lazada.vn/products/pdp-i2450770117.html
Food Staples & Cooking Essentials,THỰC PHẨM SẠCH 3 MIỀN - ĐỒ ĂN VẶT.Selection,"₫ 51,500",-23%,"₫39,600",4.3,(24),Mít sấy giòn nguyên miếng hàng xuất khẩu loại 1 - đặc sản Đà Lạt thơm ngon 100G,146 sold,https://www.lazada.vn/products/pdp-i2603113752.html
Food Staples & Cooking Essentials,China food,"₫ 62,000",-44%,"₫35,000",5,(77),Que cay tẩm vị Tứ Xuyên ăn liền gói 70G X 4 đồ ăn vặt vừa ngon vừa rẻ Đồ Ăn Vặt Trung Quốc,367 sold,https://www.lazada.vn/products/pdp-i1717737149.html
Snacks & Confectionery,Anh Đạt,"₫ 30,000",-50%,"₫15,000",5,(9),Kẹo marshmallow trắng 100g,57 sold,https://www.lazada.vn/products/pdp-i1413219601.html
Food Staples & Cooking Essentials,Tạp Hoá HULA,,,"₫65,000",4.8,(22),Đồ Ăn Vặt - 1KG Ngô Nếp Sấy Giòn Thơm Ngon Tuyệt Đỉnh - HULA FOOD,89 sold,https://www.lazada.vn/products/pdp-i2581280399.html
Snacks & Confectionery,Tân Lộc Phát Food.Selection,"₫ 97,400",-23%,"₫74,900",5,(293),XOÀI SẤY MUỐI ỚT TÂN LỘC PHÁT BỊCH 500G | SẤY THĂNG HOA | Đồ ăn vặt yêu thích,2.6K sold,https://www.lazada.vn/products/pdp-i2660863390.html
Snacks & Confectionery,Cao Bồi Food.Selection,"₫ 64,400",-23%,"₫49,500",,Reviews,XOÀI SẤY DẺO MUỐI ỚT HŨ 250G | SHOP CAO BỒI FOOD,,https://www.lazada.vn/products/pdp-i2885112858.html
Pet Food,HELLOPETCITY,"₫ 55,000",-9%,"₫50,000",4.9,(18),Ức Gà-Ức Vịt Sấy Khô Ăn Liền Cho Chó-Thức Ăn Vặt Cho Chó-Gói 88g,101 sold,https://www.lazada.vn/products/pdp-i2661595064.html
Snacks & Confectionery,pdgroup.Selection,"₫ 49,900",-29%,"₫35,600",4.9,(41),Bánh quy yến mạch OAT KRUNCH hộp 156g dâu tây Socola,133 sold,https://www.lazada.vn/products/pdp-i2674674180.html
Pet Food,Love Pets Shop,"₫ 93,000",-9%,"₫29,450",5,(34),"Dog Treats with Dried Chicken Breast, Chicken Bars for Nutritional Supplements - Love Pets Shop",171 sold,https://www.lazada.vn/products/pdp-i1983073454.html
Snacks & Confectionery,SuSuTo Shop.Selection,"₫ 52,700",-23%,"₫40,500",5,(1270),"Hạt chia Úc Let's Nuts hộp 200g giúp giảm cân, bổ sung dinh dưỡng Let's Nuts",5.0K sold,https://www.lazada.vn/products/pdp-i2428282731.html
Snacks & Confectionery,Tân Lộc Phát Food.Selection,"₫ 63,200",-23%,"₫48,600",3.5,(2),Bánh Thuyền Mix Hạt Dinh Dưỡng Bịch 200G | Tân Lộc Phát,,https://www.lazada.vn/products/pdp-i3024555237.html
Food Staples & Cooking Essentials,Ăn Vặt Bánh Tráng Cô Ba.Selection,"₫ 25,100",-29%,"₫17,900",,Reviews(143),"Bánh Tráng Nướng Mắm Tỏi Cô Ba 45G đồ ăn vặt ngon, rẻ, an toàn cho dân nhậu, dân văn phòng, học sinh,...",8.5K sold,https://www.lazada.vn/products/pdp-i3140970538.html
Food Staples & Cooking Essentials,Viettin Mart 1593072786,"₫ 40,000",-36%,"₫25,700",5,(549),Bánh Đậu Xanh Rồng Vàng Tiên Dung,2.1K sold,https://www.lazada.vn/products/pdp-i2657511259.html
Snacks & Confectionery,SIÊU THỊ ĐỒ KHÔ VŨNG TÀU,"₫ 20,000",-48%,"₫10,373",4.5,(17),[hot] 500gr Kẹo dẻo chip chip hương trái cây [HCM],63 sold,https://www.lazada.vn/products/pdp-i2864643069.html
Food Staples & Cooking Essentials,Tân Lộc Phát Food,"₫ 65,500",-49%,"₫33,400",5,(314),HẠT HƯỚNG DƯƠNG TÂN LỘC PHÁT Đồ Ăn Vặt Yêu Thích,932 sold,https://www.lazada.vn/products/pdp-i2109790526.html
Snacks & Confectionery,Viettin Mart 1593072786,"₫ 27,600",-49%,"₫14,100",4.9,(92),Kẹo Dồi Lạc Duy Chi 130g,417 sold,https://www.lazada.vn/products/pdp-i2692434689.html
Snacks & Confectionery,Đồ Ăn Vặt Sỉ Lẻ,"₫ 76,000",-50%,"₫20,000",4.9,(74),[ Siêu hót ] 100g Kẹo cuộn trái cây siêu dài mềm hương vị tuổi thơ,379 sold,https://www.lazada.vn/products/pdp-i1524203604.html
Snacks & Confectionery,shop9890,"₫ 80,000",-31%,"₫55,000",4.8,(350),500g kẹo dẻo chíp chíp,1.4K sold,https://www.lazada.vn/products/pdp-i1554090460.html
Snacks & Confectionery,Ăn vặt store TD,,,"₫10,000",4.9,(15),100gr kẹo dẻo xoắn ốc,101 sold,https://www.lazada.vn/products/pdp-i2676445352.html
Food Staples & Cooking Essentials,pdgroup.Selection,"₫ 96,600",-23%,"₫43,200",4.9,(18),Túi 500gr lạp xưởng thịt heo truyền thống sưu tầm bộ tem 12 linh vật Rắn 2025,40 sold,https://www.lazada.vn/products/pdp-i2931993473.html
Food Staples & Cooking Essentials,Storebinhtantphcm,"₫ 15,000",-37%,"₫9,395",4.8,(303),BÁNH TRÁNG PHƠI SƯƠNG SATE TÓP MỠ HÀNH PHI SIÊU CAY,4.6K sold,https://www.lazada.vn/products/pdp-i1900638078.html
Food Staples & Cooking Essentials,HCM-Thế Giới Bánh Tráng 2,,,"₫10,000",4.9,(1139),Bánh tráng muối tỏi xì ke siêu cay cực hot Sài Gòn,20.2K sold,https://www.lazada.vn/products/pdp-i646118462.html
Snacks & Confectionery,TPS NICE.Selection,"₫ 62,800",-23%,"₫48,300",5,(22),Kẹo me xí muội cay chua ngọt TPS FOOD 400g ăn vặt ngon,53 sold,https://www.lazada.vn/products/pdp-i2627199703.html
Snacks & Confectionery,Jinshu Shop,"₫ 27,500",-14%,"₫23,715",4.5,(11),BỊCH 130G (30 VIÊN) KẸO MỀM SOCOLA LUSH THÁI LAN. DATE MỚI 18 THÁNG.,25 sold,https://www.lazada.vn/products/pdp-i2600211723.html
Food Staples & Cooking Essentials,Lanna Store,"₫ 190,000",-24%,"₫54,650",5,(317),"【TÚI 1KG】Hạt mix dinh dưỡng tẩm vị Gan Yuan, đậu mix hạt & trái cây sấy khô Kam Yuens (gói ~30g)",1.1K sold,https://www.lazada.vn/products/pdp-i2933352775.html
Food Staples & Cooking Essentials,TPS NICE.Selection,"₫ 63,700",-23%,"₫49,000",4.4,(14),DA CÁ TRỨNG MUỐI LOẠI 1 ĐẶT BIỆT THƠM NGON HIỆU SKFOOD - HŨ 200G,59 sold,https://www.lazada.vn/products/pdp-i3105715735.html
Snacks & Confectionery,Thế Giới Đồ Ăn Vặt 1613728784,"₫ 230,000",-50%,"₫60,000",4.8,(19),[ Siêu ngon ] Combo 1000g Bánh mochi kem lạnh mềm ngon nhiều vị socola-bơ-sầu riêng-khoai môn mềm mịn ngọt vừa ăn,58 sold,https://www.lazada.vn/products/pdp-i2596416219.html
Snacks & Confectionery,SHOP HAIMY,"₫ 24,835",-40%,"₫31,635",5,(48),"500g pompom cotton candy, jelly milk mix sponge candy, sweet Thai iPhone7 candy",126 sold,https://www.lazada.vn/products/pdp-i2619006830.html
Food Staples & Cooking Essentials,Tân Lộc Phát Food.Selection,"₫ 61,100",-23%,"₫47,000",4.9,(41),TÁO ĐỎ TÂN CƯƠNG TÂN LỘC PHÁT FOOD | BỊCH 500G,188 sold,https://www.lazada.vn/products/pdp-i2880376065.html
Snacks & Confectionery,Anh Đạt,"₫ 55,000",-36%,"₫35,000",4.7,(7),Kẹo marshmallow trắng 250g,81 sold,https://www.lazada.vn/products/pdp-i1413186882.html
Snacks & Confectionery,Thực phẩm ngon family,"₫ 298,000",-46%,"₫61,000",5,(43),1 Thùng 2kg Bánh Mochi Tròn 4 Vị Loại 1 Hàng Công Ty Có Logo Cánh Én Thơm Ngon đồ ăn vặt,110 sold,https://www.lazada.vn/products/pdp-i2166599671.html
Snacks & Confectionery,MộcLan HEALTHY FOODS,"₫ 139,000",-20%,"₫61,391",4.9,(289),"Granola Siêu Hạt Mộc Lan Healthy Foods - 5 loại hạt ngũ cốc và trái cây sấy nướng Mật ong -250G,500G",1.1K sold,https://www.lazada.vn/products/pdp-i2999367228.html
Food Staples & Cooking Essentials,SG Foods.Selection,"₫ 21,900",-29%,"₫15,600",5,(6858),"Cháo Tươi SGFood Gà Cà Rốt 240g – Dinh Dưỡng Thơm Ngon, Tiện Lợi & An Toàn Cho Bé Yêu!",28.2K sold,https://www.lazada.vn/products/pdp-i2433505657.html
Food Staples & Cooking Essentials,Tân Lộc Phát Food.Selection,"₫ 28,600",-29%,"₫20,400",,,KHÔ BÒ XÉ SỢI TÂN LỘC PHÁT - BỊCH 50G,53 sold,https://www.lazada.vn/products/pdp-i3113421738.html
Snacks & Confectionery,Ăn Vặt Giá Tốt Hải Nguyễn,,,"₫65,000",5,(24),1kg Bánh Snack bim bim Oishi (mix thập cẩm đủ vị),82 sold,https://www.lazada.vn/products/pdp-i2377162346.html
Snacks & Confectionery,pdgroup.Selection,"₫ 57,200",-23%,"₫44,000",4.9,(177),Bánh quy kẹp 2 lớp nhân kem Magic Creams hộp 300g nhiều vị,507 sold,https://www.lazada.vn/products/pdp-i2674688112.html
Snacks & Confectionery,Tien Dat Pharmacy,"₫ 60,000",-33%,"₫50,000",5,(1),"Party smart-Himalayan herbal wine jelly candy-Party smart, bright new",,https://www.lazada.vn/products/pdp-i3170660785.html
Pet Food,Pet Boss 95,"₫ 44,100",-45%,"₫24,300",4.9,(106),MÓNG BÒ SẤY KHÔ XƯƠNG GẶM SẠCH RĂNG CHO CHÓ,691 sold,https://www.lazada.vn/products/pdp-i2083981492.html
Snacks & Confectionery,Tân Lộc Phát Food.Selection,"₫ 53,300",-23%,"₫41,000",5,(1),KẸO ME CAY XÍ MUỘI TÂN LỘC PHÁT - HŨ 250G,5 sold,https://www.lazada.vn/products/pdp-i3111230885.html
Snacks & Confectionery,Tạp hóa Bảo An,"₫ 150,000",-50%,"₫75,000",4.5,(4),[ Siêu phẩm ] Combo 500g Kẹo Socola Hạnh nhân Việt thái món ăn vặt ngon lại tốt cho sức khỏe,10 sold,https://www.lazada.vn/products/pdp-i2087032184.html
Snacks & Confectionery,Shopsi24hcm,,,"₫69,000",5,(9),Thạch Zai Zai Đức Hạnh Thanh Dài 1kg Mix Nhiều Vị Ngon Ngon,48 sold,https://www.lazada.vn/products/pdp-i2485061095.html
Snacks & Confectionery,Anvy Foods 01,"₫ 97,000",-22%,"₫60,000",4.9,(482),"Mứt Gừng Viên Sấy Dẻo Thái Lan NGỌT, DẺO - HÌNH THẬT 100%",1.5K sold,https://www.lazada.vn/products/pdp-i2358395142.html
Food Staples & Cooking Essentials,SK FOOD.Selection,"₫ 107,600",-23%,"₫82,700",4.6,(43),Mực Xé Sợi Nước Dừa Thơm Ngon Hiệu SK FOOD - Hũ 200G (Đồ Ăn Vặt),1.1K sold,https://www.lazada.vn/products/pdp-i2633314737.html
Food Staples & Cooking Essentials,LÀNG ME VEGETARIAN FOODS,"₫ 81,700",-23%,"₫62,800",5,(128),"Bò Lát Chay , thịt bò chay Khô Ngon Loại 1 Làng Me , chế biến món chay ngon ( gói 500 gr ) , Hàng công ty không chất bảo quản , không biến đổi Gen",375 sold,https://www.lazada.vn/products/pdp-i2610740213.html
Food Staples & Cooking Essentials,Tân Lộc Phát Food.Selection,"₫ 75,400",-23%,"₫58,000",5,(2),Xoài Xé Sợi Sấy Dẻo Chua Ngọt Ít Xơ Tân Lộc Phát Bịch 500g,48 sold,https://www.lazada.vn/products/pdp-i3021828256.html
Snacks & Confectionery,Bách Hoá 2268,,,"₫61,000",5,(130),"Hũ Kẹo Gum Lotte Xylitol Không Đường 130.5G I Hương Chanh Bạc Hà, Việt Quất Bạc Hà, Bạc Hà Thơm Mát",780 sold,https://www.lazada.vn/products/pdp-i1503095569.html
Snacks & Confectionery,THỰC PHẨM SẠCH 3 MIỀN - ĐỒ ĂN VẶT.Selection,"₫ 92,700",-23%,"₫71,300",1,(6),Combo 2 túi mít sấy giòn nguyên miếng hàng xuất khẩu loại 1 - đặc sản Đà Lạt thơm ngon,105 sold,https://www.lazada.vn/products/pdp-i2603162556.html
Snacks & Confectionery,Cao Bồi Food.Selection,"₫ 69,700",-23%,"₫53,600",,Reviews,Xoài Sấy Muối Ớt | Shop Cao Bồi Food | Bịch 250G,,https://www.lazada.vn/products/pdp-i3038829910.html
Food Staples & Cooking Essentials,THỰC PHẨM SẠCH 3 MIỀN - ĐỒ ĂN VẶT,"₫ 190,000",-46%,"₫103,455",4.6,(242),[HCM]500G MACCA CAO CẤP SẤY CHÍN BỔ DƯỠNG SIZE LỚN HIỆU TPS,1.3K sold,https://www.lazada.vn/products/pdp-i1286890503.html
Snacks & Confectionery,Cao Bồi Food.Selection,"₫ 61,000",-23%,"₫46,900",,Reviews,Xoài Sấy Muối Ớt | Shop Cao Bồi Food | Hũ 250G,,https://www.lazada.vn/products/pdp-i3038968204.html
Snacks & Confectionery,Van Tuong Cake,,,"₫55,000",4.6,(13),"TÚI 1KG BÁNH MOCHI NHÂN KEM SỮA MIX 6 VỊ SIÊU NGON, THƠM BÉO ăn vặt - shop vạn tượng",50 sold,https://www.lazada.vn/products/pdp-i2918388967.html
Snacks & Confectionery,Shopp Bach Hoa,"₫ 135,000",-22%,"₫63,000",5,(19),"Bánh Mochi kem sữa vị sầu riêng, khoai môn, sữa đậu nành – 500g/ 1kg",54 sold,https://www.lazada.vn/products/pdp-i2556210066.html
Feeding Essentials,p22eom.Selection,"₫ 39,200",-85%,"₫5,600",5,(110),"Máy Hút Sữa Bằng Tay Toàn Bộ Silicone – Hút Sữa Thủ Công, Hỗ Trợ Mẹ & Bố, Chống Tràn, Tự Động Thu Gom Sữa",436 sold,https://www.lazada.vn/products/pdp-i2530767623.html
Snacks & Confectionery,ĐỒ DÙNG THÔNG MINH123,"₫ 85,000",-33%,"₫42,000",5,(1),[💥20 GÓI💥] ĐỒ ĂN VẶT CÁC LOẠI. ĐỒ ĂN VẶT TUỔI THƠ SIÊU NGON,13 sold,https://www.lazada.vn/products/pdp-i1991281961.html
Bakery & Breakfast,ĐỒ DÙNG ĐA TIỆN ÍCH,"₫ 38,000",-39%,"₫23,000",4.9,(18),"[✅ NHIỀU LOẠI ✅]  CAY MIẾNG SƯỜN DÊ HẰNG ĐẠI  BỊCH 60 GÓI , ĐỒ ĂN VẶT TUỔI THƠ CÁC LOẠI",147 sold,https://www.lazada.vn/products/pdp-i1577384977.html
Food Staples & Cooking Essentials,Tân Lộc Phát Food,"₫ 41,700",-49%,"₫21,300",5,(8),HẠT BÍ TRẮNG TÂN LỘC PHÁT BỊCH 400G GIÒN THƠM CHẮC HẠT Đồ Ăn Vặt Yêu Thích,25 sold,https://www.lazada.vn/products/pdp-i3143322499.html
Food Staples & Cooking Essentials,Brothers Shop,"₫ 260,000",-31%,"₫140,000",4.7,(14),Set Ăn Vặt Nội Đia Trung Mix Sẵn (500gr - 1kg),50 sold,https://www.lazada.vn/products/pdp-i2276986195.html
Food Staples & Cooking Essentials,Shop Thảo Dược Hạnh Nguyên,"₫ 200,000",-25%,"₫75,938",4.6,(21),"Chà là sấy khô không đường 1kg (Đồ ăn vặt eatclean, tạo vị ngọt tự nhiên cho sữa hạt) - Thảo Dược Hạnh Nguyên",107 sold,https://www.lazada.vn/products/pdp-i1919520013.html
Snacks & Confectionery,Moc Tra.Vn,"₫ 35,000",-23%,"₫27,000",5,(12),"250gr/500 gr Kẹo marshmallow trắng, kẹo xốp, kẹo bông gòn dẻo",84 sold,https://www.lazada.vn/products/pdp-i2016720830.html
Snacks & Confectionery,ChocolateFigo.Bột Cacao Hà Nội,"₫ 110,000",-16%,"₫92,000",4.8,(50),"[Chính hãng] Dark Chocolate 100% Cacao, Socola đen nguyên chất không đường  Figo ăn Giảm cân, Keto, DAS hộp 100gram",395 sold,https://www.lazada.vn/products/pdp-i709798122.html
Bakery & Breakfast,levy8387,,,"₫45,000",,,Bánh Oreo Nhân Tan Chảy Wow 200G - Siêu Hot,,https://www.lazada.vn/products/pdp-i2095096009.html
Food Staples & Cooking Essentials,Tạp Hoá HULA,"₫ 60,000",-33%,"₫13,500",5,(5),[COMBO 3 Gói] Bánh Tráng Trộn Thập Cẩm 8 Vị Tây Ninh Full Topping (Gói 150g) - Ăn Vặt Đường Phố,20 sold,https://www.lazada.vn/products/pdp-i2768543303.html
Snacks & Confectionery,Tân Lộc Phát Food.Selection,"₫ 48,100",-29%,"₫34,300",5,(25),Đậu Hà Lan Muối Tân Lộc Phát Hũ 400g,66 sold,https://www.lazada.vn/products/pdp-i2945424270.html
Food Staples & Cooking Essentials,SHOP MẸ CỐM SƠN TÂY,"₫ 50,000",-44%,"₫12,000",,,SÉT BÁNH TRÁNG PHƠI SƯƠNG  ĐỦ VỊ LOẠI 1 BAO NGON,,https://www.lazada.vn/products/pdp-i2544809656.html
Snacks & Confectionery,Tân Lộc Phát Food.Selection,"₫ 38,700",-29%,"₫27,600",4.9,(97),ĐẬU HÀ LAN MUỐI TÂN LỘC PHÁT HŨ 250G,243 sold,https://www.lazada.vn/products/pdp-i2608166218.html
Pet Food,PET SHOP AK,"₫ 22,000",-23%,"₫17,000",5,(344),Xương Gặm Thưởng Ăn Vặt Sạch Răng Thơm Miệng Cho Chó VegeBones,3.0K sold,https://www.lazada.vn/products/pdp-i1780223144.html
Drinks,SK FOOD.Selection,"₫ 35,300",-29%,"₫25,200",4.9,(10),Táo đỏ Tân Cương giòn ngọt uống trà hầm canh ăn liền Sk food 100g,60 sold,https://www.lazada.vn/products/pdp-i2914739504.html
Food Staples & Cooking Essentials,pdgroup.Selection,"₫ 50,600",-29%,"₫36,100",5,(11),Túi 120gr dưa món khô truyền thống Việt,39 sold,https://www.lazada.vn/products/pdp-i2961766360.html
Snacks & Confectionery,pdgroup.Selection,"₫ 36,200",-29%,"₫25,800",5,(38),Kẹo Dynamite BigBang vị Socola Bạc Hà gói 120g,120 sold,https://www.lazada.vn/products/pdp-i2674709048.html
Snacks & Confectionery,pdgroup.Selection,"₫ 51,000",-23%,"₫39,200",4,(4),Bánh Quy Sữa Roma D-MAXX Marie Milk Biscuit 220g 10 gói bánh 22g,9 sold,https://www.lazada.vn/products/pdp-i3037892469.html
Food Staples & Cooking Essentials,TPS NICE.Selection,"₫ 32,000",-29%,"₫22,800",5,(5),KHÔ GÀ LÁ CHANH LOẠI 1 - TÚI ZIP 40G TLP,69 sold,https://www.lazada.vn/products/pdp-i2995338231.html
Food Staples & Cooking Essentials,Viettin Mart 1593072786,"₫ 287,500",-44%,"₫75,900",4.7,(324),Tóp Mỡ Thịt Liền Da Sốt Mắm Tỏi VietTin Mart,1.6K sold,https://www.lazada.vn/products/pdp-i918130814.html
Snacks & Confectionery,SuSuTo Shop.Selection,"₫ 88,100",-23%,"₫67,700",4.9,(134),"Thanh cơm gạo lứt ngũ cốc hạt- thanh chà bông Let's Nuts túi 500g, đồ ăn vặt healthy dùng ăn sáng, giúp giảm cân, bổ sung dinh dưỡng",1.0K sold,https://www.lazada.vn/products/pdp-i2609907981.html
Food Staples & Cooking Essentials,THỰC PHẨM SẠCH 3 MIỀN - ĐỒ ĂN VẶT.Selection,"₫ 113,300",-23%,"₫87,100",3.6,(11),[TÙY CHỌN] Combo 2 hũ: 500G HẠT ĐIỀU RANG MUỐI + 500G HẠT ĐIỀU RANG TỎI ỚT ăn vặt biếu tặng phù hợp TPS,39 sold,https://www.lazada.vn/products/pdp-i2994600458.html
Food Staples & Cooking Essentials,Shop chè dưỡng nhan .Selection,"₫ 25,100",-29%,"₫17,900",4.9,(34),100gr táo trái khô trái đều[ shop lựa từng trái không phải hốt đại ],139 sold,https://www.lazada.vn/products/pdp-i2787408320.html
Pet Food,PET SHOP AK,"₫ 18,000",-19%,"₫14,000",4.9,(808),Sỉ lẻ Bánh thưởng/ Ăn Vặt cho chó cao cấp 100g,8.9K sold,https://www.lazada.vn/products/pdp-i1373641476.html
Pet Food,Petcorner.love,"₫ 98,600",-31%,"₫68,000",5,(8),"Bánh thưởng Masti cho thú cưng dạng dải thịt bò 500g (Thức ăn thưởng, đồ ăn nhẹ vị thịt bò cho chó mèo)",24 sold,https://www.lazada.vn/products/pdp-i1556920264.html
Snacks & Confectionery,Phukiensaleoff.Selection,"₫ 67,500",-23%,"₫51,900",4.8,(41),5 bịch Bánh tráng trộn da heo chà bông sate muối tổ hành phi full toping siêu ngon,241 sold,https://www.lazada.vn/products/pdp-i2651908169.html
Food Staples & Cooking Essentials,SHOP HAIMY,,,"₫26,265",5,(5),[Delicious taste] Golden Dragon green beans cake (36 tablets)-Childhood Snacks,13 sold,https://www.lazada.vn/products/pdp-i2928942847.html
Snacks & Confectionery,duongngoctam7070,"₫ 48,000",-33%,"₫32,000",4.9,(163),Kẹo Chuối Yến Hương Đặc Sản Bến Tre - Gói 375G,804 sold,https://www.lazada.vn/products/pdp-i321526282.html
Food Staples & Cooking Essentials,pdgroup.Selection,"₫ 31,100",-29%,"₫22,200",5,(174),[Delly Cook] Tương ớt tây ninh cay nồng cao cấp chai 270gr,390 sold,https://www.lazada.vn/products/pdp-i2727407165.html
Food Staples & Cooking Essentials,LÀNG ME VEGETARIAN FOODS,"₫ 42,200",-29%,"₫30,100",4.9,(95),"Gà Lát Chay , thịt gà chay Khô Ngon Loại 1 Làng Me , chế biến món chay ngon ( gói 200 gr ) , Hàng công ty không chất bảo quản , không biến đổi Gen",272 sold,https://www.lazada.vn/products/pdp-i2610587636.html
Snacks & Confectionery,Anvy Foods 01,"₫ 35,000",-5%,"₫33,216",5,(248),"Đào Nâu Chẻ Đôi Sấy Dẻo mẫu túi kraft 500gr, chua ngọt nhẹ.",944 sold,https://www.lazada.vn/products/pdp-i2358291350.html
Snacks & Confectionery,Tạp Hoá HULA,"₫ 85,000",-19%,"₫24,500",5,(2),[SALE Đồ Ăn Vặt] COMBO Tự Chọn - 500G Snack/Bim Bim Các Loại Siêu Tiện Lợi - HULA FOOD,12 sold,https://www.lazada.vn/products/pdp-i2633229292.html
Food Staples & Cooking Essentials,Cao Bồi Food.Selection,"₫ 39,500",-29%,"₫28,200",5,(4),ĐẬU PHỘNG NƯỚC CỐT DỪA THƠM NGON BỊCH 100G - SHOP CAO BỒI,21 sold,https://www.lazada.vn/products/pdp-i2814035081.html
Snacks & Confectionery,Ăn vặt store TD,,,"₫39,000",4.8,(121),500gr kẹo dẻo bạc hà tuổi thơ,590 sold,https://www.lazada.vn/products/pdp-i2649559880.html
Snacks & Confectionery,pdgroup.Selection,"₫ 50,200",-23%,"₫38,600",4.8,(91),Bánh AFC mặn 172gr vị tảo biển bò bít tết lúa mì rau củ gà sả tắc,330 sold,https://www.lazada.vn/products/pdp-i2674688114.html
Food Staples & Cooking Essentials,SG Foods.Selection,"₫ 32,200",-29%,"₫23,000",5,(52),Cháo Tươi Sài Gòn Food Sườn Non & Ngũ Đậu 240G,396 sold,https://www.lazada.vn/products/pdp-i2916510507.html
Food Staples & Cooking Essentials,Huong Vi Vegetarian Food,,,"₫55,000",,,SƯỜN NON CHAY NGON HƯƠNG VỊ - TÚI 150G - ĐỒ ĂN CHAY - THỰC PHẨM CHAY HƯƠNG VỊ,,https://www.lazada.vn/products/pdp-i3175375485.html
Pet Food,Tiệm nhà bé 96,,,"₫12,000",5,(109),[Siêu Rẻ - Siêu Ngon] Bánh Thưởng Cho Chó Mèo FUNNYU 100g/gói,517 sold,https://www.lazada.vn/products/pdp-i2126062586.html
Food Staples & Cooking Essentials,Tân Lộc Phát Food.Selection,"₫ 50,600",-29%,"₫36,100",5,(3),CHÀ BÔNG GÀ TÂN LỘC PHÁT - HŨ 150G,7 sold,https://www.lazada.vn/products/pdp-i3113111836.html
Snacks & Confectionery,PhươngMinh.Selection,"₫ 32,000",-29%,"₫22,800",5,(3),"Bánh Oreo Cây 110,4gr Vị Vani",24 sold,https://www.lazada.vn/products/pdp-i3042042710.html
Food Staples & Cooking Essentials,SK FOOD.Selection,"₫ 124,600",-17%,"₫104,000",4.7,(1176),MẪU MỚI HẠT ĐIỀU RANG MUỐI LOẠI 1 XẾP HOA ĐẸP PHÙ HỢP BIẾU TẶNG- HỘP 500G,15.9K sold,https://www.lazada.vn/products/pdp-i2598156896.html
Snacks & Confectionery,EU.SHOPNGA,"₫ 70,000",-26%,"₫49,900",4.9,(122),[DATE T5-2026] Thanh Socola Đen nguyên chất 55% Cacao BABAEVSKY & SCHOGETTEN các loại,1.3K sold,https://www.lazada.vn/products/pdp-i2475458887.html
Food Staples & Cooking Essentials,Tạp Hoá HULA,,,"₫15,000",4.9,(18),500Gr Đậu Phộng Da Cá Nước Cốt Dừa Thơm Ngon Giòn Tan - Đồ Ăn Vặt HULA FOOD,63 sold,https://www.lazada.vn/products/pdp-i2581331173.html
Snacks & Confectionery,Đồ Ăn Vặt Sỉ Lẻ,"₫ 520,000",-50%,"₫135,000",4.8,(32),[ Siêu phẩm ] Combo 1000g Kẹo Socola Hạnh nhân Việt thái món ăn vặt ngon lại tốt cho sức khỏe,160 sold,https://www.lazada.vn/products/pdp-i2080886015.html
Snacks & Confectionery,Nguyenlieu_ShopBL,,,"₫136,000",4.8,(96),Socola Đen 1kg,389 sold,https://www.lazada.vn/products/pdp-i544692589.html
Food Staples & Cooking Essentials,Shop Khả Doanh 1,"₫ 90,000",-26%,"₫66,207",4.9,(183),Mắm Thái Đu Đủ Cá Lóc Loại Đặc Biệt Ngon Hủ 450gr,486 sold,https://www.lazada.vn/products/pdp-i1601565979.html
Bakery & Breakfast,DK Harvest,"₫ 89,000",-18%,"₫73,000",5,(8165),"Combo 1kg Yến mạch ăn liền, nguyên hạt cán dẹp DK Harvest nhập khẩu Úc | yến mạch ăn liền, yến mạch úc, yến mạch giảm cân, ngũ cốc giảm cân",48.9K sold,https://www.lazada.vn/products/pdp-i888770688.html
Food Staples & Cooking Essentials,B' Food,"₫ 55,000",-24%,"₫42,000",5,(12),1 hộp/ 5 viên B' Food Viên Canh Sấy Thăng Hoa Cải Xoong Thịt Bằm - Thực Phẩm Ăn Liền Tiện Lợi,52 sold,https://www.lazada.vn/products/pdp-i3118990092.html
Food Staples & Cooking Essentials,MASAN CONSUMER,"₫ 378,000",-33%,"₫253,000",5,(7024),Mì Khoai Tây Omachi Lẩu Tôm Càng - Thùng 30 Gói x 80g,17.1K sold,https://www.lazada.vn/products/pdp-i2284731753.html
Pet Food,PET SHOP PRO,"₫ 35,000",-20%,"₫17,500",5,(221),Thức ăn hạt cho Chó trưởng thành Ganador Gói 400g Thương hiệu từ Pháp Bổ sung dinh dưỡng hoàn chỉnh cho tất cả các giống,1.4K sold,https://www.lazada.vn/products/pdp-i2478263599.html
Pet Food,PET SHOP AK,,,"₫60,000",4.9,(76),Snack thịt bò bổ sung canxi cho chó (que) Masti  (500gr/túi) - Bánh thưởng cho chó mèo thú cưng,328 sold,https://www.lazada.vn/products/pdp-i2293925151.html
Pet Food,Opaws Petshop,"₫ 14,000",-16%,"₫11,800",5,(24),"Funny u dog pie 100g-treat training, easy to eat, nutritious",143 sold,https://www.lazada.vn/products/pdp-i2886060083.html
Snacks & Confectionery,Bách Hóa Giá Mềm huynhtunga,"₫ 62,000",-27%,"₫45,000",4.9,(121),Kẹo Dừa Sữa Dứa Sầu Riêng Thanh Long 450G,740 sold,https://www.lazada.vn/products/pdp-i542580620.html
Snacks & Confectionery,Anvy Foods 01,"₫ 75,000",-25%,"₫41,580",5,(1959),Xí Muội Đào Hồng / Ô Mai Đào chua ngọt 500gr,6.8K sold,https://www.lazada.vn/products/pdp-i2358292570.html
Snacks & Confectionery,Sỉ Le Hàng Tiêu Dùng 1608966196,"₫ 22,000",-15%,"₫18,999",5,(63),Kẹo Dẻo Trái Cây Lột Bóc Vỏ 3D - BoBo Cokoc - gói 75g,227 sold,https://www.lazada.vn/products/pdp-i2841957740.html
Snacks & Confectionery,6SFood Original Store,"₫ 79,000",-13%,"₫69,000",5,(2),"Marshmallow Erko Giảm 20% Ngọt 500gr, Kẹo Bấc Trắng, Nguyên Liệu Làm Kẹo Nougat",15 sold,https://www.lazada.vn/products/pdp-i3090636555.html
Pet Food,MarketPetshop,"₫ 24,300",-45%,"₫13,100",5,(156),BÁNH THƯỞNG VỊ THỊT BÒ CHO CHÓ 100GRAM/GÓI,1.1K sold,https://www.lazada.vn/products/pdp-i1568837350.html
Food Staples & Cooking Essentials,Viettin Mart 1593072786,"₫ 100,000",-37%,"₫63,200",4.9,(76),Lương Khô Dinh Dưỡng Mix Vị 500g,256 sold,https://www.lazada.vn/products/pdp-i3005199966.html
Pet Food,Gò Công PetShop,"₫ 133,500",-33%,"₫48,000",,,"Bánh ăn vặt thịt gà mix tôm sấy đông khô cho chó mèo hamter, bổ sung canxi, đạm, protein",,https://www.lazada.vn/products/pdp-i3184712875.html
Food Staples & Cooking Essentials,Tâm Đức Thiện Official,"₫ 143,000",-47%,"₫39,900",4.9,(9112),Đậu Phộng Da Cá Nước Cốt Dừa Tâm Đức Thiện Nguyên Liệu Loại 1 Giòn Béo Hơn Thực Phẩm Đóng Gói Ăn Liền đồ ăn vặt Lazada,32.3K sold,https://www.lazada.vn/products/pdp-i337558491.html
Snacks & Confectionery,THỰC PHẨM SẠCH 3 MIỀN - ĐỒ ĂN VẶT.Selection,"₫ 50,200",-23%,"₫38,600",5,(88),[TÙY CHỌN] 1kg đậu phộng rang tỏi ớt giòn ngon cao cấp - TPS,1.4K sold,https://www.lazada.vn/products/pdp-i2994954099.html
Snacks & Confectionery,Sury1316,"₫ 68,000",-13%,"₫59,000",5,(146),1 túi 850g (50 gói) Kẹo Thạch rau câu zaizai cốt trái cây tươi Vietfoods đủ vị (Chứng nhận Hàng Việt Nam chất lượng cao),402 sold,https://www.lazada.vn/products/pdp-i2364094757.html
Snacks & Confectionery,Anvy Foods 01,"₫ 80,000",-11%,"₫71,136",4.9,(209),Mứt Thơm Sấy Dẻo Muối Ớt Hũ 350Gram | Chua Ngọt Tự Nhiên |,675 sold,https://www.lazada.vn/products/pdp-i2601631136.html
Snacks & Confectionery,BeeGin,"₫ 35,000",-28%,"₫25,256",4.6,(24),"Khay 12 Bánh Mochi Dẻo Nhân Kem vỊ Sữa Chua, Trà Xanh, Xoài 180g B228 - Ăn Vặt BeeGin",66 sold,https://www.lazada.vn/products/pdp-i2857980356.html
Food Staples & Cooking Essentials,LÀNG ME VEGETARIAN FOODS,"₫ 81,700",-23%,"₫62,800",4.9,(79),"Bóng Cá Chay , cá chay Khô Ngon Loại 1 Làng Me , chế biến món chay ngon ( gói 500 gr ) , Hàng công ty không chất bảo quản , không biến đổi Gen",218 sold,https://www.lazada.vn/products/pdp-i2610735318.html
Pet Food,NunPetShop,,,"₫15,000",5,(1),Snack thưởng tai thỏ sấy khô nguyên bản cho chó mèo 🐙🐙,,https://www.lazada.vn/products/pdp-i2137484110.html
Snacks & Confectionery,WANT WANT Store,,,"₫57,000",5,(1350),"Senbeiwant rice cake combo with 52G, 105g, Japanese style sauce combination",5.5K sold,https://www.lazada.vn/products/pdp-i2955078845.html
Pet Food,Pet Boss 95,"₫ 32,300",-45%,"₫17,800",4.9,(297),"KẸO SỮA DÊ CANXI CHO CHÓ TỪ 3 THÁNG TUỔI GÓI 100GR, SNACK ĂN CHO CHÓ MỖI NGÀY",2.7K sold,https://www.lazada.vn/products/pdp-i1348678861.html
Snacks & Confectionery,Food Plaza,"₫ 74,000",-22%,"₫58,000",,,"Socola Đen SCHOGETTEN 100g – Vị Đắng Nguyên Bản, Tinh Tế & Thượng Hạng",,https://www.lazada.vn/products/pdp-i3176556771.html
Pet Food,MarketPetshop,"₫ 4,100",-44%,"₫2,300",4.9,(127),"VIÊN PHÔ MAI THƠM NGON CHO CHÓ, HAMSTER",971 sold,https://www.lazada.vn/products/pdp-i1607388264.html
Snacks & Confectionery,BeeGin Food,"₫ 150,000",-41%,"₫88,000",5,(270),"Thùng 1kg Bánh Mochi Sữa Nhân Kem Khoai Môn, Đậu Nành, Sầu Riêng, Đào, Xoài - BeeGin Food",723 sold,https://www.lazada.vn/products/pdp-i2554030911.html
Snacks & Confectionery,Nông Lâm Food Store.Selection,"₫ 30,800",-29%,"₫22,000",5,(1),Hạt điều wasabi Nonglamfood 45g | Premium wasabi cashews,13 sold,https://www.lazada.vn/products/pdp-i3094409077.html
Snacks & Confectionery,WANT WANT Store,,,"₫7,000",5,(172),"Snack Khoai Tây Xoắn Twist Potato Want Want Gói 30g Nhiều Hương Vị, Giòn Ngon, Đồ Ăn Vặt Tiện Lợi",1.5K sold,https://www.lazada.vn/products/pdp-i2955415355.html
Snacks & Confectionery,SỬU NHI FOOD,"₫ 65,000",-9%,"₫59,000",4.9,(261),"[1KG] Bánh Mochi ĐÀI LOAN Kem Sữa Vị Sầu Riêng/ Khoai Môn/ Đậu Nành/Bơ/Xoài, Bánh Mochi Phủ Dừa.",750 sold,https://www.lazada.vn/products/pdp-i2589284875.html
Snacks & Confectionery,bepbanhnhaan,"₫ 59,000",-3%,"₫57,000",4.9,(21),[Lẻ giá sỉ] Kẹo Marshmallow trắng - Chuyên dùng để làm kẹo Nougat - Khối lượng 500g,100 sold,https://www.lazada.vn/products/pdp-i2748913650.html
Snacks & Confectionery,Anh Đạt,"₫ 85,000",-29%,"₫60,000",4.9,(110),Kẹo Marshmallow Erko bản Quốc Tế viên nhỏ nhanh tan 500g ( Hàng mới HSD 07/09/2025),1.2K sold,https://www.lazada.vn/products/pdp-i1621299189.html
Snacks & Confectionery,,,,"₫50,600",,,Bánh Tai Heo Mè Cốt Dừa 500g VietTin Mart,48 sold,https://www.lazada.vn/products/pdp-i3123353948.html
Pet Food,THE GIOI XUONG GAM PETSHOP,,,"₫48,000",5,(22),SNACK JERHIGH MORNING TIME BED TIME 60GR,187 sold,https://www.lazada.vn/products/pdp-i1548657583.html
Food Staples & Cooking Essentials,Shop Khả Doanh 1,"₫ 80,000",-31%,"₫55,328",4.8,(281),ĐÁ ME HẠT DẺO RIM THƠM Hủ 1kg,852 sold,https://www.lazada.vn/products/pdp-i2503114299.html
Food Staples & Cooking Essentials,Delicious and cheap,,,"₫78,000",,,"1kg HẠT MIX 7 vị Hot hàng nội địa trung, hạt dinh dưỡng healthy tốt cho sức khoẻ. Đồ Ăn Vặt",,https://www.lazada.vn/products/pdp-i3105113513.html
Food Staples & Cooking Essentials,MINH TRIẾT .FOOD,"₫ 172,000",-48%,"₫89,000",4.7,(83),1 kg  Lạp xưởng tôm trứng muối siêu ngon- rẻ vô đối  [Hàng Loại 1 Đặc Biệt],342 sold,https://www.lazada.vn/products/pdp-i1679327408.html
Food Staples & Cooking Essentials,Thực phẩm ngon family,"₫ 115,000",-47%,"₫61,100",5,(62),"Hộp 20 gói Mix 4 vị Thanh Cua Tẩm Vị Ăn Liền , món ăn nổi tiếng, Đồ Ăn Vặt Thanh Cua Cay",243 sold,https://www.lazada.vn/products/pdp-i2277873889.html
Snacks & Confectionery,Foody.Taiwan,"₫ 20,000",-40%,"₫39,990",4.8,(261),Socola Đen Nguyên Chất Không Đường 100% 85% 72% 58% Ăn Kiêng Giảm Cân Hiệu Quả - Hộp Cao Cấp 130gr - 25 - 26 Thanh SCL,1.5K sold,https://www.lazada.vn/products/pdp-i2145597381.html
Snacks & Confectionery,Đồ Ăn Vặt Sỉ Lẻ,"₫ 195,000",-50%,"₫97,500",4.8,(14),[ Tốt cho sức khỏe ] Combo 3 hộp Kẹo Socola đen không đường/ Kẹo socola đen Nguyên chất ăn vặt ngon không lo mập hộp 120g,56 sold,https://www.lazada.vn/products/pdp-i2511585702.html
Bakery & Breakfast,HK FOODS.VN,,,"₫8,000",4.4,(123),1 cái Chân Gà Cay Tứ Xuyên HKfoods - Bịch 32gr - đồ ăn vặt - nội địa trung,2.6K sold,https://www.lazada.vn/products/pdp-i900230195.html
Food Staples & Cooking Essentials,AVAGI,"₫ 68,000",-34%,"₫45,000",5,(15),"Bánh Tráng Muối Sặc Hành phi Thơm ,AVAGI, Đồ ăn vặt Snack Food Thức Ăn",63 sold,https://www.lazada.vn/products/pdp-i2935513639.html
Food Staples & Cooking Essentials,Tân Lộc Phát Food,"₫ 65,500",-49%,"₫33,400",4.9,(127),ĐẬU HÀ LAN MUỐI TÂN LỘC PHÁT Đồ Ăn Vặt Yêu Thích,443 sold,https://www.lazada.vn/products/pdp-i987194597.html
Snacks & Confectionery,Đồ Ăn Vặt Sỉ Lẻ,"₫ 60,000",-50%,"₫85,000",4.9,(39),[ Siêu phẩm ] Combo 500g Kẹo Socola Hạnh nhân Việt thái món ăn vặt ngon lại tốt cho sức khỏe,117 sold,https://www.lazada.vn/products/pdp-i2080794718.html
Snacks & Confectionery,1309 U&M Food,"₫ 279,000",-47%,"₫49,000",4.9,(546),"Nhân óc chó đỏ nhập khẩu Mỹ thơm ngon, hạt óc chó  nguyên vị đã bóc vỏ đảm bảo dinh dưỡng, giàu dinh dưỡng tốt cho sức khoẻ, hạt dinh dưỡng healthy, ăn vặt healthy, ăn kiêng lành mạnh - 1309 U&M Food",1.7K sold,https://www.lazada.vn/products/pdp-i1970898878.html
Snacks & Confectionery,WANT WANT Store,,,"₫35,000",4.9,(452),"Combo 5 Gói Snack Khoai Tây Xoắn Twist Potato Want Want Gói 30g Giòn Ngon, Đồ Ăn Vặt Tiện Lợi",1.7K sold,https://www.lazada.vn/products/pdp-i3001387445.html
Snacks & Confectionery,SuSuTo Shop.Selection,"₫ 64,400",-23%,"₫49,500",3.7,(3),"Snack ba khía Let's Nuts túi 500g giòn rụm, đồ ăn vặt thơm ngon, đậm vị",5 sold,https://www.lazada.vn/products/pdp-i2808414332.html
Food Staples & Cooking Essentials,SIÊU_THỊ_ĐỒ_KHÔ_VŨNG TÀU.Selection,"₫ 51,700",-29%,"₫36,900",3.3,(20),[HCM]100g Khô Cá Cơm Sạch Cát Tươi ngon từ biên vũng tàu[ GIAO HÀNG NHANH 4h HCM],147 sold,https://www.lazada.vn/products/pdp-i2653278082.html
Snacks & Confectionery,Chuyên Sỉ Thực Phẩm Nhập Khẩu,"₫ 130,000",-45%,"₫72,000",4.6,(10),Thùng 1kg Bánh Mochi Tròn Mix 4 Vị Hai Cô Gái B40 - Chuyên Sỉ TPNK,17 sold,https://www.lazada.vn/products/pdp-i2636744313.html
Food Staples & Cooking Essentials,MASAN CONSUMER,"₫ 155,000",-30%,"₫109,000",5,(5127),[15.9 - 17.9 Voucher 18% CHO ĐƠN TỪ 199K]Combo 5 Xúc xích tiệt trùng Ponnie Heo 35g,18.4K sold,https://www.lazada.vn/products/pdp-i2439978160.html
Food Staples & Cooking Essentials,Nem Lai Vung Hồng Vy,"₫ 250,000",-20%,"₫200,000",4.9,(353),Combo 10 hộp Nem Chua Lai Vung (Loại Nhất) Giá Sỉ,900 sold,https://www.lazada.vn/products/pdp-i1690269591.html
Snacks & Confectionery,Bep Me Tinn,"₫ 80,000",-37%,"₫94,710",4.8,(583),"Bánh Đậu Đỏ Gạo Lứt Hương Vị Thơm Ngon Đậm Đà, Mềm Mềm, Ngọt Nhẹ, Thích Hợp Với Mọi Người",1.6K sold,https://www.lazada.vn/products/pdp-i2640771472.html
Snacks & Confectionery,Tân Lộc Phát Food.Selection,"₫ 48,100",-29%,"₫34,300",5,(24),Đậu Phộng Cốt Dừa Tân Lộc Phát Hũ 400g,72 sold,https://www.lazada.vn/products/pdp-i2945277798.html
Snacks & Confectionery,AN VAT SHOP ME TOM,"₫ 70,000",-30%,"₫159,000",,,Sỉ thùng 2kg bánh mochi dẻo Mastsu đủ vị,7 sold,https://www.lazada.vn/products/pdp-i3015583172.html
Snacks & Confectionery,Tân Lộc Phát Food.Selection,"₫ 56,500",-23%,"₫43,400",4.8,(86),XOÀI SẤY DẺO MUỐI ỚT TÂN LỘC PHÁT HŨ 250G | SẤY THĂNG HOA | Đồ ăn vặt yêu thích,400 sold,https://www.lazada.vn/products/pdp-i2660777959.html
Snacks & Confectionery,SK FOOD.Selection,"₫ 35,500",-29%,"₫25,300",5,(8875),Đậu hà lan sấy giòn ngon SK FOOD - 100g,29.7K sold,https://www.lazada.vn/products/pdp-i2428065523.html
Snacks & Confectionery,BEEGIN MARKET,"₫ 120,000",-37%,"₫75,129",4.9,(10),"1kg Thạch Phomai Sữa Chua Hình Chân Mèo, Trái Cây, Que Kem Mix Sẵn, Ăn Vặt Hot Hit TH02 - Siêu Thị BeeGin",47 sold,https://www.lazada.vn/products/pdp-i3082904552.html
Food Staples & Cooking Essentials,SuSuTo Shop.Selection,"₫ 52,300",-29%,"₫37,300",5,(19),"Thạch dừa thô ép khô Let's Nuts túi 500g đặc sản Bến Tre tặng kèm hương vải, nguyên liệu làm đồ uống giải nhiệt mỗi ngày",102 sold,https://www.lazada.vn/products/pdp-i3036027745.html
Food Staples & Cooking Essentials,SK FOOD.Selection,"₫ 147,500",-23%,"₫113,400",4.8,(57),[Combo 2 Hũ] Khô gà lá chanh loại ngon - không pha trộn mỗi hũ 300G hiệu SK FOOD,296 sold,https://www.lazada.vn/products/pdp-i2598133993.html
Snacks & Confectionery,ChengMei food.Selection,"₫ 48,900",-29%,"₫34,900",4.9,(99),"1 bịch 100 viên  Kẹo cà phê CACAO, kẹo cacao hương vị trà đen , Kẹo cacao hương vị trà ô long",275 sold,https://www.lazada.vn/products/pdp-i2598532942.html
Snacks & Confectionery,Phukiensaleoff.Selection,"₫ 70,600",-23%,"₫54,300",5,(15),Sét 10 bịch Bánh tránh tỏi muối nhuyển xì ke siêu gây nghiện,191 sold,https://www.lazada.vn/products/pdp-i2651919081.html
Snacks & Confectionery,Ăn vặt store TD,,,"₫15,000",5,(64),100gr kẹo dẻo cá sấu,341 sold,https://www.lazada.vn/products/pdp-i2312211201.html
Food Staples & Cooking Essentials,Anvat492,"₫ 180,000",-45%,"₫99,000",5,(17),"Set Ăn Vặt Trung 1kg, Combo set ăn vặt nội địa trung 1kg - Ăn Vặt 492",80 sold,https://www.lazada.vn/products/pdp-i2036854050.html
Snacks & Confectionery,Tân Lộc Phát Food.Selection,"₫ 70,600",-23%,"₫54,300",5,(20),Nho Vàng Sấy Khô Tân Lộc Phát Hũ 500g,55 sold,https://www.lazada.vn/products/pdp-i2939575439.html
Snacks & Confectionery,Paco Food,,,"₫7,000",5,(14),1 hộp kẹo dẻo vị trái cây Kim Yến tuổi thơ hộp 18g,96 sold,https://www.lazada.vn/products/pdp-i2379511038.html
Snacks & Confectionery,HẠT ĐÁC TƯƠI,"₫ 59,000",-24%,"₫45,000",5,(481),"1KG HẠT ĐÁC TƯƠI LOẠI GIÀ  cứng vẫn dẻo chuẩn rim làm topping trà đồ uống pha chế, hút chân không",1.4K sold,https://www.lazada.vn/products/pdp-i2591602172.html
Food Staples & Cooking Essentials,Tân Lộc Phát Food.Selection,"₫ 43,900",-29%,"₫31,300",4.9,(13),ĐẬU PHỘNG RANG TỎI ỚT TÂN LỘC PHÁT FOOD | BỊCH 250G,32 sold,https://www.lazada.vn/products/pdp-i2877760266.html
Snacks & Confectionery,ChuChan,"₫ 60,000",-18%,"₫30,000",5,(2),[ CHUCHAN] Bánh tráng RÌA Ủ BƠ muối nhuyễn,,https://www.lazada.vn/products/pdp-i3117720403.html
Pet Food,PET SHOP AK,,,"₫46,000",5,(8),Combo 30 Cây Xúc Xích Siêu Dinh Dưỡng Ăn Liền Cho Chó Mèo TAOTAOPET,54 sold,https://www.lazada.vn/products/pdp-i2810367283.html
Snacks & Confectionery,Bách Hóa Giá Mềm huynhtunga,"₫ 39,000",-31%,"₫27,000",4.9,(175),Mè Xửng Dẻo Hương 250G,1.3K sold,https://www.lazada.vn/products/pdp-i517896153.html
Food Staples & Cooking Essentials,pdgroup.Selection,"₫ 43,900",-29%,"₫31,300",5,(6),Combo 2 bánh tráng siêu mỏng dai giòn Meizan 120gr chữ nhật 16x21cm,18 sold,https://www.lazada.vn/products/pdp-i2995240510.html
Snacks & Confectionery,SHOP ĂN VẶT NỘI ĐỊA - NHẬP KHẨU NHÀ BƠ,"₫ 119,000",-34%,"₫78,210",5,(56),"🔥 HOT HIT 🔥 TÚI 500G KẸO DẺO TRÁI CÂY LỘT VỎ,BÓC VỎ MIX NHIỀU VỊ SIÊU THƠM MÁT,ÍT NGỌT NGON MÊ LI",164 sold,https://www.lazada.vn/products/pdp-i2605334268.html
Snacks & Confectionery,Food Plaza,"₫ 74,000",-22%,"₫58,000",,,Socola SCHOGETTEN Sữa Chua-Dâu – Thanh 100g (18 Viên Rời),,https://www.lazada.vn/products/pdp-i3176715040.html
Food Staples & Cooking Essentials,SK FOOD.Selection,"₫ 66,000",-23%,"₫50,700",4.7,(21),Trái Cây Sấy Khô Nguyên Miếng Hàng Xuất Khẩu Thương Hiệu SK FOOD - 250G (Đồ Ăn Vặt Siêu Hot),220 sold,https://www.lazada.vn/products/pdp-i2633337603.html
Snacks & Confectionery,HÀ ANH 2K,,,"₫11,000",,,Kẹo Xốp Ovaltine nhân Socola 25g - Marshmallow [ HÀ ANH 2K],10 sold,https://www.lazada.vn/products/pdp-i3024818443.html
Snacks & Confectionery,THỰC PHẨM SẠCH 3 MIỀN - ĐỒ ĂN VẶT.Selection,"₫ 50,400",-29%,"₫36,000",5,(14),Xoài sấy dẻo nguyên miếng hàng đẹp cao cấp chuẩn chất lượng phù hợp biếu tặng - túi zip 100g TPS,42 sold,https://www.lazada.vn/products/pdp-i2603958012.html
Outdoor Sports & Activities Equipment,Đăng Quang Shop,"₫ 225,221",-22%,"₫102,000",4.8,(52),"Đèn pha led dùng pin công suất lớn,đèn tích điện Đèn pin led chiếu xa dùng chân pin Makita",242 sold,https://www.lazada.vn/products/pdp-i3124496258.html
Snacks & Confectionery,TRUNG MINH THANH,"₫ 96,120",-12%,"₫85,000",4.9,(191),"Kẹo Socola thương hiệu Andes 132g chính hãng, hương bạc hà / sữa bạc hà date 09.01.26",1.4K sold,https://www.lazada.vn/products/pdp-i812194544.html
Food Staples & Cooking Essentials,MASAN CONSUMER,"₫ 31,000",-23%,"₫23,000",5,(20193),[15.9 - 17.9 Voucher 18% CHO ĐƠN TỪ 199K]Xúc Xích Tiệt Trùng Ponnie Vị Heo Gói 35g,53.0K sold,https://www.lazada.vn/products/pdp-i2347836757.html
Pet Food,Pet-1989,,,"₫25,000",4.9,(69),Đồ Ăn Vặt Xương Da Bò Xương Canxi Xương Gặm Sạch Răng Cho Chó Pet-1989,726 sold,https://www.lazada.vn/products/pdp-i1411555023.html
Snacks & Confectionery,Anvy Foods 01,"₫ 110,000",-27%,"₫59,788",4.9,(912),"500gr Xoài Sấy Dẻo Chua Ngọt hàng xuất khẩu, ăn vặt AnVy Foods",3.7K sold,https://www.lazada.vn/products/pdp-i2358333183.html
Food Staples & Cooking Essentials,MASAN CONSUMER,"₫ 235,000",-28%,"₫35,796",5,(960),[15.9 - 17.9 Voucher 18% CHO ĐƠN TỪ 199K][Chọn loại] Xúc Xích Tiệt Trùng Ponnie Vị Heo Gói 70g,7.4K sold,https://www.lazada.vn/products/pdp-i2285464267.html
Food Staples & Cooking Essentials,Anvy Foods 01,"₫ 70,000",-12%,"₫61,686",4.8,(57),200gr Mực Cán Khô Tẩm Vị -HÌNH THẬT 100%-FREESHIP ĐƠN HÀNG TỪ 50K,262 sold,https://www.lazada.vn/products/pdp-i2358268414.html
Snacks & Confectionery,huyendu2712,,,"₫22,000",4.9,(28),100g socola chip,236 sold,https://www.lazada.vn/products/pdp-i1553366174.html
Food Staples & Cooking Essentials,MASAN CONSUMER,"₫ 144,000",-27%,"₫105,000",5,(709),[15.9 - 17.9 Voucher 18% CHO ĐƠN TỪ 199K]Mì Omachi lẩu cầm tay hương vị lẩu tomyum hải sản ly x 71gr,3.1K sold,https://www.lazada.vn/products/pdp-i2873647702.html
Food Staples & Cooking Essentials,THỰC PHẨM SẠCH 3 MIỀN - ĐỒ ĂN VẶT.Selection,"₫ 73,900",-23%,"₫56,800",4.9,(232),Hạt điều bể rang muối vỏ chất lượng ăn vặt ăn kiêng giảm cân tps,7.9K sold,https://www.lazada.vn/products/pdp-i2994770259.html
Kitchen Appliances,TH SMART STORE,"₫ 10,940,000",-25%,"₫8,190,000",,,Máy Xay Nấu Sữa Hạt Đa Năng MEDION MD19888 11 Chương Trình Tự Động Vệ Sinh,,https://www.lazada.vn/products/pdp-i3066379891.html
Snacks & Confectionery,MuaSam Nhanh,"₫ 103,002",-1%,"₫48,371",5,(9),[Good Taste] [deep eating] [great taste for fried coconut ice cream mochi cake,23 sold,https://www.lazada.vn/products/pdp-i2704362188.html
Snacks & Confectionery,Viettin Mart 1593072786,"₫ 69,000",-51%,"₫33,800",4.7,(33),"200g Kẹo bông gòn xốp mịn, xốp dẻo marshmallow",149 sold,https://www.lazada.vn/products/pdp-i1664641121.html
Food Staples & Cooking Essentials,LÀNG ME VEGETARIAN FOODS,"₫ 81,700",-23%,"₫62,800",5,(100),"Gà Lát Chay , thịt gà chay Khô Ngon Loại 1 Làng Me , chế biến món chay ngon ( gói 500 gr ) , Hàng công ty không chất bảo quản , không biến đổi Gen",361 sold,https://www.lazada.vn/products/pdp-i2610711417.html
Pet Food,PET SHOP AK,"₫ 60,000",-7%,"₫56,000",5,(163),Đồ Ăn Vặt Xương Gặm Sạch Răng Thơm Miệng Yaho 240g (30cái),984 sold,https://www.lazada.vn/products/pdp-i1770623502.html
Food Staples & Cooking Essentials,shop9890,"₫ 100,000",-21%,"₫79,000",4.8,(1896),[HCM]500g khô heo cháy tỏi,8.5K sold,https://www.lazada.vn/products/pdp-i948984674.html
Food Staples & Cooking Essentials,MASAN CONSUMER,"₫ 104,000",-29%,"₫74,000",5,(451),[15.9 - 17.9 Voucher 18% CHO ĐƠN TỪ 199K][Chọn loại] Túi Xúc Xích Tiệt Trùng Heo Cao Bồi Nhân Phô Mai Túi X 32Gr,1.8K sold,https://www.lazada.vn/products/pdp-i2879956996.html
Food Staples & Cooking Essentials,TPS NICE,"₫ 180,000",-48%,"₫39,600",4.9,(247),COMBO TÙY CHỌN  ĐẬU PHỘNG TỎI ỚT - ĐẬU PHỘNG CỐT DỪA HIỆU SK FOOD,670 sold,https://www.lazada.vn/products/pdp-i295480829.html
Food Staples & Cooking Essentials,TPS NICE.Selection,"₫ 81,700",-23%,"₫62,800",5,(1),MÍT SẤY KHÔ GIÒN NGON ĐẶC SẢN ĐÀ LẠT HÀNG XUẤT KHẨU SK FOOD - 200G,104 sold,https://www.lazada.vn/products/pdp-i2995294223.html
Food Staples & Cooking Essentials,SIÊU THỊ ĐỒ KHÔ VŨNG TÀU,"₫ 219,000",-43%,"₫125,000",5,(36),[Chính hãng - Date 2027] KỶ TỬ ĐỎ sấy khô Goji Berreis Organic Traditions hộp 454gr của Mỹ,114 sold,https://www.lazada.vn/products/pdp-i3020619178.html
Snacks & Confectionery,Million Million,,,"₫20,000",5,(97),Kẹo Nhai 3 Viên Dynamite Chews Candy (Gói 125g),1.1K sold,https://www.lazada.vn/products/pdp-i1351594844.html
Snacks & Confectionery,Figo Chocolatier,"₫ 40,000",-7%,"₫37,040",4.5,(16),[SIÊU NGON -SOCOLA TẾT 100G] Kẹo socola sữa nhân CÀ PHÊ 100g FIGO gói quà,56 sold,https://www.lazada.vn/products/pdp-i2433860733.html
Food Staples & Cooking Essentials,CHẢLỤANGON,"₫ 85,000",-17%,"₫70,226",4.9,(1884),Chả lụa ngon nhà làm ( 500g ) không tính vỏ,4.6K sold,https://www.lazada.vn/products/pdp-i2051749069.html
Snacks & Confectionery,VIKCO MART,,,"₫31,000",5,(204),KẸO DẺO TRÁI CÂY 3D LỘT VỎ BOBO COCKO NHIỀU VỊ - [60-75GR],884 sold,https://www.lazada.vn/products/pdp-i2735877420.html
Snacks & Confectionery,Anh Đạt,"₫ 410,000",-10%,"₫100,000",5,(3),"Kẹo hạt Nougat, kẹo nougat hạnh phúc ăn kiêng ăn vặt thơm ngon healthy",16 sold,https://www.lazada.vn/products/pdp-i2638299667.html
Food Staples & Cooking Essentials,SK FOOD.Selection,"₫ 72,200",-23%,"₫55,500",5,(9),[HCM]Cơm cháy lắc khô gà giòn tan thơm ngon hiệu SK FOOD - Hũ 300g ( món ăn vặt siêu hot hiện nay),626 sold,https://www.lazada.vn/products/pdp-i2633521198.html
Food Staples & Cooking Essentials,SHOP HAIMY,"₫ 38,000",-20%,"₫30,500",4.9,(268),1 kg salt babies' fiber shingle (saline brocade)-snacks,992 sold,https://www.lazada.vn/products/pdp-i2033149868.html
Food Staples & Cooking Essentials,Đặc Sản Lạng Sơn 1611284642,"₫ 80,000",-15%,"₫14,000",5,(2),"Củ Cải Giòn Tứ Xuyên, Củ Cải Muối Trung Quốc Siêu Ngon – Túi 70g & 80g – Hàng Chuẩn",39 sold,https://www.lazada.vn/products/pdp-i2311088643.html
Snacks & Confectionery,kẹo dừa bến tre,"₫ 60,000",-5%,"₫57,000",4.9,(69),Kẹo dừa đậu phộng sầu riêng 500gram ( Thanh Long),415 sold,https://www.lazada.vn/products/pdp-i384346951.html
Snacks & Confectionery,Lanna Store,"₫ 400,000",-19%,"₫116,500",4.8,(38),【HÀNG CHUẨN MỸ MÙA 7】Kẹo thối thúi Jelly Belly Bean Boozled Mỹ hộp lớn có vòng xoay 99 gr,188 sold,https://www.lazada.vn/products/pdp-i1262777312.html
Food Staples & Cooking Essentials,TLfood hop,"₫ 85,000",-31%,"₫59,000",4.4,(14),COMBO siêu rẻ bánh tráng phơi sương muối tép hành phi bơ,45 sold,https://www.lazada.vn/products/pdp-i2659165911.html
Food Staples & Cooking Essentials,vanhuonglau,,,"₫37,000",4.9,(96),Táo Đỏ Sấy Giòn Thơm Ngon Bổ Dưỡng Túi 105g - 3 gói 35g,462 sold,https://www.lazada.vn/products/pdp-i2430637005.html
Snacks & Confectionery,Bách Hóa Giá Mềm huynhtunga,"₫ 128,000",-42%,"₫74,250",4.8,(99),Kẹo Dẻo Que Thú Ngẫu Nhiên Hủ 50 Que,315 sold,https://www.lazada.vn/products/pdp-i517740460.html
Food Staples & Cooking Essentials,VIFON OfficialStore,"₫ 238,000",-21%,"₫60,000",4.9,(713),[VOUCHER 15%] Thùng 30 gói Mì Gà Tím VIFON 75g / Gói,1.8K sold,https://www.lazada.vn/products/pdp-i251372887.html
Snacks & Confectionery,Anvy Foods 01,"₫ 135,000",-23%,"₫56,941",4.9,(80),"Mứt Chanh Dây Sấy Dẻo 500gr Thơm Ngon Ngọt Dịu, Ăn Vặt AnVy Foods",237 sold,https://www.lazada.vn/products/pdp-i2358393053.html
Milk Formula & Baby Food,TyNaMiMi,"₫ 149,000",-20%,"₫89,000",4.8,(19),Bánh ăn dặm dinh dưỡng hữu cơ Sữa Chua Trái Cây cho bé 6 tháng+,48 sold,https://www.lazada.vn/products/pdp-i2658136852.html
Food Staples & Cooking Essentials,Viettin Mart 1593072786,"₫ 178,250",-51%,"₫87,400",4.9,(269),Ba Rọi Cháy Tỏi Giòn Ngon VIETTIN MART,766 sold,https://www.lazada.vn/products/pdp-i2296130353.html
Food Staples & Cooking Essentials,CNF ChineseFood,"₫ 15,000",-45%,"₫8,300",5,(73),"Chân Gà Anna Lala Rút Xương Ăn Liền Ủ Vị Tứ Xuyên Sản Xuất Tại Việt Nam , Chân Gà AnnaLaLa",1.0K sold,https://www.lazada.vn/products/pdp-i2349138019.html
Snacks & Confectionery,Hồngcake,,,"₫65,900",5,(16),"500g,Kẹo Marshmallow ( kẹo bấc ) kẹo Nougat trắng mềm xốp , ngọt tự nhiên.",157 sold,https://www.lazada.vn/products/pdp-i1613869564.html
Food Staples & Cooking Essentials,CỬA HÀNG TỎI ĐẸP,"₫ 158,000",-55%,"₫40,500",4.8,(4),"Tỏi tím bắc loại 1 thơm ngon chọn lựa từng củ,tỏi bắc,tỏi tím,tỏi lý sơn,hành tím,hành ấn độ",5 sold,https://www.lazada.vn/products/pdp-i3161477205.html
Food Staples & Cooking Essentials,Let's Nuts,"₫ 75,000",-46%,"₫40,508",4.8,(39),"Chà là rời sấy khô Let's Nuts hộp 500g, hạt chắc, to tròn, thơm ngọt, đồ ăn vặt dành cho hội nhóm, gia đình",151 sold,https://www.lazada.vn/products/pdp-i2606896225.html
Food Staples & Cooking Essentials,TT MART 99,"₫ 111,180",-29%,"₫28,000",4.9,(12),"1kg Hạt ngò (Hạt mùi) dùng làm gia vị nấu phở, cà ri, ướp thịt, nấu nước sâm ĂN VẶT NGON",45 sold,https://www.lazada.vn/products/pdp-i2552463606.html
Food Staples & Cooking Essentials,Tân Lộc Phát Food,"₫ 278,000",-49%,"₫70,300",4.8,(132),ĐẬU PHỘNG CỐT DỪA TÂN LỘC PHÁT 1KG ĐỒ ĂN VẶT YÊU THÍCH,429 sold,https://www.lazada.vn/products/pdp-i2532986653.html
Snacks & Confectionery,ChangChang Food,"₫ 35,000",-10%,"₫29,000",4.9,(560),[ 1 bịch 100 viên] Kẹo Cafe KHÔNG ĐƯỜNG / Kẹo Ăn Kiêng / Cà Phê/ Cà Phê Sữa,2.1K sold,https://www.lazada.vn/products/pdp-i2472597961.html
Food Staples & Cooking Essentials,Paco Food,"₫ 80,000",-44%,"₫45,000",4.9,(312),Mini combo of 440g fried onion salt spray coated roll 200g with 2 bags of super fatty butter flavor Paco food 100g bracelet,1.2K sold,https://www.lazada.vn/products/pdp-i2098358938.html
Snacks & Confectionery,Viettin Mart 1593072786,"₫ 153,180",-52%,"₫72,800",4.8,(170),250G Rong Biển Cháy Tỏi | Viettinmarrt,875 sold,https://www.lazada.vn/products/pdp-i1847365363.html
Snacks & Confectionery,Anvy Foods 01,"₫ 50,000",-15%,"₫42,706",5,(105),"Mix Trái Cây Sấy Dẻo thích hợp ăn kiêng, healthy, Ăn Vặt AnVyFood",344 sold,https://www.lazada.vn/products/pdp-i2358289638.html
Food Staples & Cooking Essentials,TÔM KHÔ THÀNH CHINH CÀ MAU,"₫ 325,000",-6%,"₫305,000",5,(10),Tôm Bạc Đất Chính Gốc Tại Thành Chinh Cà Mau Thích Hợp Ăn Sống Hoặc Chế Biến Các Món Ngon,18 sold,https://www.lazada.vn/products/pdp-i2730439894.html
Snacks & Confectionery,Ăn Vặt Cô Nương Béo,"₫ 205,000",-49%,"₫105,000",4.8,(349),Kẹo Nga  Socola Hạnh Nhân Krokaht tím gói 500g - Bánh kẹo Tết,1.5K sold,https://www.lazada.vn/products/pdp-i1580260691.html
Snacks & Confectionery,Thực Phẩm Thủ Đức,,,"₫54,000",4.9,(501),500gr Kẹo dẻo chip chip hương trái cây,2.4K sold,https://www.lazada.vn/products/pdp-i1242757464.html
Snacks & Confectionery,shop_anhthu,"₫ 18,000",-33%,"₫12,000",5,(1),kẹo dâu tây gói 200g,16 sold,https://www.lazada.vn/products/pdp-i1609902002.html
Snacks & Confectionery,Tạp hóa Bảo An,"₫ 148,000",-50%,"₫49,500",,,[ Hương vị mới ] Combo 500g Bánh mochi Socola kèm đậu phộng siêu phẩm mới nhìn siêu xinh ăn cực ngon cựa đã,6 sold,https://www.lazada.vn/products/pdp-i2199741725.html
Snacks & Confectionery,[ForeignConfectionery],,,"₫55,000",5,(3),"Kẹo dẻo Haribo 175g,100g",21 sold,https://www.lazada.vn/products/pdp-i3079114641.html
Pet Food,HELLOPETCITY,"₫ 60,000",-20%,"₫48,000",,,Thịt Gà Xé Mềm Cho Chó-Gói 100g,,https://www.lazada.vn/products/pdp-i3059819101.html
Pet Food,Gò Công PetShop,"₫ 63,000",-33%,"₫42,000",,,"Phô mai viên sấy thăng hoa cho chó mèo hamster, thơm ngon béo gậy giúp tăng cân tăng nọng chắc xương",,https://www.lazada.vn/products/pdp-i3184716560.html
Pet Food,Sumiho Pet Store,"₫ 129,000",-23%,"₫99,000",5,(176),Bone Appétit by Sumiho (Jumbo bag 300gr),708 sold,https://www.lazada.vn/products/pdp-i2484673846.html
Snacks & Confectionery,Min Food88 _ Store,"₫ 69,000",-14%,"₫59,000",5,(4),Cake mochi Taiwan 210g-taste tea green/red bean/Black Sesame/Taro/peanut/pearl milk tea-Japanese mochi qidea,48 sold,https://www.lazada.vn/products/pdp-i2182499562.html
Snacks & Confectionery,,,,"₫112,000",,,Socola Trái Banh,75 sold,https://www.lazada.vn/products/pdp-i2044925328.html
Snacks & Confectionery,,,,"₫23,000",,,Kẹo Dẻo Trái Cây Bóc Vỏ Nhiều Vị Gói 60g - BeeGin Food Store,237 sold,https://www.lazada.vn/products/pdp-i2659463718.html
Pet Food,,,,"₫69,999",,,Hộp thịt sấy LISHI hỗn hợp 11 vị thức ăn đông khô sấy lạnh cho thú cưng chó mèo,369 sold,https://www.lazada.vn/products/pdp-i2369367379.html
Snacks & Confectionery,,,,"₫40,900",,,Đậu Hà Lan Sấy Giòn 500g Viettin Mart,2.0K sold,https://www.lazada.vn/products/pdp-i1973333669.html
Food Staples & Cooking Essentials,,,,"₫30,100",,,"Sườn Non Chay , sườn chay Khô Ngon Loại 1 Làng Me , chế biến món chay ngon ( gói 200 gr ) , Hàng công ty không chất bảo quản , không biến đổi Gen",795 sold,https://www.lazada.vn/products/pdp-i2604210465.html
Pet Food,,,,"₫25,999",,,Thức Ăn Cho Mèo - Đồ Ăn Hạt Khô Me-O Adult 350gr,,https://www.lazada.vn/products/pdp-i2377492537.html
Snacks & Confectionery,,,,"₫31,999",,,Kẹo dẻo sữa mềm Milk Soft Candy 300gr & 320gr,1.2K sold,https://www.lazada.vn/products/pdp-i1583379081.html
Snacks & Confectionery,Anh Đạt,"₫ 85,000",-29%,"₫60,000",4.9,(128),Kẹo marshmallow trắng Erko 500g / kẹo bấc / kẹo bông gòn,1.1K sold,https://www.lazada.vn/products/pdp-i1125800360.html
Snacks & Confectionery,BillShop8,,,"₫130,000",,,SOCOLA MEIJI HỘP 26 THANH NỘI ĐỊA NHẬT,6 sold,https://www.lazada.vn/products/pdp-i3168757168.html
Snacks & Confectionery,HOUSE SNACK,"₫ 75,000",-3%,"₫72,963",5,(16),Combo 2kg ( thạch rau câu hương trái cây JOJO ăn vặt thạch rau câu cho bé,50 sold,https://www.lazada.vn/products/pdp-i2429877716.html
Food Staples & Cooking Essentials,EAT WITH UNCEL THONG,,,"₫79,000",5,(2),Ăn Vặt Ngon - 💥💥💥DA HEO QUAY ĐẶC BIỆT💥💥💥 TÚI 250GR,5 sold,https://www.lazada.vn/products/pdp-i3088982514.html
Snacks & Confectionery,Phukiensaleoff,"₫ 81,300",-47%,"₫43,000",4.8,(99),10 BỊCh BÁNH TRÁNG PHƠI SƯƠNG MUỐI TỎI,440 sold,https://www.lazada.vn/products/pdp-i919468942.html
Food Staples & Cooking Essentials,SK FOOD.Selection,"₫ 96,600",-23%,"₫74,300",4.8,(169),KHÔ BÒ MIẾNG MỀM CAY SK FOOD CAO CẤP (100% THỊT BÒ KHÔ) HŨ 100G,4.7K sold,https://www.lazada.vn/products/pdp-i2598025926.html
Snacks & Confectionery,Ăn vặt Bé Byy,"₫ 79,000",-16%,"₫25,000",5,(18),500G Kẹo Bông Gòn Marshmallow Mix,69 sold,https://www.lazada.vn/products/pdp-i2467906525.html
Snacks & Confectionery,Ăn Vặt Linh Foods,"₫ 49,000",-12%,"₫43,000",4.9,(63),Kẹo Me Tắc Cay 500Gr [HÌNH THẬT ]  ĐƠN TỪ 50K,219 sold,https://www.lazada.vn/products/pdp-i2089397786.html
Snacks & Confectionery,Cam My flower tea,,,"₫35,000",,,100g nougat candy,,https://www.lazada.vn/products/pdp-i3159600777.html
Food Staples & Cooking Essentials,SG Foods.Selection,"₫ 32,700",-29%,"₫23,300",5,(184),Cháo tươi tổ yến thịt thăn bí đỏ  SG Food 240g,3.1K sold,https://www.lazada.vn/products/pdp-i3069635433.html
Snacks & Confectionery,Lanna Store,"₫ 70,000",-39%,"₫42,500",5,(246),[HCM]Kẹo Sữa Bò Milk siêu ngon gói 250g - Mông Cổ,1.2K sold,https://www.lazada.vn/products/pdp-i1304875983.html
Food Staples & Cooking Essentials,Tân Lộc Phát Food.Selection,"₫ 47,200",-29%,"₫33,700",5,(1),CƠM SẤY SIÊU CHÀ BÔNG TÂN LỘC PHÁT - BỊCH 130G,,https://www.lazada.vn/products/pdp-i3112035397.html
Bakery & Breakfast,Ms. Hội An® Natural Products,"₫ 119,000",-13%,"₫103,000",5,(57),"WayOf | No Sugar | Premium Cashew Chocolate Butter – All-Natural, Creamy & Rich Spread | Healthy Snack | Chocolate spread",159 sold,https://www.lazada.vn/products/pdp-i2646774376.html
Snacks & Confectionery,BEEGIN FOOD SHOP,"₫ 131,000",-31%,"₫90,080",4.9,(263),Thùng 1kg Bánh Mochi Tròn Mix 4 Vị Hai Cô Gái  - BeeGin Food Shop,673 sold,https://www.lazada.vn/products/pdp-i2420308826.html
Milk Formula & Baby Food,HaoBabyvn,"₫ 70,000",-34%,"₫46,000",5,(5),Bánh Tohato Nhật Bản Pikachu Doraemon Shin Cho Bé Ăn Dặm,74 sold,https://www.lazada.vn/products/pdp-i2614523369.html
Snacks & Confectionery,Kẹo Dẻo Đức - Ăn Vặt Panda Pẻn,"₫ 40,000",-15%,"₫34,000",5,(57),"(100g) Kẹo Dẻo Chip Chip Đức [ đi đơn từ 300g ] Ăn Vặt Panda Pẻn, Hương Vị Trái Cây Tự Nhiên Không Chảy Nước (Gửi đơn từ 300gr)",188 sold,https://www.lazada.vn/products/pdp-i2640618128.html
Snacks & Confectionery,Bảo Ngọc Đỗ,"₫ 35,000",-29%,"₫25,000",5,(4),NABATI NEXTAR SỐT SOCOLA SIÊU NGON - Hộp 8cái,9 sold,https://www.lazada.vn/products/pdp-i1461145630.html
Food Staples & Cooking Essentials,shop mẹ binbon,"₫ 75,000",-27%,"₫55,000",4.8,(142),set ăn vặt cổng trường 25 gói cay cay - ăn vặt cổng trường,872 sold,https://www.lazada.vn/products/pdp-i1992715348.html
Snacks & Confectionery,YUM's FOOD,"₫ 59,000",-34%,"₫38,990",5,(42),Socola Đen Nguyên Chất 100% Không Đường Ăn Kiêng Hộp 120g Yikanong,213 sold,https://www.lazada.vn/products/pdp-i2611748506.html
Bakery & Breakfast,MuaSam Nhanh,"₫ 289,000",-15%,"₫130,000",4.3,(6),2kg carton mix Taiwan cake with full flavor-super delicious snacks-Haimy shop bought Sam fast,37 sold,https://www.lazada.vn/products/pdp-i2621672899.html
Food Staples & Cooking Essentials,China food,"₫ 80,000",-48%,"₫42,000",4.9,(130),COMBO 70G X 4 THANH QUE CAY ĂN VẶT TRUNG QUỐC MÓN ĂN NGON Ở CỔNG TRƯỜNG,666 sold,https://www.lazada.vn/products/pdp-i1717633937.html
Snacks & Confectionery,BH Minh Ngọc,"₫ 60,000",-18%,"₫49,000",5,(43),1kg kẹo thạch rau câu Zai Zai Đức Hạnh - Ăn vặt,219 sold,https://www.lazada.vn/products/pdp-i1350134513.html
Snacks & Confectionery,Figo Chocolatier,"₫ 60,000",-7%,"₫55,560",5,(22),"[ĂN LÀ GHIỀN-COMBO 5 BAR 20G] Kẹo socola sữa Hạnh nhân, Hạt điều, Dừa, Hạt cacao 20g FIGO, đồ ăn vặt siêu ngon văn phòng",327 sold,https://www.lazada.vn/products/pdp-i1427942199.html
Snacks & Confectionery,Chokollis store,,,"₫70,000",4.9,(181),Socola đen GanaFarm túi 250g|| 500g|| 1kg,634 sold,https://www.lazada.vn/products/pdp-i1488740958.html
Snacks & Confectionery,Sỉ Le Hàng Tiêu Dùng 1608966196,"₫ 20,000",-40%,"₫33,999",,,"Kẹo Dẻo Hình Burger Oki Oki Kẹo Dẻo Trái Cây, Kẹo Dẻo Hamberger - 40gr & 120gr",,https://www.lazada.vn/products/pdp-i3164503228.html
Snacks & Confectionery,Tạp Hoá HULA,"₫ 7,900",-39%,"₫4,799",4.9,(11),Kẹo Dẻo Trái Cây ORION Đủ 5 Vị (Gói 25g) - Kẹo Dẻo BOOM Jelly,150 sold,https://www.lazada.vn/products/pdp-i2581226399.html
Snacks & Confectionery,Ăn vặt store TD,,,"₫10,000",4.7,(41),100gr Kẹo dẻo trái cây Đà Lạt,162 sold,https://www.lazada.vn/products/pdp-i519996843.html
Snacks & Confectionery,shop9890,"₫ 40,000",-18%,"₫33,000",4.8,(1022),[HCM]1kg/ 500g mứt kẹt dâu tây dâu tằm,4.2K sold,https://www.lazada.vn/products/pdp-i978284598.html
Snacks & Confectionery,Jinshu Shop,"₫ 27,500",-7%,"₫25,500",4.8,(10),BỊCH 180G CÓ 6 CÁI BÁNH MOCHI TRỨNG MUỐI NHẬT BẢN🇯🇵.DATE MỚI 9 THÁNG KỂ TỪ NGÀY SẢN XUẤT.,21 sold,https://www.lazada.vn/products/pdp-i2602621885.html
Pet Food,MarketPetshop,"₫ 53,600",-46%,"₫21,200",5,(13),BÁNH THƯỞNG CAO CẤP ĐẮT CHO CHÓ 100GR,37 sold,https://www.lazada.vn/products/pdp-i2344826316.html
Snacks & Confectionery,THỰC PHẨM SẠCH 3 MIỀN - ĐỒ ĂN VẶT.Selection,"₫ 61,100",-23%,"₫47,000",4.8,(49),500G đậu phộng nước cốt dừa thơm ngon đậm đà hương vị TPS,277 sold,https://www.lazada.vn/products/pdp-i2603810971.html
Food Staples & Cooking Essentials,Viettin Mart 1593072786,"₫ 96,600",-28%,"₫69,200",4.8,(806),0.5KG NHO KHÔ VÀNG ẤN ĐỘ LOẠI 1 (không đường),4.0K sold,https://www.lazada.vn/products/pdp-i874054768.html
Snacks & Confectionery,duongngoctam7070,"₫ 120,000",-38%,"₫74,000",4.8,(102),Kẹo Dẻo Tròn Xiên Que,530 sold,https://www.lazada.vn/products/pdp-i749888544.html
Food Staples & Cooking Essentials,shop9890,"₫ 100,000",-27%,"₫73,000",4.9,(3341),[HCM]1kg đậu phộng da cá cốt dừa,10.2K sold,https://www.lazada.vn/products/pdp-i293762627.html
Snacks & Confectionery,Anvy Foods 01,"₫ 49,000",-5%,"₫46,502",5,(37),"Kẹo Dẻo Cá Sấu / Kẹo Dẻo Thú Vị Trái Cây -Hũ 300gr -THƠM DẺO, NGỌT NHẸ",140 sold,https://www.lazada.vn/products/pdp-i2358402030.html
Food Staples & Cooking Essentials,Bách Hóa Cổ Đông N01,"₫ 120,000",-40%,"₫72,000",5,(109),DẦU ĂN SIMPLY /SIMPLY GẠO LỨT HÀNG CHUẨN DATE MỚI 1 LÍT,572 sold,https://www.lazada.vn/products/pdp-i1519765988.html
Snacks & Confectionery,shop_anhthu,,,"₫55,000",4.7,(60),500g kẹo chip chip mix vị hương hoa quả thơm ngon,344 sold,https://www.lazada.vn/products/pdp-i2245089052.html
Pet Food,YaYa.petshop,"₫ 33,000",-49%,"₫16,900",,Reviews,"Cheese Reward Cake to Supplement Nutrition for Pets (100Gr), Goat Milk Calcium Tablets for Dogs and Cats",,https://www.lazada.vn/products/pdp-i3177635010.html
Food Staples & Cooking Essentials,SK FOOD.Selection,"₫ 117,400",-23%,"₫90,300",5,(49),[HCM]Lạp Xưởng Tôm Đặc Sản Sóc Trăng - Bịch 500G,617 sold,https://www.lazada.vn/products/pdp-i2633518204.html
Pet Food,Mozzi PetShop VN,"₫ 57,000",-13%,"₫43,000",5,(3),Snack cho chó Ăn vặt dạng mềm Prama gói 70gr Thái Lan,154 sold,https://www.lazada.vn/products/pdp-i2213886189.html
Snacks & Confectionery,Anvy Foods 01,"₫ 45,000",-5%,"₫42,706",4.9,(54),500gr Kẹo Me Cay Thơm Ngon - ĐẶC SẢN ĐÀ LẠT -FREESHIP ĐƠN TỪ 50K,200 sold,https://www.lazada.vn/products/pdp-i2358168773.html
Food Staples & Cooking Essentials,Tân Lộc Phát Food.Selection,"₫ 58,000",-23%,"₫44,600",5,(17),KHOAI TÂY PHÔ MAI TÂN LỘC PHÁT FOOD | BỊCH 500G,208 sold,https://www.lazada.vn/products/pdp-i2866562045.html
Snacks & Confectionery,pdgroup.Selection,"₫ 40,200",-29%,"₫28,700",4.9,(125),Oreo thanh 120gr bánh quy kem lạnh đủ vị vani socola dâu việt quất,408 sold,https://www.lazada.vn/products/pdp-i2674694100.html
Pet Food,RotunPet,"₫ 65,600",-27%,"₫48,000",,Reviews,"Bánh thưởng cho chó LUSCIOUS 220g, snack cho chó đóng hộp",5 sold,https://www.lazada.vn/products/pdp-i2320835177.html
Snacks & Confectionery,doanvatgiasi,"₫ 25,000",-12%,"₫79,000",5,(31),Kẹo me Thái sấy cay Trường Xương siêu ngon 200g/500g/1Kg_Doanvatgiasi,137 sold,https://www.lazada.vn/products/pdp-i1628800294.html
Food Staples & Cooking Essentials,Hatdinhduongnhapkhau MinhAnh,"₫ 135,000",-9%,"₫123,500",4.8,(25),Túi 1kg hạt chia Organic Úc loại 1,94 sold,https://www.lazada.vn/products/pdp-i1851367580.html
Pet Food,Pet Boss 95,"₫ 37,400",-45%,"₫20,600",4.9,(48),"BÁNH SANDWICH VỊ SỮA DÊ LÒNG ĐỎ TRỨNG GÓI 100GR, BÁNH THƯỞNG CHO CHÓ",441 sold,https://www.lazada.vn/products/pdp-i2294255707.html
Snacks & Confectionery,Viettin Mart 1593072786,"₫ 165,600",-51%,"₫43,500",5,(288),KẸO THẠCH ZAI ZAI (DÀI) | ViettinMart,940 sold,https://www.lazada.vn/products/pdp-i2242207157.html
Food Staples & Cooking Essentials,Tân Lộc Phát Food.Selection,"₫ 37,700",-29%,"₫26,900",5,(1),CHÀ BÔNG GÀ TÂN LỘC PHÁT - BỊCH 100G,,https://www.lazada.vn/products/pdp-i3113128688.html
Snacks & Confectionery,SK FOOD.Selection,"₫ 91,000",-23%,"₫70,000",4.9,(975),Hạt điều sấy nguyên chất không gia vị tốt cho sức khỏe  220g SK FOOD,3.0K sold,https://www.lazada.vn/products/pdp-i2428067559.html
Pet Food,Vu Tru Thu Cung,"₫ 70,000",-44%,"₫39,000",5,(21),Bánh thưởng mềm dạng thanh Dẻo cho Chó Jerky Chews 70g (Gà mix Rau củ),108 sold,https://www.lazada.vn/products/pdp-i2282980034.html
Pet Food,Paddy Pet Shop,"₫ 45,000",-16%,"₫38,000",5,(171),Snack Cho Chó Thịt Sấy Cứng Natural Core,1.2K sold,https://www.lazada.vn/products/pdp-i2372610870.html
Food Staples & Cooking Essentials,Củ quả sấy giá rẻ,"₫ 45,000",-41%,"₫26,605",4.9,(342),"300g Mít Thái Sấy Hàng B (Cánh nhỏ và bể đôi), 100% thành phần thiên nhiên, thơm ngọt, không hóa chất, phẩm màu, đảm bảo vệ sinh an toàn thực phẩm",2.0K sold,https://www.lazada.vn/products/pdp-i1864395270.html
Food Staples & Cooking Essentials,Jinshu Shop,"₫ 18,500",-11%,"₫16,500",5,(12),BỊCH 150G BỘT BẮP TAKY FOOD. DATE MỚI 12 THÁNG,28 sold,https://www.lazada.vn/products/pdp-i2600330085.html
Pet Food,MarketPetshop,"₫ 44,300",-46%,"₫17,200",4.9,(43),BÁNH THƯỞNG CAO CẤP CHO CHÓ MÈO NHÌU MÙI VỊ GÓI 100G,283 sold,https://www.lazada.vn/products/pdp-i1568927161.html
Snacks & Confectionery,SuSuTo Shop,"₫ 95,000",-18%,"₫37,027",4.9,(428),1kg đậu phộng da cá nước cốt dừa ( túi zip ) hợp vệ sinh đồ ăn vặt giòn xốp béo thơm tuyệt vời Susuto Shop,1.4K sold,https://www.lazada.vn/products/pdp-i1862495594.html
Snacks & Confectionery,BH Thiên Ân,,,"₫33,000",5,(11),Chocolate Hershey's Kisses gói 36g (3 vị ),63 sold,https://www.lazada.vn/products/pdp-i3061468760.html
Snacks & Confectionery,Figo Chocolatier,"₫ 15,000",-4%,"₫14,415",4.9,(180),"[ĂN LÀ NGHIỆN-HỘP 20G VỊ NGẪU NHIÊN ] Kẹo socola sữa siêu ngon 20g Figo, đồ ăn vặt văn phòng siêu nghiện",1.4K sold,https://www.lazada.vn/products/pdp-i1641397448.html
Snacks & Confectionery,ChocolateFigo.Bột Cacao Hà Nội,"₫ 15,000",-17%,"₫12,500",3.5,(4),"Milk Chocolate Mứt Matcha Hộp 20gr/ 50gr FIGO, Socola nhân Mứt Dâu tan chảy, Đồ ăn vặt siêu ngon, chất lượng, ĂN LÀ NGHIỀN",9 sold,https://www.lazada.vn/products/pdp-i3060557488.html
Snacks & Confectionery,Cửa Hàng Đồ Mỹ TPT,,,"₫79,000",5,(5),Socola mỹ Hershey's Nuggets Creamy  Milk Toffee Almonds special dark chocolate 10 viên- Made in USA,38 sold,https://www.lazada.vn/products/pdp-i2102813472.html
Snacks & Confectionery,NÔNG SẢN VIỆT STORE,"₫ 50,000",-40%,"₫30,000",4.9,(110),Kẹo Dừa Sakura Nhật Bản Gói 500gr Giòn Béo Siêu Ngon,436 sold,https://www.lazada.vn/products/pdp-i2628578812.html
Pet Food,ShopPetAz,,,"₫19,860",4.7,(6),"[Gói 6 thanh] QUE CỎ MÈO VỊ GÀ LÀM SẠCH RĂNG VÀ TIÊU BÚI LÔNG CHO MÈO, THANH CATNIP CỎ MÈO BẠC HÀ CHO MÈO ĐỒ ĂN VẶT KHÔ",45 sold,https://www.lazada.vn/products/pdp-i2618041347.html
Snacks & Confectionery,Đồ Ăn Vặt Sỉ Lẻ,"₫ 512,000",-46%,"₫148,000",4.7,(3),[ Hàng mới ] Combo 1000g Socola Dubai nhân sợi/ sô cô la hạt dẻ cười/ Hạt phỉ/ sữa dừa Dubai thơm ngon cực đã,11 sold,https://www.lazada.vn/products/pdp-i2997095591.html
Snacks & Confectionery,Figo Chocolatier,"₫ 58,000",-4%,"₫55,738",4.5,(28),"[VỊ ĐẮNG ÍT ĐƯỜNG-HỘP 50G] Kẹo socola đắng 90% cacao ít đường FIGO, đồ ăn vặt giảm cân, keto, ăn kiêng",159 sold,https://www.lazada.vn/products/pdp-i1422864609.html
Milk Formula & Baby Food,Babyyum store,"₫ 60,000",-47%,"₫32,000",4.9,(529),Japanese baby Tokyo instant noodle-Tokyo noodle,4.5K sold,https://www.lazada.vn/products/pdp-i1132130082.html
Snacks & Confectionery,Bánh tráng Bảo Ngọc,,,"₫30,000",5,(1),combo 10 Túi bánh tráng phơi sương mini kèm muối tôm sặc ngon,5 sold,https://www.lazada.vn/products/pdp-i3057396553.html
Snacks & Confectionery,Trinh Nguyễn Shop 1587555096,"₫ 39,000",-52%,"₫18,772",4.9,(490),Lốc 10 bịch Bánh bim bim   Snack Oishi® loại 12g ( 1 lốc 1 vị giao ngẫu nhiên),2.1K sold,https://www.lazada.vn/products/pdp-i1646198830.html
Snacks & Confectionery,Bách Hóa Online x FennikVN.Selection,"₫ 40,600",-29%,"₫29,000",4.9,(201),Bánh Gạo Cuộn Want Want Vị Phô Mai và Trứng Muối - Gói 170g,1.4K sold,https://www.lazada.vn/products/pdp-i3077297113.html
Snacks & Confectionery,Viettin Mart 1593072786,"₫ 86,250",-50%,"₫43,500",5,(24),Đậu Gà Sấy Giòn VietTin Mart,89 sold,https://www.lazada.vn/products/pdp-i2864799354.html
Snacks & Confectionery,SK FOOD.Selection,"₫ 72,200",-23%,"₫55,500",4.9,(647),500g nho mix 3 màu chất lượng nhập khẩu cao cấp SK FOOD,2.0K sold,https://www.lazada.vn/products/pdp-i2419469796.html
Snacks & Confectionery,Million Million,,,"₫40,000",5,(45),Kẹo Dẻo Con Mắt Ruby&Ben Marshmallows Candy (Gói 230g),307 sold,https://www.lazada.vn/products/pdp-i1352793012.html
Snacks & Confectionery,SK FOOD.Selection,"₫ 70,200",-23%,"₫54,000",5,(286),Nhân bí xanh ăn liền hoặc chế biến tùy sở thích 250g SK FOOD,938 sold,https://www.lazada.vn/products/pdp-i2436025106.html
Food Staples & Cooking Essentials,Vựa Khô Minh Triết,"₫ 59,000",-54%,"₫90,000",4.8,(1644),1 kg Ức Bụng Mỡ Khô Cá Dứa Cắt Sợi Siêu Béo Mỡ Nhiều- Vựa Khô Minh Triết,4.8K sold,https://www.lazada.vn/products/pdp-i1767212001.html
Snacks & Confectionery,KEM AICE-HADILAO,,,"₫7,200",5,(74),KEM MOCHI VANI,1.5K sold,https://www.lazada.vn/products/pdp-i2042356127.html
Snacks & Confectionery,Âu Châu,"₫ 50,000",-8%,"₫46,000",4.8,(104),Bánh mochi Đài Loan kem lạnh Royal Family sweet dẻo ngon đủ 7 vị 120g 9 bánh - ÂU CHÂU SHOP,613 sold,https://www.lazada.vn/products/pdp-i266174630.html
Pet Food,Meotrenmayq12,"₫ 6,000",-17%,"₫4,999",4.9,(27),"Bánh thịt sấy chân mèo mix rau củ dinh dưỡng cho chó mèo hamster, thịt sấy cho chó mèo tăng nọng gói 4,5gr",339 sold,https://www.lazada.vn/products/pdp-i2731281608.html
Food Staples & Cooking Essentials,ChengMei food.Selection,"₫ 28,600",-29%,"₫73,700",4.9,(295),Bánh Socola Nabati Nextar Hộp (8 bánh) - Indonesia,1.6K sold,https://www.lazada.vn/products/pdp-i2715332168.html
Milk Formula & Baby Food,Shop Sơn Thúy,,,"₫55,000",5,(14),Bánh Gạo Ăn Dặm Happy Bites cho bé 3 loại [ Táo / Vệt Quất / Chuối ] ( 50gr ) 🔥Đặt biệt { combo 3 Vị 150k }🔥,57 sold,https://www.lazada.vn/products/pdp-i2014268719.html
Snacks & Confectionery,Nông Lâm Food Store.Selection,"₫ 42,000",-29%,"₫30,000",5,(7),Thơm muối ớt sấy dẻo Nonglamfood 75g | Ăn vặt tốt cho sức khỏe | Healthy Snack,33 sold,https://www.lazada.vn/products/pdp-i3094340466.html
Food Staples & Cooking Essentials,THỰC PHẨM SẠCH 3 MIỀN - ĐỒ ĂN VẶT.Selection,"₫ 81,700",-23%,"₫62,800",,,[HCM] khô bò sợi Dài loại ngon TPS,65 sold,https://www.lazada.vn/products/pdp-i2994854242.html
Pet Food,Pet Boss 95,"₫ 34,000",-45%,"₫18,700",4.9,(250),"BÁNH THƯỞNG CAO CẤP CHO CHÓ GẶM SẠCH RĂNG GÓI 100GRAM, SNACK CHO CHÓ",2.6K sold,https://www.lazada.vn/products/pdp-i1289766860.html
Bakery & Breakfast,Ms. Hội An® Natural Products,"₫ 228,000",-22%,"₫178,000",5,(30),"1kg/3kg/5kg | WayOf | Natural Peanut Butter – No Salt, No Sugar, No Oils",84 sold,https://www.lazada.vn/products/pdp-i2957243906.html
Pet Food,PET SHOP PRO,"₫ 78,000",-16%,"₫65,400",5,(172),Combo 3 Gói Thức ăn hạt cho Chó trưởng thành PRO-DOG ADULT Gói 400g Xuất xứ Pro-Pet Việt Nam Dinh dưỡng hoàn chỉnh cho Chó - Pet shop Uytinpro,656 sold,https://www.lazada.vn/products/pdp-i1729906030.html
Food Staples & Cooking Essentials,Củ quả sấy giá rẻ,"₫ 14,000",-6%,"₫13,200",4.9,(2694),200g Mít Sấy Loại Bể 100% thành phần thiên nhiên thơm ngọt không hóa chất phẩm màu đảm bảo vệ sinh an toàn thực phẩm,15.5K sold,https://www.lazada.vn/products/pdp-i1760994989.html
Snacks & Confectionery,HẠT ĐÁC TƯƠI,"₫ 73,000",-11%,"₫65,000",4.9,(660),Hạt đác tươi Khánh Hoà Hột đác tươi loại mềm dẻo chuẩn rim nấu chè làm topping trà,1.9K sold,https://www.lazada.vn/products/pdp-i2591562352.html
Snacks & Confectionery,Chokollis store,,,"₫70,000",5,(45),Socola trắng GanaFarm túi 250g || 500g || 1kg,227 sold,https://www.lazada.vn/products/pdp-i1488909444.html
Food Staples & Cooking Essentials,SK FOOD.Selection,"₫ 66,000",-23%,"₫50,700",5,(17),200g Khô gà lá chanh loại ngon hàng chất lượng ăn vặt siêu ngon hiệu SK FOOD TÚI ZIP,81 sold,https://www.lazada.vn/products/pdp-i2598186489.html
Snacks & Confectionery,Paco Food,"₫ 20,000",-5%,"₫19,000",5,(12),"1 lốc kẹo singum thổi cao su bub up lotte hương trái cây gồm 24 tép đủ vị dâu cam nho/cola dừa xoài soda dưa lưới vỉ 76,8g",122 sold,https://www.lazada.vn/products/pdp-i1832208294.html
Pet Food,PET SHOP AK,"₫ 80,000",-38%,"₫50,000",5,(7),"[Hạt Captain 2.5kg Túi thử 500g/1kg-Giá Tốt] Hạt thức ăn cho chó Captain trộn bò,phô mai,cá hồi(đặc biệt cho chó KÉN ĂN)",26 sold,https://www.lazada.vn/products/pdp-i2810462399.html
Food Staples & Cooking Essentials,THỰC PHẨM SẠCH 3 MIỀN - ĐỒ ĂN VẶT.Selection,"₫ 129,000",-23%,"₫99,200",,,[Loại 1 cao cấp] Khô bò sợi dài to hương vị đậm đà thơm ngon TPS ăn vặt nhâm nhi đều phù hợp,,https://www.lazada.vn/products/pdp-i2994963084.html
Food Staples & Cooking Essentials,THỰC PHẨM SẠCH 3 MIỀN - ĐỒ ĂN VẶT.Selection,"₫ 223,600",-23%,"₫172,000",5,(2),[HCM][COMBO 2 HŨ] KHÔ BÒ MỀM SIÊU CAY ĐẶC BIỆT THƠM NGON MỖI HŨ 250G -  ĂN VẶT CHẤT LƯỢNG,6 sold,https://www.lazada.vn/products/pdp-i2994682401.html
Snacks & Confectionery,Nông Lâm Food Store.Selection,"₫ 29,400",-29%,"₫21,000",5,(1),Hạt điều tỏi ớt Nonglamfood 45g | Premium chili-garlic cashews,30 sold,https://www.lazada.vn/products/pdp-i3094347523.html
Snacks & Confectionery,SHOP DIEU CHI,"₫ 60,000",-15%,"₫51,000",5,(94),KẸO DẺO BOOM JELLY HƯƠNG TRÁI CÂY (25gr x 10 Gói) DÂU/NHO/ĐÀO/CHANH DÂY,389 sold,https://www.lazada.vn/products/pdp-i2452643299.html
Snacks & Confectionery,ĂN VẶT THỊ BỐNG,"₫ 5,400",-50%,"₫4,500",4.8,(308),[ Đồ Ăn Vặt Ngon Rẻ 1k ] Đồ Ăn Vặt Giá Rẻ Snack Hương Bò Thơm Cay Tăm Cay Đen Chân Vịt Cay Tứ Xuyên Đùi Gà  Cánh Gà Nội Địa Trung Đồ Aưn Vặt Tuổi Thơ,8.0K sold,https://www.lazada.vn/products/pdp-i2024913060.html
Food Staples & Cooking Essentials,THỰC PHẨM SẠCH 3 MIỀN - ĐỒ ĂN VẶT.Selection,"₫ 81,700",-23%,"₫62,800",5,(1),Khô bò sợi thơm ngon - Hũ 300g dùng trộn gỏi hoặc ăn vặt nhâm nhi rất ngon TPS,18 sold,https://www.lazada.vn/products/pdp-i2994696335.html
Kitchen Appliances,FmzWuP.Selection,"₫ 63,700",-23%,"₫49,000",4.8,(1956),"Máy Xay Tỏi Ớt Đa Năng Cầm Tay 250ML – Xay Thịt, Xay Rau Củ, Xay Đồ Ăn Dặm Cho Bé – Dùng Điện Tiện Lợi",13.4K sold,https://www.lazada.vn/products/pdp-i3039075700.html
Tableware,KRcOX8.Selection,"₫ 43,600",-29%,"₫9,900",5,(731),Đồ ăn vặt lúa mì lấy từ đĩa children's Dinner set Bowl Lunch box Baby Cartoon Grid Rice Plate Cartoon Baby Tray,2.3K sold,https://www.lazada.vn/products/pdp-i2537320594.html
Snacks & Confectionery,Feastables Store VN,"₫ 125,000",-5%,"₫118,875",4.9,(57),[Genuine] Feastables Mrbeast Chocolate Candy New Version |   Full Flavor Bar 60g,310 sold,https://www.lazada.vn/products/pdp-i2946614879.html
Snacks & Confectionery,Figo Chocolatier,"₫ 15,000",-20%,"₫12,000",4.8,(507),"[ĂN LÀ NGHIỆN-HỘP 20G] Kẹo socola sữa không nhân 20g FIGO, đồ ăn vặt văn phòng siêu ngon",12.4K sold,https://www.lazada.vn/products/pdp-i1428765926.html
Food Staples & Cooking Essentials,Let's Nuts,"₫ 129,000",-34%,"₫45,227",4.9,(828),"Táo đỏ Tân Cương túi 1kg, đồ ăn vặt nhà Let's Nuts, quả chắc, dẻo, mềm, ngọt, túi zip hợp vệ sinh",2.6K sold,https://www.lazada.vn/products/pdp-i2602539016.html
Food Staples & Cooking Essentials,Foody.Taiwan,,,"₫5,990",4.8,(342),COMBO Đồ Ăn Vặt Tuổi Thơ Thần Thánh Siêu Ngon - Bimbim - Que Cay - Mỳ Tôm - Foody.Taiwan,7.4K sold,https://www.lazada.vn/products/pdp-i1475041397.html
Snacks & Confectionery,Figo Chocolatier,"₫ 20,000",-4%,"₫19,220",4.9,(111),"[ĂN LÀ NGHIỆN-BAR 50G] Kẹo socola sữa nhân Nho Khô 50g FiGO, đồ ăn vặt văn phòng gây nghiện",937 sold,https://www.lazada.vn/products/pdp-i1428106518.html
Snacks & Confectionery,Figo Chocolatier,"₫ 20,000",-7%,"₫18,520",4.9,(34),"[SIÊU NGON-BAR 50G] Kẹo socola sữa gây nghiện Hạt cacao 50g FIGO, đồ ăn vặt văn phòng siêu ngon",448 sold,https://www.lazada.vn/products/pdp-i1424813678.html
Snacks & Confectionery,Figo Chocolatier,"₫ 40,000",-7%,"₫37,040",4.8,(24),"[COMBO 2 HỘP 50G] Kẹo socola sữa Hạnh nhân, hạt điều 50g FIGO, đồ ăn vặt văn phòng siêu nghiện ngon",153 sold,https://www.lazada.vn/products/pdp-i1428762593.html
Snacks & Confectionery,NGUYEN HOANG GROUP,"₫ 69,000",-39%,"₫41,900",5,(2),MEIJI - Socola Milk ( Sữa) Nhập Khẩu Nhật Bản 50g,15 sold,https://www.lazada.vn/products/pdp-i2473739422.html
Snacks & Confectionery,SHOP HAIMY,"₫ 31,950",-37%,"₫75,000",5,(3),"[MUA 2 GIẢM 10%] Túi 500g Bánh/Kẹo Gừng táo đỏ đường đen thơm ngon, mềm dẻo, giữ ấm cơ thể -đồ ăn vặt",7 sold,https://www.lazada.vn/products/pdp-i2881758821.html
Food Staples & Cooking Essentials,Anvat492,"₫ 10,000",-41%,"₫5,900",5,(50),Dạ Xách Bò Cay Tứ Xuyên - Ăn Vặt 492,942 sold,https://www.lazada.vn/products/pdp-i1893712909.html
Snacks & Confectionery,BeeGin Food Store,"₫ 150,000",-35%,"₫88,000",4.8,(33),"Thùng 1kg Bánh Mochi Sữa Nhân Kem Khoai Môn, Đậu Nành, Sầu Riêng, Đào, Xoài - BeeGin Food Store",80 sold,https://www.lazada.vn/products/pdp-i2554246028.html
Food Staples & Cooking Essentials,Thanh Hà Handmade,,,"₫29,000",,,"1 gói Rau củ sấy, rau củ quả sấy khô, rau sấy khô dùng để làm đồ ăn vặt, ăn kèm mì, lẩu, ăn chay, thực dưỡng, pha làm canh.",,https://www.lazada.vn/products/pdp-i3014732472.html
Food Staples & Cooking Essentials,Siêu Thị Thảo Mộc Online,"₫ 13,000",-20%,"₫10,400",5,(2),"Dâu Tằm Sấy Khô Nguyên Quả To Đều Dẻo Ngọt Giữ Dáng Đẹp Da, Hàng Cao Cấp",25 sold,https://www.lazada.vn/products/pdp-i2760126691.html
Snacks & Confectionery,ChocolateFigo.Bột Cacao Hà Nội,"₫ 110,000",-19%,"₫89,000",2.5,(2),"[Chính hãng] Combo 4 Thanh Socola đen Figo 20gr | 4 Dark Chocolate đủ các vị từ 70% cacao; 85%; 90% và 100% Caca0, ĂN LÀ NGHIỀN đậm đà vị socola đen đắng",22 sold,https://www.lazada.vn/products/pdp-i1511974722.html
Snacks & Confectionery,Sieuthi_thuynhung,,,"₫32,000",3.7,(3),Kẹo Gum Không Đường Lotte 58g - 130.5g Xylitol hũ,12 sold,https://www.lazada.vn/products/pdp-i2417388762.html
Milk Formula & Baby Food,GrocerybyK,,,"₫59,000",5,(31),[SALE XẢ KHO] BÁNH ĂN DẶM GERBER PUFFS CAO HÌNH NGÔI SAO ĐỦ VỊ DÀNH CHO BÉ NHẬP KHẨU MỸ,182 sold,https://www.lazada.vn/products/pdp-i2216748354.html
Food Staples & Cooking Essentials,NHẤT TÍN Food.Selection,"₫ 39,100",-29%,"₫27,900",4.9,(2252),Muối Chẩm Chéo NTFood đặc sản Tây Bắc hũ 250gr - Nhất Tín Food,5.9K sold,https://www.lazada.vn/products/pdp-i2557006561.html
Bakery & Breakfast,Ms. Hội An® Natural Products,"₫ 229,000",-17%,"₫49,000",4.9,(89),"Ms. Hoi An | Natural Peanut Butter – No Salt, No Sugar, No Oils",472 sold,https://www.lazada.vn/products/pdp-i2804602035.html
Snacks & Confectionery,HangNga Shop,,,"₫31,500",5,(33),"Kẹo ANYTIME Hàn Quốc bạc hà , chanh , mận đào không đường 60g (14 viên)",117 sold,https://www.lazada.vn/products/pdp-i3094424112.html
Snacks & Confectionery,Anvy Foods 01,"₫ 45,000",-18%,"₫37,012",5,(49),500gr Kẹo Dâu Tây mix Kẹo Dâu Tằm - Đặc Sản Đà Lạt,185 sold,https://www.lazada.vn/products/pdp-i2358310243.html
Food Staples & Cooking Essentials,Nem Lai Vung Hồng Vy,"₫ 30,000",-27%,"₫22,000",4.7,(534),NemLai Vung  (10 Chiếc/Hộp) Loại Nhất,4.1K sold,https://www.lazada.vn/products/pdp-i1690267816.html
Snacks & Confectionery,Bách Hóa Giá Mềm huynhtunga,"₫ 62,000",-11%,"₫55,000",5,(170),Mè Xửng Thiên Hương 450G,741 sold,https://www.lazada.vn/products/pdp-i517876212.html
Snacks & Confectionery,PhươngMinh.Selection,"₫ 91,200",-23%,"₫70,100",5,(1),ComBo 3 Lọ Yến Đường Phèn/ Nhân Sâm/ Đông Trùng Hạ Thảo Chính Hãng TingCo 14% Yến Nguyên Chất (70ml/1 Lọ),,https://www.lazada.vn/products/pdp-i3094045678.html
Snacks & Confectionery,Million Million,,,"₫42,000",5,(124),Kẹo Thái Lan Hitto Bạc Hà Gói,783 sold,https://www.lazada.vn/products/pdp-i1351470597.html
Snacks & Confectionery,HangNga Shop,,,"₫27,500",5,(99),Bánh Chocolat Bouchee Lotte vị SOCOLA & PHÔ MAI 162g (6 gói x 27g),402 sold,https://www.lazada.vn/products/pdp-i3078009252.html
Pet Food,Long Vu Pet Food,"₫ 35,000",-46%,"₫18,107",4.9,(250),"Đồ Ăn Vặt Xương Gặm Sạch Răng Cho Chó Orgo túi 90g - Xương Gặm Cho Chó, Bánh Thưởng Cho Chó - Long Vũ Pet Food",3.0K sold,https://www.lazada.vn/products/pdp-i940654332.html
Snacks & Confectionery,LYRIGAB,"₫ 198,150",-40%,"₫118,890",5,(18),"KIRKLAND Kẹo Dẻo Apple Cider Vinegar 500mg Giảm Cảm Giác Thèm Ăn, Đốt Cháy Mỡ, Giảm Cân Nhanh Chóng",34 sold,https://www.lazada.vn/products/pdp-i3120051092.html
Snacks & Confectionery,Bách Hóa Giá Mềm huynhtunga,"₫ 120,000",-46%,"₫65,000",4.9,(125),Kẹo Chuối Đậu Phộng Mè Gừng 500G,442 sold,https://www.lazada.vn/products/pdp-i2044760817.html
Snacks & Confectionery,NGUYEN HOANG GROUP,"₫ 59,000",-27%,"₫42,900",5,(3),MEIJI - Socola Black ( Đen) Nhập Khẩu Nhật Bản 41g,30 sold,https://www.lazada.vn/products/pdp-i2473643830.html
Food Staples & Cooking Essentials,Ngocdung_wave,"₫ 150,000",-46%,"₫80,297",4.9,(410),Sườn cốt lết heo nhập khẩu túi 900gr (giao hỏa tốc TPHCM),1.6K sold,https://www.lazada.vn/products/pdp-i1969301752.html
Food Staples & Cooking Essentials,THỰC PHẨM SẠCH 3 MIỀN - ĐỒ ĂN VẶT,"₫ 80,000",-42%,"₫46,501",4.7,(2178),Hạt điều bể rang muối vỏ chất lượng ăn vặt ăn kiêng giảm cân tps,7.9K sold,https://www.lazada.vn/products/pdp-i2029728495.html
Food Staples & Cooking Essentials,SIÊU THỊ THẢO MỘC VIỆT,"₫ 59,000",-7%,"₫37,044",5,(28),[CHÍNH HÃNG] Hạt Chia Úc Organic 100gr Hạt Chia Giảm Cân Hữu Cơ Hàng Chuẩn Chất Lượng Date Mới,102 sold,https://www.lazada.vn/products/pdp-i2428250673.html
Snacks & Confectionery,BeeGin,"₫ 99,000",-45%,"₫33,374",5,(13),Hộp Kẹo Dẻo Trái Cây Đủ Mùi Admix - Ăn vặt BeeGin,56 sold,https://www.lazada.vn/products/pdp-i2412316592.html
Snacks & Confectionery,SK FOOD.Selection,"₫ 54,900",-23%,"₫42,200",5,(2),Kẹo me cay 250g SK FOOD,27 sold,https://www.lazada.vn/products/pdp-i2634350041.html
Food Staples & Cooking Essentials,shop9890,"₫ 130,000",-42%,"₫75,000",4.9,(7885),500g chà bông xù cao cấp,46.4K sold,https://www.lazada.vn/products/pdp-i705724645.html
Snacks & Confectionery,Chợ Thảo Dược Việt,"₫ 100,000",-26%,"₫74,250",5,(30),"Kẹo lê an phế mật ong 1kg, kẹo lê bổ phế, thanh nhiệt, tiêu đờm, kẹo ngậm thơm miệng",104 sold,https://www.lazada.vn/products/pdp-i2924980742.html
Snacks & Confectionery,Bách Hóa Giá Mềm huynhtunga,"₫ 168,000",-65%,"₫58,718",4.9,(330),Socola Đồng Tiền Vàng,1.2K sold,https://www.lazada.vn/products/pdp-i541718107.html
Food Staples & Cooking Essentials,CỬA HÀNG TỎI ĐẸP,"₫ 158,000",-53%,"₫43,200",4.9,(191),"(RẺ QUÁ TRỜI) #1KG Tỏi Tím Hồng Lựa Từng Củ Thơm Ngon Ko Hư Củ Nào (tỏi tía khô,tỏi tím,hành tăm,củ nén,hành tím lý sơn,tỏi đen",486 sold,https://www.lazada.vn/products/pdp-i2668117834.html
Feeding Essentials,uLI1ug.Selection,"₫ 36,200",-82%,"₫6,500",5,(468),"Hộp chia sữa và đồ ăn 3 ngăn cho bé, Chất liệu nhựa PP cao cấp an toàn cho bé",2.1K sold,https://www.lazada.vn/products/pdp-i2542487313.html
Food Staples & Cooking Essentials,HẠT HẠNH NHÂN- ÓC CHÓ- MÁC CA,"₫ 69,000",-6%,"₫65,000",4.8,(42),"[HCM] Hạt hạnh nhân Sống PA NUTS nhập khẩu USA - Túi 500g, hạt hạnh nhân dùng làm sữa hạnh nhân, làm đồ ăn vặt, giảm cân, hạt hạnh nhân nấu sữa",181 sold,https://www.lazada.vn/products/pdp-i1505088578.html
Snacks & Confectionery,Ca cao nhập khẩu- KHOI MINH FOOD,"₫ 313,000",-41%,"₫185,000",4.9,(180),SÔ CÔ LA ĐEN KHỐI 1KG INTENSE DARK COMPOUND CHOCOLATE  VANHOUSTEN,513 sold,https://www.lazada.vn/products/pdp-i295776775.html
Snacks & Confectionery,Figo Chocolatier,"₫ 80,000",-4%,"₫76,880",4.9,(132),"[SIÊU NGON-COMBO 4 HỘP 50G ĐỦ VỊ] Kẹo socola sữa Hạnh nhân, Hạt cacao, Hạt điều, không nhân 50g FIGO, đồ ăn vặt văn phòng siêu ngon",830 sold,https://www.lazada.vn/products/pdp-i1428890351.html
Snacks & Confectionery,TiPu Shop Chuyên Sỉ,"₫ 172,000",-16%,"₫145,000",,,"TiPu Shop - Kẹo Dẻo Chip Chip Mix Vị Trái Cây – Đa Dạng Mẫu, Gói Xô & Túi Zip – Ngon Dẻo Chuẩn Vị",5 sold,https://www.lazada.vn/products/pdp-i3165844116.html
Food Staples & Cooking Essentials,TT MART 99,"₫ 162,900",-28%,"₫65,900",5,(3),1Kg Đậu đen xanh lòng rang muối giòn ăn liền đồ ăn vặt,8 sold,https://www.lazada.vn/products/pdp-i3114329764.html
Snacks & Confectionery,BIN HANG NHAP,"₫ 38,000",-45%,"₫28,888",,,Kẹo Sữa Chua Dẻo Vị Hoa Quả Kate You ( 1 Hộp 30 Thanh ) Vị trái cây Snack Ăn Vặt Food Candy,,https://www.lazada.vn/products/pdp-i3178308579.html
Snacks & Confectionery,Figo Chocolatier,"₫ 100,000",-7%,"₫92,600",5,(84),"[ĂN LÀ NGHIỆN-COMBO 5 HỘP 50G] Kẹo socola sữa bánh cookie, hạnh nhân, hạt điều, dừa, hạt cacao 50g FIGO, đồ ăn vặt siêu ngon",414 sold,https://www.lazada.vn/products/pdp-i1537041735.html
Food Staples & Cooking Essentials,THỰC PHẨM SẠCH 3 MIỀN - ĐỒ ĂN VẶT.Selection,"₫ 69,100",-23%,"₫53,100",4.9,(69),500g Nho khô nhập khẩu mix vị 3 màu hàng cao cấp chất lượng TPS,195 sold,https://www.lazada.vn/products/pdp-i2603897332.html
Food Staples & Cooking Essentials,Củ quả sấy giá rẻ,"₫ 45,000",-51%,"₫21,854",4.7,(1557),"0.5kg Lang tím sấy, 100% thành phần thiên nhiên, thơm ngọt, không hóa chất, phẩm màu, đảm bảo vệ sinh an toàn thực phẩm",6.2K sold,https://www.lazada.vn/products/pdp-i320202379.html
Food Staples & Cooking Essentials,SG Foods.Selection,"₫ 32,700",-29%,"₫23,300",5,(295),Cháo Tươi Sài Gòn Food Cá Lóc & Cải Bó Xôi 240G,12.1K sold,https://www.lazada.vn/products/pdp-i3066083097.html
Food Staples & Cooking Essentials,Củ quả sấy giá rẻ,"₫ 110,000",-47%,"₫58,000",4.8,(4876),1kg Mít Sấy Loại Bể 100% thành phần thiên nhiên thơm ngọt không hóa chất phẩm màu đảm bảo vệ sinh an toàn thực phẩm,17.4K sold,https://www.lazada.vn/products/pdp-i433518333.html
Pet Food,Hanpet Shop,"₫ 33,835",-0%,"₫27,305",4.9,(114),Hanpet - Gói 400gr thức ăn chó dạng hạt cao cấp SmartHeart Adult và SH puppy,2.7K sold,https://www.lazada.vn/products/pdp-i104578482.html
Pet Food,Opaws Petshop,,,"₫45,000",5,(9),Xương gặm cho chó Masti 510G - Mix vị (túi 510g) (Gói),56 sold,https://www.lazada.vn/products/pdp-i2905647808.html
Pet Food,Sumiho Pet Store,"₫ 99,000",-20%,"₫79,000",5,(40),Bone Appétit by Sumiho (Jumbo bag 300gr),268 sold,https://www.lazada.vn/products/pdp-i2484744196.html
Food Staples & Cooking Essentials,THỰC PHẨM SẠCH 3 MIỀN - ĐỒ ĂN VẶT.Selection,"₫ 97,400",-23%,"₫74,900",5,(3),[TÙY CHỌN] Combo 2 Hũ: Mực sợi hấp nước cốt dừa thơm ngon,32 sold,https://www.lazada.vn/products/pdp-i2994899177.html
Milk Formula & Baby Food,Babyyum store,"₫ 110,000",-38%,"₫40,250",5,(654),AJINOMOTO seaweed wedge beads 112g (8g x 14 pack) Japan-2023 hottest wedge beads,5.7K sold,https://www.lazada.vn/products/pdp-i1127476862.html
Food Staples & Cooking Essentials,SK FOOD.Selection,"₫ 81,700",-23%,"₫62,800",4.9,(798),Nho Vàng Nhập Khẩu Cao Cấp Nhiều Dưỡng Chất Tốt Cho Sức Khỏe SK FOOD (Hũ 500G),2.5K sold,https://www.lazada.vn/products/pdp-i2419487675.html
Snacks & Confectionery,Figo Chocolatier,"₫ 40,000",-8%,"₫36,880",3.7,(3),[SIÊU NGON -SOCOLA TẾT 100G] Kẹo socola sữa nhân MỨT DÂU 100g FIGO gói quà,11 sold,https://www.lazada.vn/products/pdp-i2434063013.html
Food Staples & Cooking Essentials,Tiệm của Nhỏ nè,,,"₫95,000",,Reviews,Set Ăn Vặt Trυng 1kg,,https://www.lazada.vn/products/pdp-i2425538374.html
Snacks & Confectionery,Viettin Mart 1593072786,"₫ 69,000",-28%,"₫49,500",4.9,(78),"500GR_ Kẹo dẻo dâu sữa, có mùi thơm từ sữa - Viettin Mart",428 sold,https://www.lazada.vn/products/pdp-i711248691.html
Snacks & Confectionery,Ăn Vặt Linh Foods,,,"₫45,000",4.9,(59),400GR Kẹo Dẻo Chip Chip [HÌNH THẬT]  ĐƠN TỪ 50K,204 sold,https://www.lazada.vn/products/pdp-i2089397791.html
Bakery & Breakfast,BeeGin Food Store,"₫ 140,000",-34%,"₫92,466",4.8,(25),Sẵn 25 Bánh Mix Đài Loan Không Trùng Vị - BeeGin Food Store,68 sold,https://www.lazada.vn/products/pdp-i2512580561.html
Pet Food,PetFood&More,"₫ 24,000",-50%,"₫12,000",5,(99),"Bánh Thưởng Snack Gặm Giúp Làm Sạch Răng, Giàu Dinh Dưỡng Cho Chó Túi 100g",472 sold,https://www.lazada.vn/products/pdp-i2922766486.html
Snacks & Confectionery,Cửa hàng Huệ Minh 33,"₫ 40,000",-22%,"₫31,000",5,(13),Kẹo dẻo Fini 85-90g nhập khẩu Tây Ban Nha,168 sold,https://www.lazada.vn/products/pdp-i2349241787.html
Milk Formula & Baby Food,Thực Phẩm Dinh Dưỡng Cây Thị,"₫ 25,000",-8%,"₫23,000",4.8,(143),Cháo Tươi Cây Thị - Cá Lóc (Mở gói ăn ngay) 240g,1.9K sold,https://www.lazada.vn/products/pdp-i443822703.html
Pet Food,PetShop24h,"₫ 50,800",-44%,"₫28,400",5,(11),XƯƠNG GẶM CHO CHÓ Fonti INU C14 Que da heo Gói 50g Thơm ngon Dinh dưỡng Sạch răng Thơm miệng Giúp hàm chắc khỏe SXtại VN - Pet shop 24,198 sold,https://www.lazada.vn/products/pdp-i2004995418.html
Milk Formula & Baby Food,TyNaMiMi,"₫ 129,000",-23%,"₫69,000",5,(30),Bánh ăn dặm dinh dưỡng hữu cơ Sữa Chua Nguyên Vị cho bé 6 tháng+,56 sold,https://www.lazada.vn/products/pdp-i2658175539.html
Food Staples & Cooking Essentials,Củ quả sấy giá rẻ,"₫ 89,000",-48%,"₫46,559",4.8,(3071),1kg Thập cẩm sấy 100% thành phần thiên nhiên thơm ngọt không hóa chất phẩm màu đảm bảo vệ sinh an toàn thực phẩm,12.6K sold,https://www.lazada.vn/products/pdp-i273828525.html
Snacks & Confectionery,SK FOOD.Selection,"₫ 90,100",-23%,"₫69,300",4.9,(6199),Hạt điều rang tỏi ớt giòn tan đậm đà hương vị SK FOOD 200g,20.7K sold,https://www.lazada.vn/products/pdp-i2440470668.html
Food Staples & Cooking Essentials,HCM-Thế Giới Bánh Tráng 2,,,"₫70,000",4.9,(173),[12% refund] 10 bags of super good Tibetan rice crepes mix,637 sold,https://www.lazada.vn/products/pdp-i1893414415.html
Snacks & Confectionery,HCM-Thế Giới Bánh Tráng 2,,,"₫58,000",4.7,(21),Combo 500g Bánh Tráng Rìa Dẻo Phơi Sương + 150g Sốt Tắc Chua Cay Ăn Vặt Ngon,62 sold,https://www.lazada.vn/products/pdp-i2786122171.html
Snacks & Confectionery,BeeGin Food Store,"₫ 150,000",-42%,"₫87,492",5,(2),Thùng 1kg Bánh Mochi Tròn Mix 4 Vị Hai Cô Gái - B40KG BeeGin Food Store,,https://www.lazada.vn/products/pdp-i2438636205.html
Food Staples & Cooking Essentials,HẠT ĐÁC TƯƠI,"₫ 75,000",-21%,"₫37,000",4.9,(41),Hạt me khô tách vỏ dùng làm me dẻo nấu chè làm topping đồ uống,151 sold,https://www.lazada.vn/products/pdp-i2912589437.html
Bakery & Breakfast,SHOP ĂN VẶT NỘI ĐỊA - NHẬP KHẨU NHÀ BƠ,"₫ 189,000",-32%,"₫127,710",5,(2),[ TÚI 1KG - CÓ SẴN ] BÁNH NƯỚNG TRUNG THU MINI TRỨNG MUỐI MIX NHIỀU VỊ SIÊU NGON,8 sold,https://www.lazada.vn/products/pdp-i2716058218.html
Snacks & Confectionery,Figo Chocolatier,"₫ 20,000",-7%,"₫18,520",4.6,(21),[SIÊU NGON] Kẹo socola sữa nhân mứt xoài 50g FIGO,205 sold,https://www.lazada.vn/products/pdp-i2413048592.html
Snacks & Confectionery,Ăn Vặt 68,"₫ 40,000",-30%,"₫28,000",4.8,(4),200gr Kẹo Dẻo Trái Cây Lột Vỏ,19 sold,https://www.lazada.vn/products/pdp-i2800684545.html
Snacks & Confectionery,Million Million,,,"₫17,000",5,(15),Kẹo Bông Gòn Corniche Mini White Marshmallows (Gói 70g),207 sold,https://www.lazada.vn/products/pdp-i1435459856.html
Food Staples & Cooking Essentials,Russian Mart VN,"₫ 102,000",-5%,"₫96,798",4.7,(7),Cá Trích Hun Khói Ngâm Dầu Đóng Hộp Hiệu Vitafish Loại Premium 160g,28 sold,https://www.lazada.vn/products/pdp-i2581359991.html
Snacks & Confectionery,pdgroup.Selection,"₫ 28,300",-29%,"₫20,200",5,(11),Bánh quy kem Cream-O Sandwich Cookies thanh 85gr nhiều vị,31 sold,https://www.lazada.vn/products/pdp-i2674635413.html
Snacks & Confectionery,SHOP ĂN VẶT NỘI ĐỊA - NHẬP KHẨU NHÀ BƠ,"₫ 179,000",-36%,"₫109,000",5,(16),Túi 1Kg Kẹo Dẻo Chip Chip Mix Nhiều Vị Trái Cây Siêu Ngon Cho Bé Yêu ( Giao Mix Vị Ngẫu Nhiên ),41 sold,https://www.lazada.vn/products/pdp-i3110597209.html
Bakery & Breakfast,HK FOODS.VN,,,"₫110,000",4.6,(54),Compo 30 Chân Gà Cay Tứ Xuyên HKfoods - Bịch 32gr x 20- đồ ăn vặt - nội địa trung,297 sold,https://www.lazada.vn/products/pdp-i900242540.html
Milk Formula & Baby Food,Yêu Bếp Nghiện Nhà VNM,"₫ 80,000",-22%,"₫62,000",5,(746),[HSD 01/2026] Gia Vị Rắc Cơm Nhật 6 Vị 30 Gói Tanaka Lắc Cơm Cho Bé Ăn Dặm Yêu Bếp Nghiện Nhà VNM,3.3K sold,https://www.lazada.vn/products/pdp-i2476162146.html
Food Staples & Cooking Essentials,SHOP HAIMY,"₫ 49,000",-22%,"₫38,000",4.8,(92),1kg satisfied alligator cheese snack food-snacks-read bag online reputable 250g/500g/1kg,324 sold,https://www.lazada.vn/products/pdp-i2059052346.html
Snacks & Confectionery,Shop Tạp Hóa Online,"₫ 120,000",-12%,"₫105,000",5,(5),Combo 10 Bánh Kitkat Thanh 2F 17g (B/F) - Cocoa Nestle,28 sold,https://www.lazada.vn/products/pdp-i1572297933.html
Snacks & Confectionery,SUAHANQUOC,"₫ 51,460",-1%,"₫50,960",4.9,(413),Kẹo Dẻo Trái Cây Thái Lan 24 Vị Gói 320G,2.3K sold,https://www.lazada.vn/products/pdp-i710704086.html
Food Staples & Cooking Essentials,HCM-Thế Giới Bánh Tráng 2,,,"₫30,000",4.9,(1072),Bánh tráng Dẻo Me - 7 cái/ xấp -đặc sản Tây Ninh cực hot - ăn chay được!,6.4K sold,https://www.lazada.vn/products/pdp-i329662652.html
Snacks & Confectionery,duongngoctam7070,"₫ 210,000",-49%,"₫59,300",4.9,(116),Socola Đồng Tiền Mỹ,378 sold,https://www.lazada.vn/products/pdp-i361476369.html
Pet Food,morapetshop,"₫ 15,000",-27%,"₫10,900",4.7,(6),"COMBO 5 Túi Bánh cá thưởng cho mèo BISCUITS CATNIP đồ ăn vặt cho mèo giảm búi lông, viêm răng, hôi miệng",100 sold,https://www.lazada.vn/products/pdp-i2646359556.html
Food Staples & Cooking Essentials,Anvy Foods 01,"₫ 185,000",-13%,"₫112,718",4.9,(443),"500gr Hạt dẻ cười Mỹ Loại Đặc Biệt - Giòn Béo, Thơm Ngon",1.2K sold,https://www.lazada.vn/products/pdp-i2358321235.html
Snacks & Confectionery,TLfood hop,"₫ 90,000",-34%,"₫59,000",4.4,(7),Nguyên Thùng bánh Mochi kem lạnh mix vị,28 sold,https://www.lazada.vn/products/pdp-i2761142737.html
Snacks & Confectionery,Đông Y 1983VP,"₫ 278,000",-10%,"₫250,200",4.8,(4),1 Hộp 8 cái Kẹo dẻo thơm ngon bổ dưỡng,12 sold,https://www.lazada.vn/products/pdp-i3072028278.html
Snacks & Confectionery,BeeGin Store,"₫ 85,000",-35%,"₫55,000",4.8,(14),"Thùng 500G Bánh Mochi Sữa Nhân Kem Khoai Môn, Đậu Nành, Sầu Riêng, Đào, Xoài - BeeGin Store",25 sold,https://www.lazada.vn/products/pdp-i2630785760.html
Snacks & Confectionery,Moony Farm - Đặc Sản Đà Lạt,,,"₫50,000",,Reviews,Kẹo Me Tắc Cam Thảo  – Ăn Vặt Truyền Thống - Vị Chua Cay Ngọt | Moony Farm,,https://www.lazada.vn/products/pdp-i3095075333.html
Snacks & Confectionery,duongngoctam7070,"₫ 89,000",-38%,"₫55,410",5,(36),Kẹo Dừa Cơm Sầu Riêng Đậu Phộng Yến Hương 500G,197 sold,https://www.lazada.vn/products/pdp-i353870737.html
Kitchen Appliances,Big Mart Electric,"₫ 5,180,000",-56%,"₫2,286,000",4.9,(138),"Tủ lạnh mini 2 cánh 42L cao cấp với ngăn làm đá và ngăn mát riêng biệt, tủ lạnh mini để đồ ăn, đồ trang điểm tiện lợi, BH 2 năm",815 sold,https://www.lazada.vn/products/pdp-i2258709441.html
Pet Food,PetShop24h,"₫ 34,600",-15%,"₫18,400",5,(47),Thức ăn hạt cho Chó trưởng thành Ganador Gói 400g Thương hiệu từ Pháp Bổ sung dinh dưỡng hoàn chỉnh cho tất cả các giống,372 sold,https://www.lazada.vn/products/pdp-i2478170952.html
Snacks & Confectionery,Viettin Mart 1593072786,"₫ 111,780",-51%,"₫54,500",5,(15),Kẹo dẻo cá sấu vị trái cây thơm ngon 300g - Viettin Mart,82 sold,https://www.lazada.vn/products/pdp-i2066891200.html
Pet Food,Vu Tru Thu Cung,"₫ 59,000",-27%,"₫43,000",5,(30),"Natural core dog dryer snack-dog chew stick with chicken, duck meat",233 sold,https://www.lazada.vn/products/pdp-i2392093953.html
Milk Formula & Baby Food,Thực Phẩm Dinh Dưỡng Cây Thị,"₫ 30,000",-8%,"₫27,600",4.8,(120),Súp Dinh Dưỡng Hải Sản Tóc Tiên Thương Hiệu Cây Thị,1.9K sold,https://www.lazada.vn/products/pdp-i287512842.html
Pet Food,Sumiho Pet Store,"₫ 99,000",-30%,"₫69,000",5,(147),Bone Appétit by Sumiho (Jumbo bag 300gr),517 sold,https://www.lazada.vn/products/pdp-i2484727870.html
Food Staples & Cooking Essentials,SG Foods.Selection,"₫ 32,700",-29%,"₫23,300",5,(181),Cháo Tươi Sài Gòn Food Lươn & Đậu Xanh 240G,9.3K sold,https://www.lazada.vn/products/pdp-i3065983318.html
Milk Formula & Baby Food,Thực Phẩm Dinh Dưỡng Cây Thị,"₫ 30,000",-8%,"₫27,600",5,(509),Súp Dinh Dưỡng Cây Thị,4.7K sold,https://www.lazada.vn/products/pdp-i1555690123.html
Food Staples & Cooking Essentials,Viettin Mart 1593072786,"₫ 96,600",-37%,"₫60,700",4.8,(119),500Gr [ túi zip ] HẠT HƯỚNG DƯƠNG TẨM VỊ DỪA - THƠM NGON,486 sold,https://www.lazada.vn/products/pdp-i1579916186.html
Food Staples & Cooking Essentials,NHẤT TÍN Food,"₫ 130,000",-53%,"₫40,000",5,(3),Me Xí Muội Thái Lan hũ 500Gr/250Gr NTFood - Nhất Tín Food,25 sold,https://www.lazada.vn/products/pdp-i2653867312.html
Pet Food,THE GIOI XUONG GAM PETSHOP,,,"₫37,000",5,(6),[THANH LÝ] JERHIGH SNACK MỀM DẠNG VIÊN MEAT MALLOW BITE 30G,34 sold,https://www.lazada.vn/products/pdp-i2563310946.html
Milk Formula & Baby Food,Shop Sơn Thúy,,,"₫33,000",5,(6),Cake egg mini i.b.o 4 positioning [vegetable/milk/peach/pudding] for Baby 6 months + (100gr),56 sold,https://www.lazada.vn/products/pdp-i2022159069.html
Snacks & Confectionery,Viettin Mart 1593072786,"₫ 270,250",-42%,"₫156,800",4.8,(46),MIXED NUTS 6 LOẠI NHÂN HẠT DINH DƯỠNG VIETTINMART,176 sold,https://www.lazada.vn/products/pdp-i2093447483.html
Food Staples & Cooking Essentials,Meganutshop,"₫ 140,000",-46%,"₫75,000",5,(11),Hạt Macca Úc/Việt Nứt Vỏ Tự Nhiên Size Lớn Tốt Cho Sức Khỏe - Hạt Macca 500Gr (Tặng Kèm Đồ Tách Vỏ),51 sold,https://www.lazada.vn/products/pdp-i1767005400.html
Snacks & Confectionery,Viettin Mart 1593072786,"₫ 138,000",-40%,"₫45,500",5,(168),Đậu nành sấy giòn - Viettin Mart,572 sold,https://www.lazada.vn/products/pdp-i711254544.html
Snacks & Confectionery,WANT WANT Store,"₫ 171,500",-19%,"₫139,200",4.9,(616),"Combo 16 Gói Bánh Gạo, Snack Gạo Want Want Nhiều Hương Vị, Giòn Ngon Tiện Lợi",1.7K sold,https://www.lazada.vn/products/pdp-i3092110819.html
Food Staples & Cooking Essentials,MASAN CONSUMER,"₫ 104,000",-29%,"₫74,000",5,(410),[15.9 - 17.9 Voucher 18% CHO ĐƠN TỪ 199K][Chọn loại] Túi Xúc Xích Tiệt Trùng Heo Cao Bồi Nhân Phô Mai Vị Bắp Túi x 15cây x 32gr,1.7K sold,https://www.lazada.vn/products/pdp-i2879957984.html
Snacks & Confectionery,Hương Việt - Đặc Sản Việt Nam,"₫ 12,000",-25%,"₫9,000",5,(914),Kẹo dừa Bến Tre Hai Tỏ 5 vị khác nhau - 1 THANH 10 VIÊN,8.0K sold,https://www.lazada.vn/products/pdp-i1375254387.html
Pet Food,Sumiho Pet Store,"₫ 35,000",-9%,"₫32,000",5,(194),Dog treat Bone Appétit (100gr) suitable for dogs from 2months old,1.8K sold,https://www.lazada.vn/products/pdp-i2102870804.html
Pet Food,Sumiho Pet Store,"₫ 23,000",-13%,"₫20,000",5,(566),Dog treat Bone Appétit by Sumiho (100gr) suitable for dogs from 2months old,4.8K sold,https://www.lazada.vn/products/pdp-i2102771621.html
Snacks & Confectionery,KEM AICE-HADILAO,,,"₫7,200",5,(52),[chỉ giao HCM chọn giao hàng 2h]KEM MOCHI SẦU RIÊNG AICE,1.1K sold,https://www.lazada.vn/products/pdp-i2042318265.html
Snacks & Confectionery,BeeGin Food,"₫ 150,000",-42%,"₫87,492",4.8,(58),Thùng 1kg Bánh Mochi Tròn Mix 4 Vị Hai Cô Gái B40KG - BeeGin Food,162 sold,https://www.lazada.vn/products/pdp-i2022491477.html
Snacks & Confectionery,Shop Hàng Thái Lan Trang Lê,"₫ 70,000",-21%,"₫55,000",5,(289),Combo 10 Gói Kẹo dẻo Boom Jelly Orion nhiều vị,1.3K sold,https://www.lazada.vn/products/pdp-i1728424507.html
Pet Food,Pet Boss 95,"₫ 52,500",-47%,"₫27,900",5,(4),"SNACK GÀ PHÔ MAI LÁT, PURE NATURE BÁNH THƯỞNG CHO CHÓ CAO CẤP 80GR",28 sold,https://www.lazada.vn/products/pdp-i3065793181.html
Food Staples & Cooking Essentials,HẠT ĐÁC TƯƠI,,,"₫42,000",4.9,(1477),1KG HẠT ĐÁC TƯƠI KHÁNH HOÀ LOẠI NON Dùng  nấu chè rim trái cây làm topping đồ uống,4.6K sold,https://www.lazada.vn/products/pdp-i2591629092.html
Snacks & Confectionery,Hương Việt - Đặc Sản Việt Nam,"₫ 58,000",-14%,"₫50,000",5,(832),Kẹo dừa Bến Tre hiệu Thanh Long 300gr đặc sản Việt Nam đồ ăn vặt thế hệ 8x,3.5K sold,https://www.lazada.vn/products/pdp-i2233697490.html
Bakery & Breakfast,Let's Nuts,"₫ 116,000",-18%,"₫94,976",4.1,(9),"Bánh thuyền granola siêu hạt Let's Nuts túi 500g, cung cấp năng lượng, dinh dưỡng cho cơ thể, đồ ăn vặt giảm cân",25 sold,https://www.lazada.vn/products/pdp-i2607007671.html
Bedding,Shop Khả Doanh 1,"₫ 130,000",-32%,"₫88,501",4.9,(254),￼Gà ủ muối nguyên con không đầu ăn là nhớ (giao Tphcm),934 sold,https://www.lazada.vn/products/pdp-i1918808630.html
Food Staples & Cooking Essentials,CNF ChineseFood,"₫ 8,000",-38%,"₫2,800",4.9,(624),Xúc xích sụn non ăn liền nhiều vị nhiều loại để lựa chọn,14.5K sold,https://www.lazada.vn/products/pdp-i1990167724.html
Snacks & Confectionery,BH Thiên Ân,,,"₫33,000",5,(5),Socola Hershey's gói 40g (3 vị),60 sold,https://www.lazada.vn/products/pdp-i3061383955.html
Food Staples & Cooking Essentials,LazaMart,"₫ 12,100",-46%,"₫6,500",4.6,(34),1 gói Đùi Gà Cay 40g - Đùi Gà Ăn Vặt Trung Quốc Ngon,677 sold,https://www.lazada.vn/products/pdp-i1399628762.html
Snacks & Confectionery,Ăn vặt Leofood,"₫ 45,000",-11%,"₫40,000",4.5,(11),500g KẸO DẺO MIX VỊ CÓ NHÂN,45 sold,https://www.lazada.vn/products/pdp-i2739071290.html
Snacks & Confectionery,BÁCH HÓA GIÁ RẺ huynhtunga,"₫ 340,000",-42%,"₫197,600",5,(212),Socola Hạnh Nhân Việt Thái,647 sold,https://www.lazada.vn/products/pdp-i1032028470.html
Snacks & Confectionery,Australia store ( Thực phẩm Úc châu),"₫ 150,000",-14%,"₫68,888",4.4,(13),(HÀNG ÚC) Kẹo socola thanh lẻ các loại thương hiệu NESTLE MILKY WAY/ KITKAT/ MARS/ MILKY BAR mini chocolate bars,48 sold,https://www.lazada.vn/products/pdp-i2498744071.html
Snacks & Confectionery,NÔNG SẢN VIỆT STORE,"₫ 70,000",-29%,"₫50,000",5,(2),"500G Kẹo Dẻo ChipChip Vị Trái Cây Siêu Ngon, Kẹo ChipChip, Kẹo Dẻo Mix Trái Cây Tuổi Thơ",5 sold,https://www.lazada.vn/products/pdp-i3159542259.html
Snacks & Confectionery,Nhím đồ ăn vặt,"₫ 58,000",-12%,"₫41,000",4.6,(9),Bánh tai heo nhí mix 2 màu - 1 kg,19 sold,https://www.lazada.vn/products/pdp-i2428299212.html
Snacks & Confectionery,WANT WANT Store,,,"₫90,000",5,(921),"Want Want 170g crisper, food processor combo",3.0K sold,https://www.lazada.vn/products/pdp-i2955362071.html
Snacks & Confectionery,WANT WANT Store,,,"₫66,000",5,(5),"Combo 6 Gói Bánh Gạo Và Snack Gạo Want Want Nhiều Hương Vị, Đồ Ăn Vặt Giòn Ngon Tiện Lợi",35 sold,https://www.lazada.vn/products/pdp-i3183060755.html
Food Staples & Cooking Essentials,MASAN CONSUMER,"₫ 255,000",-24%,"₫185,850",4.8,(17),[15.9 - 17.9 Voucher 18% CHO ĐƠN TỪ 199K]Combo 2 Hộp Hotdog Ponnie Giòn Ăn Liền (Phô Mai Bắp+ BBQ) x 40 Gói x 20g,82 sold,https://www.lazada.vn/products/pdp-i3124732579.html
Food Staples & Cooking Essentials,SIÊU THỊ ĐỒ KHÔ VŨNG TÀU,"₫ 99,000",-46%,"₫53,100",5,(10),Táo Đỏ Khô Hòa Điền Tân Cương - Vị Ngọt Thơm Từ Thiên Nhiên đại táo hòa điền 3.5-6cm túi 1kg 0.5kg,24 sold,https://www.lazada.vn/products/pdp-i3065863348.html
Snacks & Confectionery,FUJI Market,"₫ 115,000",-14%,"₫99,000",,Reviews,Bánh mochi Seiki Daifuku Nhật Bản gói 130g (nhiều vị),,https://www.lazada.vn/products/pdp-i2736045735.html
Food Staples & Cooking Essentials,HCM-Thế Giới Bánh Tráng 2,,,"₫90,000",4.9,(457),[HCM]Nửa kí muối nhuyễn tôm Tây Ninh cực ngon cay loại 1,2.6K sold,https://www.lazada.vn/products/pdp-i691428315.html
Food Staples & Cooking Essentials,HCM-Thế Giới Bánh Tráng 2,,,"₫45,000",4.9,(851),[HCM]500gr dẻo me -12 cái/xấp -ăn chay được đặc sản Tây Ninh ngon số 1,4.5K sold,https://www.lazada.vn/products/pdp-i702518137.html
Snacks & Confectionery,pdgroup.Selection,"₫ 79,100",-23%,"₫60,800",4.8,(17),Bánh quy Oreo Vanilla Red hộp Quà Tết x303.6G,47 sold,https://www.lazada.vn/products/pdp-i2932062265.html
Snacks & Confectionery,PTFood Mall,"₫ 35,000",-23%,"₫10,199",,Reviews,"[HÀNG MỜI VỀ] Kẹo Dẻo Hình Burger Oki Oki Cho Bé Gói 40g,120g",,https://www.lazada.vn/products/pdp-i2933029895.html
Snacks & Confectionery,Norikooko Foods,"₫ 198,000",-52%,"₫58,630",5,(3),"Bánh Mochi Matcha Đậu Xanh Không Đường, Thành Phần Tự Nhiên, Vỏ Bánh Hương Matcha Thêm Mềm",,https://www.lazada.vn/products/pdp-i3092612078.html
Food Staples & Cooking Essentials,MASAN CONSUMER,"₫ 144,000",-22%,"₫105,000",5,(769),[15.9 - 17.9 Voucher 18% CHO ĐƠN TỪ 199K]Combo 8 Mì Omachi Lẩu Cầm Tay Hương Vị ( 3 Tomyum + 3 Ngao Nấm Rong Biển + 2 Tôm Hùm Phô Mai ),2.5K sold,https://www.lazada.vn/products/pdp-i2897062261.html
Snacks & Confectionery,Happy Home 4U,"₫ 109,000",-18%,"₫89,000",4.6,(10),"Nama chocolate, Nama chocolate, jelly soft drink fruit chocolate candy sweet taste-happy home 4U",37 sold,https://www.lazada.vn/products/pdp-i2541776907.html
Snacks & Confectionery,Legendary Chocolate,"₫ 172,500",-23%,"₫132,250",5,(1),Socola 100% Cacao Nguyên chất dành cho người ăn kiêng - Legendary Chocolatier,13 sold,https://www.lazada.vn/products/pdp-i3013816929.html
Snacks & Confectionery,Viettin Mart 1593072786,"₫ 146,280",-46%,"₫43,600",4.7,(59),500G/1kg KẸO DẺO BẮP MIX ĐỦ VỊ MỀM MỊN DẺO THƠM NGON,273 sold,https://www.lazada.vn/products/pdp-i1632759322.html
Snacks & Confectionery,Viettin Mart 1593072786,"₫ 69,000",-23%,"₫53,300",4.5,(33),Táo Đỏ Tân Cương Sấy Giòn Không Hạt 250g VietTin Mart,97 sold,https://www.lazada.vn/products/pdp-i2759048536.html
Pet Food,PetinBedStore,,,"₫67,000",5,(3),Doggrayman (65g-80g)/Soft dried snack delicious for dogs,23 sold,https://www.lazada.vn/products/pdp-i2426979039.html
Snacks & Confectionery,SK FOOD.Selection,"₫ 91,700",-23%,"₫70,500",4.9,(7339),Hạt điều rang tỏi ớt giòn ngon SK FOOD - 200g,22.1K sold,https://www.lazada.vn/products/pdp-i2428108129.html
Pet Food,Bonza Petss,,,"₫50,000",5,(2),JerHigh Liver Stick - Thức ăn snack bổ sung cho chó - 70g,11 sold,https://www.lazada.vn/products/pdp-i3037364947.html
Snacks & Confectionery,LYRIGAB,"₫ 119,820",-5%,"₫113,890",4.9,(21),"Kẹo dẻo Sắt Hữu Cơ Iron - Bổ Sung Sắt, Ngừa Thiếu Máu Mẹ Bầu - Lọ 60 viên",28 sold,https://www.lazada.vn/products/pdp-i3120047083.html
Pet Food,Pet Boss 95,"₫ 34,600",-46%,"₫18,600",5,(40),BÁNH THƯỞNG CAO CẤP ĐẮT CHO CHÓ 100GR,325 sold,https://www.lazada.vn/products/pdp-i2344561472.html
Pet Food,Xuân Tự - Thuốc Thú Y và Thú Cưng,,,"₫31,000",5,(1),Đủ Size Đồ Ăn Vặt Xương Canxi Da Bò Cho Chó Gặm Làm Sạch Răng Giúp Răng Chắc Khỏe 15cm,9 sold,https://www.lazada.vn/products/pdp-i1590189369.html
Pet Food,Đậu’s house.hcm,"₫ 79,000",-16%,"₫66,000",5,(14),SNACK JERHIGH CHO CHÓ - THÁI LAN,245 sold,https://www.lazada.vn/products/pdp-i2068431789.html
Food Staples & Cooking Essentials,Viettin Mart 1593072786,"₫ 115,000",-22%,"₫90,000",4.8,(216),500g KHÔ GÀ CHÁY TÓI LOẠI MỚI có chứng nhận VSATTP - Viettin Mart,990 sold,https://www.lazada.vn/products/pdp-i929256060.html
Milk Formula & Baby Food,Con Cưng,"₫ 130,000",-9%,"₫118,300",5,(18),Rong biển hữu cơ tách muối cho bé Alvins 15g,104 sold,https://www.lazada.vn/products/pdp-i2338278306.html
Food Staples & Cooking Essentials,HCM-Thế Giới Bánh Tráng 2,,,"₫69,000",5,(789),2 xấp bánh tráng mỏng TÂN NHIÊN cuốn rau sống đặc sản Tây Ninh,1.9K sold,https://www.lazada.vn/products/pdp-i2017475332.html
Snacks & Confectionery,HF Mart,"₫ 40,000",-39%,"₫25,000",5,(4),[Blindbox-63g package] hot trend Papa differential delicious fruit flavored candy safe safe for kids,14 sold,https://www.lazada.vn/products/pdp-i3127363876.html
Snacks & Confectionery,Figo Chocolatier,"₫ 60,000",-7%,"₫55,560",4.8,(50),"[SIÊU NGON-COMBO 5 HỘP 20G] Kẹo socola sữa Hạnh nhân, Hạt điều, Dừa, Hạt cacao 20g FIGO, đồ ăn vặt văn phòng",254 sold,https://www.lazada.vn/products/pdp-i1425996539.html
Food Staples & Cooking Essentials,Củ quả sấy giá rẻ,"₫ 55,000",-34%,"₫36,107",4.9,(491),"400g Mít Thái Sấy Hàng B (Cánh nhỏ và bể đôi), 100% thành phần thiên nhiên, thơm ngọt, không hóa chất, phẩm màu, đảm bảo vệ sinh an toàn thực phẩm",2.5K sold,https://www.lazada.vn/products/pdp-i1864442431.html
Pet Food,Love Pets Shop,,,"₫61,380",5,(2),Fried cat dog feeder chicken meat can be dried Bier-love pets shop,9 sold,https://www.lazada.vn/products/pdp-i2961553467.html
Food Staples & Cooking Essentials,Let's Nuts,"₫ 105,000",-29%,"₫32,774",5,(9),"Chuối sấy mè gừng Let's Nuts túi 1kg, hương vị tự nhiên giòn, giọt, sấy cùng gừng rất thơm và đậm vị, đồ ăn vặt cho gia đình, tụ tập bạn bè",29 sold,https://www.lazada.vn/products/pdp-i2606812725.html
Food Staples & Cooking Essentials,Tân Lộc Phát Food,"₫ 843,000",-49%,"₫144,000",4.9,(609),HẠT BÍ TRẮNG TÂN LỘC PHÁT GIÒN THƠM CHẮC HẠT Đồ Ăn Vặt Yêu Thích,1.8K sold,https://www.lazada.vn/products/pdp-i2109281355.html
Snacks & Confectionery,3P Ladies Story,,,"₫19,500",5,(1),"[LẺ CHỌN VỊ] SOCOLA MIẾNG VUÔNG GHIRARDELLI, Macchiato / Dark 60% / Raspberry / Caramel / Peppermint / Sea Salt, 15g",29 sold,https://www.lazada.vn/products/pdp-i2956340571.html
Snacks & Confectionery,USA Cosmetics Shop,,,"₫69,000",5,(2),Socola Hershey's Nuggets Special dark Creamy Milk Toffee Almonds Chocolate của Mỹ,63 sold,https://www.lazada.vn/products/pdp-i2102906224.html
Snacks & Confectionery,Bánh Kẹo Billion,,,"₫92,000",4.8,(19),Kẹo Sôcôla Snickers Nhân Đậu Phộng Chocolate,191 sold,https://www.lazada.vn/products/pdp-i2007487360.html
Milk Formula & Baby Food,Thực Phẩm Dinh Dưỡng Cây Thị,"₫ 28,000",-8%,"₫25,760",4.9,(148),Cháo Tươi Cây Thị - Gà ác đậu xanh (Mở gói ăn ngay) 240g,2.1K sold,https://www.lazada.vn/products/pdp-i245903258.html
Snacks & Confectionery,Miu ăn vặt,,,"₫30,000",5,(7),Kẹo sáp nhân trái cây ( nhiều nhân ) thơm ngon gói 10 viên,54 sold,https://www.lazada.vn/products/pdp-i2654937783.html
Snacks & Confectionery,Phượng Hoàng Eshop,,,"₫149,500",4.9,(34),"[ CHOCOLATE MEIJI ]  Chocolate viên 41g/120g, Thanh 50g /3 vị",312 sold,https://www.lazada.vn/products/pdp-i1788435990.html
Snacks & Confectionery,Ngọc Quân shop 1604644849,"₫ 20,000",-21%,"₫15,741",5,(4),SOCOLA KITKAT THANH 4F 35G - Date 2025,60 sold,https://www.lazada.vn/products/pdp-i1451372536.html
Snacks & Confectionery,Figo Chocolatier,"₫ 15,000",-8%,"₫13,830",5,(71),"[ĂN LÀ GHIỀN-BAR 20G] Kẹo socola sữa Hạt cacao 20g FIGO, đồ ăn vặt siêu ngon",697 sold,https://www.lazada.vn/products/pdp-i1424980340.html
Pet Food,Hanpet Petshop,"₫ 95,089",-18%,"₫78,000",5,(3),thức ăn cho mèo MININO vị cá ngừ - 1.3 Kg,23 sold,https://www.lazada.vn/products/pdp-i2665575589.html
Food Staples & Cooking Essentials,THỰC PHẨM SẠCH 3 MIỀN - ĐỒ ĂN VẶT.Selection,"₫ 102,200",-23%,"₫78,600",4.9,(87),300G Khô gà bơ tỏi hàng chuẩn chất lượng công ty hiệu TPS,1.1K sold,https://www.lazada.vn/products/pdp-i2603817877.html
Snacks & Confectionery,FUJI Market,"₫ 220,000",-14%,"₫189,498",5,(9),[MẪU MỚI] Kẹo cao su singum Lotte Xylitol 7 vị trái cây 133g,51 sold,https://www.lazada.vn/products/pdp-i1047876708.html
Snacks & Confectionery,shophuonggiang76,,,"₫33,000",5,(1),Túi 50 chiếc kẹo cao su bigbaboll hương trái cây,8 sold,https://www.lazada.vn/products/pdp-i1750694682.html
Milk Formula & Baby Food,My kids shop,,,"₫79,000",,Reviews,Bánh gạo lứt dạng que Alvins ăn dặm hữu cơ cho bé từ 6 tháng tuổi,,https://www.lazada.vn/products/pdp-i2413765899.html
Pet Food,Petie Petshop,"₫ 69,000",-43%,"₫145,000",5,(2),"Hạt DogSmile 2kg, thức ăn hạt cho chó con và chó trưởng thành, Bò, Gà, Sữa Hạt cún dog smile,",32 sold,https://www.lazada.vn/products/pdp-i2823398725.html
Snacks & Confectionery,Dau phong Tan Tan,"₫ 63,000",-6%,"₫51,000",5,(73),"Hũ Các Loại Đậu Phộng, Đậu Hòa Lan Đủ Các Vị TÂN TÂN - Hũ 190g-300g (Ngon Giòn)",294 sold,https://www.lazada.vn/products/pdp-i2844653206.html
Pet Food,Miki Petshop,,,"₫27,000",5,(3),Bánh Xương Gặm Ăn Vặt Cho Chó Bánh Orgo 90G - Miki Petshop,20 sold,https://www.lazada.vn/products/pdp-i2614493093.html
Milk Formula & Baby Food,Bánh Ăn Dặm Tiệm Bánh Cầu Vồng,"₫ 150,000",-13%,"₫65,000",5,(3),Bánh ăn dặm Bánh Sữa Chua Hy Lạp Tiệm Bánh Mèo Ù  Cho Bé nguyên vị đậm vị sữa chua,23 sold,https://www.lazada.vn/products/pdp-i2930253534.html
Snacks & Confectionery,RUVASK,"₫ 65,000",-31%,"₫33,000",,Reviews,Mè Xửng Huế Thiên Hương Loại Dẻo Thơm Ngon - Mè Xửng Dẻo Thiên Hương Chính Hãng - Kẹo Mè Xửng Dẻo Ruvask,,https://www.lazada.vn/products/pdp-i3175996385.html
Snacks & Confectionery,MộcLan HEALTHY FOODS,"₫ 115,000",-23%,"₫88,412",5,(10),"Bánh Hoa mai mix hạt dinh dưỡng Mộc Lan Healthy - 250g, 500g",29 sold,https://www.lazada.vn/products/pdp-i3051398439.html
Food Staples & Cooking Essentials,SK FOOD.Selection,"₫ 70,400",-23%,"₫54,100",4.9,(94),ĐẬU NÀNH SẤY GIÒN LOẠI 1 SK FOOD - HŨ 300G,646 sold,https://www.lazada.vn/products/pdp-i2598201289.html
Snacks & Confectionery,ChocolateFigo.Bột Cacao Hà Nội,"₫ 30,000",-27%,"₫22,000",4.9,(42),"[Chính hãng] Bar 20gr- Dark Chocolate 70% Cacao, Socola đen đắng 70% Cacao Figo, ăn Giảm cân, KETO, DAS, Tiểu đường",413 sold,https://www.lazada.vn/products/pdp-i885292078.html
Milk Formula & Baby Food,NẾP SHOP - HÀNG NHẬT NỘI ĐỊA,"₫ 65,000",-26%,"₫48,000",5,(7),"Bánh gạo ăn dặm Pigeon  nhiều vị cho bé từ 6/7/9 tháng, bổ sung Canxi 24g _ Nepshop",18 sold,https://www.lazada.vn/products/pdp-i2769065717.html
Snacks & Confectionery,Minh Anh LTD,,,"₫60,000",5,(387),Sôcôla SCHOGETTEN - Vị Đắng Dark Chocolate - thanh 100g gồm 18 viên rời,2.0K sold,https://www.lazada.vn/products/pdp-i954760344.html
Food Staples & Cooking Essentials,HCM-Thế Giới Bánh Tráng 2,,,"₫78,000",4.9,(191),(2xap)1kg Bánh Tráng Muối Ớt Tây Ninh cực ngon cực nhiều!,556 sold,https://www.lazada.vn/products/pdp-i342866824.html
Food Staples & Cooking Essentials,SK FOOD.Selection,"₫ 103,800",-23%,"₫79,800",5,(30),Hạt bí trắng rang chín chất lượng tốt cho sức khỏe SK FOOD,655 sold,https://www.lazada.vn/products/pdp-i2598176570.html
Food Staples & Cooking Essentials,MASAN CONSUMER,"₫ 378,000",-27%,"₫275,235",5,(7138),Mì Omachi Mì Trộn Xốt Spaghetti Gói - Thùng 30 Gói x 90g,18.6K sold,https://www.lazada.vn/products/pdp-i2284782378.html
Food Staples & Cooking Essentials,Viettin Mart 1593072786,"₫ 165,600",-48%,"₫86,000",4.8,(112),500GR KHÔ HEO CHÁY TỎI LOẠI NGON,423 sold,https://www.lazada.vn/products/pdp-i1610115490.html
Snacks & Confectionery,Figo Chocolatier,"₫ 15,000",-8%,"₫13,830",2.3,(3),Milk Chocolate 50% cocoa Coconut 20g FIGO VIET NAM,21 sold,https://www.lazada.vn/products/pdp-i2413106411.html
Food Staples & Cooking Essentials,CHẢLỤANGON,"₫ 150,000",-15%,"₫127,070",4.9,(725),CHẢ LỤA NGON NHÀ LÀM (1KG) không tính vỏ,1.9K sold,https://www.lazada.vn/products/pdp-i2051709214.html
Food Staples & Cooking Essentials,THỰC PHẨM SẠCH 3 MIỀN - ĐỒ ĂN VẶT.Selection,"₫ 133,800",-23%,"₫102,900",,Reviews(1),[HCM]Khô gà lá chanh chất lượng loại 1 - Hũ 500g hiệu thực phẩm sạch 3 miền,31 sold,https://www.lazada.vn/products/pdp-i2994672377.html
Food Staples & Cooking Essentials,Viettin Mart 1593072786,"₫ 165,600",-52%,"₫79,900",4.9,(213),1KG Bắp Chiên Giòn Tẩm Gia Vị  Viettin Mart,766 sold,https://www.lazada.vn/products/pdp-i711228992.html
Milk Formula & Baby Food,Thực Phẩm Dinh Dưỡng Cây Thị,"₫ 25,000",-8%,"₫23,000",5,(164),Cháo Tươi Cây Thị - Thịt Bò (Mở gói ăn ngay) 240g,2.6K sold,https://www.lazada.vn/products/pdp-i245915514.html
Snacks & Confectionery,WANT WANT Store,,,"₫93,000",4.9,(180),Combo Bánh Gạo Hoa Tuyết Vị Nước Tương Thanh Cay 110g To Ngon Rõ Vị,567 sold,https://www.lazada.vn/products/pdp-i2955311015.html
Food Staples & Cooking Essentials,HẠT ĐÁC TƯƠI,"₫ 65,000",-11%,"₫58,000",4.9,(296),1kg HẠT ĐÁC Trung Nhỏ dùng nấu chè rim trái cay phù hợp cho quán trà sữa làm topping đồ uống,995 sold,https://www.lazada.vn/products/pdp-i2670881989.html
Snacks & Confectionery,SHOP HAIMY,,,"₫55,682",4.9,(19),500G Bánh Mochi Kem Sữa Mix 6 Vị Sầu Riêng Khoai Môn Đậu Nành XOÀI BƠ ĐÀO Thơm Ngon hàng đài loan shop haimy,62 sold,https://www.lazada.vn/products/pdp-i2584413267.html
Food Staples & Cooking Essentials,Ăn Vặt Linh Foods,,,"₫67,500",5,(293),Khô Bò Vụn Loại Lớn - Khô Bò Miếng Vụn Loại 2,798 sold,https://www.lazada.vn/products/pdp-i2441764975.html
Snacks & Confectionery,Viettin Mart 1593072786,"₫ 80,000",-46%,"₫43,200",4.9,(699),Chuối Nâu Sấy Giòn Không Đường VIETTIN MART,1.8K sold,https://www.lazada.vn/products/pdp-i2366338743.html
Pet Food,Pet Boss 95,"₫ 34,000",-45%,"₫16,900",4.9,(133),"GÀ SẤY DẺO CHO CHÓ MÈO, TREAT THƯỞNG CHO CHÓ 50GR",1.5K sold,https://www.lazada.vn/products/pdp-i2293749307.html
Snacks & Confectionery,Lanna Store,"₫ 230,000",-21%,"₫181,550",4.9,(262),"Socola LINDT đen đắng nguyên chất không đường độ đắng 90% 85% 70%, kẹo sô cô la ca cao ăn kiêng thanh 100g - Đức",1.6K sold,https://www.lazada.vn/products/pdp-i1254955390.html
Food Staples & Cooking Essentials,BACH HOA YEN HOA,,,"₫29,000",5,(4),1Kg Mứt bí lựu - làm bánh trung thu,31 sold,https://www.lazada.vn/products/pdp-i2422636261.html
Snacks & Confectionery,Moc Tra.Vn,"₫ 190,000",-20%,"₫92,000",4.9,(175),"( 850 gr làm được 60-65 kẹo Nougat ) Set làm Kẹo Nougat, Kẹo Hạnh Phúc, tự làm nougat ,sữa hạt, đủ bơ lạt và giấy gói",870 sold,https://www.lazada.vn/products/pdp-i1558779730.html
Milk Formula & Baby Food,Nấm Baby House - Cửa Hàng Ăn Dặm,"₫ 49,000",-44%,"₫27,370",5,(6),"Bánh ăn dặm cho bé Mini Bites Mămmy đủ vị, bổ sung canxi hỗ trợ tập nhai cho bé từ 6 tháng, gói 15g",9 sold,https://www.lazada.vn/products/pdp-i3166513383.html
Food Staples & Cooking Essentials,Tân Lộc Phát Food,"₫ 267,000",-46%,"₫144,000",5,(82),XOÀI SẤY DẺO MUỐI ỚT TÂN LỘC PHÁT 1KG | SẤY THĂNG HOA | Đồ ăn vặt yêu thích,275 sold,https://www.lazada.vn/products/pdp-i1314703536.html
Food Staples & Cooking Essentials,SK FOOD,"₫ 174,000",-47%,"₫92,900",4.7,(262),1kg 500g Nho Khô Vàng Nhập Khẩu Bổ Dưỡng Thương Hiệu SK FOOD,1.1K sold,https://www.lazada.vn/products/pdp-i918946478.html
Milk Formula & Baby Food,Con Cưng,,,"₫49,000",5,(47),Bánh Gặm Nướu Ngũ Cốc Grinny Vị Chuối,204 sold,https://www.lazada.vn/products/pdp-i2585310032.html
Pet Food,Hanpet thú cưng,"₫ 17,808",-7%,"₫16,620",4.7,(44),Hanpet - Bánh thưởng cho chó mèo (2 loại) SmartHeart khô và Thịt gà hấp mềm thức ăn chó mèo đồ ăn mèo và chó,509 sold,https://www.lazada.vn/products/pdp-i250772609.html
Snacks & Confectionery,duongngoctam7070,"₫ 210,000",-48%,"₫65,000",4.9,(132),Socola Dưa Hấu Tết Loại 1,396 sold,https://www.lazada.vn/products/pdp-i353742247.html
Snacks & Confectionery,Bánh Kẹo Phạm Nguyên store,"₫ 159,000",-34%,"₫119,250",5,(10),MUA 2 TẶNG 1 | Tổng cộng 3 Túi Kẹo Dẻo Thiên Thạch Từ Nước Ép Trái Cây Thật Mix Vị Popit 200g | Kẹo Dẻo | Đồ Ăn Vặt,50 sold,https://www.lazada.vn/products/pdp-i2952543537.html
Snacks & Confectionery,MasterKids,"₫ 140,000",-35%,"₫90,345",4.7,(11),"Bánh Mochi Sầu Riêng Hộp 500g Ngọt Nhẹ Vị Sầu Đặc Trưng, Bánh Thơm Ngon Cho Tín Đồ Mê Sầu",25 sold,https://www.lazada.vn/products/pdp-i2921090848.html
Snacks & Confectionery,Nguyên liệu làm bánh Nhất An 0931847626,,,"₫54,500",5,(3),Kẹo dẻo Marshmallow Erko Viên Nhỏ 500gr,23 sold,https://www.lazada.vn/products/pdp-i2601627863.html
Snacks & Confectionery,LYRIGAB,"₫ 193,300",-40%,"₫115,980",,Reviews,"Kẹo dẻo Glutathione Collagen chống lão hóa, làm trắng da, sáng da, bổ sung vitamin, kẹo dẻo Collagen",,https://www.lazada.vn/products/pdp-i3119888670.html
Snacks & Confectionery,MuaSam Nhanh,"₫ 59,000",-24%,"₫45,000",5,(29),"[Ho Chi Minh] 1 kg of jelly Zai mix with full taste, better when eating cold-Ty Duc muasam rapid Company",72 sold,https://www.lazada.vn/products/pdp-i2259755560.html
Food Staples & Cooking Essentials,Kho Thảo Dược 24h,"₫ 54,898",-18%,"₫25,898",5,(287),"Xí muội đào nâu bổ đôi, đặc sản Đà Lạt chính hiệu, hàng loại 1, vị chua ngọt, thanh nhiệt cơ thể, tăng sức đề kháng I Kho Thảo Dược 24h",1.0K sold,https://www.lazada.vn/products/pdp-i2631282402.html
Food Staples & Cooking Essentials,SK FOOD.Selection,"₫ 110,800",-23%,"₫85,200",5,(25),500G TRÁI CÂY SẤY KHÔ LOẠI 1 - NGUYÊN MIẾNG - GIÒN NGON HIỆU SK FOOD,328 sold,https://www.lazada.vn/products/pdp-i2633204928.html
Food Staples & Cooking Essentials,Genkai Rong Biển,"₫ 300,000",-53%,"₫25,000",5,(231),Rong Biển Nấu Canh GENKAI gói 25 - 50g,1.4K sold,https://www.lazada.vn/products/pdp-i2120746211.html
Pet Food,Gạo Pett Shop,"₫ 20,000",-26%,"₫14,500",4.9,(248),Bánh Thưởng Cho Chó Vị Thịt Bò Gói 100gr,3.0K sold,https://www.lazada.vn/products/pdp-i1129912708.html
Milk Formula & Baby Food,GUfoods,"₫ 29,900",-5%,"₫28,400",4.9,(133),"Bánh ăn dặm hữu cơ cho bé GUfoods (gói 40g = 25 bánh) - Dễ tiêu hoá, Phù hợp cho bé từ 1 tuổi, Không gia vị, Gạo organic",1.6K sold,https://www.lazada.vn/products/pdp-i1697946886.html
Pet Food,Petfood0933654968,,,"₫50,000",5,(2),XƯƠNG GẶM SẠCH RĂNG YAHO CHO CHÓ NHIỀU VỊ HỘP 165G,16 sold,https://www.lazada.vn/products/pdp-i2629880101.html
Food Staples & Cooking Essentials,HCM-Thế Giới Bánh Tráng 2,,,"₫35,000",5,(873),1 xấp bánh tráng mỏng Tân Nhiên cuốn rau sống thịt luộc cực ngon,5.7K sold,https://www.lazada.vn/products/pdp-i646120709.html
Food Staples & Cooking Essentials,CHẢLỤANGON,"₫ 87,000",-17%,"₫72,124",4.9,(1725),CHẢ LỤA GÂN ỚT XIÊM ( 500G ),5.1K sold,https://www.lazada.vn/products/pdp-i2051764072.html
Bakery & Breakfast,Thuduc food,"₫ 146,000",-28%,"₫105,000",4.9,(121),BÁNH THUYỀN Mix Hạt dinh dưỡng ( Tặng 1 viên Lương khô),365 sold,https://www.lazada.vn/products/pdp-i2841012801.html
Pet Food,Soobin Petshop,"₫ 55,000",-29%,"₫39,000",4.6,(20),SNACK Natural Core  THỊT ỨC SẤY CỨNG  cho chó.,114 sold,https://www.lazada.vn/products/pdp-i2400051131.html
Pet Food,MONO PETSKY,"₫ 38,300",-50%,"₫43,000",5,(100),Đồ sấy các loại dành cho chó mèo túi (túi chiết/hộp),220 sold,https://www.lazada.vn/products/pdp-i2418926751.html
Milk Formula & Baby Food,Con Cưng,,,"₫70,000",5,(10),Mì Baby Somen vị rau củ dành cho trẻ từ 6 tháng tuổi (hiệu Hakubaku),52 sold,https://www.lazada.vn/products/pdp-i2724543515.html
Snacks & Confectionery,Viettin Mart 1593072786,"₫ 82,800",-52%,"₫39,400",4.9,(85),Kẹo dừa lá dứa sầu riêng hiệu Thanh Long,774 sold,https://www.lazada.vn/products/pdp-i785056801.html
Snacks & Confectionery,GUfoods,"₫ 178,900",-4%,"₫127,900",4.9,(1926),"Gufoods dark rice cake-oil-free, sugar-free, rice and cereal, healthy, good for eat clean, healthy snacks, food, gym, satisfied with diverse flavor",10.0K sold,https://www.lazada.vn/products/pdp-i247435087.html
Food Staples & Cooking Essentials,SHOP HAIMY,"₫ 145,000",-7%,"₫135,000",4.9,(313),1kg dried grape-Indian yellow grape-Chinese New Year jam-snacks,854 sold,https://www.lazada.vn/products/pdp-i2084371505.html
Food Staples & Cooking Essentials,HCM-Thế Giới Bánh Tráng 2,,,"₫70,000",4.9,(230),(Túi Zip 500gr) bánh tráng muối tỏi sa tế Tây Ninh cực ngon,935 sold,https://www.lazada.vn/products/pdp-i360270718.html
Milk Formula & Baby Food,Nhà Heoya,"₫ 70,000",-11%,"₫45,000",5,(26),BÁNH QUE ĂN DẶM HỮU CƠ BEBEDANG CHO BÉ TỪ 6M+,127 sold,https://www.lazada.vn/products/pdp-i1876409069.html
Milk Formula & Baby Food,Thực Phẩm Dinh Dưỡng Cây Thị,"₫ 25,000",-8%,"₫23,000",4.9,(177),Cháo Tươi Cây Thị - Lươn Đậu Xanh (Mở gói ăn ngay) 240g,2.5K sold,https://www.lazada.vn/products/pdp-i245911924.html
Pet Food,Shop Nhà Gấu,,,"₫47,300",5,(50),Xương Gặm ăn Vặt Dinh Dưỡng Yaho My Dog Cho chó,302 sold,https://www.lazada.vn/products/pdp-i894956891.html
Food Staples & Cooking Essentials,THỰC PHẨM SẠCH 3 MIỀN - ĐỒ ĂN VẶT.Selection,"₫ 113,300",-23%,"₫87,100",,Reviews,Thanh rong biển kẹp hạt dinh dưỡng món ăn nhiều dưỡng chất tốt cho sức khỏe mỗi bịch 250g,,https://www.lazada.vn/products/pdp-i2994954214.html
Milk Formula & Baby Food,Babyyum store,"₫ 40,000",-12%,"₫35,000",5,(247),GIA VỊ RẮC CƠM TRỘN NHẬT MARUMIYA - Hàng Nội Địa Nhật,2.9K sold,https://www.lazada.vn/products/pdp-i1613460911.html
Pet Food,Soobin Petshop,"₫ 55,000",-29%,"₫39,000",5,(156),SNACK Natural Core THỊT ỨC SẤY cho chó.,751 sold,https://www.lazada.vn/products/pdp-i2397468834.html
Pet Food,Sumiho Pet Store,"₫ 23,000",-13%,"₫20,000",5,(120),Dog treat Bone Appétit by Sumiho (100gr) suitable for dogs from 2months old,849 sold,https://www.lazada.vn/products/pdp-i2102975248.html
Pet Food,PET SHOP PRO,"₫ 48,000",-44%,"₫27,000",5,(49),XƯƠNG GẶM CHO CHÓ Fonti INU C14 Que da heo Gói 50g Thơm ngon Dinh dưỡng Sạch răng Thơm miệng Giúp hàm chắc khỏe SXtại VN - Pet shop Uytinpro,714 sold,https://www.lazada.vn/products/pdp-i1556270113.html
Food Staples & Cooking Essentials,MASAN CONSUMER,"₫ 195,000",-29%,"₫139,000",5,(978),[15.9 - 17.9 Voucher 18% CHO ĐƠN TỪ 199K]Kokomi Đại Mì Xào 90 Vị Bò Xốt Cà thùng 30gói x  95gr,2.6K sold,https://www.lazada.vn/products/pdp-i2838008035.html
Food Staples & Cooking Essentials,SK FOOD.Selection,"₫ 187,000",-23%,"₫143,800",5,(7),COMBO 2 HŨ : 500G KHÔ GÀ LÁ CHANH CAO CẤP - 300G KHÔ BÒ SỢI THƯƠNG HIỆU SK FOOD,159 sold,https://www.lazada.vn/products/pdp-i2598128959.html
Pet Food,ZOEF,"₫ 139,000",-43%,"₫79,000",4.9,(766),ZOEF Thịt Đông Khô Chân Mèo Đồ Ăn Nhẹ Cho Thú Cưng Làm Sạch Răng Dinh Dưỡng Mang Cá Hồi Khoai Tây Tím Gà Hương Vị Lòng Đỏ Trứng LI0535,5.0K sold,https://www.lazada.vn/products/pdp-i2310194402.html
Snacks & Confectionery,Ăn Vặt Cô Nương Béo,"₫ 3,800",-50%,"₫1,900",4.9,(12),Kẹo socola Choco Cube thanh 5 viên bánh kẹo tết đồ ăn vặt cô nương béo,299 sold,https://www.lazada.vn/products/pdp-i2121123307.html
Food Staples & Cooking Essentials,TPS NICE,"₫ 60,000",-25%,"₫67,500",4.8,(287),HẠT BÍ SẤY GIÒN THƯỢNG HẠNG SK FOOD - HƯƠNG VỊ TẾT,782 sold,https://www.lazada.vn/products/pdp-i408954174.html
Drinks,Phuc Thinh Food - Imported Goods,"₫ 60,000",-35%,"₫39,200",5,(8),"Hộp 10 Gói Trân châu trắng kim cương Ăn liền Oppa Bubble hộp 350g (35g*10 gói) - Nguyên Liệu Nấu Trà Sữa, Sữa Tươi",51 sold,https://www.lazada.vn/products/pdp-i1676359343.html
Milk Formula & Baby Food,Babyyum store,"₫ 120,000",-21%,"₫74,175",5,(578),"Mì ăn liền Mug Nissin‎ Nhật Bản cho bé ăn dặm 2 vị hải sản và vị thịt,1 bịch có 4 gói nhỏ",5.8K sold,https://www.lazada.vn/products/pdp-i409374884.html
Food Staples & Cooking Essentials,HCM-Thế Giới Bánh Tráng 2,,,"₫31,000",4.9,(4627),500g bánh tráng rìa phơi sương mềm dẻo ngon loại 1 Tây Ninh - đồ ăn vặt KO KÈM MUỐI,32.9K sold,https://www.lazada.vn/products/pdp-i690768039.html
Snacks & Confectionery,YOOSOO,"₫ 5,000",-40%,"₫3,000",4.8,(1279),Sumika cow milk fondant 140g/275g super delicious-bibica-Yoosoo,6.5K sold,https://www.lazada.vn/products/pdp-i2315650821.html
Milk Formula & Baby Food,Hải Anh Family,"₫ 90,000",-33%,"₫59,900",5,(45),"Mì Somen, Udon, Spaghetti tách muối cho bé ăn dặm nhập khẩu Nhật Bản",210 sold,https://www.lazada.vn/products/pdp-i1526737662.html
Food Staples & Cooking Essentials,CHẢLỤANGON,"₫ 155,000",-18%,"₫127,264",4.9,(162),GIÒ THỦ NHÀ LÀM (1KG) không tính vỏ,480 sold,https://www.lazada.vn/products/pdp-i2051666661.html
Pet Food,iPet Shop,,,"₫23,200",5,(3318),Thức Ăn Hạt Khô Cho Mèo APro IQ Formula 500g - iPet Shop,50.5K sold,https://www.lazada.vn/products/pdp-i266492459.html
Snacks & Confectionery,Moc Tra.Vn,,,"₫6,000",4.8,(32),"Nguyên liệu tự chọn làm kẹo nougat, kẹo hạnh phúc, kẹo marshmallow, bột sữa, bơ,hạt điều, hạnh nhân, hạt bí, hạt hướng dương, quả mơ, quả dâu, quả kiwi, bột matcha, bột vị dâu,bột vị xoài, giấy gạo, giấy nến, vỏ túi kẹo",439 sold,https://www.lazada.vn/products/pdp-i2055986388.html
Snacks & Confectionery,HangNga Shop,,,"₫42,000",3,(4),[DATE 2026] - Bánh Quy Danisa Abbracci & Chocofello - hộp 12 gói 168g &150g,14 sold,https://www.lazada.vn/products/pdp-i3114286934.html
Milk Formula & Baby Food,MumBé,"₫ 119,000",-30%,"₫83,000",3.7,(3),Bánh Ăn Dặm Mămmy Hủ Cho Bé Ăn Dặm Từ 6 Tháng Hương Vị Rau Củ Quả Ngọt Ngào Giòn Xốp Tan Nhanh,23 sold,https://www.lazada.vn/products/pdp-i3034725990.html
Milk Formula & Baby Food,nhanhvalelzd,"₫ 5,000",-25%,"₫3,750",4.9,(16),Đậu phộng nước cốt dừa Tân Tân gói 15g,670 sold,https://www.lazada.vn/products/pdp-i1048558062.html
Pet Food,Shop Nhà Gấu,,,"₫12,100",5,(43),Ức gà hấp ăn liền cho chó mèo MASTI/ PET SNACK/ REAL CHICKEN gói 40g,1.8K sold,https://www.lazada.vn/products/pdp-i1591355198.html
Snacks & Confectionery,SK FOOD.Selection,"₫ 152,300",-23%,"₫117,100",5,(28),1kg Đậu phộng rang tỏi ớt giòn tan hiệu SK FOOD,280 sold,https://www.lazada.vn/products/pdp-i2598055646.html
Food Staples & Cooking Essentials,SHOP HAIMY,"₫ 104,000",-46%,"₫56,000",4.8,(23),"500g special spicy popcorn fruit print, spicy candy sour flavor-snacks-food-snacks",114 sold,https://www.lazada.vn/products/pdp-i2036973631.html
Snacks & Confectionery,Feastables Store VN,,,"₫73,000",4.8,(4),[Genuine] Feastables Creamy Peanut Butter Eggs Chocolate Candy - 35g,24 sold,https://www.lazada.vn/products/pdp-i3146451162.html
Pet Food,Sumiho Pet Store,"₫ 39,000",-10%,"₫35,000",4.9,(51),"Rau củ sấy khô cho chó mèo Sumiho (Khoai, bắp cải, bí đỏ, cà rốt, bông cải) dùng trộn cơm hoặc hạt",403 sold,https://www.lazada.vn/products/pdp-i1069376381.html
Milk Formula & Baby Food,Shibou Shop,,,"₫46,000",5,(6),Hoành Thánh Toyo Suisan cho bé 12M+ 55gr,83 sold,https://www.lazada.vn/products/pdp-i1519646734.html
Milk Formula & Baby Food,conyeugiasi,"₫ 95,000",-9%,"₫82,000",5,(430),Phô Mai QBB Nhật Bản Nhiều Vị Cho Bé,2.1K sold,https://www.lazada.vn/products/pdp-i715114938.html
Pet Food,Pet Boss 95,"₫ 25,900",-46%,"₫14,000",5,(66),"BÁNH QUY SỮA 100GRAM CHO CHÓ MÈO GIÒN TAN ,ĂN SẠCH MẢNG BÁM RĂNG",697 sold,https://www.lazada.vn/products/pdp-i1918920679.html
Pet Food,Thú Cưng Của Tui,"₫ 25,000",-24%,"₫19,000",,Reviews,Đồ Ăn Vặt Sấy Khô Kilig Cat Tiện Lợi Dành Cho Mèo - Thú Cưng Của Tui,,https://www.lazada.vn/products/pdp-i2618277186.html
Food Staples & Cooking Essentials,NHẤT TÍN Food,"₫ 90,000",-43%,"₫51,000",4.9,(41),Hạnh nhân nguyên vỏ rang bơ NTFood - Nhất Tín Food,164 sold,https://www.lazada.vn/products/pdp-i1664821142.html
Snacks & Confectionery,BongBong 572,"₫ 280,000",-47%,"₫74,000",4.9,(27),1 Thùng bánh MOCHI - đài loan đủ 4 vị mix 2 kg loại 1 -75-79 cái,72 sold,https://www.lazada.vn/products/pdp-i2279514820.html
Snacks & Confectionery,Figo Chocolatier,"₫ 15,000",-8%,"₫13,830",5,(57),"[SIÊU NGHIỆN] Kẹo socola sữa Hạt điều 20g FIGO, FIFOOD VIỆT NAM",496 sold,https://www.lazada.vn/products/pdp-i1347523426.html
Pet Food,ShopPetAz,,,"₫159,860",4.9,(203),"[Hoàn Tiền 10%] [500g] Thịt Ức Gà Viên Sấy Khô Thơm Ngon Cho Chó Mèo , thú cưng vật nuôi nhiều dinh dưỡng",841 sold,https://www.lazada.vn/products/pdp-i2188140495.html
Food Staples & Cooking Essentials,HCM-Thế Giới Bánh Tráng 2,,,"₫45,000",4.8,(82),Mới về! 500g BÁNH PHƠI SƯƠNG TRÒN Tây Ninh,354 sold,https://www.lazada.vn/products/pdp-i2356483388.html
Food Staples & Cooking Essentials,MASAN CONSUMER,"₫ 378,000",-26%,"₫275,235",5,(1844),[15.9 - 17.9 Voucher 18% CHO ĐƠN TỪ 199K]Thùng Mì Omachi Gói 80g - Thùng 30 Gói x 80g,4.9K sold,https://www.lazada.vn/products/pdp-i2490844077.html
Milk Formula & Baby Food,Thực Phẩm Dinh Dưỡng Cây Thị,"₫ 25,000",-8%,"₫23,000",4.9,(158),Cháo tươi Cây Thị - Ếch Đậu Hà Lan (Mở gói ăn ngay) 240g,1.6K sold,https://www.lazada.vn/products/pdp-i855690766.html
Milk Formula & Baby Food,Thực Phẩm Dinh Dưỡng Cây Thị,"₫ 28,000",-8%,"₫25,760",5,(167),Cháo Tươi Cây Thị - Cá Hồi (Mở gói ăn ngay) 240g,2.2K sold,https://www.lazada.vn/products/pdp-i245919082.html
Pet Food,Paddy Pet Shop,"₫ 120,000",-26%,"₫89,000",5,(143),Bánh Thưởng Cho Chó Thịt Sấy Gooday,2.2K sold,https://www.lazada.vn/products/pdp-i1394240627.html
Food Staples & Cooking Essentials,Cơ Sở Lạp Xưởng Hiền Mình Food Sỉ & Lẻ,"₫ 39,000",-11%,"₫29,000",4.9,(527),(HCM) Nem Chua Lai Vung Loại 1,2.8K sold,https://www.lazada.vn/products/pdp-i2040064434.html
Pet Food,THE GIOI XUONG GAM PETSHOP,,,"₫79,000",5,(32),MUNZNIE Sợi cá 140G/150G BÁNH THƯỞNG CHO CHÓ,213 sold,https://www.lazada.vn/products/pdp-i2154265180.html
Snacks & Confectionery,VPP HOÀNG HUY GLOBAL,,,"₫82,000",,Reviews,"TÚI 500GR KẸO BÔNG GÒN NHÂN TAN CHẢY VỊ DÂU, KẸO BÔNG SỮA MARSHMALLOW THƠM NGON",,https://www.lazada.vn/products/pdp-i3086453764.html
Snacks & Confectionery,Viettin Mart 1593072786,"₫ 100,740",-50%,"₫50,100",5,(29),Kẹo Dâu Tây Mix Dâu Tằm Đặc Sản Đà Lạt Viettin Mart 500g,97 sold,https://www.lazada.vn/products/pdp-i2043120217.html
Pet Food,PetShop24h,"₫ 35,700",-29%,"₫25,500",5,(7),XƯƠNG GẶM CHO CHÓ Fonti INU C28 Munchy Gói 120g Thơm ngon Dinh dưỡng Sạch răng Thơm miệng Giúp hàm chắc khỏe SX tại VN - Pet shop 24,102 sold,https://www.lazada.vn/products/pdp-i2005038805.html
Snacks & Confectionery,Chuồn Chuồn Đỏ.Selection,"₫ 143,200",-23%,"₫110,100",5,(1),"[Combo 6 gói] Kẹo Dẻo Cokoc Đủ Hương Vị - Kẹo Trái Cây Lột Vỏ 3D Bobo Ít Đường, Tốt Cho Sức Khỏe",6 sold,https://www.lazada.vn/products/pdp-i2792131247.html
Food Staples & Cooking Essentials,Healthy's Store2,"₫ 96,000",-50%,"₫33,300",4.9,(93),1 kg Ức Bụng Mỡ Khô Cá Dứa Siêu Béo- Thực phẩm Tâm An,272 sold,https://www.lazada.vn/products/pdp-i3004489872.html
Food Staples & Cooking Essentials,MASAN CONSUMER,"₫ 720,000",-30%,"₫505,000",5,(1714),Combo 2 thùng Mì Khoai Tây Omachi Lẩu Tôm Càng - Thùng 30 Gói x 80g,3.5K sold,https://www.lazada.vn/products/pdp-i2583345997.html
Food Staples & Cooking Essentials,SHOP HAIMY,,,"₫20,590",5,(2),100g CHÙM RUỘT SỐC MUỐI ỚT KHÁCH ĂN THỬ - đồ ăn vặt,,https://www.lazada.vn/products/pdp-i2425973096.html
Milk Formula & Baby Food,NẾP SHOP - HÀNG NHẬT NỘI ĐỊA,"₫ 45,000",-31%,"₫31,000",4.8,(119),"Thạch trái cây Orihiro đủ vị Nhật Bản (1 vị_6 cái; 2 vị_12 cái; 3 vị_24 cái), cho bé từ 1 tuổi - Nếp shop",592 sold,https://www.lazada.vn/products/pdp-i1129880570.html
Snacks & Confectionery,ĂN VẶT THỊ BỐNG,"₫ 12,000",-50%,"₫11,000",5,(6),"Combo Nhiều Đồ Ăn Vặt Tuổi Thơ Tăm Đậu Hà Lan, Bánh Pò Quẩy, Snack Quẩy Cay Đồ Ăn Vặt Giá Rẻ 1k",95 sold,https://www.lazada.vn/products/pdp-i2053998519.html
Food Staples & Cooking Essentials,ĐỒ DÙNG ĐA TIỆN ÍCH,"₫ 5,000",-44%,"₫3,000",5,(4),"(💥đồ ăn vặt 1k💥) đồ ăn vặt tuổi thơ , tăm cay đen, chân gà cay tứ xuyên,đồ ăn vặt cổng trường",11 sold,https://www.lazada.vn/products/pdp-i2105399103.html
Food Staples & Cooking Essentials,Anvat492,"₫ 10,000",-41%,"₫7,800",4.7,(30),Tổng Hợp Set Ăn Vặt Trung Ngon Hot - Ăn Vặt 492,718 sold,https://www.lazada.vn/products/pdp-i1893798390.html
Snacks & Confectionery,Ăn vặt store TD,,,"₫12,000",4.8,(50),100gr kẹo chip chip dẻo,264 sold,https://www.lazada.vn/products/pdp-i2332280769.html
Snacks & Confectionery,ChocolateFigo.Bột Cacao Hà Nội,"₫ 150,000",-50%,"₫75,000",3.3,(15),"Socola Dubai hot trend siêu ngon, Sợi kataifi giòn tan nhân Mattcha Hạt Dẻ Điều FIGO 70gram",61 sold,https://www.lazada.vn/products/pdp-i2792921645.html
Milk Formula & Baby Food,Con Cưng,,,"₫49,000",5,(29),Bánh Gặm Nướu Ngũ Cốc Grinny Vị Dâu Tây,120 sold,https://www.lazada.vn/products/pdp-i2585220482.html
Snacks & Confectionery,ChocolateFigo.Bột Cacao Hà Nội,"₫ 75,000",-27%,"₫55,000",4.8,(39),"[KETO, LOWCARB, DAS] Socola đen đắng 100% Cacao Đường ăn Kiêng Figo, Dark Chocolate 100% Diet Cacao Hộp 50gr",324 sold,https://www.lazada.vn/products/pdp-i781516894.html
Food Staples & Cooking Essentials,SIÊU THỊ ĐỒ KHÔ VŨNG TÀU,"₫ 199,000",-42%,"₫89,100",4.9,(15),"500G HẠT ĐIỀU A CỒ BÌNH PHƯỚC- HAT TO, RẤT NGON, THƠM VÀ BÙI ngon",57 sold,https://www.lazada.vn/products/pdp-i2519655142.html
Snacks & Confectionery,SK FOOD.Selection,"₫ 56,500",-23%,"₫43,400",,Reviews,Xoài sấy dẻo muối ót cay chua ngọt SK FOOD 100g,,https://www.lazada.vn/products/pdp-i2825703487.html
Food Staples & Cooking Essentials,Xuân Tự - Thuốc Thú Y và Thú Cưng,,,"₫29,000",5,(1),Xương Ăn Vặt Orgo 4 vị,,https://www.lazada.vn/products/pdp-i1591368579.html
Snacks & Confectionery,E.B shop - Đồ làm bánh,,,"₫15,900",5,(1),Nguyên liệu làm kẹo Nougat kẹo Hạnh phúc,5 sold,https://www.lazada.vn/products/pdp-i2637346217.html
Food Staples & Cooking Essentials,SK FOOD.Selection,"₫ 81,400",-23%,"₫62,600",4,(7),Khô bò sợi thơm ngon chất lượng SKFOOD (khô heo vị bò) - Hũ 300G,536 sold,https://www.lazada.vn/products/pdp-i2633540139.html
Pet Food,Tiệm 4 chân - 4-Paw Petshop,"₫ 1,586",-20%,"₫1,269",5,(7),(15g) Thức ăn thưởng snack xúc xích cho chó mèo các vị,54 sold,https://www.lazada.vn/products/pdp-i2434575187.html
Pet Food,MIYEU SHOP,"₫ 28,000",-25%,"₫21,000",,Reviews,Snack cho chó Orgo - 90gr,5 sold,https://www.lazada.vn/products/pdp-i2074212414.html
Snacks & Confectionery,duongngoctam7070,"₫ 129,000",-34%,"₫85,500",4.9,(607),"Vietnamese corn gum, fruit gum",2.7K sold,https://www.lazada.vn/products/pdp-i439332206.html
Food Staples & Cooking Essentials,Russian Mart VN,"₫ 109,000",-14%,"₫93,951",4.9,(30),Cá Hồi Hun Khói Ngâm Dầu Đóng Hộp Hiệu Vitafish Loại Premium 120g,107 sold,https://www.lazada.vn/products/pdp-i2581486064.html
Food Staples & Cooking Essentials,HCM-Thế Giới Bánh Tráng 2,,,"₫70,000",4.7,(13),"Bánh Tráng Chay Cuộn Hành Phi Mềm Mịn 10 Bịch - Lựa Chọn Khỏe Mạnh, Không GMO",50 sold,https://www.lazada.vn/products/pdp-i2615499343.html
Pet Food,BBPetshop,,,"₫50,000",,Reviews,Xúc xích thịt heo & bí ngô tươi cắt lát Tellme 70g,,https://www.lazada.vn/products/pdp-i2552477984.html
Drinks,tea and coffee supermarket,"₫ 62,000",-5%,"₫21,000",,Reviews,"""Thạch Dừa Lốc 3 Ly 610gr Hạnh Dung – Thạch Dừa Topping Trà Sữa, Chè, Yaourt, Ăn Vặt Giòn Dai Sần Sật, Tiện Lợi Ngon Sạch""",,https://www.lazada.vn/products/pdp-i3180880469.html
Pet Food,THE GIOI XUONG GAM PETSHOP,,,"₫48,000",5,(453),[HCM] SNACK JERHIGH CHO CHÓ GIÀU DINH DƯỠNG BÁNH THƯỞNG,7.2K sold,https://www.lazada.vn/products/pdp-i298436427.html
Pet Food,PetShop24h,"₫ 127,500",-21%,"₫100,300",5,(22),Thức ăn hạt cho Chó trưởng thành Ganador Gói 1.5kg Thương hiệu từ Pháp Bổ sung dinh dưỡng hoàn chỉnh cho tất cả cácgiống,82 sold,https://www.lazada.vn/products/pdp-i2478503116.html
Snacks & Confectionery,HCM-Thế Giới Bánh Tráng 2,,,"₫85,000",4.9,(300),Combo 10 bánh tráng me Tây Ninh siêu ngon !!! Út Yến,1.3K sold,https://www.lazada.vn/products/pdp-i334960565.html
Snacks & Confectionery,Feastables Store VN,"₫ 125,000",-1%,"₫123,750",,Reviews,[Genuine] Feastables Mrbeast Almond Chocolate Candy - 60g,,https://www.lazada.vn/products/pdp-i3161352590.html
Milk Formula & Baby Food,SHOP NHẬT 247 - Hàng Nhật chính hãng,"₫ 199,000",-54%,"₫92,466",5,(25),Gia vị rắc cơm 6 vị 30 gói nhỏ 75g - Nội địa Nhật Bản,94 sold,https://www.lazada.vn/products/pdp-i2204354668.html
Food Staples & Cooking Essentials,Viettin Mart 1593072786,"₫ 179,400",-50%,"₫89,000",4.8,(65),Khô Trâu Miếng Vị Cay Tứ Xuyên Loại 1 Siêu Ngon - Viettin Mart,332 sold,https://www.lazada.vn/products/pdp-i711248726.html
Snacks & Confectionery,Figo Chocolatier,"₫ 200,000",-4%,"₫192,200",4.7,(55),"[SIÊU NGON-COMBO 10 HỘP 50G] Kẹo socola sữa Hạnh nhân, Hạt điều, Dừa, Hạt cacao FIGO, đồ ăn vặt văn phòng siêu ngon",284 sold,https://www.lazada.vn/products/pdp-i1425202456.html
Food Staples & Cooking Essentials,Viettin Mart 1593072786,"₫ 89,700",-20%,"₫71,600",4.9,(237),Combo 1kg đậu phộng da cá vị nước cốt dừa - Viettin Mart,686 sold,https://www.lazada.vn/products/pdp-i711286016.html
Milk Formula & Baby Food,MumBé,"₫ 120,000",-32%,"₫49,000",5,(6),Phô mai tách muối Mămmy dạng bột rắc cơm cháo cho bé ăn dặm,27 sold,https://www.lazada.vn/products/pdp-i2948675871.html
Milk Formula & Baby Food,Thực Phẩm Dinh Dưỡng Cây Thị,"₫ 256,000",-10%,"₫230,400",4.9,(332),"Combo 10 Gói Cháo Tươi Cây Thị: 2 Gà Ác Đậu Xanh, 2 Thịt Bò, 2 Thịt Heo, 1 Cá Hồi, 1 Cá Lóc, 1 Lươn Đậu Xanh, 1 Rau Củ",1.4K sold,https://www.lazada.vn/products/pdp-i547086394.html
Snacks & Confectionery,HCM-Thế Giới Bánh Tráng 2,,,"₫75,000",5,(75),"BÁNH TRÁNG RONG BIỂN CHAY 500G – GIÒN TAN, THANH VỊ, TÚI ZIP TIỆN DỤNG",262 sold,https://www.lazada.vn/products/pdp-i2361814783.html
Milk Formula & Baby Food,FUJI Market,"₫ 45,000",-5%,"₫41,760",5,(26),Gia vị rắc cơm cho bé Marumiya hương vị Nhật Bản,102 sold,https://www.lazada.vn/products/pdp-i2419372973.html
Milk Formula & Baby Food,Thực Phẩm Dinh Dưỡng Cây Thị,"₫ 180,000",-12%,"₫158,400",5,(23),Combo 6 Gói Súp Dinh Dưỡng Cây Thị,91 sold,https://www.lazada.vn/products/pdp-i2612045433.html
Food Staples & Cooking Essentials,MASAN CONSUMER,"₫ 127,008",-24%,"₫95,000",5,(379),[15.9 - 17.9 Voucher 18% CHO ĐƠN TỪ 199K]Hộp Hotdog Ponnie Giòn Ăn Liền Sụn Vị Bbq Hộp X 20Gói X 20Gr,1.3K sold,https://www.lazada.vn/products/pdp-i2925333018.html
Snacks & Confectionery,duongngoctam7070,"₫ 75,000",-20%,"₫60,232",5,(235),Kẹo Đậu Phộng Bơ Đỏ Hình Thần Tài Gói 500G,981 sold,https://www.lazada.vn/products/pdp-i352962856.html
Snacks & Confectionery,BeeGin Mart,"₫ 45,000",-24%,"₫25,256",4.9,(25),"Khay 12 Bánh Mochi Dẻo Nhân Kem vỊ Sữa Chua, Trà Xanh, Xoài 180g B228 - BeeGin Mart",101 sold,https://www.lazada.vn/products/pdp-i2858257047.html
Pet Food,PET SHOP AK,,,"₫50,000",5,(46),Thức ăn  hạt cho mèo catrang gói 1kg,182 sold,https://www.lazada.vn/products/pdp-i2421846290.html
Milk Formula & Baby Food,Hải Anh Family,"₫ 30,000",-40%,"₫18,000",4.9,(120),"Nui mì hữu cơ nhập khẩu nhiều hình, nhiều vị cho bé ăn dặm - gói 50g",791 sold,https://www.lazada.vn/products/pdp-i1526315822.html
Snacks & Confectionery,Figo Chocolatier,"₫ 25,000",-8%,"₫32,270",,Reviews,"Milk Chocolate không nhân 50g FIGO , quà tặng truyền thông bao bì sản phẩm mới",,https://www.lazada.vn/products/pdp-i2533068523.html
Bakery & Breakfast,SuSuTo Shop,"₫ 100,000",-32%,"₫67,920",4.7,(499),1kg thanh cơm gạo lứt ngũ cốc hạt chất lượng ( túi zip ) hỗ trợ giảm cân ăn kiêng - Đồ ăn vặt SUSUTOSHOP,2.4K sold,https://www.lazada.vn/products/pdp-i1884229827.html
Snacks & Confectionery,Cửa Hàng Đồ Mỹ TPT,,,"₫9,900",4.7,(72),Socola mỹ Snickers Twix MilkyWay 100Grand Almond Joy York Pepermint Pattie KitKat M&M Reese's-Cửa hàng đồ Mỹ TPT,1.6K sold,https://www.lazada.vn/products/pdp-i1586729646.html
Snacks & Confectionery,Hachi Hachi Japan Shop,"₫ 50,000",-10%,"₫45,000",4.9,(77),UHA tokno-hachi Hachi Japan shop green tea milk candy/strawberry milk/fresh cream,617 sold,https://www.lazada.vn/products/pdp-i1712844352.html
Snacks & Confectionery,Ăn vặt 492 shop,"₫ 4,000",-45%,"₫2,200",5,(4),Kẹo Bông Marshmallow 15g - Ăn Vặt 492,15 sold,https://www.lazada.vn/products/pdp-i2361472105.html
Snacks & Confectionery,Super Mint,"₫ 27,000",-37%,"₫17,000",4.9,(733),Kẹo mứt dâu tằm - dâu tây - Me cay [Hàng chính gốc Đà Lạt] 200g - bánh kẹo ăn vặt ngon,8.6K sold,https://www.lazada.vn/products/pdp-i1500330874.html
Food Staples & Cooking Essentials,Ăn vặt nhà Cốm,,,"₫10,500",5,(4),"Bánh tráng tẩm vị Tây Ninh 70g, đặc sản ăn vặt siêu ngon - Ăn vặt nhà Cốm",23 sold,https://www.lazada.vn/products/pdp-i3040326796.html
Milk Formula & Baby Food,Con Cưng,,,"₫49,000",5,(34),Bánh ăn dặm Grinny vị bí ngô,159 sold,https://www.lazada.vn/products/pdp-i2338352068.html
Pet Food,Shop Nhà Gấu,"₫ 77,000",-22%,"₫60,000",4.9,(24),Thức ăn hạt cho chó Dog Mania Premium 1kg/5kg (Nhập khẩu Hàn Quốc),79 sold,https://www.lazada.vn/products/pdp-i245917246.html
Snacks & Confectionery,Glico Vietnam,"₫ 100,000",-22%,"₫77,498",5,(282),Combo of 10 mix chocolate bar with Glico Alfie,1.1K sold,https://www.lazada.vn/products/pdp-i2241089004.html
Milk Formula & Baby Food,Babyyum store,"₫ 100,000",-45%,"₫55,085",4.9,(135),Bánh ăn dặm pigeon Nhật Bản cho bé 6 - 9 tháng tuổi hoá đơn đầy đủ,911 sold,https://www.lazada.vn/products/pdp-i600300092.html
Snacks & Confectionery,Bach hoa nho xinh,,,"₫28,000",5,(1),(2026) KẸO HƯƠNG BẠC HÀ NHÂN SOCOLA DYNAMITE BIGBANG 3SIZE 330G/120G/45G (CÓ SỈ),10 sold,https://www.lazada.vn/products/pdp-i1991279869.html
Food Staples & Cooking Essentials,MộcLan HEALTHY FOODS,"₫ 145,000",-20%,"₫64,000",5,(28),"Thanh mè đen, mix hạt dinh dưỡng Mộc Lan Healthy 250g, 500g",72 sold,https://www.lazada.vn/products/pdp-i2999200737.html
Food Staples & Cooking Essentials,T&A County Market - Tet Gift,"₫ 140,000",-44%,"₫60,000",4.9,(277),Beads maca crack shell 500gr type 1 nut premium Macca longer shell have split Shell natural fragrance gon diet raw-market beads T & A,872 sold,https://www.lazada.vn/products/pdp-i1506854664.html
Pet Food,Hanpet Petshop,,,"₫55,901",5,(3),thức ăn cho MÈO TA  Zoicat 1kg,35 sold,https://www.lazada.vn/products/pdp-i2665328274.html
Snacks & Confectionery,Figo Chocolatier,"₫ 80,000",-8%,"₫73,760",4.9,(67),[Giao hoả tốc HCM] Combo Quà tặng+ có cột nơ ruy băng túi quà 3 hộp Chocolate sữa mix vị tự chọn 50gram Figo,419 sold,https://www.lazada.vn/products/pdp-i1714426075.html
Food Staples & Cooking Essentials,Thuytrananvat,,,"₫45,000",4.8,(32),1KG CHUỐI SẤY MÈ GỪNG GIÒN TAN LOẠI NGON,105 sold,https://www.lazada.vn/products/pdp-i2636328484.html
Milk Formula & Baby Food,Hải Anh Family,"₫ 13,000",-50%,"₫6,500",5,(134),"Hạt nêm cho bé ăn dặm nội địa Nhật, nhiều vị - bán lẻ gói",1.3K sold,https://www.lazada.vn/products/pdp-i1733958461.html
Food Staples & Cooking Essentials,MASAN CONSUMER,"₫ 378,000",-27%,"₫277,000",5,(326),[15.9 - 17.9 Voucher 18% CHO ĐƠN TỪ 199K](Chọn Loại)Mì dinh dưỡng khoai tây Omachi trộn xốt tôm hương vị phô mai trứng muối 30gói x 92gr,778 sold,https://www.lazada.vn/products/pdp-i3065225850.html
Milk Formula & Baby Food,Thực Phẩm Dinh Dưỡng Cây Thị,"₫ 24,000",-8%,"₫22,080",4.9,(203),Fresh rice porridge - Pork,3.4K sold,https://www.lazada.vn/products/pdp-i245845483.html
Pet Food,gaupetshop07,"₫ 70,000",-1%,"₫69,000",5,(6),Thức Ăn Hạt Cho Mèo Con NATURAL CORE KITTEN Gói 400g,25 sold,https://www.lazada.vn/products/pdp-i1934505151.html
Milk Formula & Baby Food,Jenny.Nhi,"₫ 149,500",-34%,"₫55,000",4.9,(52),Sữa chua khô Gerber cho bé 8 tháng ăn dặm đủ vị giá tốt hàng AIR MỸ 100%,537 sold,https://www.lazada.vn/products/pdp-i1807113007.html
Pet Food,Pet Boss 95,"₫ 105,000",-47%,"₫55,500",5,(3),"GÓI 300GR BÁNH THƯỞNG CHO CHÓ PETVITA VỊ GÀ CHO CHÓ CAO CẤP, SNACK CHO CHÓ",,https://www.lazada.vn/products/pdp-i3065630604.html
Snacks & Confectionery,Figo Chocolatier,"₫ 25,000",-8%,"₫106,030",,Reviews,"Milk Chocolate Hạt Cacao NIBS 50g FIGO , quà tặng truyền thông bao bì sản phẩm mới",,https://www.lazada.vn/products/pdp-i2532988853.html
Milk Formula & Baby Food,Hải Anh Family,"₫ 89,000",-25%,"₫67,000",5,(14),Mì Somen Rau Củ Ngũ Sắc Itsuki 300gr Nhật Bản,87 sold,https://www.lazada.vn/products/pdp-i1842999681.html
Pet Food,ShopPetAz,,,"₫22,860",4.9,(13),"Snack Thưởng Cho Chó TAOTAOPETS Gói 108g - Xương Gặm, Bánh Thưởng",71 sold,https://www.lazada.vn/products/pdp-i2742071763.html
Pet Food,THE GIOI XUONG GAM PETSHOP,,,"₫185,000",5,(59),[19 MẪU] KHÔ GÀ MUNZNIE BIG PACK 250-400GR SNACK CHO CHÓ,547 sold,https://www.lazada.vn/products/pdp-i2170943263.html
Milk Formula & Baby Food,Thực Phẩm Dinh Dưỡng Cây Thị,"₫ 36,000",-8%,"₫33,120",5,(81),Cháo Tươi Cây Thị - Yến Hạt Sen Lá Dứa  (Mở gói ăn ngay) 240g,996 sold,https://www.lazada.vn/products/pdp-i855632860.html
Drinks,tea and coffee supermarket,"₫ 70,000",-29%,"₫28,000",,,"🥥 Thạch Dừa gói 1kg Hạnh Dung Chính Hãng – Thạch Dừa Topping Ngon Sạch Cho Trà Sữa, Chè, Yaourt, Ăn Vặt",,https://www.lazada.vn/products/pdp-i3180920373.html
Snacks & Confectionery,Langfarm - Đặc Sản Chất Lượng,,,"₫27,000",5,(95),"Kẹo hương thập cẩm dẻo L'angfarm, 180g, bịch, mẫu túi bạc",894 sold,https://www.lazada.vn/products/pdp-i1743093649.html
Snacks & Confectionery,VEDAN Laz Mall,"₫ 21,000",-24%,"₫3,600",5,(140),Kẹo Dẻo Nhập Khẩu DR.BEAR,632 sold,https://www.lazada.vn/products/pdp-i2531003690.html
Pet Food,PET SHOP PRO,"₫ 154,000",-17%,"₫127,500",4.9,(29),"Kamt dry pet food cat dog foods 450g mix flavored egg yurt, chicken chicken chicken, chicken liver Complete Nutrition",63 sold,https://www.lazada.vn/products/pdp-i2622139799.html
Pet Food,Mozzi PetShop VN,"₫ 58,000",-14%,"₫49,900",5,(3),Snack cho chó Ăn vặt Goodies Energy Treats,56 sold,https://www.lazada.vn/products/pdp-i2213720248.html
Snacks & Confectionery,Ăn Vặt 68,"₫ 155,000",-45%,"₫85,000",,,BÁNH TRUNG THU MOCHI KHOAI MÔN TRỨNG MUỐI CHÀ BÔNG,,https://www.lazada.vn/products/pdp-i2759983836.html
Snacks & Confectionery,NGUYEN HOANG GROUP,"₫ 150,000",-17%,"₫125,000",5,(25),MEIJI - Socola Milk ( Sữa) Nhập Khẩu Nhật Bản Thanh 120g,67 sold,https://www.lazada.vn/products/pdp-i2473614845.html
Snacks & Confectionery,HOANGTIN93,"₫ 50,000",-30%,"₫35,000",4.7,(36),500G MỨT DÂU TÂY DÂU TẰM - BAO NGON,181 sold,https://www.lazada.vn/products/pdp-i1518388012.html
Pet Food,KAT Love Pets,,,"₫19,000",5,(205),[100gr] Bánh thưởng cho chó SMARTHEART - Bánh snack 100gr - KAT Love Pets,1.4K sold,https://www.lazada.vn/products/pdp-i2257681235.html
Pet Food,Nông Trại Thú Cưng,"₫ 16,000",-25%,"₫12,000",4.8,(57),Thức ăn mềm cho chó - Snack thưởng - Bánh thưởng cho chó vị bò - [Nông Trại Thú Cưng],630 sold,https://www.lazada.vn/products/pdp-i411648623.html
Snacks & Confectionery,HangNga Shop,,,"₫25,000",5,(17),[DATE MỚI] - Bánh TRỨNG KARO các loại - Hiệu Richy,44 sold,https://www.lazada.vn/products/pdp-i3079498325.html
Food Staples & Cooking Essentials,Bách Hóa Giá Mềm huynhtunga,"₫ 160,000",-31%,"₫110,000",4.8,(173),Xí Muội Đào 1KG,624 sold,https://www.lazada.vn/products/pdp-i353032566.html
Snacks & Confectionery,Langfarm - Đặc Sản Chất Lượng,,,"₫50,000",4.9,(87),"Kẹo hương thập cẩm dẻo L'angfarm, 350g, bịch, mẫu kraft 1 mặt trong",626 sold,https://www.lazada.vn/products/pdp-i1743018922.html
Milk Formula & Baby Food,Babyyum store,"₫ 95,000",-27%,"₫62,675",5,(671),Noodles Somen vegetables five colors for baby 320 grams of Japan,4.6K sold,https://www.lazada.vn/products/pdp-i590008694.html
Snacks & Confectionery,Bibica Corporation,"₫ 56,530",-15%,"₫48,051",5,(2),"Combo kẹo dẻo Zoo sâu kỳ thú Bibica 10 gói x 24g – Kẹo trái cây mix vị, mềm dẻo vui nhộn",7 sold,https://www.lazada.vn/products/pdp-i3104154635.html
Snacks & Confectionery,Australia store ( Thực phẩm Úc châu),,,"₫78,000",5,(4),(HÀNG ÚC) Kẹo socola thanh mini tổng hợp CADBURY Chocolate Mini Bars assorted,29 sold,https://www.lazada.vn/products/pdp-i2995123779.html
Snacks & Confectionery,Bánh Kẹo Phạm Nguyên store,,,"₫69,300",5,(17),MUA 4 TẶNG 2 | Tổng cộng 6 Gói Lớn Kẹo Dẻo Thiên Thạch mix 6 vị Từ Nước Ép Trái Cây Popit 50g | Kẹo Dẻo | Đồ ăn vặt,47 sold,https://www.lazada.vn/products/pdp-i2952607307.html
Food Staples & Cooking Essentials,shopmetom1992,"₫ 72,600",-46%,"₫23,000",4.8,(366),"1Kg Thập cẩm sấy vụn (Hoa quả sấy vụn)  ngon, giòn, ngọt tự nhiên",1.4K sold,https://www.lazada.vn/products/pdp-i2358093484.html
Snacks & Confectionery,Ngọc Quân shop 1604644849,"₫ 60,000",-5%,"₫56,900",5,(84),SOCOLA KITKAT GÓI 6 THANH 2F - 6 x 17G - Date 2025,920 sold,https://www.lazada.vn/products/pdp-i1446897539.html
Milk Formula & Baby Food,Shibou Shop,,,"₫81,880",5,(225),PHÔ MAI TÁCH MUỐI QBB,1.7K sold,https://www.lazada.vn/products/pdp-i1358031110.html
Pet Food,PET SHOP PRO,"₫ 195,000",-23%,"₫150,400",5,(23),Combo 5 Gói Thức ăn hạt cao cấp cho Mèo trên 3 tháng MINIMAX Vị cá ngừ và gà Gói 350g Bổ sung Dinh dưỡng Xuất xứ Pro-Pet VN - Pet shop Uytinpro,68 sold,https://www.lazada.vn/products/pdp-i1730976441.html
Snacks & Confectionery,PepsiCo Foods,"₫ 118,000",-15%,"₫100,000",5,(289),[MEGA SALE 20H 8.9-11.9]  Combo 5 gói Snack Khoai Tây Lay's Vị Tảo Biển Nori (5 x 90g/gói),1.1K sold,https://www.lazada.vn/products/pdp-i2247508588.html
Snacks & Confectionery,Bánh Kẹo Phạm Nguyên store,"₫ 198,000",-44%,"₫138,600",5,(15),MUA 8 TẶNG 4 | Tổng cộng 12 Gói Lớn Kẹo Dẻo Thiên Thạch mix 6 vị Từ Nước Ép Trái Cây Popit 50g | Đồ ăn vặt,53 sold,https://www.lazada.vn/products/pdp-i2952554525.html
Snacks & Confectionery,Ăn Vặt 68,"₫ 58,000",-12%,"₫41,000",5,(5),Bánh tai heo nhí mix 2 màu -1 kg,16 sold,https://www.lazada.vn/products/pdp-i2428194865.html
Snacks & Confectionery,Vital Pharma VN,"₫ 155,000",-30%,"₫109,000",,,"Taiwan mochi cake, Patato mochi cake, red bean mochi cake, mochi matcha delicious soft-healthy food 4U",,https://www.lazada.vn/products/pdp-i2509880644.html
Pet Food,QuVo182Shop,"₫ 16,500",-9%,"₫15,000",5,(51),400g - Thức Ăn cho chó lớn Fibs,635 sold,https://www.lazada.vn/products/pdp-i2560737139.html
Milk Formula & Baby Food,Hải Anh Family,"₫ 35,000",-15%,"₫29,900",5,(1),Bánh gạo ăn dăm hữu cơ Nobi Nobi 15g dành cho bé từ 8 tháng tuổi,29 sold,https://www.lazada.vn/products/pdp-i3018110381.html
Food Staples & Cooking Essentials,ChuChan,"₫ 47,000",-3%,"₫45,500",5,(48),Bánh tráng muối sặc tôm cay CHUCHAN (Chọn quà kèm),188 sold,https://www.lazada.vn/products/pdp-i2612527004.html
Kitchen Appliances,CÔNG TY CỔ PHẦN SÀI GÒN FOOD,,,"₫12,000",5,(545),Cháo tươi Deli Sài Gòn Food vị Thịt Trứng Mồng Tơi 240g,2.7K sold,https://www.lazada.vn/products/pdp-i2625777437.html
Snacks & Confectionery,NGUYEN HOANG GROUP,"₫ 150,000",-17%,"₫125,000",5,(2),MEIJI - Socola Vị Dâu Tây 120g,6 sold,https://www.lazada.vn/products/pdp-i2525992189.html
Pet Food,PetShop24h,"₫ 121,000",-28%,"₫86,600",5,(9),Combo 3 Gói Thức ăn hạt cho Chó con Ganador Gói 400g Thương hiệu từ Pháp Dinh dưỡng tốt ƞhất cho tất cả các giống Chó - Pet shop 24,34 sold,https://www.lazada.vn/products/pdp-i2005154328.html
Pet Food,T3 pets shop,"₫ 35,000",-14%,"₫30,000",5,(4),bánh sấy giòn tan bị vịt và gà hiệu Natural Core dành cho chó - T3 PETS SHOP,9 sold,https://www.lazada.vn/products/pdp-i2929526472.html
Pet Food,Nupet,"₫ 110,000",-25%,"₫82,000",,,Thức ăn hạt cho mèo Natural Core - Hạt cao cấp,,https://www.lazada.vn/products/pdp-i2493851659.html
Milk Formula & Baby Food,Thực Phẩm Dinh Dưỡng Cây Thị,"₫ 30,000",-8%,"₫27,600",5,(45),Súp Dinh Dưỡng Hải Sản Măng Tây Thương Hiệu Cây Thị,307 sold,https://www.lazada.vn/products/pdp-i1952296535.html
Food Staples & Cooking Essentials,Bep Che Thai - BCT,"₫ 105,000",-19%,"₫85,000",4.9,(152),Cơm cháy chà bông - cơm cháy đáy nồi - túi 500gr - bếp chè thái,517 sold,https://www.lazada.vn/products/pdp-i2524511898.html
Snacks & Confectionery,Ăn Vặt Linh Foods,"₫ 48,000",-6%,"₫45,000",5,(46),500GR Kẹo Trái Cây Viên Bi [HÌNH THẬT ]  ĐƠN TỪ 50K,200 sold,https://www.lazada.vn/products/pdp-i2089402791.html
Pet Food,T3 pets shop,,,"₫37,000",5,(22),Thịt Sấy Khô Bite of Wild Túi 40g Nhiều Vị Dành Cho chó mèo - T3 PETS SHOP,75 sold,https://www.lazada.vn/products/pdp-i2739704998.html
Snacks & Confectionery,HCM-Thế Giới Bánh Tráng 2,,,"₫59,000",4.9,(79),0.5KG  BÁNH TRÁNG PHƠI SƯƠNG TRUYỀN THÔNG TÂY NINH,288 sold,https://www.lazada.vn/products/pdp-i2237197435.html
Snacks & Confectionery,Hương Việt - Đặc Sản Việt Nam,"₫ 47,000",-11%,"₫42,000",4.9,(180),Kẹo dừa thập cẩm Bến Tre nhiều vị khác nhau đặc sản kẹo dừa Bến Tre Hai Tỏ 200g,1.0K sold,https://www.lazada.vn/products/pdp-i2052906915.html
Food Staples & Cooking Essentials,shopmetom1992,"₫ 52,100",-46%,"₫28,000",4.7,(167),SET BÁNH TRÁNG PHƠI SƯƠNG DẺO- MUỐI TÔM HÀNH PHI BƠ BÉO NGẬY,581 sold,https://www.lazada.vn/products/pdp-i2424448260.html
Food Staples & Cooking Essentials,LẠP XƯỞNG TƯƠI CAI LẬY TRANG LÊ,"₫ 75,000",-36%,"₫170,000",4.9,(845),LẠP XƯỞNG TƯƠI TRỨNG MUỐI CAI LẬY - LOẠI ĐẶC BIỆT,2.5K sold,https://www.lazada.vn/products/pdp-i1719636610.html
Food Staples & Cooking Essentials,Shop Khả Doanh 1,"₫ 160,000",-39%,"₫97,747",4.9,(37),Tàu Hủ Ky Lá gói 1kg -Ván đậu Lá,131 sold,https://www.lazada.vn/products/pdp-i2705640166.html
Snacks & Confectionery,Figo Chocolatier,"₫ 25,000",-8%,"₫106,030",,Reviews,"Milk Chocolate Dừa 50g FIGO , quà tặng truyền thông bao bì sản phẩm mới",,https://www.lazada.vn/products/pdp-i2533096402.html
Milk Formula & Baby Food,Sweet.Baby.House,"₫ 100,000",-5%,"₫95,000",5,(138),[HCM]Phô mai QBB đủ vị hộp 6 miếng 90gr nội địa Nhật cho bé. Date 2025 - Sweet Baby House,760 sold,https://www.lazada.vn/products/pdp-i789020172.html
Pet Food,Cat and Dog clothes,,,"₫120,999",5,(32),"3kg ganrer dry food, large puppy/dog food, sheep, egg milk, trout, DHA's milk, fib's, Keos, enough flavor",145 sold,https://www.lazada.vn/products/pdp-i1809486533.html
Snacks & Confectionery,Minh Anh LTD,"₫ 60,000",-1%,"₫60,000",5,(41),Sôcôla SCHOGETTEN - Vị Kem Ý Stracciatella - thanh 100g gồm 18 viên rời,248 sold,https://www.lazada.vn/products/pdp-i2625538157.html
Food Staples & Cooking Essentials,MASAN CONSUMER,"₫ 720,000",-30%,"₫505,000",5,(6097),Combo 2 thùng Mì Omachi Sườn Hầm Ngũ Quả Gói 80g - Thùng 30 Gói x 80g,13.2K sold,https://www.lazada.vn/products/pdp-i2581809925.html
Pet Food,HusoPetShop,"₫ 38,000",-26%,"₫48,000",,Reviews,Handmade cat dog black burrow chicken seaweed snack cookies,,https://www.lazada.vn/products/pdp-i3161512230.html
Milk Formula & Baby Food,Big-Green,"₫ 79,000",-15%,"₫67,000",5,(3),(Date T2/2026) Gia Vị Rắc Cơm túi 30 gói Cho Bé 6 Vị Tanaka Sprinkle - Nhật,24 sold,https://www.lazada.vn/products/pdp-i3110934521.html
Food Staples & Cooking Essentials,HẠT ĐÁC TƯƠI,"₫ 149,000",-23%,"₫39,000",5,(19),1KG HẠT ĐÁC GIÀ CỨNG DẺO DÀNH CHO KHÁCH THÍCH CỨNG DÙNG LAM TOPPING RIM ME,68 sold,https://www.lazada.vn/products/pdp-i2805162301.html
Snacks & Confectionery,Hương Việt - Đặc Sản Việt Nam,"₫ 39,000",-5%,"₫37,000",5,(913),"Kẹo chuối tươi Bến Tre 200g, đặc sản Bến Tre kẹo chuối dẻo miền tây 200g",4.1K sold,https://www.lazada.vn/products/pdp-i956608745.html
Pet Food,Shikapet Shop,,,"₫77,000",,Reviews,Snack Bánh Thưởng Cho Chó Karl,,https://www.lazada.vn/products/pdp-i3137901681.html
Pet Food,THE GIOI XUONG GAM PETSHOP,,,"₫425,000",5,(34),[FOMULA MỚI/QUE MỀM HƠN] XƯƠNG GẶM SẠCH RĂNG PROTEIN THỰC VẬT GOODIES 500GR,82 sold,https://www.lazada.vn/products/pdp-i2574186064.html
Snacks & Confectionery,Glico Vietnam,"₫ 50,000",-24%,"₫38,064",4.8,(18),Combo of 5 PCs mix Glico Alfie bar chocolate (3 chocolate 1 peanut 1 strawberry),90 sold,https://www.lazada.vn/products/pdp-i2241025276.html
Snacks & Confectionery,Bibica Corporation,"₫ 48,889",-15%,"₫41,556",5,(30),Combo 10 Kẹo Dẻo Zoo Sâu Tuyết Bibica 24g,121 sold,https://www.lazada.vn/products/pdp-i1285313895.html
Snacks & Confectionery,Glico Vietnam,"₫ 100,000",-18%,"₫82,000",5,(69),Combo of 10 Glico Alfie bar chocolate,273 sold,https://www.lazada.vn/products/pdp-i2241025266.html
Snacks & Confectionery,USA Cosmetics Shop,,,"₫69,000",,Reviews,Socola  Hershey's Nuggets milk chocolate with almond sữa hạnh nhân của Mỹ,,https://www.lazada.vn/products/pdp-i2102310769.html
Food Staples & Cooking Essentials,Ngocdung_wave,"₫ 160,000",-41%,"₫93,951",4.9,(254),Tàu Hủ Ky Lá gói 1kg -Ván đậu Lá,750 sold,https://www.lazada.vn/products/pdp-i2705441915.html
Pet Food,Shop Nhà Gấu,,,"₫44,000",5,(247),THỨC ĂN HẠT KHÔ MININO VỊ CÁ NGỪ CHO MÈO,2.2K sold,https://www.lazada.vn/products/pdp-i779348003.html
Food Staples & Cooking Essentials,Nguyên  liệu  Kiến Nghiệp ( bách hoá chợ Bình Tây),,,"₫80,000",,Reviews,Delicious Freeze-Dried Strawberries - Snacks,,https://www.lazada.vn/products/pdp-i3177034649.html
Snacks & Confectionery,PepsiCo Foods,"₫ 104,000",-23%,"₫80,000",5,(132),[MEGA SALE 20H 8.9-11.9]  Combo 3 bánh snack Doritos vị Nacho Cheese 65gr,698 sold,https://www.lazada.vn/products/pdp-i2247681909.html
Milk Formula & Baby Food,Con Cưng,,,"₫49,000",5,(50),Bánh Gặm Nướu Ngũ Cốc Grinny Vị Quả Mọng Hỗn Hợp,201 sold,https://www.lazada.vn/products/pdp-i2585246275.html
Snacks & Confectionery,Hương Việt - Đặc Sản Việt Nam,"₫ 120,000",-31%,"₫83,000",4.9,(1015),Trái cây sấy thập cẩm nguyên miếng giòn ngon date mới rau củ sấy đồ ăn vặt Sài Gòn,4.0K sold,https://www.lazada.vn/products/pdp-i1203652446.html
Pet Food,Cutepetshop SG,,,"₫41,000",5,(5),Xương gặm sạch răng cho chó 10-25kg Pedigree Dentastix 98g,124 sold,https://www.lazada.vn/products/pdp-i1630044775.html
Pet Food,Sumiho Pet Store,"₫ 35,000",-9%,"₫32,000",4.9,(147),Chicken wrapped around bones for dog - Dog treat 100gr/pack for all breeds and ages,1.3K sold,https://www.lazada.vn/products/pdp-i362796525.html
Drinks,tea and coffee supermarket,"₫ 45,000",-9%,"₫41,000",,Reviews,"🥥 Thạch Dừa ca 1kg Hạnh Dung Chính Hãng – Thạch Dừa Topping Ngon Sạch Cho Trà Sữa, Chè, Yaourt, Ăn Vặt",,https://www.lazada.vn/products/pdp-i3184304634.html
Milk Formula & Baby Food,PTL VIETNAM,"₫ 74,000",-4%,"₫71,000",5,(25),[Maeil chính hãng] Bánh ăn dặm hữu cơ dạng hộp Yommy Yommy Hàn Quốc cho bé từ 12M 42g,142 sold,https://www.lazada.vn/products/pdp-i1352962698.html
Food Staples & Cooking Essentials,Viettin Mart 1593072786,"₫ 165,600",-42%,"₫96,100",4.8,(213),500G_ MÍT SẤY HÀNG XUẤT KHẨU - Viettin Mart,864 sold,https://www.lazada.vn/products/pdp-i711240761.html
Snacks & Confectionery,Perfetti Van Melle Vietnam,,,"₫18,000",5,(91),"Kẹo dẻo Chupa Chups (Gói 56g/90g/160g) hương trái cây hỗn hợp, hương cola mang đến vị ngọt, vị chua và đa dạng hình dáng",467 sold,https://www.lazada.vn/products/pdp-i2100049502.html
Milk Formula & Baby Food,Con Cưng,,,"₫72,000",5,(8),Bánh Gạo Lứt Hữu Cơ Bebedang Hình Que Dài Vị Táo & Cà Rốt,49 sold,https://www.lazada.vn/products/pdp-i2361786691.html
Snacks & Confectionery,NGUYEN HOANG GROUP,"₫ 150,000",-17%,"₫125,000",5,(7),MEIJI - Socola Black ( Đen) Nhập Khẩu Nhật Bản 120g,46 sold,https://www.lazada.vn/products/pdp-i2431811481.html
Food Staples & Cooking Essentials,Tôm Vàng,"₫ 45,000",-16%,"₫38,000",4.9,(651),Gạo Lứt Séng Cù Ăn Kiêng Healthy Eatclean Tiểu Đường Thực Dưỡng Gym - Hút Chân Không 1kg - Tôm Vàng,6.3K sold,https://www.lazada.vn/products/pdp-i1377651544.html
Snacks & Confectionery,Bánh Kẹo Phạm Nguyên store,"₫ 162,000",-34%,"₫113,400",5,(30),MUA 2 TẶNG 1 | Tổng cộng 3 Hộp Bánh phủ Socola Choco PN Phô Mai 216g | Bánh ăn vặt Socola | Đồ ăn vặt,59 sold,https://www.lazada.vn/products/pdp-i2952457595.html
Snacks & Confectionery,Ăn Vặt Linh Foods,,,"₫43,000",4.9,(34),Kẹo Dẻo Trái Cây Đà Lạt  ĐƠN TỪ 50K,161 sold,https://www.lazada.vn/products/pdp-i2089414691.html
Snacks & Confectionery,Australia store ( Thực phẩm Úc châu),,,"₫198,888",,Reviews,(Australian Product) Kitkat Chocolate Bars in Many Flavors Nestle Kitkat Chocolate Bars,,https://www.lazada.vn/products/pdp-i3177313818.html
Pet Food,PET SHOP PRO,"₫ 125,000",-31%,"₫86,700",5,(93),"Thức ăn hạt cao cấp cho Mèo Maximum Vị cá hồi và cá ngừ Gói 1kg Hỗ trợ tiêu hóa, da và lông khỏe mạnh Sx tại Pro-pet VN",378 sold,https://www.lazada.vn/products/pdp-i2240941561.html
Dairy Chilled & Eggs,CÔNG TY CỔ PHẦN SÀI GÒN FOOD,"₫ 222,000",-12%,"₫195,000",5,(530),Combo 2 Chả mực hương vị truyền thống SG Food Hộp 250g,2.1K sold,https://www.lazada.vn/products/pdp-i1396781726.html
Pet Food,CÁ MẬP CATTERY PETSHOP,"₫ 70,000",-31%,"₫36,000",5,(2),"Thịt sấy Bite Of Wild cho chó mèo, Gà sấy cho chó mèo",20 sold,https://www.lazada.vn/products/pdp-i3106787849.html
Milk Formula & Baby Food,Babyyum store,"₫ 30,000",-33%,"₫20,000",5,(1800),Tanaka rice seasoning seasoning 30 small packs of 6 flavors (75g) Japan for baby food,12.0K sold,https://www.lazada.vn/products/pdp-i410512752.html
Kitchen Appliances,City Mart VN,"₫ 4,780,000",-46%,"₫2,590,000",5,(76),"Tủ lạnh mini 2 cánh có tích hợp ngăn đá riêng biệt tiện lợi để đồ ăn thức uống mĩ phẩm, thích hợp với gia đình nhỏ sinh viên.",522 sold,https://www.lazada.vn/products/pdp-i2259465496.html
Snacks & Confectionery,Minh Anh LTD,,,"₫13,000",4.9,(68),Viên sôcôla SCHOGETTEN - Vị Đắng hạt dẻ - 8.3g x 2,203 sold,https://www.lazada.vn/products/pdp-i3132594062.html
Milk Formula & Baby Food,Thực Phẩm Dinh Dưỡng Cây Thị,"₫ 75,000",-8%,"₫69,000",5,(21),"Combo 5 Gói Cháo Ngon Tiện Lợi Achaki: Tôm Cà Rốt, Thịt Heo Bí Đỏ, Thịt Bò Cà Rốt Khoai Tây, Gà Ác Đậu Xanh, Cá Lóc Cà Rốt",134 sold,https://www.lazada.vn/products/pdp-i1961623553.html
Pet Food,PetShop24h,"₫ 126,400",-14%,"₫104,900",4.9,(14),Combo 3 Gói Thức ăn hạt cho Mèo mọi lứa tuổi Minino Yum 350g Thương hiệu Pháp Bổ sung dinh dưỡng hoàn chỉnh cho Mèo - Pet shop 24,48 sold,https://www.lazada.vn/products/pdp-i2005215113.html
Snacks & Confectionery,HCM-Thế Giới Bánh Tráng 2,,,"₫110,000",4.9,(15),COMBO 0.5KG BÁNH TRÁNG PHƠI SƯƠNG TRÒN + 200G MUỐI TÉP+ 200 BƠ VÀNG,100 sold,https://www.lazada.vn/products/pdp-i2394105190.html
Food Staples & Cooking Essentials,VIFON OfficialStore,"₫ 104,000",-16%,"₫87,000",5,(33),[VOUCHER 15%] Thùng 24 gói Mì Bò Cay VIFON 105g / Gói,80 sold,https://www.lazada.vn/products/pdp-i1756448115.html
Pet Food,Nông Trại Thú Cưng,"₫ 72,000",-11%,"₫65,800",5,(61),Snack Thưởng Ăn Vặt Gà Sấy Dẻo DoggyMan 80g Cho Chó - [Nông Trại Thú Cưng],355 sold,https://www.lazada.vn/products/pdp-i2182462410.html
Food Staples & Cooking Essentials,MASAN CONSUMER,"₫ 800,000",-29%,"₫570,000",5,(1879),Combo 2 Thùng Omachi Sườn Hầm Ngũ Quả Gói 80G + 2 Xúc Xích Tiệt Trùng Ponnie Vị Heo 70G,3.9K sold,https://www.lazada.vn/products/pdp-i2687688226.html
Pet Food,muppetshop,"₫ 60,000",-18%,"₫49,000",5,(2),Xương Pedigree Schmackos Cho Chó 70g Nhiều Vị,35 sold,https://www.lazada.vn/products/pdp-i3066117812.html
Food Staples & Cooking Essentials,Viettin Mart 1593072786,"₫ 103,500",-52%,"₫49,500",4.9,(485),500g Mứt táo sấy dẻo Viettin Mart,2.0K sold,https://www.lazada.vn/products/pdp-i711230973.html
Snacks & Confectionery,Feastables Store VN,,,"₫125,000",5,(3),[Genuine] Feastables Mrbeast Chocolate Candy New Version Peanut Butter Flavor Bar 60g,24 sold,https://www.lazada.vn/products/pdp-i2961949973.html
Snacks & Confectionery,Tổng kho Nhập Khẩu Đồ Ăn,"₫ 130,000",-33%,"₫87,492",5,(5),Thùng 1kg Bánh Mochi Tròn Mix 4 Vị Hai Cô Gái B40 - TKNK BeeGin,10 sold,https://www.lazada.vn/products/pdp-i2636591363.html
Snacks & Confectionery,MiniJapan,"₫ 63,000",-13%,"₫53,000",5,(117),Thạch rau câu trái cây Orihiro 240g/120g nhiều vị hàng nội địa Nhật Bản,822 sold,https://www.lazada.vn/products/pdp-i2421289297.html
Pet Food,MoMo267 Shop,,,"₫94,000",4.9,(54),COMBO 5góix400g Thức Ăn Ganador cho chó mọi lứa tuổi,176 sold,https://www.lazada.vn/products/pdp-i2209142662.html
Tableware,AChoice-KLS2023,"₫ 48,800",-44%,"₫11,200",5,(1039),Khay Đĩa Đựng Thức Ăn Kèm Chén Nước Chấm Phong Cách Nhật Bản – Sang Trọng & Tiện Lợi,5.0K sold,https://www.lazada.vn/products/pdp-i2593292103.html
Tableware,Mười Giờ Shop,,,"₫66,000",5,(48),Bộ Global Success 6 (Không đĩa CD),209 sold,https://www.lazada.vn/products/pdp-i1627725197.html
Snacks & Confectionery,Glico Vietnam,"₫ 9,600",-23%,"₫7,399",5,(353),Socola Dạng Thanh Glico Alfie,1.7K sold,https://www.lazada.vn/products/pdp-i2241037180.html
Scanners (Non-Printer),NAKAPOS,,,"₫329,000",4.9,(70),[ THÙNG GIẤY IN BILL ] GIẤY IN HOÁ ĐƠN K80*45 GIẤY NHIỆT K80x45 GIẤY IN ĐƠN HÀNG K80 GIẤY IN NHIỆT 80MM GIẤY IN ĐƠN LIVESTREAM SHOP BÁN HÀNG SIÊU THỊ NHÀ HÀNG QUÁN ĂN TRÀ SỮA ĐỒ ĂN,308 sold,https://www.lazada.vn/products/pdp-i776138943.html
Snacks & Confectionery,Bánh Kẹo Phạm Nguyên store,"₫ 84,000",-34%,"₫67,200",5,(42),MUA 8 TẶNG 4 | Tổng cộng 12 Gói Nhỏ Kẹo Dẻo Thiên Thạch mix 6 vị Từ Nước Ép Trái Cây Popit 25g | Kẹo Dẻo | Đồ ăn vặt,123 sold,https://www.lazada.vn/products/pdp-i3028943392.html
Snacks & Confectionery,ĐẶC SẢN VÙNG QUÊ ĐẠI PHÁT,,,"₫25,000",4.8,(294),[HCM]KẸO MÈ XỬNG HUẾ 200g,1.9K sold,https://www.lazada.vn/products/pdp-i344222862.html
Pet Food,My Pets,"₫ 25,000",-2%,"₫24,500",5,(498),Thức Ăn Hạt Khô Cho Mèo APro IQ Formula - Túi 500g,6.4K sold,https://www.lazada.vn/products/pdp-i1334789007.html
Pet Food,Hanpet Shop,"₫ 271,864",-0%,"₫271,863",4.8,(277),Hanpet - (Chiết lẻ 5kg) thức ăn dạng hạt chó trưởng thành CLASSIC PETS / thức ĂN CHUỘT HAMSTER / thức ăn chó / đồ ăn chó / đờ ăn hạt cho chó / hạt chó /hạt khô cho chó,1.8K sold,https://www.lazada.vn/products/pdp-i131598513.html
Food Staples & Cooking Essentials,Ngọc Dung TP,"₫ 70,000",-24%,"₫53,100",5,(150),Há cảo Ô ngon hộp 20 viên 500g (giao hỏa tốc tphcm),317 sold,https://www.lazada.vn/products/pdp-i2041525572.html
Pet Food,Mon_Pet_Shop,,,"₫5,000",5,(2),Bánh xương gặm sạch răng thơm miệng Orgo (1 thanh dùng thử),48 sold,https://www.lazada.vn/products/pdp-i2052692502.html
Pet Food,Gò Công PetShop,"₫ 46,000",-41%,"₫49,000",5,(7),"Thịt xương viên sấy thăng hoa cho chó mèo giúp cho pet chắc xương, khỏe răng, mượt lông, bổ sung dinh dưỡng",10 sold,https://www.lazada.vn/products/pdp-i3079080435.html
Kitchenware,CỬA HÀNG TỎI ĐẸP,"₫ 96,000",-59%,"₫39,000",4.7,(682),"(RẺ HUỶ DIỆT)#1kg Tỏi Tím rặc lựa từng củ đảm bảo chất lương không hư bất kỳ củ nào ( #toicodon #toitimbac #toilyson,hành tím,tỏi tím,tỏi đen)",1.8K sold,https://www.lazada.vn/products/pdp-i2668159621.html
Snacks & Confectionery,Viettin Mart 1593072786,"₫ 93,840",-50%,"₫46,700",5,(217),KẸO THẠCH ZAI ZAI (NGẮN) | ViettinMart,615 sold,https://www.lazada.vn/products/pdp-i2242157724.html
Food Staples & Cooking Essentials,VIFON OfficialStore,"₫ 756,000",-21%,"₫598,000",5,(394),[VOUCHER 15%] Cháo Thịt Gà/ Thịt Bằm/ Cháo Sườn/ Nấm Đông Cô/ Bò/ Trứng muối VIFON 70gr/ gói,1.1K sold,https://www.lazada.vn/products/pdp-i634504707.html
Snacks & Confectionery,Perfetti Van Melle Vietnam,,,"₫25,000",5,(700),Alpenliebe Jelly Sea creature,4.0K sold,https://www.lazada.vn/products/pdp-i2199846201.html
Pet Food,Trại Dế Đaklak,"₫ 85,000",-24%,"₫65,000",4.2,(23),Trứng dế mèn thái vàng 48h,156 sold,https://www.lazada.vn/products/pdp-i2024490876.html
Food Staples & Cooking Essentials,MASAN CONSUMER,"₫ 756,000",-28%,"₫539,850",5,(4827),Combo 2 thùng Mì Omachi Mì Trộn Xốt Spaghetti Gói 90g - Thùng 30 Gói x 90g,9.5K sold,https://www.lazada.vn/products/pdp-i2581900262.html
Pet Food,muppetshop,"₫ 60,000",-35%,"₫39,000",5,(9),Xương Thưởng Cho Chó Yaho Hộp 165g - Thức Ăn Vặt Cho Chó Làm Sạch Răng,30 sold,https://www.lazada.vn/products/pdp-i2592535024.html
Snacks & Confectionery,WANT WANT Store,,,"₫37,500",4.9,(450),"Combo 6 Gói Snack Gạo Want Want Nhiều Hương Vị Giòn Ngon, Tiện Lợi",1.8K sold,https://www.lazada.vn/products/pdp-i3092101793.html
Snacks & Confectionery,Dau phong Tan Tan,"₫ 70,000",-10%,"₫63,000",5,(27),Đậu phộng nước cốt dừa Tân Tân - Lon 265g,89 sold,https://www.lazada.vn/products/pdp-i2844772549.html
Food Staples & Cooking Essentials,DK Harvest,"₫ 149,000",-25%,"₫112,000",4.9,(1137),"Nhân Óc Chó Vàng DK Harvest 200g/400g - Nhập Khẩu Mỹ | Dinh Dưỡng Cho Mẹ Bầu & Trẻ Nhỏ, Tốt Cho Trí Não",5.1K sold,https://www.lazada.vn/products/pdp-i457084505.html
Pet Food,THE GIOI XUONG GAM PETSHOP,,,"₫249,000",5,(19),XƯƠNG GẶM VÂY CÁ SẤY GIÒN 100% NGUYÊN CHẤT CHO CHÓ,59 sold,https://www.lazada.vn/products/pdp-i309996361.html
Pet Food,Mozzi PetShop VN,"₫ 179,000",-15%,"₫69,520",5,(6),"Snack cho chó Natural Core Bít tết Bò Cừu Cá hồi, Gà sấy phô mai, Sụn vịt, Gân vịt, Hấp cá tuyết, Khoai lang tổng hợp",15 sold,https://www.lazada.vn/products/pdp-i2707693091.html
Pet Food,Shikapet Shop,,,"₫32,000",5,(20),"Snack Que/Xương Gặm Sạch Răng Cho Chó Vị Sữa, Phô Mai DoggyMan 120g",172 sold,https://www.lazada.vn/products/pdp-i2898801011.html
Pet Food,PetShop24h,"₫ 166,400",-3%,"₫162,100",4.7,(30),Gandor adult roving beef flavor dog food grade 3kg cow flavor fully baked dietary supplement dog nutrition,68 sold,https://www.lazada.vn/products/pdp-i2560868914.html
Pet Food,Hanpet Shop,"₫ 146,615",-18%,"₫119,905",4.9,(142),"Hanpet - thức ăn dạng hạt mèo con - ME-O kitten vị cá biển ( 204c) (gói 1,1kg)",1.3K sold,https://www.lazada.vn/products/pdp-i106206938.html
Food Staples & Cooking Essentials,TA healthy nust,"₫ 85,000",-6%,"₫80,000",4.9,(76),Hạt macca nứt vỏ sấy  size đại 28-32 loại 1 hũ 500g thơm ngon có đồ tách vỏ kèm,265 sold,https://www.lazada.vn/products/pdp-i2169039797.html
Milk Formula & Baby Food,ZizouVietnam,"₫ 79,000",-30%,"₫55,000",5,(12),Bánh gạo ăn dặm Pigeon Nhật Bản bổ sung Canxi dạng thanh dẹt dễ tan cho bé từ 6tháng ZIZOU DATE T2/2026,66 sold,https://www.lazada.vn/products/pdp-i2963762061.html
Snacks & Confectionery,Mars Wrigley VN,"₫ 200,000",-15%,"₫170,000",5,(41),Combo 40 gói kẹo Socola sữa M&M's 14.5g (2 hộp x 20 gói),117 sold,https://www.lazada.vn/products/pdp-i3121860665.html
Pet Food,Nông Trại Thú Cưng,"₫ 24,000",-21%,"₫19,000",5,(32),Snack Bánh Thưởng Cho Chó SmartHeart Dog Treats 100g - [Nông Trại Thú Cưng],380 sold,https://www.lazada.vn/products/pdp-i1948777108.html
Drinks,tea and coffee supermarket,"₫ 42,000",-7%,"₫39,000",,Reviews,"🥥 Thạch Dừa gói 1kg Hạnh Dung Chính Hãng – Thạch Dừa Topping Ngon Sạch Cho Trà Sữa, Chè, Yaourt, Ăn Vặt",,https://www.lazada.vn/products/pdp-i3184454124.html
Pet Food,Vu Tru Thu Cung,,,"₫100,000",5,(89),Yuchang dog Puppy snack 500g,319 sold,https://www.lazada.vn/products/pdp-i1943108467.html
Snacks & Confectionery,Figo Chocolatier,"₫ 20,000",-7%,"₫18,520",4.8,(44),"[ĂN LÀ NGHIỆN-BAR 50G] Kẹo socola sữa nhân phô mai 50g FIGO, đồ ăn vặt văn phòng siêu ngon",397 sold,https://www.lazada.vn/products/pdp-i1428772681.html
Pet Food,Nông Trại Thú Cưng,"₫ 62,000",-22%,"₫48,600",5,(18),Snack Thịt Gà Cuộn Sữa Cho Chó TaoTaoPet 100g - [Nông Trại Thú Cưng],64 sold,https://www.lazada.vn/products/pdp-i2585636000.html
Snacks & Confectionery,Bepcuame-onici,"₫ 179,000",-37%,"₫119,000",4.9,(146),SET NGUYÊN LIỆU LÀM KẸO NOUGAT CƠ BẢN Bếp Của Mẹ Onici,641 sold,https://www.lazada.vn/products/pdp-i1226860915.html
Milk Formula & Baby Food,Con Cưng,,,"₫99,000",5,(2),Gia vị rắc cơm 6 vị 30 Gói 60gr,30 sold,https://www.lazada.vn/products/pdp-i2417150745.html
Pet Food,PetShop24h,"₫ 98,300",-14%,"₫84,700",5,(255),"THỨC ĂN CAO CẤP CHO CHÓ Grand magic Dạng viên vị thịt bò, gà và hải sảnTúi 1kg Xuất xứ Pro-Pet Việt Nam - Pet shop 24",1.2K sold,https://www.lazada.vn/products/pdp-i2005008212.html
Pet Food,PET SHOP AK,"₫ 175,000",-43%,"₫118,000",5,(195),Thịt Sấy Khô Tổng Hợp Hộp 660Gr Cho Chó Mèo,694 sold,https://www.lazada.vn/products/pdp-i2291812758.html
Milk Formula & Baby Food,KONNI39 THU DUC JAPANESE SHOP,"₫ 79,000",-31%,"₫54,752",5,(31),[DATE 11.2025] BÁNH MEN BI SỮA CHO BÉ 6 THÁNG (HỘP 80GR),,https://www.lazada.vn/products/pdp-i2268514017.html
Snacks & Confectionery,Dau phong Tan Tan,"₫ 140,000",-17%,"₫116,000",5,(15),Combo 2 Lon đậu phộng nước cốt dừa Tân Tân - Lon 265g,60 sold,https://www.lazada.vn/products/pdp-i2844757591.html
Milk Formula & Baby Food,Heinz,,,"₫48,000",4.9,(277),Bánh Quy Ăn Dặm HEINZ FARLEY'S TRUYỀN THỐNG 120g (Bé 6 tháng tuổi),2.0K sold,https://www.lazada.vn/products/pdp-i647866081.html
Snacks & Confectionery,Shop Linhkao23,"₫ 52,000",-13%,"₫45,200",4.7,(29),Dây 10 bịch Kẹo dẻo Boom Jelly Orion 250g [nhận mix vị],153 sold,https://www.lazada.vn/products/pdp-i1616248716.html
Snacks & Confectionery,PepsiCo Foods,"₫ 118,000",-15%,"₫100,000",5,(111),[MEGA SALE 20H 8.9-11.9]  Combo 5 gói Snack Khoai Tây Lay's Vị Sườn Nướng BBQ Brazil 90g,364 sold,https://www.lazada.vn/products/pdp-i2247542308.html
Snacks & Confectionery,PepsiCo Foods,"₫ 109,000",-13%,"₫95,000",4.9,(1837),"[MEGA SALE 20H 8.9-11.9]  Combo 3 bánh Snack Lay's Stax 100gr (Tự nhiên, Mực sốt cay, Tôm hùm nướng ngũ vị)",6.1K sold,https://www.lazada.vn/products/pdp-i2247608979.html
Snacks & Confectionery,Ngọc Quân shop 1604644849,"₫ 60,000",-24%,"₫45,441",4.9,(449),SOCOLA KITKAT NESTLE' GÓI 20/10/ 6/ 8 THANH 2F -17g- Date 2025,2.4K sold,https://www.lazada.vn/products/pdp-i1446798684.html
Food Staples & Cooking Essentials,CP Viet Nam,"₫ 80,000",-51%,"₫39,564",5,(210),Xúc xích zing zing 500g - xúc xích tươi cp,765 sold,https://www.lazada.vn/products/pdp-i2230095702.html
Milk Formula & Baby Food,Thuyền Xưa Foods,,,"₫95,000",5,(189),Dầu Sachi Nguyên chất Thuyền Xưa ăn dặm cho con 65ml,505 sold,https://www.lazada.vn/products/pdp-i1383382560.html
Milk Formula & Baby Food,CÔNG TY CỔ PHẦN SÀI GÒN FOOD,"₫ 127,500",-6%,"₫120,000",5,(350),"Lốc 52 - Combo 5 Cháo Tươi Baby Sài Gòn Food 240G (Gà, Thịt Bằm, Bò, Tôm, Lươn)",2.2K sold,https://www.lazada.vn/products/pdp-i717386575.html
Snacks & Confectionery,Bepcuame-onici,"₫ 259,000",-45%,"₫159,000",4.9,(429),SET NGUYÊN LIỆU KẸO NOUGAT THƯỢNG HẠNG 60 VIÊN Bếp Của Mẹ Onici,2.1K sold,https://www.lazada.vn/products/pdp-i1278081501.html
Dairy Chilled & Eggs,CÔNG TY CỔ PHẦN SÀI GÒN FOOD,"₫ 118,000",-11%,"₫105,000",5,(532),"Combo cơm chiên SG Food 4 vị dương châu, hải sản ngũ sắc, kim chi, cá mặn gà xé 200g",2.3K sold,https://www.lazada.vn/products/pdp-i2362801165.html
Milk Formula & Baby Food,MỹMỹ Kim Store (HUYỀN BABY),"₫ 50,000",-40%,"₫30,000",,,Hoa Quả Nghiền Fruto Cho Bé Ăn Dặm Thơm Ngon Nhiều Vị Chống Táo Bón,,https://www.lazada.vn/products/pdp-i2782578908.html
Pet Food,Cutepetshop SG,,,"₫44,100",,,Snack mềm Jerhigh dành cho cún cưng bán chạy nhất Thái Lan,,https://www.lazada.vn/products/pdp-i2197965994.html
Food Staples & Cooking Essentials,VIFON OfficialStore,"₫ 385,000",-23%,"₫228,000",4.9,(107),[VOUCHER 15%] Thùng 30 gói Mì Nhất Vị VIFON Tôm Chua Cay/Trộn Gà Phô Mai Cay 80gr/gói,284 sold,https://www.lazada.vn/products/pdp-i2797721428.html
Milk Formula & Baby Food,M2C Organic,"₫ 45,000",-30%,"₫31,413",4.8,(6),"Bánh gạo ăn dặm hữu cơ Nobi Nobi cho bé vị rau củ,hoa quả gói 15g không chiên dầu bổ sung dinh dưỡng cho bé",71 sold,https://www.lazada.vn/products/pdp-i2600879605.html
Snacks & Confectionery,Australia store ( Thực phẩm Úc châu),"₫ 198,888",-5%,"₫189,000",4.8,(17),(Australian Product) Cadbury Chocolate Bars Dairy Milk/ Old Gold/ Dream,61 sold,https://www.lazada.vn/products/pdp-i2486187663.html
Snacks & Confectionery,Dau phong Tan Tan,"₫ 350,000",-7%,"₫63,000",5,(21),Lon Đậu Phộng Đủ Các Vị Tân Tân - Lon 200g-265g,73 sold,https://www.lazada.vn/products/pdp-i2844517548.html
Food Staples & Cooking Essentials,Khoaifood-thegioidoannhanh,"₫ 39,000",-15%,"₫33,000",5,(5),"Ô mai xí muội 4 vị Colorful Plum ngon, tiện lợi hàng nhập khẩu (408gr)",33 sold,https://www.lazada.vn/products/pdp-i2003850505.html
Milk Formula & Baby Food,Meomeo_hangxachtay,"₫ 100,000",-35%,"₫65,000",5,(37),Bánh gạo ăn dặm hữu cơ Bebedang Hàn Quốc cho bé từ 6 tháng tuổi,115 sold,https://www.lazada.vn/products/pdp-i2668738990.html
Pet Food,Shikapet Shop,,,"₫41,580",5,(1),Snack Bánh Quy Vị Rau Củ/Sữa/Gan Cho Chó DoggyMan,7 sold,https://www.lazada.vn/products/pdp-i2898704500.html
Milk Formula & Baby Food,Mămmy Store,"₫ 150,000",-46%,"₫80,189",5,(1),"Bánh ăn dặm cho bé Thanh Rau Củ Mămmy từ nông sản việt 6 vị đa dạng cho bé từ 6 tháng tuổi, gói 30gr",,https://www.lazada.vn/products/pdp-i3180002860.html
Pet Food,Shikapet Shop,"₫ 63,800",-12%,"₫56,000",,,Snack Bánh Thưởng Cho Chó Highpy 100g,,https://www.lazada.vn/products/pdp-i3137989562.html
Snacks & Confectionery,PepsiCo Foods,"₫ 113,000",-25%,"₫85,000",5,(429),"[MEGA SALE 20H 8.9-11.9] Combo 3 bánh snack Lay's Stax 100gr (Mực sốt cay, Tôm hùm nướng ngũ vị, Kem chua hành)",1.6K sold,https://www.lazada.vn/products/pdp-i2247670699.html
Food Staples & Cooking Essentials,FOODSTHIEN,,,"₫110,000",4.9,(63),NEM  CHUA  Lai Vung COMBO 3 Chua  2 Bì,131 sold,https://www.lazada.vn/products/pdp-i2423048057.html
Pet Food,Mars Petcare,"₫ 49,000",-5%,"₫46,550",5,(481),Bánh thưởng cho mèo Temptations vị gà,3.6K sold,https://www.lazada.vn/products/pdp-i294168428.html
Snacks & Confectionery,Minh Anh LTD,,,"₫60,000",5,(154),Sôcôla SCHOGETTEN - Vị Sữa chua dâu tây Yoghurt-Strawberry - thanh 100g gồm 18 viên rời,750 sold,https://www.lazada.vn/products/pdp-i954314728.html
Milk Formula & Baby Food,HiPP,,,"₫65,000",5,(134),HiPPS 100% Organic Fruits Strawberry Banana in Apple (8521),1.6K sold,https://www.lazada.vn/products/pdp-i295642774.html
Milk Formula & Baby Food,MumBé,"₫ 120,000",-35%,"₫69,500",5,(23),Bánh ăn dặm Mămmy vị trái cây giàu vitamin và chất xơ thiết kế chống hóc dạng que cho bé từ 6 tháng,67 sold,https://www.lazada.vn/products/pdp-i2948746560.html
Food Staples & Cooking Essentials,HCM-Thế Giới Bánh Tráng 2,,,"₫230,000",5,(9),Combo 30 bánh tráng sa tế tỏi phi Tây Ninh cay thơm ngon,34 sold,https://www.lazada.vn/products/pdp-i2017683723.html
Food Staples & Cooking Essentials,VIFON OfficialStore,"₫ 356,000",-20%,"₫285,000",5,(115),[VOUCHER 15%] Thùng 24 gói Phở Gà Có Gói Sốt Thịt Gà 75gr/gói,229 sold,https://www.lazada.vn/products/pdp-i1863844719.html
Milk Formula & Baby Food,OmiPharma,"₫ 49,000",-10%,"₫44,000",5,(15),Gia Vị Rắc Cơm Bổ Sung Canxi Và Sắt S Select Hagoromo Nhật Bản Nhiều Vị (30g/Gói),201 sold,https://www.lazada.vn/products/pdp-i2008576751.html
Milk Formula & Baby Food,Meomeo_hangxachtay,"₫ 100,000",-33%,"₫67,000",5,(96),Bánh Gạo Ăn Dặm Hữu Cơ Mom's Choice Cho Bé Từ 6 tháng tuổi,350 sold,https://www.lazada.vn/products/pdp-i2674903145.html
Food Staples & Cooking Essentials,DK Harvest,"₫ 299,000",-28%,"₫215,000",4.9,(1236),"Hạt hạnh nhân Sống DK Harvest nhập khẩu USA - Túi 500g, hạt hạnh nhân dùng làm sữa hạnh nhân, hạt hạnh nhân kết hợp các món granola và các món ăn vặt, giảm cân, hạt nấu sữa",6.2K sold,https://www.lazada.vn/products/pdp-i880974012.html
Snacks & Confectionery,Minh Anh LTD,,,"₫60,000",5,(3),Sôcôla SCHOGETTEN - Vị Caramel Brownie - thanh 100g gồm 18 viên rời,17 sold,https://www.lazada.vn/products/pdp-i2965589368.html
Snacks & Confectionery,FUJI Market,"₫ 45,000",-10%,"₫40,590",4.8,(24),Kẹo dẻo trái cây UHA Cororo 48g Nhật Bản (nhiều vị),121 sold,https://www.lazada.vn/products/pdp-i2623351185.html
Snacks & Confectionery,Mars Wrigley VN,"₫ 190,000",-12%,"₫167,000",5,(51),Hũ kẹo sô cô la nhân đậu phộng Snickers jar (38 thanh x 12g),217 sold,https://www.lazada.vn/products/pdp-i3121140691.html
Snacks & Confectionery,Hương Việt - Đặc Sản Việt Nam,"₫ 58,000",-14%,"₫50,000",5,(214),Kẹo dừa đậu phộng sầu riêng Thanh Long 300g kẹo dừa Bến Tre Thanh Long truyền thống,2.1K sold,https://www.lazada.vn/products/pdp-i923696161.html
Food Staples & Cooking Essentials,CÔNG TY CỔ PHẦN SÀI GÒN FOOD,"₫ 495,000",-14%,"₫428,000",5,(382),"Thùng 30 gói cháo tươi SG Food Deli Mix Vị 240g (bò đậu đỏ, thịt thăn rau củ, cá đậu xanh, gà cà rốt, tôm thịt rau ngót)",1.1K sold,https://www.lazada.vn/products/pdp-i2269447357.html
Pet Food,Shikapet Shop,,,"₫82,500",5,(9),Snack Xương Nơ/Que Gặm Sạch Răng Cho Chó Vị Thịt Gà Cuốn DoggyMan,231 sold,https://www.lazada.vn/products/pdp-i1852674274.html
Snacks & Confectionery,ANDROS,,,"₫35,000",5,(9),[Quà tặng không bán] 1 túi kẹo Dẻo Trái Cây Gummy vị Nho 80G - Nhập Khẩu Từ Pháp - ANDROS FRUIT ME UP GUMMY,34 sold,https://www.lazada.vn/products/pdp-i3134971076.html
Food Staples & Cooking Essentials,MASAN CONSUMER,"₫ 814,000",-29%,"₫577,000",5,(565),Combo 2 Thùng Omachi Xốt Bò Hầm Gói 80G + 2 Xúc Xích Tiệt Trùng Ponnie Vị Heo 70G,1.1K sold,https://www.lazada.vn/products/pdp-i2687703244.html
Food Staples & Cooking Essentials,SK FOOD,"₫ 260,000",-46%,"₫140,000",4.9,(124),1KG HẠT BÍ TO ĐỀU HÀNG LOẠI 1 CHẤT LƯỢNG HIỆU SK FOOD,431 sold,https://www.lazada.vn/products/pdp-i385336992.html
Snacks & Confectionery,duongngoctam7070,"₫ 48,000",-21%,"₫38,000",5,(109),Socola Cá Nemo Xinh Hủ 200G,488 sold,https://www.lazada.vn/products/pdp-i453390333.html
Snacks & Confectionery,Happy Life 4U,"₫ 89,000",-22%,"₫69,000",5,(3),"Socola Nama, Nama chocolate, kẹo socola tươi nhân hoa quả mềm dẻo hương vị ngọt ngào - Happy Life 4U",,https://www.lazada.vn/products/pdp-i2541852123.html
Kitchen Appliances,Good House 8,"₫ 5,180,000",-56%,"₫2,303,684",5,(113),"Tủ lạnh mini 2 ngăn cao cấp tiết kiện, ngăn đá và ngăn làm mát tách biệt, để đồ ăn, đồ trang điểm tiện lợi, bảo hành 2 năm",664 sold,https://www.lazada.vn/products/pdp-i2264588140.html
Milk Formula & Baby Food,Thuyền Xưa Foods,,,"₫49,000",5,(393),Dầu Gấc Thuyền Xưa Ăn Dặm Cho Trẻ Em (65ml),1.1K sold,https://www.lazada.vn/products/pdp-i1372497697.html
Snacks & Confectionery,Bibica Corporation,"₫ 61,112",-13%,"₫61,112",5,(5),"Set quà Zoo Bibica – 2 kẹo dẻo dưa hấu, 2 sâu kì thú, 5 thạch năng lượng – Combo năng lượng cho bé",16 sold,https://www.lazada.vn/products/pdp-i3104079795.html
Pet Food,ZOEF,"₫ 400,000",-36%,"₫65,000",4.9,(293),ZOEF Ức Gà Hấp Ăn Liền Masti Hảo Hạng Cho Thú Cưng Gói 40g Hàng Chính Hãng LI0076,2.6K sold,https://www.lazada.vn/products/pdp-i1322715075.html
Snacks & Confectionery,Glico Vietnam,"₫ 19,200",-20%,"₫15,429",5,(51),Combo 2 thanh Socola Dạng Thanh Glico Alfie Mix Vị,182 sold,https://www.lazada.vn/products/pdp-i2827072009.html
Food Staples & Cooking Essentials,DK Harvest,"₫ 299,000",-23%,"₫230,000",4.9,(1033),"Hạt hạnh nhân rang mộc DK Harvest nhập khẩu Mỹ - Hộp 500g - đồ ăn vặt tốt cho sức khỏe, hỗ trợ giảm cân, nguyên liệu làm bánh",5.2K sold,https://www.lazada.vn/products/pdp-i419098140.html
Snacks & Confectionery,Bánh Kẹo Phạm Nguyên store,,,"₫35,700",5,(30),MUA 5 TẶNG 1 | Tổng cộng 6 Gói Nhỏ Kẹo Dẻo Thiên Thạch mix 6 vị Từ Nước Ép Trái Cây Thật Popit 25g | Kẹo Dẻo | Đồ ăn vặt,128 sold,https://www.lazada.vn/products/pdp-i2952565340.html
Pet Food,HELLOPETCITY,"₫ 58,000",-10%,"₫52,000",5,(5),Que Ức Vịt Sấy Khô Ăn Liền Cho Chó-Thức Ăn Vặt Cho Chó-Gói 118g,21 sold,https://www.lazada.vn/products/pdp-i2661622165.html
Pet Food,THE GIOI XUONG GAM PETSHOP,,,"₫50,000",5,(54),[HCM]SNACK THƯỞNG DINH DƯỠNG PRAMA CHO CHÓ,870 sold,https://www.lazada.vn/products/pdp-i1278969030.html
Food Staples & Cooking Essentials,SG Foods,"₫ 222,000",-8%,"₫205,000",5,(96),Combo 2 Chả mực hương vị truyền thống SG Food Hộp 250g,363 sold,https://www.lazada.vn/products/pdp-i2191500546.html
Pet Food,Mozzi PetShop VN,"₫ 63,000",-11%,"₫55,800",5,(2),Snack cho chó Xúc xích Jerhigh cây 150gr,10 sold,https://www.lazada.vn/products/pdp-i2213745373.html
Pet Food,Shikapet Shop,,,"₫128,000",,Reviews,SNACK CHO CHÓ QUE GÀ MỀM & BÒ MỀM BỔ DƯỠNG DOGGYMAN 420G,10 sold,https://www.lazada.vn/products/pdp-i3138128183.html
Pet Food,Mozzi PetShop VN,"₫ 109,000",-15%,"₫82,720",4.9,(19),"Snack cho chó Natural Core Thịt gà vịt sấy mềm, cuộn xương cá, cuộn khoai lang, sụn da bò, sụn tai thỏ, gân vịt tổng hợp",80 sold,https://www.lazada.vn/products/pdp-i2644412898.html
Bakery & Breakfast,Greenk-Shop,"₫ 240,000",-15%,"₫110,000",4.9,(79),BÁNH THUYỀN Mix Hạt dinh dưỡng ( Tặng 1 viên Lương khô SBT),215 sold,https://www.lazada.vn/products/pdp-i2841215733.html
Snacks & Confectionery,Oh Smile Nuts,,,"₫80,000",,Reviews,"Kẹo Nougat Mix Vị - Ngọt dịu, dẻo mềm, Giàu Dinh Dưỡng Mix Vị, gói 200g - Oh Smile Nuts",,https://www.lazada.vn/products/pdp-i3159922839.html
Snacks & Confectionery,PepsiCo Foods,"₫ 109,000",-13%,"₫95,000",5,(1238),[MEGA SALE 20H 8.9-11.9] Combo 3 lon Snack Khoai Tây Miếng Lay's Stax Vị Tự Nhiên (3 x 100g/lon),4.2K sold,https://www.lazada.vn/products/pdp-i2247505919.html
Pet Food,PetShop24h,"₫ 240,900",-18%,"₫198,600",5,(74),Thức ăn hạt cho Chó trưởng thành Ganador Gói 3kg Thương hiệu từ Pháp Bổ sung dinh dưỡng hoàn chỉnh cho tất cả các giống,226 sold,https://www.lazada.vn/products/pdp-i2478217980.html
Snacks & Confectionery,Nihon Kenbi,"₫ 395,000",-29%,"₫96,000",4.5,(8),[Date T7/2026] Kẹo Dẻo Vị Cam Bổ Sung Vitamin và Lợi Khuẩn Genki Fami Nhật Bản,19 sold,https://www.lazada.vn/products/pdp-i3000561095.html
Snacks & Confectionery,Minh Anh LTD,"₫ 60,000",-1%,"₫60,000",5,(321),Sôcôla SCHOGETTEN - Vị Hạt phỉ Alpine Milk Chocolate with Hazelnuts - thanh 100g gồm 18 viên rời,1.6K sold,https://www.lazada.vn/products/pdp-i954258522.html
Milk Formula & Baby Food,Nấm Baby House - Cửa Hàng Ăn Dặm,"₫ 135,100",-35%,"₫87,570",,Reviews,"Bánh ăn dặm cho bé dạng hũ Mămmy vị trái cây và rau củ giúp hỗ trợ tiêu hoá cho bé 6 tháng tuổi, hũ 32-50g",,https://www.lazada.vn/products/pdp-i3169781924.html
Milk Formula & Baby Food,C.A.M,,,"₫150,000",4.7,(62),Sữa chua nguội bledine  vỷ 6 hộp 55gr cho bé từ 6 tháng,723 sold,https://www.lazada.vn/products/pdp-i1245584193.html
Snacks & Confectionery,Minh Anh LTD,"₫ 60,000",-1%,"₫60,000",5,(276),Sôcôla SCHOGETTEN - Vị trắng White Chocolate - thanh 100g gồm 18 viên rời,1.4K sold,https://www.lazada.vn/products/pdp-i954262652.html
Dairy Chilled & Eggs,CÔNG TY CỔ PHẦN SÀI GÒN FOOD,"₫ 88,500",-15%,"₫75,000",5,(459),Combo of 3 Saigon Food Five-Color Seafood Fried Rice 200g,3.0K sold,https://www.lazada.vn/products/pdp-i1884608216.html
Snacks & Confectionery,Mars Wrigley VN,"₫ 192,000",-10%,"₫173,000",5,(22),Combo 2 Hộp Kẹo Socola Snickers 240g (24 thanh x 20g),72 sold,https://www.lazada.vn/products/pdp-i3121133676.html
Milk Formula & Baby Food,Mămmy Store,"₫ 150,000",-46%,"₫80,278",4.9,(44),"Bánh ăn dặm Mămmy vị trái cây giàu vitamin và chất xơ thiết kế chống hóc, dạng que ngắn cho bé từ 6 tháng",142 sold,https://www.lazada.vn/products/pdp-i2916547344.html
Food Staples & Cooking Essentials,SG Foods,"₫ 127,500",-15%,"₫108,000",5,(213),"Lốc 5 Cháo Tươi SG Food 240G (Tổ Yến Thịt Thăn, Sườn Non, Lươn, Cá Lóc, Cá Hồi)",955 sold,https://www.lazada.vn/products/pdp-i2189287152.html
Food Staples & Cooking Essentials,DK Harvest,"₫ 149,000",-21%,"₫117,000",4.9,(517),"Hạt hạnh nhân rang mộc DK Harvest nhập khẩu Mỹ - Hộp 250g - hạt hạnh nhân tách vỏ, hạnh nhân ăn vặt, đồ ăn vặt hạt hạnh nhân",2.4K sold,https://www.lazada.vn/products/pdp-i419070463.html
Milk Formula & Baby Food,Nấm Baby House - Cửa Hàng Ăn Dặm,"₫ 82,100",-9%,"₫75,100",5,(198),Date 12/2025-1/2026  Bánh gạo Mom's Choice Hàn Quốc siêu ngon cho bé ăn dặm từ 6 tháng,495 sold,https://www.lazada.vn/products/pdp-i1938457152.html
Snacks & Confectionery,Minh Anh LTD,"₫ 60,000",-1%,"₫60,000",5,(775),Sôcôla SCHOGETTEN - Vị Sữa Alpine Milk Chocolate - thanh 100g gồm 18 viên rời,4.4K sold,https://www.lazada.vn/products/pdp-i954300486.html
Snacks & Confectionery,PepsiCo Foods,"₫ 227,000",-20%,"₫181,000",4.9,(180),"[MEGA SALE 20H 8.9-11.9] Combo 6 Lay's Stax 100gr (Tự nhiên, Tôm hùm nướng ngũ vị, 2 Kem chua hành, 2 Mực sốt cay)",525 sold,https://www.lazada.vn/products/pdp-i2525711083.html
Milk Formula & Baby Food,Thực Phẩm Dinh Dưỡng Cây Thị,"₫ 895,000",-12%,"₫787,600",5,(142),Thùng 35 gói cháo tươi - Mở gói ăn ngay - 7 vị cho trọn tuần yêu thương,463 sold,https://www.lazada.vn/products/pdp-i499742768.html
Dairy Chilled & Eggs,CÔNG TY CỔ PHẦN SÀI GÒN FOOD,"₫ 59,000",-41%,"₫35,000",5,(72),Cơm Doria Phô Mai Đút Lò 200g Đông Lạnh SG Food Nhập Khẩu Nhật Bản,225 sold,https://www.lazada.vn/products/pdp-i2935157171.html
Snacks & Confectionery,Mars Wrigley VN,"₫ 132,000",-8%,"₫122,000",5,(9),Combo 6 gói Kẹo Socola Sữa M&M'S 37g - Thức Ăn Vặt Socola - Snack,68 sold,https://www.lazada.vn/products/pdp-i3121130138.html
Milk Formula & Baby Food,Meomeo_hangxachtay,"₫ 100,000",-49%,"₫51,000",5,(46),Bánh ăn dặm Pigeon đủ vị cho bé của Nhật bản,151 sold,https://www.lazada.vn/products/pdp-i2673671813.html
Pet Food,Shikapet Shop,,,"₫219,780",,Reviews,Thức Ăn Vặt Cho Chó-Ức Gà/Vịt Sấy Khô Ăn Liền Dog Club,,https://www.lazada.vn/products/pdp-i3138113447.html
Food Staples & Cooking Essentials,Oh Smile Nuts,"₫ 119,000",-32%,"₫81,000",4.9,(219),"Smielnuts Roasted Cracked Australian Macca Seeds_ Weight 215G/500G - Free Peeling Tool Included _ Australian Macca Seeds Help Protect the Heart, Support Metabolism and Anti-Oxidation, Fragrant, Sweet and Fatty Taste, Guaranteed No Oil Odor",1.1K sold,https://www.lazada.vn/products/pdp-i2000561548.html
Milk Formula & Baby Food,Thuyền Xưa Foods,,,"₫95,000",5,(47),Dầu Macca Nguyên Chất Thuyền Xưa Ăn Dặm Cho Bé,159 sold,https://www.lazada.vn/products/pdp-i2695486373.html
Snacks & Confectionery,LazaMart,"₫ 45,900",-46%,"₫24,700",4.7,(29),Kẹo sữa bò non đặc sản Nội Mông Trung Quốc gói 250g,185 sold,https://www.lazada.vn/products/pdp-i1399626754.html
Snacks & Confectionery,Sài Gòn Shop Chuyên Sỉ,"₫ 50,000",-22%,"₫35,000",5,(2),"400g Kẹo Me Chua Cay đặc sản Đà Lạt, đồ ăn vặt",20 sold,https://www.lazada.vn/products/pdp-i2425006302.html
Snacks & Confectionery,Bibica Corporation,"₫ 50,000",-15%,"₫42,500",4.9,(560),Kẹo Zoo Áo Dầu Bibica vị ngọt ngào,3.0K sold,https://www.lazada.vn/products/pdp-i457232960.html
Snacks & Confectionery,Tân Lộc Phát Food,"₫ 19,100",-49%,"₫19,400",5,(1),Bánh In Nhân Đậu Xanh Truyền Thống Túi 5 bánh nhỏ Mềm Dẻo Thơm Ngon,7 sold,https://www.lazada.vn/products/pdp-i3116836785.html
Food Staples & Cooking Essentials,Củ quả sấy giá rẻ,"₫ 160,000",-46%,"₫87,120",4.7,(2037),2kg Thập cẩm sấy 100% thành phần thiên nhiên thơm ngọt không hóa chất phẩm màu đảm bảo vệ sinh an toàn thực phẩm,7.5K sold,https://www.lazada.vn/products/pdp-i158765844.html
Milk Formula & Baby Food,Thuyền Xưa Foods,,,"₫59,000",5,(723),Dầu óc chó Nguyên chất Thuyền Xưa ăn dặm cho con 65ml,1.9K sold,https://www.lazada.vn/products/pdp-i1383202655.html
Snacks & Confectionery,Legendary Chocolate,"₫ 120,000",-23%,"₫92,000",5,(1),Sô cô la Hạt Thanh Bar 80g - Legendary Snack Socola Ăn Vặt Food Thức Ăn Chocolate,,https://www.lazada.vn/products/pdp-i1827517359.html
Snacks & Confectionery,Bibica Corporation,"₫ 36,667",-15%,"₫31,167",4.9,(247),Combo 2 Kẹo Mềm Sumika Sữa Bibica 140g,2.3K sold,https://www.lazada.vn/products/pdp-i1727019040.html
Milk Formula & Baby Food,Babyyum store,"₫ 100,000",-45%,"₫55,200",4.9,(127),6-month-old baby pigeon feeding cake,898 sold,https://www.lazada.vn/products/pdp-i699896905.html
Milk Formula & Baby Food,Hải Anh Family,"₫ 200,000",-42%,"₫117,000",5,(25),Bột làm bánh Hotcake (Pancake) cho bé Morinaga (Mẫu mới),200 sold,https://www.lazada.vn/products/pdp-i1748490167.html
Snacks & Confectionery,Bách Hóa Giá Mềm huynhtunga,"₫ 74,000",-26%,"₫55,000",4.4,(26),Kẹo Dừa Cơm Sầu Riêng Đậu Phộng 500G,155 sold,https://www.lazada.vn/products/pdp-i542580570.html
Snacks & Confectionery,PepsiCo Foods,"₫ 118,000",-10%,"₫106,000",4.9,(39),"[MEGA SALE 20H 8.9-11.9]  Combo 5 Lay’s Tự Nhiên, Tảo Biển, Sườn Bò, Tôm Càng Phô Mai 90G",128 sold,https://www.lazada.vn/products/pdp-i2757207290.html
Snacks & Confectionery,Mars Wrigley VN,"₫ 380,000",-12%,"₫335,000",4.6,(10),[Tặng Ly Sứ M&M's] Combo 2 Hũ kẹo sô cô la nhân đậu phộng Snickers jar (38 thanh x 12g x 2 Hũ),48 sold,https://www.lazada.vn/products/pdp-i3121877937.html
Milk Formula & Baby Food,Hải Anh Family,"₫ 13,000",-31%,"₫9,000",4.9,(323),Bột rau củ ăn dặm cho bé từ 6 tháng tuổi Dalahouse - Gói 3g Date 01/2025,2.3K sold,https://www.lazada.vn/products/pdp-i1505130182.html
Snacks & Confectionery,Genki Fami,"₫ 132,000",-27%,"₫96,000",5,(7),[Date T7/2026] Kẹo Dẻo Vị Cam Bổ Sung Vitamin và Lợi Khuẩn Genki Fami Nhật Bản,14 sold,https://www.lazada.vn/products/pdp-i2965509615.html
Snacks & Confectionery,HURO BIOTECH,"₫ 145,000",-26%,"₫107,000",5,(322),Combo 3 Hũ Kẹo Dẻo Lợi Khuẩn HURO PROBIOTICS Hũ 168g,750 sold,https://www.lazada.vn/products/pdp-i2332516505.html
Snacks & Confectionery,Mars Wrigley VN,"₫ 288,000",-10%,"₫260,000",5,(3),Combo 3 hộp Kẹo Socola Snickers 240g (12 thanh x 20g),23 sold,https://www.lazada.vn/products/pdp-i3121216557.html
Pet Food,Shikapet Shop,,,"₫71,500",5,(1),Snack Gà Sấy/Mề Gà Sấy Cho Chó Doggyman,,https://www.lazada.vn/products/pdp-i2727649535.html
Milk Formula & Baby Food,Bibo Mart,,,"₫43,000",5,(1),Bánh Gạo Ăn Dặm Happy Bites Giòn Xốp Dễ Tan Cho Bé Từ 6 Tháng Đủ Vị - Bibo Mart,10 sold,https://www.lazada.vn/products/pdp-i3168428751.html
Food Staples & Cooking Essentials,CÔNG TY CỔ PHẦN SÀI GÒN FOOD,,,"₫22,000",5,(751),Saigon Food Fresh Porridge with Pork Ribs & Five Grains 240g,12.1K sold,https://www.lazada.vn/products/pdp-i223917721.html
Milk Formula & Baby Food,Bibo Mart,"₫ 69,000",-10%,"₫62,000",5,(4),Mì Udon Hakubaku Mì Ăn Dặm Cho Bé Vị Rau Củ Cung Cấp Dinh Dưỡng Tinh Bột Vitamin Chất Xơ Cho Bé 7 Tháng - Bibo Mart,17 sold,https://www.lazada.vn/products/pdp-i2596916360.html
Milk Formula & Baby Food,Meomeo_hangxachtay,"₫ 90,000",-46%,"₫49,000",5,(38),Bánh ăn dặm Manna Morinaga cho bé từ 9 tháng tuổi,158 sold,https://www.lazada.vn/products/pdp-i2675684060.html
Milk Formula & Baby Food,Bibo Mart,,,"₫69,000",5,(17),Mì Mug Mì Ăn Liền Cho Bé Nhật Bản Dinh Dưỡng Thơm Ngon Cho Bé Từ 12 Tháng 92g 96g - Bibo Mart,83 sold,https://www.lazada.vn/products/pdp-i2596841969.html
Pet Food,Meotrenmayq12,"₫ 50,000",-10%,"₫43,999",5,(1),"Thịt sấy NEEKA ức gà sấy, vịt sấy, cá trứng sấy cho chó và mèo  gói 45gr và 60gr",7 sold,https://www.lazada.vn/products/pdp-i2923708683.html
Food Staples & Cooking Essentials,HCM-Thế Giới Bánh Tráng 2,"₫ 150,000",-10%,"₫135,000",4.8,(66),1kg chùm ruộc lắc muối ớt siêu cayyyyyy,214 sold,https://www.lazada.vn/products/pdp-i333498360.html
Pet Food,Mars Petcare,"₫ 42,000",-5%,"₫39,900",5,(5),PEDIGREE Tasty Bites Bánh thưởng cho chó con dạng xương gặm – Vị Gà và Rau Củ - 50g,51 sold,https://www.lazada.vn/products/pdp-i3069901117.html
Snacks & Confectionery,Hương Việt - Đặc Sản Việt Nam,"₫ 74,000",-5%,"₫70,000",5,(156),Combo 2 bịch kẹo chuối tươi Bến Tre kẹo chuối miền tây túi 200g,522 sold,https://www.lazada.vn/products/pdp-i2121481886.html
Bakery & Breakfast,Ms. Hội An® Natural Products,"₫ 889,000",-12%,"₫782,320",5,(4),"1kg/3kg/5kg | WayOf | Stone-Ground Tahini – Traditional Recipe, Rich Flavor",15 sold,https://www.lazada.vn/products/pdp-i2957384540.html
Snacks & Confectionery,NGUYEN HOANG GROUP,"₫ 99,000",-14%,"₫85,000",,Reviews,Socola Macadamia ( Hạt Mắc Ca) Meiji 64g,,https://www.lazada.vn/products/pdp-i3087157885.html
Food Staples & Cooking Essentials,YenViet,"₫ 60,000",-10%,"₫54,000",5,(120),"Canh tổ yến rong biển Yến Việt sấy thăng hoa, chay mặn đều dùng được, dùng ngay sau 3 phút, hộp 10 gói x 4,8g",343 sold,https://www.lazada.vn/products/pdp-i2394664306.html
Pet Food,Shikapet Shop,,,"₫89,100",,Reviews,Snack Xương Nơ/Que Gặm Sạch Răng Cho Chó Vị Thịt Gà Cuốn/Que Da Bò Nhúng Thịt Gà DoggyMan,16 sold,https://www.lazada.vn/products/pdp-i2898612960.html
Snacks & Confectionery,HURO BIOTECH,"₫ 175,000",-51%,"₫85,000",5,(394),Combo 5 Túi Kẹo Dẻo Lợi Khuẩn HURO PROBIOTICS Túi 105g,1.0K sold,https://www.lazada.vn/products/pdp-i2332562229.html
Dairy Chilled & Eggs,CÔNG TY CỔ PHẦN SÀI GÒN FOOD,"₫ 29,500",-8%,"₫27,000",4.9,(751),Duong Chau Fried Rice Sg Food 200g,10.0K sold,https://www.lazada.vn/products/pdp-i1365977959.html
Food Staples & Cooking Essentials,CÔNG TY CỔ PHẦN SÀI GÒN FOOD,"₫ 200,000",-6%,"₫188,000",4.8,(50),"Combo 8 gói Cháo Tươi Baby 240g (Gà, Thịt Bằm, Bò, Tôm, Lươn, Cá Hồi, Cua, Ếch) SG Food",128 sold,https://www.lazada.vn/products/pdp-i2961821355.html
Food Staples & Cooking Essentials,DK Harvest,"₫ 339,000",-32%,"₫230,000",4.9,(219),"Hạt Điều Rang Mộc Nguyên Hạt DK Harvest - Hộp 500g, nhân hạt điều tách vỏ rang mộc, đồ ăn vặt rất tốt cho sức khỏe, giúp giảm cân hiệu quả",1.2K sold,https://www.lazada.vn/products/pdp-i768230972.html
Dairy Chilled & Eggs,CÔNG TY CỔ PHẦN SÀI GÒN FOOD,"₫ 38,500",-6%,"₫36,000",5,(207),Mỳ gà cay phô mai 250g,1.2K sold,https://www.lazada.vn/products/pdp-i2337678255.html
Milk Formula & Baby Food,Con Cưng,"₫ 55,000",-12%,"₫48,400",5,(36),Dầu mè dinh dưỡng - Thuyền Xưa ăn dặm cho con,197 sold,https://www.lazada.vn/products/pdp-i2337723479.html
Food Staples & Cooking Essentials,CÔNG TY CỔ PHẦN SÀI GÒN FOOD,"₫ 600,000",-28%,"₫430,000",5,(149),Thùng 30 gói Cháo Tươi Deli Sài Gòn Food,430 sold,https://www.lazada.vn/products/pdp-i2040493018.html
Snacks & Confectionery,PepsiCo Foods,"₫ 145,000",-17%,"₫120,000",5,(81),"[MEGA SALE 20H 8.9-11.9] Combo 3 Lay's Stax 155G (Tự Nhiên, Thịt Nướng BBQ, Tôm Hùm Nướng Ngũ Vị)",203 sold,https://www.lazada.vn/products/pdp-i2472384469.html
Snacks & Confectionery,thucduong.healthy shop,"₫ 199,000",-32%,"₫69,000",4.9,(91),"Kẹo Dẻo Lê An Phế có nhân 1KG Kẹo lê The Mát, Sảng Khoái, Mềm dẻo, thơm ngon Kẹo dẻo Lê An Phế Mật Ong The Mát, Sảng Khoái, Mềm dẻo, thơm ngon",287 sold,https://www.lazada.vn/products/pdp-i2878393194.html
Snacks & Confectionery,SỬU NHI FOOD,"₫ 115,000",-17%,"₫55,000",5,(36),[COMBO 60 GÓI] Kẹo Dẻo Yupi Hamburger Hương Trái Cây,94 sold,https://www.lazada.vn/products/pdp-i2448194264.html
Snacks & Confectionery,Bibica Corporation,"₫ 125,000",-15%,"₫106,250",5,(88),Combo 5 Kẹo Zoo Áo Dầu Bibica 500g,739 sold,https://www.lazada.vn/products/pdp-i921894705.html
Food Staples & Cooking Essentials,Ăn Vặt 68,"₫ 230,000",-13%,"₫201,000",5,(8),"[HÀNG LOẠI 1] Hạt dẻ cười Mỹ không tẩy trắng hạt được chọn lọc kỹ to,mẩy. Hạt dinh dưỡng đồ ăn vặt",23 sold,https://www.lazada.vn/products/pdp-i2355613266.html
Pet Food,Lồng Sắt Chó Mèo HCM,"₫ 28,000",-38%,"₫17,500",,Reviews,Snack cho chó mèo - gà viên Taotao ăn vặt cho chó mèo 100g/ Snack chó mèo,7 sold,https://www.lazada.vn/products/pdp-i2480088328.html
Kitchen Appliances,Gia Dụng Con Cưng,"₫ 5,180,000",-50%,"₫2,564,100",5,(104),"Tủ lạnh Mini 2 cánh gia đình , tủ lạnh mini có tích hợp ngăn đá riêng biệt tiện lợi để đồ ăn thức uống mĩ phẩm Bảo hành 2 năm 7 ngày lỗi đổi mới",654 sold,https://www.lazada.vn/products/pdp-i2258478373.html
Milk Formula & Baby Food,KhoaiBabyVN,"₫ 33,700",-45%,"₫18,500",5,(3),Hạt nêm nấm đông cô Shiitake Nhật Bản 48g (4g x 12 gói),22 sold,https://www.lazada.vn/products/pdp-i1939589489.html
Pet Food,Cattypaws Shop,"₫ 500,000",-35%,"₫95,000",5,(146),"Thức ăn cho mèo con và mèo trưởng thành, đồ ăn dạng hạt cung cấp dinh dưỡng cho mèo",491 sold,https://www.lazada.vn/products/pdp-i2534229084.html
Snacks & Confectionery,Mars Wrigley VN,"₫ 96,000",-5%,"₫91,000",4.9,(8),Hộp Kẹo Socola Snickers 240g (12 thanh x 20g),39 sold,https://www.lazada.vn/products/pdp-i3121255159.html
Milk Formula & Baby Food,Thuyền Xưa Foods,,,"₫105,000",5,(85),[ĂN DẶM] Nước Mắm Nhĩ Nguyên Chất Thuyền Xưa 41N - Cao Đạm Vị Dịu - 250ml,308 sold,https://www.lazada.vn/products/pdp-i874608083.html
Milk Formula & Baby Food,FUJI Market,,,"₫95,000",,Reviews,Gia vị rắc cơm thập cẩm Hello Kitty 20 gói nhỏ,,https://www.lazada.vn/products/pdp-i2391845234.html
Snacks & Confectionery,VGreen Kombucha Official,"₫ 42,900",-9%,"₫39,000",5,(2),THẠCH KOMBUCHA CANXI - Hộp quà tặng 175g,,https://www.lazada.vn/products/pdp-i3105974464.html
Snacks & Confectionery,PepsiCo Foods,"₫ 196,000",-8%,"₫181,000",4.9,(38),"[MEGA SALE 20H 8.9-11.9] Combo 6 Lay's Stax 100G (2 Bò Wagyu Xốt Nấm Truffle,  Mực Sốt Cay, Tôm Hùm ngũ vị, Tự Nhiên, Kem chua hành)",125 sold,https://www.lazada.vn/products/pdp-i2877641027.html
Milk Formula & Baby Food,ANDROS,"₫ 100,000",-10%,"₫100,000",4.9,(174),Combo 5 Túi Trái Cây Xay Nhuyễn Hỗn Hợp 5 vị - 100% trái cây thật - ANDROS FRUIT ME UP - 90gx5,703 sold,https://www.lazada.vn/products/pdp-i1833530122.html
Snacks & Confectionery,Feastables Store VN,"₫ 375,000",-10%,"₫338,250",5,(1),"[Genuine] Combo of 3 Feastables Mrbeast Chocolate Candy New Version Bar 60g (Milk Crunch, Peanut Butter, Almond)",7 sold,https://www.lazada.vn/products/pdp-i3128569593.html
Snacks & Confectionery,Tổng kho Nhập Khẩu Đồ Ăn,"₫ 199,000",-32%,"₫71,258",,Reviews,"1kg Thạch Phomai Sữa Chua Hình Chân Mèo, Trái Cây, Que Kem Mix Sẵn, Ăn Vặt Hot Hit TH02 - TKNK BeeGin",,https://www.lazada.vn/products/pdp-i3083024108.html
Milk Formula & Baby Food,Nhà Sam_Chuyên hàng Authentic,"₫ 150,000",-43%,"₫85,000",5,(2),Gerber nutrition fruit cereal diet cookies for baby from 8 months old help to stimulate children's taste | house Sam,29 sold,https://www.lazada.vn/products/pdp-i2696711395.html
Snacks & Confectionery,HURO BIOTECH,"₫ 75,000",-32%,"₫50,745",5,(1053),Combo 10 Gói Kẹo Dẻo Lợi Khuẩn HURO PROBIOTICS Mini túi 24g,3.9K sold,https://www.lazada.vn/products/pdp-i2332516485.html
Snacks & Confectionery,Mars Wrigley VN,"₫ 100,000",-10%,"₫90,000",4.9,(9),Combo 20 gói Kẹo Socola M&M gói 14.5g socola (1 hộp x 20 gói),39 sold,https://www.lazada.vn/products/pdp-i3121141609.html
Milk Formula & Baby Food,Bibo Mart,"₫ 86,000",-5%,"₫81,700",5,(7),Bánh Ăn Dặm Mămmy Vị Trái Cây Cho Bé Dạng Thanh  An Toàn Thơm Ngon Trên 6 Tháng - Bibo Mart,23 sold,https://www.lazada.vn/products/pdp-i3043421783.html
Milk Formula & Baby Food,Thuyền Xưa Foods,,,"₫106,000",5,(21),Combo 2 Gói Gia vị Rắc cơm Thuyền Xưa Ăn Dặm Cho Con - Vị Rong Biển Mè và Vị Tôm (Gói 19g),66 sold,https://www.lazada.vn/products/pdp-i1249790696.html
Snacks & Confectionery,PepsiCo Foods,"₫ 113,000",-16%,"₫95,000",5,(301),[MEGA SALE 20H 8.9-11.9] Combo 3 lon Snack Khoai Tây Miếng Lay's Stax Vị Mực Sốt Cay (3 x 100g/lon),1.1K sold,https://www.lazada.vn/products/pdp-i2247627187.html
Snacks & Confectionery,PepsiCo Foods,"₫ 113,000",-16%,"₫95,000",5,(229),[MEGA SALE 20H 8.9-11.9]  Combo 3 lon Snack Khoai Tây Miếng Lay's Stax Vị Tôm Hùm Nướng Ngũ Vị (3 x 100g/lon),812 sold,https://www.lazada.vn/products/pdp-i2247580834.html
Milk Formula & Baby Food,CÔNG TY CỔ PHẦN SÀI GÒN FOOD,"₫ 127,500",-6%,"₫120,000",4.9,(346),"Lốc 53 - Combo 5 Cháo Tươi Baby Sài Gòn Food 240G (Gà, Thịt Bằm, Bò, Tôm, Cá Hồi)",1.9K sold,https://www.lazada.vn/products/pdp-i488338942.html
Milk Formula & Baby Food,Bibo Mart,"₫ 102,000",-8%,"₫93,800",5,(276),Bánh Ăn Dặm Gerber Puffs Vị Hoa Quả Việt Quất Dâu Táo Chuối Hỗ Trợ Phát Triển Toàn Diện Cho Bé Trên 8 Tháng Tuổi - Bibo Mart,1.2K sold,https://www.lazada.vn/products/pdp-i2796842304.html
Pet Food,Nông Trại Thú Cưng,"₫ 51,000",-6%,"₫48,000",5,(30),Bánh Thưởng Snack Cho Chó Pedigree  Schmackos 70g (Thay Thế Meat Jerky) - [Nông Trại Thú Cưng],349 sold,https://www.lazada.vn/products/pdp-i1390636071.html
Food Staples & Cooking Essentials,CÔNG TY CỔ PHẦN SÀI GÒN FOOD,"₫ 600,000",-3%,"₫580,000",4.6,(15),"Thùng 24 gói cháo tươi baby mix vị SG Food (thịt bằm, gà, bò, tôm, lươn, cá hồi, cua, ếch)",27 sold,https://www.lazada.vn/products/pdp-i3077914864.html
Snacks & Confectionery,Mars Wrigley VN,"₫ 218,000",-8%,"₫201,000",5,(5),Combo 2 túi Kẹo Socola Snickers Funsize 240g (12 thanh x 2),31 sold,https://www.lazada.vn/products/pdp-i3120989987.html
Milk Formula & Baby Food,Vinamilk - Shop & More,"₫ 390,150",-3%,"₫378,445",5,(680),Combo of 5 Boxes of Ridielac Gold Rice Milk Powder - Tin Box 350g,3.2K sold,https://www.lazada.vn/products/pdp-i1705174189.html
Food Staples & Cooking Essentials,YenViet,"₫ 160,500",-12%,"₫273,000",5,(311),"Cháo yến dinh dưỡng Yến Việt vị thịt bằm sấy thăng hoa, vitamin B, không bột ngọt, chất bảo quản thùng 30 gói x 50g",751 sold,https://www.lazada.vn/products/pdp-i733534830.html
Food Staples & Cooking Essentials,Wakamono Organic - RMG Group,"₫ 300,000",-24%,"₫228,000",5,(415),"1kg Táo đỏ Hòa điền Wakamono siêu to khổng lồ size 80-90 quả/kg, không chất bảo quản, thịt chắc, ruột vàng, thơm ngon bổ dưỡng",1.1K sold,https://www.lazada.vn/products/pdp-i2662876906.html
Snacks & Confectionery,PepsiCo Foods,"₫ 145,000",-17%,"₫120,000",5,(67),[MEGA SALE 20H 8.9-11.9]  Combo 3 Lay's Stax Khoai Tây Miếng Vị Tự Nhiên 155G,249 sold,https://www.lazada.vn/products/pdp-i2472438217.html
Milk Formula & Baby Food,Thực Phẩm Dinh Dưỡng Cây Thị,"₫ 770,000",-12%,"₫677,600",5,(138),Thùng 28 Gói 14 Vị Cháo Tươi Thương Hiệu Cây Thị,421 sold,https://www.lazada.vn/products/pdp-i1979560357.html
Dairy Chilled & Eggs,CÔNG TY CỔ PHẦN SÀI GÒN FOOD,"₫ 148,500",-13%,"₫129,000",4.9,(422),"Combo of 5 Packs of Sg Food Flavored Fried Rice 200g (Duong Chau, Seafood, Salted Fish with Shredded Chicken, Kim Chi, Vegetarian Brown Rice)",2.3K sold,https://www.lazada.vn/products/pdp-i1363016608.html
Pet Food,PET BAP,"₫ 60,000",-8%,"₫55,000",4.7,(131),"[Hoàn Tiền 10%] Thức ăn cho mèo - hạt catsrang cho mèo đảm bảo đủ cân, là dòng sản phẩm thức ăn hạt chuyên dành cho mèo đang rất được ưa chuộng trên thị trường hiện nay",545 sold,https://www.lazada.vn/products/pdp-i887928513.html
Snacks & Confectionery,Mars Wrigley VN,"₫ 216,000",-10%,"₫195,000",5,(1),Combo 12 thanh Kẹo Sô Cô La Snickers thanh 35g,8 sold,https://www.lazada.vn/products/pdp-i3121013955.html
Food Staples & Cooking Essentials,YenViet,"₫ 372,000",-15%,"₫164,000",5,(40),"Cháo yến đậu xanh thanh mát Yến Việt, vị thịt bằm rau củ/ gà hầm hạt sen, giải nhiệt, bổ dưỡng, thùng 24 ly x 50g",110 sold,https://www.lazada.vn/products/pdp-i2031033530.html
Snacks & Confectionery,Oh Smile Nuts,"₫ 182,000",-24%,"₫138,600",4.9,(201),Hạt Dẻ Cười Mỹ Không Tẩy Trắng Rang Muối Hồng Himalaya/Rang Mộc Smile Nuts Hộp - Nhập Khẩu Từ Mỹ,924 sold,https://www.lazada.vn/products/pdp-i853828089.html
Milk Formula & Baby Food,ANDROS,"₫ 400,000",-16%,"₫400,000",5,(48),Thùng 20 Túi Trái Cây Xay Nhuyễn Nguyên Chất - 100% trái cây thật - ANDROS FRUIT ME UP - 90gx20,147 sold,https://www.lazada.vn/products/pdp-i2403931743.html
Snacks & Confectionery,HURO BIOTECH,"₫ 75,000",-31%,"₫52,000",5,(157),Combo 3 Kẹo Dẻo Lợi Khuẩn HURO PROBIOTICS Túi 105g,388 sold,https://www.lazada.vn/products/pdp-i2370491611.html
Furniture,Shop Thảo nguyên 3B,,,"₫11,000",5,(10),"Combo 2 Ốc táo lớn, chuyên vệ sinh đồ ăn thừa, hoàn tiền khi có rủi ro do vận chuyển - Q3 - NH - 2",65 sold,https://www.lazada.vn/products/pdp-i3162753818.html
Tableware,rAr8jD.Selection,"₫ 31,000",-33%,"₫14,500",5,(7517),"4 Tấm Rơm Lúa Mì, Đĩa Nhổ Xương, Bộ Đồ Ăn Đa Năng, Phụ Kiện Nhà Bếp",21.2K sold,https://www.lazada.vn/products/pdp-i2501156189.html
Kitchenware,2850 Store,"₫ 106,000",-45%,"₫58,600",4.8,(2158),Clay pot 2850 chiệu temperature high-pot is trấng 3 layer men anti-adhesive safer when the dụng-shop attached instructions when buying new pot about.,6.2K sold,https://www.lazada.vn/products/pdp-i2181650805.html
Feeding Essentials,Daier Trading,"₫ 25,100",-59%,"₫10,500",5,(1384),"Thìa cong bằng thép không gỉ cho bé, nĩa cong, thìa tập ăn tự động, thìa ăn, đồ dùng cho trẻ em",4.2K sold,https://www.lazada.vn/products/pdp-i2537955671.html
Food Supplement,BaoChauPharma,"₫ 99,000",-34%,"₫65,000",5,(16),Giải độc gan ARGININE 200mg - Tăng cường chức năng gan : viêm gan - gan nhiễm mỡ Hộp 60 viên - PV,138 sold,https://www.lazada.vn/products/pdp-i1887553102.html
Kitchenware,HENGHOME Kitchenware,"₫ 70,160",-44%,"₫38,978",5,(2),HENGHOME 8.5Cm Đúc Sắt Chảo Không Dính Mini Trứng Chảo Cho Nhà Bếp Đồ Nấu Nướng,6 sold,https://www.lazada.vn/products/pdp-i2920670183.html
Pet Food,MarketPetshop,"₫ 26,300",-47%,"₫13,300",4.8,(22),BÁNH QUY SỮA CHO CHÓ MÈO MÈO ĂN SẠCH MẢNG BÁM RĂNG,100 sold,https://www.lazada.vn/products/pdp-i1918910830.html
Snacks & Confectionery,SHOP ĂN VẶT BÉ TÁO,"₫ 109,000",-23%,"₫84,150",5,(7),Xô 500g Kẹo Dẻo Chip Chip Mix Nhiều Vị Trái Cây Siêu Ngon Cho Bé Yêu ( Giao Mix Vị Ngẫu Nhiên ),25 sold,https://www.lazada.vn/products/pdp-i3021473424.html
Pet Food,MarketPetshop,"₫ 32,800",-46%,"₫14,000",4.9,(45),BÁNH QUY 100GRAM CHO CHÓ MÈO GIÚP THƠM MIỆNG SẠCH RĂNG,298 sold,https://www.lazada.vn/products/pdp-i1670493550.html
Milk Formula & Baby Food,Con Cưng,,,"₫48,000",5,(27),"Bí đỏ khoai tây và bò nghiền cho trẻ từ 4 tháng tuổi - Heinz Pumpkin, Potato & Beef",187 sold,https://www.lazada.vn/products/pdp-i2337679865.html
Pet Food,Vu Tru Thu Cung,"₫ 100,000",-45%,"₫55,000",5,(6),Japanese doggy man paw knot dog snack (10 trees),62 sold,https://www.lazada.vn/products/pdp-i2260936287.html
Milk Formula & Baby Food,Shop Nhật Sale,"₫ 150,000",-34%,"₫99,000",,Reviews,Gia Vị Rắc Cơm 75g 30 gói 6 Vị Nội Địa Nhật Bản,,https://www.lazada.vn/products/pdp-i3031585706.html
Milk Formula & Baby Food,Hải Anh Family,"₫ 40,000",-0.2%,"₫39,900",4.8,(12),"Rong biển Hữu Cơ rắc cơm Alvins, nhập khẩu Hàn Quốc",52 sold,https://www.lazada.vn/products/pdp-i2377792306.html
Milk Formula & Baby Food,Thuyền Xưa Foods,,,"₫207,680",5,(60),COMBO 4 chai Dầu Mè - Gấc - Óc Chó - Olive Ăn Dặm cho bé 65ml,153 sold,https://www.lazada.vn/products/pdp-i2825289140.html
Snacks & Confectionery,Minh Anh LTD,"₫ 60,000",-1%,"₫60,000",4.9,(334),Sôcôla SCHOGETTEN - Vị Kem hạt phỉ Praline Noisettes - thanh 100g gồm 18 viên rời,1.5K sold,https://www.lazada.vn/products/pdp-i954188920.html
Snacks & Confectionery,Mars Wrigley VN,"₫ 176,000",-8%,"₫162,000",5,(8),Combo 8 thanh sô cô la Snickers 51g (51g x 8 thanh),17 sold,https://www.lazada.vn/products/pdp-i3121218329.html
Milk Formula & Baby Food,Bibo Mart,,,"₫83,000",5,(200),Bánh Gạo Ăn Dặm Gerber Hữu Cơ Vị Hoa Quả Bánh Ăn Dặm Tập Cầm Năm Dành Cho Bé Từ 7 Tháng 48g - Bibo Mart,971 sold,https://www.lazada.vn/products/pdp-i2618397296.html
Food Staples & Cooking Essentials,YenViet,"₫ 53,500",-12%,"₫273,000",5,(117),"Cháo yến dinh dưỡng Yến Việt vị chay rau nấm, bổ sung vitamin B, không bột ngọt, chất bảo quản thùng 30 gói x 50g",374 sold,https://www.lazada.vn/products/pdp-i733640035.html
Milk Formula & Baby Food,CÔNG TY CỔ PHẦN SÀI GÒN FOOD,"₫ 25,000",-4%,"₫24,000",4.9,(329),Baby Saigon Food Fresh Porridge with Beef and Peas 240g,4.8K sold,https://www.lazada.vn/products/pdp-i337826446.html
Milk Formula & Baby Food,FUJI Market,"₫ 95,000",-11%,"₫84,150",5,(1),Bánh quy Glico Ginbis Tabekko bổ sung canxi hình động vật,,https://www.lazada.vn/products/pdp-i2947060528.html
Snacks & Confectionery,Mars Wrigley VN,"₫ 109,000",-6%,"₫102,000",5,(7),Kẹo Socola Snickers Funsize túi 240g (12 thanh),17 sold,https://www.lazada.vn/products/pdp-i3119881590.html
Pet Food,Hanpet thú cưng,"₫ 635,140",-0%,"₫498,614",4.9,(1341),"Hanpet - (KEOS & Me-O 7kg & Minino Bao 7,5kg) thức ăn viên cho mèo lớn - CÁ NGỪ - CÁ THU - HẢI SẢN thức ăn mèo trưởng thành (trên 1 năm tuổi)",4.9K sold,https://www.lazada.vn/products/pdp-i250590637.html
Snacks & Confectionery,PepsiCo Foods,"₫ 118,000",-10%,"₫106,000",5,(17),"[MEGA SALE 20H 8.9-11.9]  Combo 5 Lay’s Tự Nhiên, Tảo Biển, Sườn Bò 90G, Mực Đài Loan 88G",41 sold,https://www.lazada.vn/products/pdp-i2757265116.html
Milk Formula & Baby Food,Bibo Mart,"₫ 105,000",-10%,"₫94,500",5,(73),Bánh Ăn Dặm Gerber Lil's Crunchies Vị Phô Mai Vị Rau Củ Bổ Sung Dưỡng Chất Dành Cho Bé Trên 8 Tháng - Bibomart,409 sold,https://www.lazada.vn/products/pdp-i2796902278.html
Snacks & Confectionery,PepsiCo Foods,"₫ 123,000",-19%,"₫100,000",5,(65),"[MEGA SALE 20H 8.9-11.9]  Combo 5 Lay's Tự nhiên 90g, Tảo Biển 90G, Phô Mai Cheddar 90G, Tôm Càng Phô Mai 90g, Bò Nướng Texas 90g",215 sold,https://www.lazada.vn/products/pdp-i2579173741.html
Milk Formula & Baby Food,Bibo Mart,,,"₫90,000",5,(1),Bánh Gạo Hữu Cơ Naebro Pure Eat 30g - Bánh Gạo Ăn Dặm Cho Bé Đủ Vị Trái Cây - Bibo Mart,6 sold,https://www.lazada.vn/products/pdp-i2934951907.html
Snacks & Confectionery,HURO BIOTECH,"₫ 750,000",-64%,"₫270,000",5,(11),Combo 50 Gói Kẹo Dẻo Lợi Khuẩn HURO PROBIOTICS Mini túi 24g,22 sold,https://www.lazada.vn/products/pdp-i3119652694.html
Milk Formula & Baby Food,Mămmy Store,"₫ 720,000",-32%,"₫492,100",5,(166),"Combo of 5 sheets of vegetables, cheese, fruits, snow fish, yogurt which melt, baby hands nicely, dissolve in the mouth, 25g package",419 sold,https://www.lazada.vn/products/pdp-i2158660283.html
Snacks & Confectionery,ANDROS,"₫ 120,000",-18%,"₫120,000",5,(41),Kẹo Dẻo Trái Cây Gummy 20G (Combo 10 và 20 túi) - Nhập Khẩu Từ Pháp Của Pháp - ANDROS FRUIT ME UP GUMMY,122 sold,https://www.lazada.vn/products/pdp-i2636078805.html
Food Staples & Cooking Essentials,C&B Online Store,,,"₫73,150",4.9,(124),KHÔ HEO SẤY TỎI C&B (Giòn thơm - Đậm vị),694 sold,https://www.lazada.vn/products/pdp-i1494681846.html
Snacks & Confectionery,HURO BIOTECH,,,"₫17,000",4.9,(56),[GIFT] Kẹo Dẻo Lợi Khuẩn HURO PROBIOTICS Mini túi 24g,131 sold,https://www.lazada.vn/products/pdp-i2759505166.html
Milk Formula & Baby Food,Bibo Mart,,,"₫90,000",,Reviews,Bánh Gạo Lứt Hữu Cơ Naebro Pure Eat Dạng Que Vị Trái Cây 30g Không Dầu Không Đường Cho Bé Ăn Dặm - Bibomart,,https://www.lazada.vn/products/pdp-i2936893953.html
Food Staples & Cooking Essentials,CÔNG TY CỔ PHẦN SÀI GÒN FOOD,"₫ 766,000",-14%,"₫660,000",4.9,(929),"Box of 30 Packs of Saigon Fresh Porridge Food Mix Flavors (Bird's Nest with Pork Belly, Ribs, Eel, Snakehead Fish, Trout)",3.5K sold,https://www.lazada.vn/products/pdp-i417028122.html
Milk Formula & Baby Food,Mămmy Store,"₫ 150,000",-47%,"₫80,189",5,(608),"Bánh ăn dặm vị hoa quả tươi Mămmy tan trong miệng, từ trái cây thật giàu vitamin, khoáng chất hỗ trợ đề kháng 25 gram",1.8K sold,https://www.lazada.vn/products/pdp-i2120820732.html
Snacks & Confectionery,HURO BIOTECH,"₫ 7,000",-21%,"₫5,500",4.9,(146),Kẹo Dẻo Lợi Khuẩn HURO PROBIOTICS Mini túi 24g,715 sold,https://www.lazada.vn/products/pdp-i2332486663.html
Milk Formula & Baby Food,CÔNG TY CỔ PHẦN SÀI GÒN FOOD,"₫ 127,500",-6%,"₫120,000",5,(131),"Lốc 54 - Combo 5 Cháo Tươi Baby Sài Gòn Food 240G (Gà, Thịt Bằm, Bò, Lươn, Cá Hồi)",837 sold,https://www.lazada.vn/products/pdp-i488382937.html
Food Staples & Cooking Essentials,CÔNG TY CỔ PHẦN SÀI GÒN FOOD,"₫ 677,500",-3%,"₫660,000",5,(150),Thùng 30 Gói Cháo Tươi Sài Gòn Food Sườn Non Ngũ Đậu 240G,443 sold,https://www.lazada.vn/products/pdp-i416418464.html
Milk Formula & Baby Food,Bibo Mart,,,"₫109,000",5,(2),Bánh Bi Bánh Gạo Ăn Dặm Hữu Cơ Farm To Baby Bánh Gạo Cho Bé Bổ Sung Dinh Dưỡng Từ 6 Tháng Hộp 50g - Bibomart,15 sold,https://www.lazada.vn/products/pdp-i2937071315.html
Milk Formula & Baby Food,Bibo Mart,,,"₫59,000",5,(30),Bánh Gạo Tươi Haihain Nhật Bản Dinh Dưỡng An Toàn Dễ Tan Vị Rau Củ Vị Sữa Cho Bé Từ 7 Tháng 53g - Bibo Mart,106 sold,https://www.lazada.vn/products/pdp-i2622398521.html
Food Staples & Cooking Essentials,CÔNG TY CỔ PHẦN SÀI GÒN FOOD,"₫ 1,070,000",-6%,"₫1,005,000",5,(10),Thùng 30 Gói Cháo Bổ Dưỡng Sài Gòn Food Gà Ác Nhân Sâm 240G,55 sold,https://www.lazada.vn/products/pdp-i418592045.html
Kitchen Appliances,Landnn,,,"₫119,182",4.8,(263),"Bếp điện - Bếp điện mini - Bếp điện đơn 500w - Bếp đun cafe - Bếp nấu cà phê - Bếp pha cà phê - Bếp đun nước - Bếp điện từ - Bếp điện mini - Bếp mini điện - Bep dien - pha cà phê, pha trà, nấu nước không kén nồi và ấm",744 sold,https://www.lazada.vn/products/pdp-i2342719263.html
Tableware,rAr8jD.Selection,,,"₫15,680",5,(56),"8pcs Tấm Rơm Lúa Mì, Đĩa Nhổ Xương, Bộ Đồ Ăn Đa Năng, Phụ Kiện Nhà Bếp",253 sold,https://www.lazada.vn/products/pdp-i2707703434.html
Outdoor Sports & Activities Equipment,Jetting Vietnam,"₫ 30,244",-44%,"₫16,487",4.6,(37),Jetting 3 cái Đũa Thìa Dĩa bộ của thép không gỉ di động Bộ đồ ăn tái sử dụng du lịch dã ngoại dao kéo với hộp,181 sold,https://www.lazada.vn/products/pdp-i2741803146.html
Kitchen Appliances,ZODAN Corporation,"₫ 1,350,000",-62%,"₫439,200",4.9,(460),[Good] air fryer oil camel capacity 12L-warranty 1 year,1.4K sold,https://www.lazada.vn/products/pdp-i2391412581.html
Tableware,- GIÁ RẺ NHẤT -,"₫ 69,000",-58%,"₫29,000",4.7,(22),"304 ml high-grade Golden Duck 1000 stainless steel noodle soup bowl with anti-overflow cover mobile phone stand, capacity ml",93 sold,https://www.lazada.vn/products/pdp-i2425744702.html
Tableware,rAr8jD.Selection,"₫ 21,300",-52%,"₫9,200",5,(8924),4 đĩa chấm hình chiếc lá,28.6K sold,https://www.lazada.vn/products/pdp-i2501023563.html
Feeding Essentials,Bebi123shop,"₫ 66,000",-31%,"₫45,540",5,(6),"Hộp 50, 100 Miếng Lót Thấm Sữa Humama Siêu Thấm Hút Tiện Lợi Cho Mẹ Bebi123shop",31 sold,https://www.lazada.vn/products/pdp-i3073008565.html
Drinks,SURI MINH KHUÊ.Selection,"₫ 32,000",-29%,"₫22,800",4.9,(1811),[GÓI VÀNG] TRÀ BẮC ĐẶC SẢN SẠCH (100gr) Trà xanh Tân Cương Thái Nguyên - sạch thơm an toàn,6.2K sold,https://www.lazada.vn/products/pdp-i2595844263.html
Board & Brain Games,Green House Shopp,"₫ 38,000",-16%,"₫32,000",5,(12),[MẪU MỚI] Há cảo - Sủi cảo Trung Hoa ăn liền tiện dụng,54 sold,https://www.lazada.vn/products/pdp-i2930114655.html
Food Staples & Cooking Essentials,Viet Huong,"₫ 60,000",-13%,"₫52,195",5,(7),"Hạt kỷ tử đỏ sấy khô SIZE 3A, hạt to, đỏ, khô, sạch- gói 200gr Food",27 sold,https://www.lazada.vn/products/pdp-i2692255297.html
Milk Formula & Baby Food,Babyyum store,"₫ 70,000",-41%,"₫41,515",4.9,(291),Ajinomoto 50gram Japanese baby feeding vegetable wedge beads,2.1K sold,https://www.lazada.vn/products/pdp-i584330300.html
Milk Formula & Baby Food,Thực Phẩm Dinh Dưỡng Cây Thị,"₫ 30,000",-8%,"₫27,600",4.9,(76),Súp Dinh Dưỡng Bắp Cua Hạt Sen Thương Hiệu Cây Thị,589 sold,https://www.lazada.vn/products/pdp-i2004392651.html
Milk Formula & Baby Food,Mămmy Store,"₫ 150,000",-43%,"₫85,595",,,Bánh Ăn Dặm Cuộn Kem Mămmy giàu Canxi Không Gluten Muối Chất Bảo Quản cho bé 7 tháng Hộp 10 góix6g,,https://www.lazada.vn/products/pdp-i3180139188.html
Snacks & Confectionery,ANDROS,"₫ 350,000",-24%,"₫350,000",5,(28),Kẹo Dẻo Trái Cây Gummy 80G (Combo 10 và 20 túi) - Nhập Khẩu Từ Pháp Của Pháp - ANDROS FRUIT ME UP GUMMY,43 sold,https://www.lazada.vn/products/pdp-i2636466350.html
Food Staples & Cooking Essentials,C&B Online Store,,,"₫75,000",4.9,(169),KHÔ GÀ LÁ CHANH C&B (Giòn thơm - Đậm vị),754 sold,https://www.lazada.vn/products/pdp-i1494709366.html
Snacks & Confectionery,HURO BIOTECH,"₫ 30,000",-33%,"₫20,000",5,(60),Kẹo Dẻo Lợi Khuẩn HURO PROBIOTICS Túi 105g,261 sold,https://www.lazada.vn/products/pdp-i2332530360.html
Milk Formula & Baby Food,Bibo Mart,"₫ 105,000",-10%,"₫94,500",5,(17),Bánh Ăn Dặm Bánh Cuộn Canxi Bebest Phát Triển Xương Khớp Cho Bé Trên 8 Tháng Tuổi - Bibo Mart,58 sold,https://www.lazada.vn/products/pdp-i2773768345.html
Sexual Wellness,PRIME TIME,"₫ 115,000",-27%,"₫60,000",4.8,(24),[Barcel] Addictive Snacks-! Takis Fuego Hot Chili Pepper Lime Tortilla Chips 4oz 1.23oz 1oz / Spicy Snacks Spiciest pepper Cheetos,337 sold,https://www.lazada.vn/products/pdp-i2293248621.html
Kitchen Appliances,qivtix Shop,"₫ 308,000",-33%,"₫206,270",,,"qivtix Shop Thousand Silk Ox Horn Buns Full Box Breakfast with Songs, Hand Teared Breads, Cakes, Healthy Meals, Snacks, and Nighttime Snacks Toasters",,https://www.lazada.vn/products/pdp-i2515799039.html
Building Toys,Khối xây dựng MOC,"₫ 17,627,000",-33%,"₫11,751,000",,,Ultimate Collector Series MOC-160411 Phantom Dancer Pirate Ship Building Block Mô hình Công nghệ Gạch Đồ chơi Trẻ em Quà tặng Giáng sinh Tương thích với LEGO,,https://www.lazada.vn/products/pdp-i3013576180.html
Kitchen Appliances,Thoitrang&PhukienAloma,"₫ 3,600,000",-39%,"₫2,199,000",,,Tủ lạnh 2 chế độ HÂM NÓNG LÀM LẠNH 22 lít SAST ST-22L hiển thị nhiệt độ bảo quản thức ăn đựng mỹ phẩm 2 dầy nguồn 220v và 12v,,https://www.lazada.vn/products/pdp-i958310342.html
Pet Food,NunPetShop,,,"₫68,000",5,(1),Thức ăn cho chó - combo hải sản Nunpet 🐟🐟,,https://www.lazada.vn/products/pdp-i2137405428.html
Building Toys,Khối xây dựng MOC,"₫ 5,480,000",-33%,"₫3,653,000",,,Phim không gian Cảnh Kiến trúc Căn cứ quân sự Bộ Sân huấn luyện Coruscant mô-đun MOC Khối xây dựng Mô hình Đồ chơi trẻ em Quà tặng Tương thích với LEGO,,https://www.lazada.vn/products/pdp-i3013533199.html
Building Toys,Khối xây dựng MOC,"₫ 6,591,000",-33%,"₫4,394,000",,,Thế chiến II Vũ khí quân sự Không quân Mỹ Siêu âm F-15EX Fighter MOC Khối xây dựng Máy bay Mô hình Gạch Đồ chơi cho trẻ em Quà tặng Tương thích với LEGO,,https://www.lazada.vn/products/pdp-i3013561035.html
Building Toys,Khối xây dựng MOC,"₫ 5,892,000",-33%,"₫3,654,000",,,Vũ khí có thể bắn được quân sự công nghệ cao G28 súng bắn tặc khối xây dựng có thể bắn đạn súng lắp ráp mô hình gạch trẻ em đồ chơi quà tặng Tương thích với LEGO,,https://www.lazada.vn/products/pdp-i3013463804.html
Pet Food,Opaws Petshop,"₫ 40,000",-8%,"₫37,000",5,(13),Xương gặm sạch răng cho chó Yaho hộp 165g - Mix vị,79 sold,https://www.lazada.vn/products/pdp-i2728520024.html
Pet Food,XiuxiuGiang,"₫ 4,500",-11%,"₫3,600",4.9,(96),"Phô Mai Viên Nhiều Vị Thơm Ngon Béo Ngậy Đầy Dinh Dưỡng Cho Chó, Mèo, Hamster - Xiuxiu Giang",906 sold,https://www.lazada.vn/products/pdp-i1992953848.html
Building Toys,Khối xây dựng MOC,"₫ 6,408,000",-33%,"₫4,272,000",,,Thế chiến II Vũ khí Hỗ trợ không quân Mỹ Máy bay vận chuyển MH-47G Trực thăng Chinook MOC Khối xây dựng Máy bay Mô hình Gạch Boy Đồ chơi Tương thích với LEGO,,https://www.lazada.vn/products/pdp-i3013499699.html
Building Toys,Khối xây dựng MOC,"₫ 8,271,000",-33%,"₫4,420,000",,,Thiết bị quân sự hiện đại M1070 Xe tải M1000 Máy kéo Bán kéo Mô hình xe MOC Khối xây dựng Công nghệ Gạch Đồ chơi Tương thích với LEGO,,https://www.lazada.vn/products/pdp-i3013541494.html
Pet Food,THE GIOI XUONG GAM PETSHOP,,,"₫75,000",5,(28),NATURAL CORE SNACK THỊT LÁT SẤY MỀM HÀN QUỐC CHO CHÓ,197 sold,https://www.lazada.vn/products/pdp-i2371251775.html
Kitchen Appliances,Phan Lê,"₫ 2,410,000",-23%,"₫1,849,000",5,(1),Lò vi sóng SHARP R-G222VN-S 20 lít,,https://www.lazada.vn/products/pdp-i720364893.html
Pet Food,Pet Boss 95,"₫ 97,600",-47%,"₫51,800",5,(2),"(LON 220GRAM) XƯƠNG GẶM MASTI CHO CHÓ GẶM SẠCH RĂNG THƠM MIỆNG, SNACK CHO CHÓ LON 220gRAM",12 sold,https://www.lazada.vn/products/pdp-i2947282408.html
Pet Food,MarketPetshop,"₫ 32,800",-46%,"₫17,700",5,(6),"CHÀ BÔNG GÀ CHO CHÓ MÈO, SNACK THƯỞNG CHO CHO CHÓ MÈO",27 sold,https://www.lazada.vn/products/pdp-i2427339869.html
Building Toys,Khối xây dựng MOC,"₫ 6,381,000",-33%,"₫4,254,000",,,Vũ khí Thế chiến II Hoa Kỳ MH-47G Chinook Trực thăng MOC Khối Hoạt động Đặc biệt Vận tải Máy bay Khối Đồ chơi cho Trẻ em Quà tặng Tương thích với LEGO,,https://www.lazada.vn/products/pdp-i3013479650.html
Building Toys,Khối xây dựng MOC,"₫ 9,245,000",-33%,"₫5,138,000",,,Nhà máy hóa chất City Street View MOC Kiến trúc mô-đun Nhà máy Khối xây dựng Bộ sưu tập lắp ráp Mô hình hiển thị Đồ chơi gạch trẻ em Tương thích với LEGO,,https://www.lazada.vn/products/pdp-i3013575265.html
Building Toys,Khối xây dựng MOC,"₫ 6,501,000",-33%,"₫4,334,000",,,WWII Quân sự Series Vũ khí bầu trời Hoa Kỳ F-14 Tomcat Bomber MOC Lắp ráp khối xây dựng Mô hình máy bay Đồ chơi trẻ em Quà tặng Tương thích với LEGO,,https://www.lazada.vn/products/pdp-i3013556183.html
Kitchen Appliances,PHONG VU Official Store,"₫ 1,590,000",-32%,"₫1,089,000",5,(1),Bếp đơn hồng ngoại Magic Korea A-47 - Bảo hành 12 tháng,,https://www.lazada.vn/products/pdp-i1984811539.html
Pet Food,Pet Boss 95,"₫ 13,600",-45%,"₫7,500",4.9,(1550),PHÔ MAI VIÊN DẺO SIÊU NGON CHO CHÓ MÈO HAMSTER,10.0K sold,https://www.lazada.vn/products/pdp-i1592718216.html
Pet Food,THE GIOI XUONG GAM PETSHOP,,,"₫55,000",,,[TÚI CHIẾT] NATURAL LAB SNACK VIÊN MỀM HEALTHY CUBE JEKRY CHO CHÓ,,https://www.lazada.vn/products/pdp-i3152715441.html
Pet Food,PET SHOP AK,,,"₫95,000",5,(22),COMBO 5 & 10 GÓI XƯƠNG GẶM ORGO CHO CHÓ,46 sold,https://www.lazada.vn/products/pdp-i2392442795.html
Kitchen Appliances,THỎ STORE MART,"₫ 205,000",-39%,"₫105,000",4.9,(691),(loại xịn BH 3 năm )Bếp mini 1000W- Bếp Điện hơ lá trầu -hơ cho bé và mẹ-nấu nướng đồ ăn Siêu Tiết Kiệm loại tốt,2.8K sold,https://www.lazada.vn/products/pdp-i1298136002.html
Furniture,Cửa hàng thủy sinh 3B,,,"₫11,000",5,(3),"Combo 2 Ốc táo lớn, chuyên vệ sinh đồ ăn thừa, hoàn tiền khi có rủi ro do vận chuyển - Q3 - NH - 2",22 sold,https://www.lazada.vn/products/pdp-i3162882022.html
Kitchen Appliances,Gia Dụng HN Thông Minh,"₫ 89,000",-38%,"₫55,000",4.6,(207),"Máy xay đa năng OSAKA Nhật Bản nắp đồng 700ml tiện dụng - Máy say sinh tố, thịt, cá cầm tay , bảo hành 12 tháng , Máy Xay Đồ Ăn Dặm",833 sold,https://www.lazada.vn/products/pdp-i2404591996.html
Kitchenware,K-N 's Store,"₫ 197,000",-57%,"₫85,000",5,(1),CHẢO VÂN ĐÁ 4 NGĂN TIỆN LỢI CHIÊN TRỨNG ỐP LA CHỐNG DÍNH CHẢO CHIÊN BÁNH HÌNH THÚ CAO CẤP - CHẢO CHIÊN RÁN ĐỒ ĂN SIÊU TỐC DÙNG ĐƯỢC TRÊN MỌI LOẠI BẾP,11 sold,https://www.lazada.vn/products/pdp-i1999545056.html
Drinks,Gia Vi Nha Mo,"₫ 88,000",-26%,"₫65,000",5,(47),RƯỢU HOA TIÊU CỔ NGUYỆT (NẤU ĂN )600ML-GUYUE LONGSHAN,435 sold,https://www.lazada.vn/products/pdp-i1586904424.html
Tableware,Gia Dung Tien Ich EzyHome,"₫ 54,000",-50%,"₫27,000",4.9,(29),Set 6 Túi Màng Bọc Thực Phẩm Co Giãn Hình Gấu (1 Túi 80- 100 Cái) Màng PE Bảo Quản Thức Ăn ( MUA LẺ - GIÁ SỈ) - Túi Bọc Thực Phẩm Có Chun,96 sold,https://www.lazada.vn/products/pdp-i3115409792.html
Board & Brain Games,ShopAnhThai,"₫ 22,000",-75%,"₫5,448",5,(1),2 viên Xí Ngầu Ăn Nhậu Dễ Thương 6 mặt,174 sold,https://www.lazada.vn/products/pdp-i1650269948.html
Paper & Tissue,NHẬT KÝ CỦA MẸ.Selection,"₫ 32,000",-29%,"₫22,800",5,(9996),Khăn ướt lau đa năng Anpa 50 tờ giúp bạn làm sạch bóng và diệt khuẩn các đồ dùng trong nhà,44.8K sold,https://www.lazada.vn/products/pdp-i2481980577.html
Kitchen Appliances,Landnn,,,"₫650,000",4.6,(33),Tủ lạnh mini 8L 12L 16L  (Hàng sẵn 16L),110 sold,https://www.lazada.vn/products/pdp-i2609316505.html
Tableware,Gomsusonchi,"₫ 97,000",-19%,"₫79,000",5,(4),"Combo 10 Dĩa Xoài TRẮNG THÔ-  Hàng lỗi nhẹ (nổi hột, xước men, mẻ chân)",28 sold,https://www.lazada.vn/products/pdp-i2731259479.html
Snacks & Confectionery,pishouse,,,"₫5,500",,Reviews,SNACK MILO NGŨ CỐC ĂN SÁNG MILO THÁI LAN,,https://www.lazada.vn/products/pdp-i2128612297.html
Food Staples & Cooking Essentials,Nhà Vườn MINH ĐỨC,,,"₫10,000",5,(1),đậu cove lùn siêu quả ( đậu cove bụi) gói 15gr,9 sold,https://www.lazada.vn/products/pdp-i2720627865.html
Snacks & Confectionery,ThuyVyDoan1996,,,"₫46,000",,Reviews,Combo 5 Gói Kẹo Sữa Mềm Sumika Bibica Siêu Ngon Gói 70g Date 1/2027,,https://www.lazada.vn/products/pdp-i3173094437.html
Snacks & Confectionery,Mars Wrigley VN,"₫ 168,000",-8%,"₫155,000",,Reviews,Combo 6 thanh Sô cô la Snickers Hạnh nhân Giảm đường thanh 40g,5 sold,https://www.lazada.vn/products/pdp-i3121255055.html
Milk Formula & Baby Food,Malang Honey,"₫ 545,000",-34%,"₫360,000",,Reviews,"[Malang Honey] JAMMUK Organic Sesame Oil Makes A Perfect Meal for Your Child, 119ml",,https://www.lazada.vn/products/pdp-i2664929296.html
Building Toys,Khối xây dựng MOC,"₫ 7,560,000",-33%,"₫4,829,000",,Reviews,Thành phố xe thể thao siêu xe F1 SF-23 Ý đua khối mô hình F1-75 kỹ thuật lắp ráp khối đồ chơi XMAS quà tặng Tương thích với LEGO,,https://www.lazada.vn/products/pdp-i3013566252.html
Building Toys,Khối xây dựng MOC,"₫ 5,852,000",-33%,"₫3,901,000",,Reviews,Quân sự Không quân Mỹ Vũ khí F-14 Tomcat Fighter MOC Khối xây dựng Máy bay mô hình gạch Đồ chơi Trẻ em Quà tặng Tương thích với LEGO,,https://www.lazada.vn/products/pdp-i3013483564.html
Building Toys,Khối xây dựng MOC,"₫ 5,367,000",-33%,"₫3,578,000",,Reviews,MOC-133571 Máy bay máy bay Turbofan động cơ khối xây dựng bộ sưu tập mô hình công nghệ gạch lắp ráp DIY đồ chơi trẻ em quà tặng Tương thích với LEGO,,https://www.lazada.vn/products/pdp-i3013462576.html
Kitchen Appliances,Mediamart,"₫ 2,600,000",-27%,"₫1,890,000",5,(4),Lò vi sóng cơ có nướng 20L Sharp R-G227VN-M,23 sold,https://www.lazada.vn/products/pdp-i510304410.html
Pet Food,Ponpetshop,,,"₫45,000",,Reviews,[1kg] Thức ăn hạt cho chó Zoi Dog - Gói 1kg,,https://www.lazada.vn/products/pdp-i2765696688.html
Pet Food,LOVE PETS SHOP_CN2,"₫ 28,000",-15%,"₫23,800",5,(6),Dried Beef dog cookies-love pets shop,19 sold,https://www.lazada.vn/products/pdp-i2676050947.html
Pet Food,THE GIOI XUONG GAM PETSHOP,,,"₫145,000",5,(1172),[500GR] XƯƠNG GẶM GOODIES BỔ SUNG CANXI CHĂM SÓC RĂNG THƠM MIỆNG CHO CHÓ,7.8K sold,https://www.lazada.vn/products/pdp-i290422265.html
Kitchen Appliances,Kim Long Mall Certified Store,"₫ 1,990,000",-25%,"₫1,490,000",5,(2),Microwave oven sharp 20 liter r-203vn-m I r-207vn-sl I r-208vn-ws I r-209vn-sk [optional color]-warranty 12 months genuine,17 sold,https://www.lazada.vn/products/pdp-i1337338850.html
Food Staples & Cooking Essentials,Tiệm Phố Núi,,,"₫59,000",5,(88),Muối Chấm Ớt Xiêm Tiệm Phố Núi,293 sold,https://www.lazada.vn/products/pdp-i2423834668.html
Building Toys,Khối xây dựng MOC,"₫ 5,469,000",-33%,"₫3,646,000",,Reviews,Phim sáng tạo cổ điển Thiết bị vũ khí Dòng MOC Khối xây dựng Súng Mô hình MA5D Súng Mini Gạch Đồ chơi Bộ quà tặng Giáng sinh của trẻ em DIY Tương thích với LEGO,,https://www.lazada.vn/products/pdp-i3013503724.html
Pet Food,Pet Boss 95,"₫ 37,200",-45%,"₫20,500",5,(21),"GÓI BÁNH THƯỞNG PET FOOD XƯƠNG GẶM DA BÒ CUỘN THỊT GÀ ,LÀM SẠCH RĂNG CHÓ",125 sold,https://www.lazada.vn/products/pdp-i2622773003.html
Building Toys,Khối xây dựng MOC,"₫ 7,274,000",-33%,"₫4,849,000",,Reviews,WW2 chuyên gia quân sự Anh Concorde xây dựng khối mô hình MOC siêu âm máy bay công nghệ máy bay gạch đồ chơi Boy Xmas quà tặng bộ Tương thích với LEGO,,https://www.lazada.vn/products/pdp-i3013512528.html
Kitchenware,Herte Living Hall,"₫ 41,000",-12%,"₫19,300",4.6,(16),HERTE Tròn Giá hấp Chống gỉ Cổ điển Khay hấp Đồ dùng nhà bếp Thép không gỉ Tấm hơi nước Bánh Bao,51 sold,https://www.lazada.vn/products/pdp-i2727488068.html
Building Toys,Khối xây dựng MOC,"₫ 6,018,000",-33%,"₫4,012,000",,Reviews,WW2 quân đội Đức vũ khí Panze VIII Maus siêu nặng Tank MOC khối xây dựng lắp ráp mô hình gạch trẻ em đồ chơi quà tặng bộ Tương thích với LEGO,,https://www.lazada.vn/products/pdp-i3013548216.html
Building Toys,Khối xây dựng MOC,"₫ 11,702,000",-33%,"₫5,523,000",,Reviews,﻿ MOC Rocket Series SpaceX Starship siêu nặng và quỹ đạo phóng lắp ráp mô hình xây dựng khối thiết lập gạch kỹ thuật đồ chơi Tương thích với LEGO,,https://www.lazada.vn/products/pdp-i3013596281.html
Pet Food,PetShop24h,"₫ 264,600",-18%,"₫216,000",4.6,(13),Thức ăn hạt cho Chó con Ganador Gói 3kg Thương hiệu từ Pháp Bổ sung dinh dưỡng hoàn chỉnh cho tất cả các giống Chó,53 sold,https://www.lazada.vn/products/pdp-i2477941450.html
Pet Food,HusoPetShop,"₫ 78,740",-17%,"₫65,000",,Reviews,"Bánh Donut Da Bò Cuốn Thịt Gà Cho Chó DoggyMan Giúp Chắc Răng, Hàm Khỏe",,https://www.lazada.vn/products/pdp-i3077979047.html
Building Toys,Khối xây dựng MOC,"₫ 5,195,000",-33%,"₫3,463,000",,Reviews,Thế chiến II Vũ khí quân sự Không quân Mỹ F-22 Raptor Fighter MOC Lắp ráp khối xây dựng Máy bay Mô hình Gạch Đồ chơi cho trẻ em Quà tặng Tương thích với LEGO,,https://www.lazada.vn/products/pdp-i3013648042.html
Building Toys,Khối xây dựng MOC,"₫ 7,430,000",-33%,"₫4,953,000",,Reviews,Xe bọc thép quân sự không gian Empire Cargo Block Star Movie Toy Set Block Kids Quà tặng cho người lớn Tương thích với LEGO,,https://www.lazada.vn/products/pdp-i3013582143.html
Pet Food,PetShop24h,"₫ 200,900",-28%,"₫144,300",5,(19),Combo 5 Gói Thức ăn hạt cho Chó con Ganador Gói 400g Thương hiệu từ Pháp Dinh dưỡng tốt ƞhất cho tất cả các giống Chó - Pet shop 24,68 sold,https://www.lazada.vn/products/pdp-i2004950980.html
Pet Food,PetShop24h,"₫ 164,200",-32%,"₫111,500",5,(7),Combo 5 Gói Thức ăn hạt cho Chó trưởng thành Ganador Gói 400g Thương hiệu từ Pháp Dinh dưỡng tốt ƞhất cho tất cả các giống Chó - Pet shop 24,13 sold,https://www.lazada.vn/products/pdp-i2005199212.html
Pet Food,Shikapet Shop,,,"₫41,580",,Reviews,Snack Que Gặm Sạch Răng Cho Chó Que Da Bò DoggyMan,,https://www.lazada.vn/products/pdp-i2898802038.html
Building Toys,Khối xây dựng MOC,"₫ 8,265,000",-33%,"₫5,510,000",,Reviews,Không quân hiện đại J16D máy bay chiến đấu điện tử Roaring Wolf MOC khối xây dựng máy bay mô hình gạch đồ chơi cho trẻ em quà tặng Tương thích với LEGO,,https://www.lazada.vn/products/pdp-i3013723883.html
Building Toys,Khối xây dựng MOC,"₫ 5,313,000",-33%,"₫3,542,000",,Reviews,Vũ khí quân sự Không quân HH-60W-PaveHawk Tìm kiếm chiến đấu Trực thăng cứu hộ MOC Khối xây dựng Máy bay Mô hình Gạch Đồ chơi cho cậu bé Tương thích với LEGO,,https://www.lazada.vn/products/pdp-i3013478596.html
Kitchen Appliances,eZIBENqq,,,"₫23,000,000",,Reviews,"Máy ép dầu ăn thực vật công nghiệp, dùng cho hộ kinh doanh, nhà hàng, khách sạn. Công suất 3000W, ép 15-25kg/giờ",,https://www.lazada.vn/products/pdp-i3104962466.html
Kitchen Appliances,HÀNG GIÁ SỈ V&D HCM,"₫ 149,000",-34%,"₫95,000",4.8,(422),Bếp mini 1000W- Bếp Điện hơ lá trầu -hơ cho bé và mẹ-nấu nướng đồ ăn Siêu Tiết Kiệm loại tốt ( HÀNG LOẠI 1 ),1.9K sold,https://www.lazada.vn/products/pdp-i2395613767.html
Kitchen Appliances,bongyeushop,,,"₫50,000",4,(5),"Máy xay sinh tố đa năng sạc pin Chigo dung tích 300ml - 6 lưỡi dao - 40W, máy xay đa năng, máy xay tỏi ới, máy xay đồ ăn dặm cho bé, máy xay đá, rau củ quả, xay thịt cá, máy xây sinh tố",25 sold,https://www.lazada.vn/products/pdp-i1955616907.html
Storage & Organisation,lzb033,"₫ 99,000",-34%,"₫43,000",4.3,(187),"Đa Chức Năng Cho Gia Đình! Xe Đẩy Nhỏ Tiện Lợi - Kệ Đựng Đồ, Đồ Chơi, Thức Ăn, Giữ Gọn Nhà Cửa, Kệ Đứng Tiện Lợi Cho Phòng Tắm",748 sold,https://www.lazada.vn/products/pdp-i2945393778.html
Storage & Organisation,SALVO,"₫ 253,300",-46%,"₫90,981",4.8,(72),SALVO Xe Đẩy 2/3/4 Tầng Kệ Nhựa Trong Suốt Có Bánh Xe đẩy Ăn Nhẹ Đẹp Kệ Bảo Quản Suốt Nhiều Tầng,216 sold,https://www.lazada.vn/products/pdp-i3084612815.html
Food Staples & Cooking Essentials,Ăn Vặt Giá Tốt Hải Nguyễn,,,"₫35,000",4.6,(53),1KG Trái Cây Sấy Thập Cẩm Vụn - đồ ăn vặt (có video),201 sold,https://www.lazada.vn/products/pdp-i2244925304.html
Home Décor,Suvi Sticker,"₫ 30,000",-37%,"₫19,000",5,(108),"Decal Số Thứ Tự chống nước trang trí dán bàn, dán quán trà sữa, cà phê, quán ăn, dán tường, tủ.",737 sold,https://www.lazada.vn/products/pdp-i2314216757.html
Kitchen Appliances,ZODAN Corporation,"₫ 198,000",-51%,"₫89,000",4.9,(1856),"[BH 1 NĂM] Ấm đun siêu tốc, Bình đun nước siêu tốc 2.3L - Bảo Hành 1 Năm",4.8K sold,https://www.lazada.vn/products/pdp-i2531847264.html
Home Appliances Parts & Accessories,"LAMIDO VN - Phụ Tùng, Phụ Kiện Bếp Gas","₫ 55,000",-20%,"₫44,100",4.9,(625),"Kiềng chắn gió  LOẠI CAO CHỐNG NÓNG, TIẾT KIỆM GAS  dùng cho các loai bếp gas 5 chân [ PHỤ KIỆN THAY THẾ BẾP GA ]",1.9K sold,https://www.lazada.vn/products/pdp-i2173928015.html
Snacks & Confectionery,Đồ Ăn Vặt Sỉ Lẻ,"₫ 140,000",-50%,"₫70,000",4.7,(103),[siêu hot] Combo 100 viên KẸO MILO CUBE ( gói 275g ),440 sold,https://www.lazada.vn/products/pdp-i883848429.html
Snacks & Confectionery,Bách Hóa Giá Mềm huynhtunga,"₫ 168,000",-60%,"₫68,000",4.9,(48),Kẹo Mềm Trái Cây Nhập Khẩu Indonesia Gói 500G,203 sold,https://www.lazada.vn/products/pdp-i530504276.html
Snacks & Confectionery,ChocolateFigo.Bột Cacao Hà Nội,,,"₫90,000",5,(7),"[Chính hãng] Socola đen nguyên chất 70% Cacao ít đường Thanh 100gr | Dark Chocolate 70% Cacao Figo Ăn kiêng, Giảm cân ĂN LÀ NGHIỀN 100gr",92 sold,https://www.lazada.vn/products/pdp-i1512033680.html
Pet Food,Cutepetshop SG,,,"₫13,700",5,(5),Bánh Snack Ciao Inaba Churubee Cho Mèo - Bánh Viên,17 sold,https://www.lazada.vn/products/pdp-i1584592176.html
Snacks & Confectionery,BeeGin Mart,"₫ 35,000",-28%,"₫25,300",5,(5),Kẹo Dẻo Trái Cây Bóc Vỏ Nhiều Vị Gói 75g - BeeGin Mart,40 sold,https://www.lazada.vn/products/pdp-i2659583612.html
Snacks & Confectionery,HangNga24h,"₫ 65,000",-15%,"₫55,000",5,(1),"CHOCOLATE NGA ( vị kẹo, hạnh nhân, hạt dẻ, nho )",7 sold,https://www.lazada.vn/products/pdp-i1044260385.html
Snacks & Confectionery,ChocolateFigo.Bột Cacao Hà Nội,,,"₫70,000",5,(26),[Chính hãng] Dark Chocolate 100% Cacao Socola đen nguyên chất không đường Figo thanh 50g,238 sold,https://www.lazada.vn/products/pdp-i711310769.html
Snacks & Confectionery,Hương Việt - Đặc Sản Việt Nam,"₫ 65,000",-5%,"₫62,000",5,(355),Kẹo gạo lức hạt điều Tân Huê Viên 250g kẹo gạo lứt sấy giòn xốp ít ngọt bao bì từng viên bánh kẹo tết đãi khách,2.1K sold,https://www.lazada.vn/products/pdp-i923476012.html
Pet Food,Shikapet Shop,,,"₫89,100",,Reviews,Snack Que/Viên/Jambon Gà Sấy Mềm Cho Chó Doggyman,,https://www.lazada.vn/products/pdp-i3138042992.html
Pet Food,Nông Trại Thú Cưng,"₫ 140,600",-13%,"₫53,900",5,(61),Thức ăn hạt cho Mèo Con Me-O Kitten (dưới 12 tháng tuổi) - Vị Cá Biển - [Nông Trại Thú Cưng],353 sold,https://www.lazada.vn/products/pdp-i1592005022.html
Kitchenware,e5JzJrjB.Selection,"₫ 21,900",-33%,"₫14,600",4.9,(5676),Không khí fryer một lần giấy lót giỏ không dính dầu chống nướng giấy,18.3K sold,https://www.lazada.vn/products/pdp-i2359739042.html
Drinks,HTD SHOP.Selection,"₫ 102,200",-23%,"₫78,600",4.9,(14),Trà Xanh Tân Cương Thái Nguyên - Gói 500gr - Trà Phổ Thông Sạch,47 sold,https://www.lazada.vn/products/pdp-i2825502367.html
Diapering & Potty,Tổng Kho Lexnew,"₫ 150,000",-17%,"₫85,000",4.6,(76),Combo 2 Bịch 100 Miếng Tã Quần Jolie Mỏng Nhẹ Thấm Hút Tốt Đủ Size M50/L50/XL50/XXL50,330 sold,https://www.lazada.vn/products/pdp-i3036479700.html
Drinks,HTD SHOP.Selection,"₫ 100,700",-23%,"₫77,400",4.9,(16),Trà Miền Bắc - Trà xanh tân cương thái nguyên - 500gr Trà đặc sản sạch nước xanh ánh vàng,44 sold,https://www.lazada.vn/products/pdp-i2825732134.html
Building Toys,Khối xây dựng MOC,"₫ 11,682,000",-33%,"₫7,788,000",,Reviews,Máy bay chiến đấu quân sự hải quân đa mục đích mới F-14A Tomcat Máy bay chiến đấu chính MOC Mô hình lắp ráp khối xây dựng trẻ em DIY Gạch Đồ chơi Tương thích với LEGO,,https://www.lazada.vn/products/pdp-i3013817884.html
Drinks,SURI MINH KHUÊ.Selection,"₫ 33,600",-29%,"₫24,000",4.9,(1499),[TÚI XANH] Trà  bắc Tân Cương thái Nguyên 100gr loại móc câu đặc sản sạch,5.2K sold,https://www.lazada.vn/products/pdp-i2595825416.html
Building Toys,Khối xây dựng MOC,"₫ 8,172,000",-33%,"₫5,448,000",,Reviews,Vũ khí quân sự Không quân Ukraine Su-27UB Chiến đấu cơ cạnh MOC Khối xây dựng Thế chiến II Mô hình máy bay Gạch Đồ chơi Quà tặng trẻ em Tương thích với LEGO,,https://www.lazada.vn/products/pdp-i3013499652.html
Drinks,HTD SHOP.Selection,"₫ 50,200",-23%,"₫38,600",4.8,(44),Trà Miền Bắc - Trà xanh tân cương thái nguyên - 200GRAM Trà đặc sản sạch nước ánh vàng,126 sold,https://www.lazada.vn/products/pdp-i2825535232.html
Building Toys,Khối xây dựng MOC,"₫ 12,017,000",-33%,"₫8,011,000",,Reviews,Căn cứ chiến đấu quân sự không gian MOC-124715 Hoàng đế Bunker Kiến trúc mô-đun Công nghệ Khối xây dựng Mô hình Gạch trẻ em Đồ chơi Tương thích với LEGO,,https://www.lazada.vn/products/pdp-i3013408914.html
Nursery,Blesiya,"₫ 89,000",-40%,"₫52,291",5,(93),Blesiya Universal Spandex Stretch Wedding Dining Room Chair Seat Cover,653 sold,https://www.lazada.vn/products/pdp-i1711820856.html
Pet Food,Mozzi PetShop VN,"₫ 615,000",-10%,"₫525,000",4.9,(14),Snack cho chó Thịt xông khói Meat Jerky Schmackos Pedigree,74 sold,https://www.lazada.vn/products/pdp-i2213677473.html
Kitchen Appliances,Kim Long Mall Certified Store,"₫ 2,690,000",-30%,"₫1,890,000",,Reviews,Microwave oven sharp r-31a2vn-s I r-32a2vn-s capacity 23 liter 900W button mechanical-warranty 12 months genuine,,https://www.lazada.vn/products/pdp-i1856805310.html
Kitchen Appliances,Lính Điện Lạnh 1601046773,,,"₫27,000",5,(56),Combo 3 tấm chắn lò vi sóng( 10 x15cm),192 sold,https://www.lazada.vn/products/pdp-i873690834.html
Home Décor,HD Decor,,,"₫52,000",4.9,(36),Tranh dán tường hình trái cây rau củ trang trí nhà bếp phòng ăn H566792932-tc7 in PP nhiều mẫu và kích thước,136 sold,https://www.lazada.vn/products/pdp-i2329524856.html
Building Toys,Khối xây dựng MOC,"₫ 9,143,000",-33%,"₫6,095,000",,Reviews,Chiến tranh thế giới thứ hai vũ khí quân sự tên lửa đứng bộ Sukhoi SU-57 Ferron Fighter MOC khối máy bay mô hình khối đồ chơi cho bé trai Tương thích với LEGO,,https://www.lazada.vn/products/pdp-i3013733861.html
Outdoor Sports & Activities Equipment,Trung Tâm Đồ Câu 24H,"₫ 299,000",-50%,"₫149,999",4.8,(32),Bộ cần câu đài ĐẾ VƯƠNG CHƯ HẦU 6H-19i cao cấp chuyên câu đơn câu đài trên mọi địa hình- Trung Tâm Đồ Câu 24H,101 sold,https://www.lazada.vn/products/pdp-i2576990170.html
Feeding Essentials,Bebi123shop,"₫ 59,000",-35%,"₫38,610",5,(5),"Set 5 Khăn Yếm 2in1, Khăn Xô Sữa 4 Lớp Hoạ Tiết Hàn Chạy Viền Cao Cấp Cho Bé Bebi123shop",36 sold,https://www.lazada.vn/products/pdp-i3065278745.html
Building Toys,Khối xây dựng MOC,"₫ 5,201,000",-33%,"₫3,467,000",,,Vũ khí Không quân hiện đại Nga Mi-24 Trực thăng Hind MOC Lắp ráp khối xây dựng Thế chiến II Liên Xô Máy bay Mô hình Gạch Đồ chơi Tương thích với LEGO,,https://www.lazada.vn/products/pdp-i3013536297.html
Feeding Essentials,O4EsImSF,,,"₫99,999",5,(5),"Khay trữ đông đồ ăn dặm silicone 8 ô,kèm nắp bảo đảm an toàn,Hộp trữ bảo quản thức ăn/rau củ cho bé",18 sold,https://www.lazada.vn/products/pdp-i3087160017.html
Food Supplement,BaoChauPharma,"₫ 85,000",-29%,"₫60,300",5,(29),Nhân Sâm Homiginmin Ginseng Phúc Vinh Bồi Bổ Sức Khỏe (Hộp 60 Viên) - Nhân sâm Hàn Quốc - PV,157 sold,https://www.lazada.vn/products/pdp-i1887721565.html
Kitchen Appliances,Landnn,,,"₫95,000",4.4,(5),(loại xịn BH 3 năm )Bếp điện mini 1000- Bếp Điện hơ lá trầu -hơ cho bé và mẹ-nấu nướng đồ ăn Siêu Tiết Kiệm,13 sold,https://www.lazada.vn/products/pdp-i2416581635.html
Kitchen Appliances,bongyeushop,,,"₫59,000",2.3,(3),"Máy xay tỏi ớt mini loại tốt, máy xay hạt khô,xay sinh tố, xay thịt,rau củ quả các loại-Máy say sinh tố bằng điện sạc pin bằng tay, cầm tay,không dây, máy xay đồ ăn dặm cho bé an toàn tiện lợi",5 sold,https://www.lazada.vn/products/pdp-i2208658131.html
Kitchen Appliances,GIA DỤNG TỔNG HỢP V&D,"₫ 219,000",-42%,"₫128,000",4.6,(67),"[ HÀNG XỊN ] Bếp điện mini đun nóng cafe, trà, hâm cháo, sữa đa năng 1000W mặt phẳng tròng chống trơn trượt thích hợp tất cả cạc loại đồ vật dụng nấu",247 sold,https://www.lazada.vn/products/pdp-i1601704221.html
Kitchenware,MÌ CHUYÊN SỈ,"₫ 200,000",-56%,"₫88,000",4.7,(115),CHẢO VÂN ĐÁ 4 NGĂN TIỆN LỢI CHIÊN TRỨNG ỐP LA CHỐNG DÍNH  CHẢO CHIÊN BÁNH HÌNH THÚ CAO CẤP - CHẢO CHIÊN RÁN ĐỒ ĂN SIÊU TỐC,672 sold,https://www.lazada.vn/products/pdp-i1547132032.html
Kitchen Appliances,Shop Kem Baby,"₫ 140,000",-44%,"₫79,000",5,(4),"Máy Xay Tỏi Ớt Cối Thủy Tinh Cao Cấp 3 Lưỡi Inox Không Gỉ, Máy xay thịt,đồ ăn dặm,gia vị,rau  củ quả siêu tiện lợi",26 sold,https://www.lazada.vn/products/pdp-i2839408061.html
Kitchen Appliances,ZODAN Corporation,"₫ 360,000",-44%,"₫200,000",4.8,(286),"Bếp nướng điện không khói ZODAN - Bảo hành 1 năm - bếp nướng không khói, bếp nướng điện, lò nướng điện đa năng, bếp nướng điện đa năng, vỉ nướng điện, máy nướng thịt, đồ gia dụng trong nhà",1.4K sold,https://www.lazada.vn/products/pdp-i1985142607.html
Baby & Toddler Toys,LANA QUEEN,"₫ 120,000",-18%,"₫99,000",5,(7),Đồ Chơi Ếch Ăn Bi Ếch Ăn Kẹo Ăn Hạt Đậu Vui Nhộn 4 Người Chơi Gia Đình - Lana Queen,25 sold,https://www.lazada.vn/products/pdp-i2844053908.html
Tableware,BACH HOA KIWI,"₫ 40,000",-33%,"₫19,808",4.9,(32),"combo 2 tô sứ ăn phở 17.8cm,  15cm trắng",328 sold,https://www.lazada.vn/products/pdp-i1405499801.html
Home Décor,YUMINA,"₫ 19,200",-49%,"₫9,800",4.8,(98),"Hoa Tulip Giả Giống Thật 35cm Nhiều Màu Trang Trí Nhà Cửa, hoatulip lá cong, hoa giả decor trang trí nhà cửa, phụ kiện chụp ảnh, hoa cưới sang trọng",2.1K sold,https://www.lazada.vn/products/pdp-i1635971309.html
Kitchen Appliances,K-N 's Store,"₫ 159,000",-50%,"₫79,000",4.8,(17),CA NẤU MÌ KIÊM NỒI LẨU MINI CÓ TẶNG KÈM XỬNG HẤP - CA NẤU MÌ VỚI THIẾT KẾ SANG TRỌNG CHUẨN HÀNG XUẤT NHẬT - CHỐNG DÍNH KHÔNG GỈ CAO CẤP,37 sold,https://www.lazada.vn/products/pdp-i2071020081.html
Snacks & Confectionery,Million Million,,,"₫17,000",4.9,(32),Kẹo Bông Gòn Marshies Hương Dâu (Gói 80g),440 sold,https://www.lazada.vn/products/pdp-i1357806049.html
Snacks & Confectionery,FUJI Market,"₫ 48,000",-1%,"₫43,296",5,(2),Kẹo dẻo Bourbon Sharimoni gummi vị nho & sữa chua,11 sold,https://www.lazada.vn/products/pdp-i3070547198.html
Snacks & Confectionery,SeeThai,"₫ 211,000",-42%,"₫121,400",,,Socola dâu tây MEIJI Nhật Bản 120gr thanh 26 viên kẹo socola đồ ăn vặt nhập khẩu,,https://www.lazada.vn/products/pdp-i2125267545.html
Pet Food,Soobin Petshop,"₫ 550,000",-28%,"₫395,000",5,(31),1.5kg THỨC ĂN HẠT KHÔ PHÒNG &  DỊ ỨNG THỨC ĂN & ĐƯỜNG TIẾT NIỆU CHO CHÓ - DR. HEALMEDIX HYPOALLERGENIC.,186 sold,https://www.lazada.vn/products/pdp-i2159896140.html
Personal Care Appliances,NONG CO TOAN THANG,,,"₫6,000,000",,,Máy sới đất mini,,https://www.lazada.vn/products/pdp-i3094504283.html
Kitchen Appliances,GDV GIA DỤNG VIỆT,,,"₫2,200,000",,,Lò vi sóng Samsung MS23K3513AS/SV-N 23 lít - Hàng Chính Hãng,,https://www.lazada.vn/products/pdp-i2822244769.html
Dolls & Accessories,Falaray,"₫ 119,000",-41%,"₫36,000",,,FALARAY Phong cách nhà chơi Đồ chơi giáo dục sớm Nhật Bản Tính năng nhập vai Thực phẩm mô phỏng Đồ chơi bánh pudding dâu tây mô phỏng  Đồ chơi cho ăn pudding Giáo dục sớm,,https://www.lazada.vn/products/pdp-i3166158429.html
Baby & Toddler Toys,Tổ Ấm Mall,"₫ 90,000",-44%,"₫50,400",5,(2),"Vc Pig Family Cooking Toy Set with Large Wash Basin, Made in Vietnam",,https://www.lazada.vn/products/pdp-i3165590911.html
Tableware,OHOHOHOME,"₫ 42,840",-44%,"₫23,800",5,(2),"Đĩa tròn nhựa 3 ngăn chia khẩu phần, hỗ trợ ăn kiêng, ăn dặm làm từ nhựa lúa mạch",16 sold,https://www.lazada.vn/products/pdp-i2598139134.html
Baby Personal Care,VNgoodbaby,"₫ 14,000",-50%,"₫7,000",5,(1),Cho Bé Ăn Trái Cây Núm Vú Giả BPA Free Silicone Thực Phẩm Tươi Ăn Bunny Thiết Kế Mọc Răng Đồ Chơi Núm Vú,12 sold,https://www.lazada.vn/products/pdp-i2622423116.html
Feeding Essentials,Bebi123shop,"₫ 6,982",-36%,"₫4,450",4.7,(294),Ống hút bón sữa tiện dụng cho bé không chịu ty bình,4.0K sold,https://www.lazada.vn/products/pdp-i1090154721.html
Kitchenware,SEHENA5,"₫ 70,160",-44%,"₫38,978",3.5,(2),[beauty] 8.5Cm Đúc Sắt Chảo Không Dính Mini Trứng Chảo Cho Nhà Bếp Đồ Nấu Nướng,,https://www.lazada.vn/products/pdp-i3001725720.html
Home Décor,62 Factory,"₫ 15,000",-33%,"₫10,000",5,(8),"Decal Số Thứ Tự chống nước trang trí dán bàn, dán quán trà sữa, cà phê, quán ăn, dán tường, tủ",80 sold,https://www.lazada.vn/products/pdp-i2651848825.html
Feeding Essentials,Hie en Shop,"₫ 110,000",-27%,"₫79,900",4.9,(54),"Miếng lót thấm sữa WAI siêu thấm chống tràn, túi 100 miếng, chất lượng tốt dành cho mẹ - Hie en Store",186 sold,https://www.lazada.vn/products/pdp-i2610534662.html
Feeding Essentials,Bebi123shop,"₫ 69,000",-21%,"₫54,450",4.9,(13),"Miếng lót thấm sữa Molli túi 50/100 miếng, bông mềm thấm hút tốt cho mẹ Bebi123shop",43 sold,https://www.lazada.vn/products/pdp-i2953118203.html
Baby Clothing,Thời Trang BULL KID,"₫ 38,000",-55%,"₫12,600",4.7,(296),[HCM]áo thun bé trai gái chất liệu cotton thoáng mát dày dặn loại 1 | size từ 6-39kg | mẫu ngẫu nhiên theo bé trai hoặc gái |,3.1K sold,https://www.lazada.vn/products/pdp-i1119826277.html
Tableware,Gomsusonchi,"₫ 89,000",-13%,"₫77,000",5,(2),Combo 10 Dĩa 22.5cm sâu lòng- Hàng lỗi nhẹ- dùng cho quán ăn,12 sold,https://www.lazada.vn/products/pdp-i3083134405.html
Home Décor,HeliShop,"₫ 10,900",-16%,"₫2,400",5,(72),"Decal GIÁ TIỀN loại 1 ✨ Hình Dán Trang Trí, Decor Cho Quán Trà Sữa, Cà Phê, Sinh Tố, Nước Ép, Ăn Vặt - Sticker Kháng Nước, Chịu Nắng, Cắt Sẵn.",895 sold,https://www.lazada.vn/products/pdp-i2266631829.html
Tableware,- GIÁ RẺ NHẤT -,"₫ 39,000",-36%,"₫25,085",4.3,(6),"High quality 304 stainless steel deep mango stud plate, can steam cow fish duffle bag, size 35x24cm",59 sold,https://www.lazada.vn/products/pdp-i2967594994.html
Board & Brain Games,TOYLIFE,"₫ 306,000",-49%,"₫120,000",5,(5),Đồ chơi khủng long nuốt xe ô tô tặng kèm 6 xe cho bé khủng long nuốt chửng siêu xe khủng long ăn xe TOYLIFE,17 sold,https://www.lazada.vn/products/pdp-i3004279743.html
Feeding Essentials,nhuagiadungso1,,,"₫16,000",5,(71),Hộp trữ đông đồ ăn dặm cho bé size nhỏ 150ml nhựa Cao cấp việt nhật,538 sold,https://www.lazada.vn/products/pdp-i2151725868.html
Kitchen Appliances,Green Mart Store,"₫ 2,990,000",-38%,"₫1,859,000",,,Lò vi sóng Sharp R-G371VN-W 23 lít | Lò nướng G371VN màu trắng | Lò vi sóng có nướng G371 1000W | BH chính hãng 12 tháng,,https://www.lazada.vn/products/pdp-i2522019915.html
Personal Care,On Moon,"₫ 102,800",-56%,"₫45,154",4.8,(458),[HCM]5 days Bột Tẩy Trắng Răng Kem Đánh Răng Nha Khoa Dụng Cụ Răng Trắng Sạch Vệ Sinh Răng Miệng Bàn Chải Đánh Loại Bỏ Mảng Bám Vết Bẩn Teeth Whitening White Pearl Powder 50g,1.7K sold,https://www.lazada.vn/products/pdp-i2015062093.html
Feeding Essentials,DFYOU.Selection,"₫ 89,700",-38%,"₫69,000",,,"Khăn Choàng Cho Bé Bú Che Chắn Cẩn Thận, Khăn Choàng 2 Lớp Đa Năng Tích Hợp Màn Che Muỗi Xe Đẩy Em Bé, Size To",190 sold,https://www.lazada.vn/products/pdp-i3133690613.html
Building Toys,Khối xây dựng MOC,"₫ 27,785,000",-33%,"₫18,523,000",,,City Creative Collector Series Máy bay Máy bay Sân bay UCS Airbus A320 Mô hình máy bay Khối xây dựng Công nghệ DIY Gạch Đồ chơi Tương thích với LEGO,,https://www.lazada.vn/products/pdp-i3013492718.html
Outdoor Sports & Activities Equipment,NT FISHING SHOP,"₫ 60,000",-58%,"₫25,000",4.5,(71),"[TÚI 1KG] Cám tanh câu cá, Cám Đạm 20% 30% và 40%",551 sold,https://www.lazada.vn/products/pdp-i1333518845.html
Baby Clothing,chiosala12.vn,"₫ 110,000",-9%,"₫90,000",4.9,(10),🥰Crayon Shin Chan Nam và nữ mặc cùng một bộ đồ ngủ hoạt hình dài tay có thể mặc bên ngoài bộ đồ ngủ hoạt hình ngắn tay màu có lưới.Cartoon Pajamas【GiGi 147】,24 sold,https://www.lazada.vn/products/pdp-i2765271332.html
Tableware,giadungmint,,,"₫18,000",5,(8),"Combo 10 Chén nhựa melamine đựng nước chấm, nước mắm,gia vị màu xanh tiện dụng",97 sold,https://www.lazada.vn/products/pdp-i2422055127.html
Ball and Racket Sports Equipment,VINTLOOK MALL,"₫ 15,000",-33%,"₫10,000",4.9,(127),VINTLOOK Stainless steel spoon Korean spoon Restaurant western food spoon main meal more eating spoon spoon spoon.,321 sold,https://www.lazada.vn/products/pdp-i3039976306.html
Feeding Essentials,shopmegaumayhutsua,,,"₫7,700,000",,,Máy hút sữa Willow Go mới nguyên seal,,https://www.lazada.vn/products/pdp-i2726630376.html
Outdoor Sports & Activities Equipment,so08we12,"₫ 133,000",-41%,"₫77,000",5,(1),"N50204 Di động Đũa Gấp 3 màu sắc Không trượt Bộ đồ ăn du lịch dã ngoại  20,71,5cm Phụ kiện dụng cụ đũa",,https://www.lazada.vn/products/pdp-i3179246264.html
Feeding Essentials,Cửa Hàng Tạp Hóa Mini,"₫ 26,000",-23%,"₫20,000",5,(57),"Combo 5 Túi Đá Gel 300g Giữ Lạnh (Đá Khô) Bảo Quản Sữa Mẹ, Đồ Ăn, Trái Cây",530 sold,https://www.lazada.vn/products/pdp-i2267985646.html
Baby & Toddler Toys,LANA QUEEN,"₫ 150,000",-23%,"₫81,000",5,(1),Đồ Chơi Đập Chuột Vui Nhộn Hình Khủng Long Cho Bé Có Nhạc Và Cho Ăn Đồ Chơi Đập Chuột Cho Bé 2-3 Tuổi - Lana Queen,,https://www.lazada.vn/products/pdp-i3180796495.html
Kitchen Appliances,NVN-STORE,"₫ 165,000",-50%,"₫83,308",4.7,(115),Nồi Lẩu Điện Mini Đa Năng Chống Dính 18cm Tặng Kèm Giá Hấp Có thể Chiên Xào Nấu ăn nấu cơm nấu lẩu mini phù hợp cho sinh viên dân văn phòng,391 sold,https://www.lazada.vn/products/pdp-i2625051822.html
Dolls & Accessories,ar omal,"₫ 60,000",-44%,"₫33,772",,,AROMAL Phong cách nhà chơi Đồ chơi giáo dục sớm Nhật Bản Tính năng nhập vai Thực phẩm mô phỏng Đồ chơi cho ăn  Đồ chơi bánh pudding dâu tây mô phỏng Giáo dục sớm,,https://www.lazada.vn/products/pdp-i3174396110.html
Dolls & Accessories,QIXIANG1,"₫ 92,062",-41%,"₫42,250",,Reviews,QIXIANG1 Mô phỏng ăn trưa Dollhouse thực phẩm đồ chơi Bento Hộp bộ đồ ăn mini nhà adornments Hộp Ăn Trưa Nhà búp bê phụ kiện trái cây hộp mô hình,,https://www.lazada.vn/products/pdp-i3104912877.html
Baby Clothing,KhanhNhi_Store,"₫ 140,000",-45%,"₫77,000",5,(17),"COMBO 5 Bộc Cộc Tay Tăm Lạnh Chấ Vải Mềm Mát, Nhiều Màu Cho Bé Trai, Bé Gái Từ 5 -15kg",92 sold,https://www.lazada.vn/products/pdp-i2572244771.html
Action Figures & Collectibles,TIÊN TIÊN HÀNG KHUYẾN MÃI Q2,"₫ 45,000",-45%,"₫24,750",5,(15),combo 10 túi mù mô hình đồ ăn chai nước trái cây mix mẫu ah,54 sold,https://www.lazada.vn/products/pdp-i2823300923.html
Kitchen Appliances,Zara.shop,"₫ 150,000",-19%,"₫122,020",4.5,(8),"Mini Egg steamer, mini egg steamer, portable egg boiler, super fast cooking egg steamer, mini egg boiler",20 sold,https://www.lazada.vn/products/pdp-i2560896378.html
Tableware,Gomsusonchi,"₫ 44,000",-23%,"₫34,000",5,(13),Combo 10 Dĩa 15cm TRẮNG THÔ- Hàng lỗi nhẹ,64 sold,https://www.lazada.vn/products/pdp-i2731117842.html
Snacks & Confectionery,CELA FOOD,"₫ 350,000",-46%,"₫105,000",5,(3),"Bánh Mochi Bơ Dừa Cela Food Không Đường, Bánh Mochi Nhân Chảy, Bánh Mochi Kem Lạnh Mềm Dẻo Kéo Sợi, Ăn Vặt Healthy",9 sold,https://www.lazada.vn/products/pdp-i2775501323.html
Snacks & Confectionery,ĐẶC SẢN NGON LẠ ĐÀ LẠT,"₫ 100,800",-10%,"₫40,320",,Reviews,"Kẹo Bông Gòn Marshmallow phủ socola, trẻ em rất thích, Đặc Sản Ngon Lạ Đà Lạt",,https://www.lazada.vn/products/pdp-i3169608120.html
Pet Food,Ngáo Và Gâu Đần,"₫ 45,000",-33%,"₫30,000",5,(9),"Xúc xích cho thú cưng (Túi 30 chiếc), Thức ăn cho chó mèo, đồ ăn vặt cho chó mèo.",59 sold,https://www.lazada.vn/products/pdp-i1308754828.html
Pet Food,ZULI PET SHOP,,,"₫40,000",,Reviews,Bánh thưởng cho chó Pedigree Dentastix 98g/gói Chưa Có Đánh Giá 0 Đã Bán,,https://www.lazada.vn/products/pdp-i2502008334.html
Bakery & Breakfast,Chuyên Sỉ Thực Phẩm Nhập Khẩu,"₫ 140,000",-34%,"₫92,466",5,(3),Sẵn 25 Bánh Mix Đài Loan Không Trùng Vị - Chuyên Sỉ TPNK,,https://www.lazada.vn/products/pdp-i2636509709.html
Feeding Essentials,oFokTA.Selection,"₫ 40,600",-29%,"₫29,000",,Reviews(3),"Bộ đồ ăn chất liệu lúa mạch gồm sáu món dành cho trẻ em, thìa, đũa, bộ bát, đĩa và đĩa sáng tạo",907 sold,https://www.lazada.vn/products/pdp-i3141004089.html
Building Toys,Khối xây dựng MOC,"₫ 4,703,000",-33%,"₫3,135,000",,Reviews,Thế chiến II Vũ khí Quân sự Series Gạch NH90 Trực thăng chống tàu ngầm MOC Xây dựng khối Máy bay Mô hình Gạch Đồ chơi cho cậu bé Quà tặng Tương thích với LEGO,,https://www.lazada.vn/products/pdp-i3013616062.html
Tableware,BACH HOA KIWI,"₫ 16,900",-1%,"₫7,412",4.9,(480),Dĩa sứ trắng 15cm / 18cm / 20cm / 23cm / pastel 19cm - dĩa sứ hoa văn (1),5.7K sold,https://www.lazada.vn/products/pdp-i1431195919.html
Building Toys,VN343JPWRY,,,"₫6,532,000",,Reviews,Compatible with LEGO Công nghệ cao Rc xe Mercedes Benz G63 6x6 1:10 Đồ chơi giáo dục cho trẻ em trai MOULDKING 13061 Mô hình Kit Power Blocks Đồ chơi,,https://www.lazada.vn/products/pdp-i2513567823.html
Feeding Essentials,p22eom.Selection,"₫ 39,200",-29%,"₫28,000",,Reviews(1),"Máy Hút Sữa Bằng Tay Toàn Bộ Silicone – Hút Sữa Thủ Công, Hỗ Trợ Mẹ & Bố, Chống Tràn, Tự Động Thu Gom Sữa",436 sold,https://www.lazada.vn/products/pdp-i3140951506.html
Pet Food,LOVE PETS SHOP_CN2,"₫ 49,000",-3%,"₫47,530",5,(7),Xương gặm sạch răng cho Chó thương hiệu Masti - Love pets shop,26 sold,https://www.lazada.vn/products/pdp-i2713605516.html
Pet Food,Meotrenmayq12,"₫ 20,000",-8%,"₫18,500",5,(52),"Xương gặm ORGO cho chó, xương gặm làm sạch răng, giảm hôi miệng cho chó - gói 90gr",1.1K sold,https://www.lazada.vn/products/pdp-i2923737602.html
Kitchen Appliances,Bunny Baby 13.12,"₫ 500,000",-20%,"₫399,000",,,Nồi nấu cháo chậm Komi hãng Tobé dung tích 1L chế biến đồ ăn dặm cho bé,,https://www.lazada.vn/products/pdp-i3090228771.html
Kitchenware,GIA DUNG SI TPHCM,"₫ 350,000",-57%,"₫149,000",4.3,(77),MÁY NƯỚNG BÁNH TỔ ONG CHỐNG DÍNH CAO CẤP DASH - MÁY LÀM BÁNH QUẾ KẸP ĐA NĂNG CÔNG SUẤT 640W,408 sold,https://www.lazada.vn/products/pdp-i1982857823.html
Building Toys,VN343JSS2M,,,"₫6,372,000",,,Compatible with LEGO Mô hình xây dựng mô-đun trong kho Biểu tượng mới Tháp Eiffel 10001PCS Đồ chơi xây dựng cho trẻ em Bộ quà tặng tương thích 10307,,https://www.lazada.vn/products/pdp-i2514613907.html
Home Décor,Phuong Vy Decor,"₫ 28,000",-25%,"₫21,000",5,(4),"Mẹt bamboo, bamboo disc, basketry bamboo leaf pattern disposable tableware decoration, nuts pitching altar",37 sold,https://www.lazada.vn/products/pdp-i2227606029.html
Kitchen Appliances,Miplus Store,"₫ 9,500,000",-26%,"₫6,995,000",5,(32),"22L scale Panasonic steam oven 22l capacity with 30 menu, Sterilizer/steam/barbecue",553 sold,https://www.lazada.vn/products/pdp-i2255850606.html
Building Toys,Khối xây dựng MOC,"₫ 18,113,000",-33%,"₫12,075,000",,,Thiết bị máy bay chiến đấu quân sự Vũ khí B-2 Stealth Bomber của Không quân Khối xây dựng Gạch Đồ chơi cho trẻ em Quà tặng Giáng sinh Tương thích với LEGO,,https://www.lazada.vn/products/pdp-i3013643069.html
Kitchenware,HENGHOME Kitchenware,"₫ 181,741",-44%,"₫100,967",5,(1),HENGHOME Nhà bếp sâu chiên nồi 304 thép không gỉ bếp Fryer với lọc Tempura Fryer Pan gà chiên gà nấu ăn công cụ,8 sold,https://www.lazada.vn/products/pdp-i3037880306.html
Personal Care,Sức Sống Mới - Vẻ Đẹp Và Sức Khỏe,"₫ 48,000",-68%,"₫15,500",4.8,(24),"[Hộp 20 gói] Nước Súc Miệng Hương Vị Trái Cây Loại Bỏ Hôi Miệng, Cao Răng, Làm Trắng Răng, Hơi Thở Thơm Mát Suốt Cả Ngày",150 sold,https://www.lazada.vn/products/pdp-i2845896632.html
Kitchenware,SDFG SHOP,"₫ 109,000",-37%,"₫68,941",5,(1),SDFG SHOP Nhựa Bakelite Tay cầm chảo rán Có thể tháo rời Phổ thông Phụ Kiện Bộ phận dụng cụ nấu ăn Phụ kiện thay thế sửa chữa đồ nấu nướng Chống bỏng Tay cầm thay thế nồi Cửa hàng kim loại,,https://www.lazada.vn/products/pdp-i3172859440.html
Feeding Essentials,shopmegaumayhutsua,,,"₫5,300,000",,,Máy hút sữa freestyle flex mới không hộp,,https://www.lazada.vn/products/pdp-i2726029648.html
Pet Food,MarketPetshop,"₫ 72,900",-45%,"₫31,900",5,(56),"1 XƯƠNG ỐNG BÒ, XƯƠNG GẶM SẠCH RĂNG CHO CHÓ",365 sold,https://www.lazada.vn/products/pdp-i2084379884.html
Kitchen Appliances,DCmart,"₫ 1,990,000",-20%,"₫1,590,000",5,(1),Lò vi sóng Toshiba ER-SM20(W1)VN Thái Lan - Hàng Chính Hãng,6 sold,https://www.lazada.vn/products/pdp-i941482412.html
Tableware,BẾP NHÀ BÉ MON,,,"₫49,000",5,(8),💢🌱🤩COMBO 3 - 5 DĨA GỐM NUNG MẪU XƯA,24 sold,https://www.lazada.vn/products/pdp-i2377720361.html
Home Décor,HeliShop,"₫ 30,000",-34%,"₫19,700",5,(9),"Decal Trang Trí Quán ĂN VẶT Các Loại ✨ Hình Dán Cá Viên Chiên, Khô Gà, Bạch Tuộc Nướng, Chân Gà Nướng, Da Heo, Tóp Mỡ, Mì Trộn, Cơm Trộn, Bún Đậu, Kimbap, Nem Nướng, Bánh Tráng Cuộn Bơ, Bánh Tráng Chấm, Mề Gà Nướng...",62 sold,https://www.lazada.vn/products/pdp-i2328266041.html
Drinks,Vinamilk - Shop & More,"₫ 116,640",-19%,"₫94,284",5,(23888),Bộ 6 hộp Creamer đặc có đường Tài Lộc - Hộp giấy 380g,52.9K sold,https://www.lazada.vn/products/pdp-i2421017638.html
Feeding Essentials,Baby Feeding Tools,"₫ 60,000",-40%,"₫36,000",5,(6),"Bát Thuỷ Tinh Chia Vạch, Trữ  Đông  Đồ ăn, Hâm Cháo Cho Bé. chịu nhiệt từ -20℃ ~200℃",33 sold,https://www.lazada.vn/products/pdp-i2858136171.html
Kitchen Appliances,nguyenhoaiBM,,,"₫8,450,000",,,Máy ép cám viên gia đình S150,,https://www.lazada.vn/products/pdp-i837918628.html
Kitchenware,opearey,"₫ 71,000",-44%,"₫22,000",4,(8),OPEAREY 10-24cm Nắp nồi tròn Thép không gỉ Dày Nắp đậy thực phẩm nhà bếp Phổ thông Nắp nồi Đồ dùng nhà bếp,32 sold,https://www.lazada.vn/products/pdp-i3034332235.html
Storage & Organisation,lzb033,"₫ 91,500",-14%,"₫43,000",4,(8),Xe Đẩy Nhỏ Giá Để Đồ Giá Để Đồ Nhà Bếp Phòng Ngủ Tầng Đứng Nhiều Lớp Đồ Ăn Nhẹ Cho Bé Di Động Phòng Tắm Vệ Sinh Bảo Quản,26 sold,https://www.lazada.vn/products/pdp-i2925170582.html
Tableware,taphoahoangky,,,"₫16,100",5,(128),"TÔ LOE GỐM SỨ CAO CẤP HỌA TIẾT PHÚC MÃN ĐƯỜNG – ĐỦ SIZE ( CỠ 6,7,8 )",1.2K sold,https://www.lazada.vn/products/pdp-i2595116871.html
Outdoor Sports & Activities Equipment,HikeHaven,"₫ 94,626",-44%,"₫32,394",5,(5),HikeHaven Ngoài Trời Gấp Bát Thép Không Gỉ Cắm Trại Bát Nấu Ăn Bộ Đồ Ăn Đi Bộ Đường Dài Du Lịch Dã Ngoại Bát Đồ Dùng,30 sold,https://www.lazada.vn/products/pdp-i2847902558.html
Dolls & Accessories,Motors-192,"₫ 56,000",-41%,"₫33,000",,,MOTORS-192 SHOP Thực phẩm mô phỏng Đồ chơi giáo dục sớm Nhật Bản Tính năng nhập vai Phong cách nhà chơi Đồ chơi cho ăn  Đồ chơi bánh pudding dâu tây mô phỏng Giáo dục sớm,,https://www.lazada.vn/products/pdp-i3177917709.html
Tableware,BACH HOA KIWI,"₫ 85,000",-20%,"₫39,380",4.9,(252),combo 5 dĩa sứ tròn ảo15cm / 18cm / 20 cm trắng / 23cm trắng / pastel xanh 19cm (1),1.0K sold,https://www.lazada.vn/products/pdp-i1082502665.html
Kitchen Appliances,BOSS BIG SHOP,"₫ 199,000",-46%,"₫107,910",5,(2),"304 ml diameter 18cm stainless steel steamer with free gift mini electric frying, frying, cooking, rice, mini-cooker cooker",13 sold,https://www.lazada.vn/products/pdp-i3035191248.html
Baby & Toddler Toys,Gia Dụng HN Thông Minh,"₫ 80,000",-39%,"₫49,000",5,(1),Bộ đồ chơi ô ăn quan 3 trong 1,10 sold,https://www.lazada.vn/products/pdp-i2652666856.html
Dolls & Accessories,PeHa‘s Grocery,,,"₫107,000",5,(1),"Combo 100 Charm, Túi Mù Mô Hình Chai Nước, Đồ Ăn Mini Không Trùng Lặp Làm Đồ Thủ Công DIY Trang Trí Nhà Búp Bê",8 sold,https://www.lazada.vn/products/pdp-i3077381675.html
Feeding Essentials,Circle Shop,,,"₫37,000",5,(36),Bơm khí oxy hút chân không nén khí mini bơm máy hút sữa motor 370 có chổi than 3V - 6V - LK0596,136 sold,https://www.lazada.vn/products/pdp-i2405494451.html
Tableware,BACH HOA KIWI,"₫ 20,000",-33%,"₫9,947",4.8,(17),tô sứ trắng 15cm,272 sold,https://www.lazada.vn/products/pdp-i1526936542.html
Snacks & Confectionery,Shop Thảo Dược Hạnh Nguyên,"₫ 100,000",-26%,"₫74,250",4.9,(14),"Kẹo lê an phế mật ong 1kg, kẹo lê ngậm ho, giúp thanh nhiệt tiêu đờm hiệu quả",43 sold,https://www.lazada.vn/products/pdp-i2922193495.html
Snacks & Confectionery,Trùm sỉ gia dụng toàn quốc,"₫ 30,000",-43%,"₫17,138",4.8,(331),(Sỉ) Bánh Dẻo Truyền thống 3 vị THANH DUNG Date mới theo ngày,1.6K sold,https://www.lazada.vn/products/pdp-i1983982862.html
Snacks & Confectionery,ĂN VẶT THỊ BỐNG,"₫ 48,800",-44%,"₫27,500",4.8,(339),Bánh Pò Quẩy Hộp Đặc Sản Hải PhòngHộp 320g 70 Cái/Hộp Vị Cay Mùi Bò Truyền ThốngBò Quẩy Hộp Xiên Vừng Pò Miếng Vừng Thơm Ngon An Toàn Vệ Sinh Thực Phẩm,3.5K sold,https://www.lazada.vn/products/pdp-i1448178966.html
Pet Food,KaNa PetShop,,,"₫20,000",5,(47),"Gà Sấy Khô 🐹 FreeShip 🐹 Gà Viên Sấy Lạnh Thức Ăn Dặm Hamster Nhím Đồ Ăn Tiện Lợi Cho Chó, Mèo .....",369 sold,https://www.lazada.vn/products/pdp-i1903296953.html
Milk Formula & Baby Food,KONNI39 THU DUC JAPANESE SHOP,"₫ 102,000",-9%,"₫93,000",,,BÁNH GẠO ĂN DẶM CHO BÉ 7 THÁNG EDISON NHẬT BẢN (GÓI NHỎ 25GR),,https://www.lazada.vn/products/pdp-i3090545993.html
Kitchen Appliances,NeSSaeAy,"₫ 9,064,110",-30%,"₫6,317,410",,Reviews,"Máy Xay Cầm Tay Đa Năng WMF Lineo 4in1, Máy Xay Sinh Tố, Ăn Dặm Cho Bé, Công xuất 700W, Đức, BH 12 Tháng Nghiennha_99",,https://www.lazada.vn/products/pdp-i2414271069.html
Outdoor Sports & Activities Equipment,TrekTribe,"₫ 36,999",-44%,"₫20,555",4.3,(6),TrekTribe 2pcs bền MTB ghế sau footrest gắn trên bánh xe trở lại Bàn Đạp Xe Đạp Gấp footboard đi xe đạp Phụ Kiện Xe Đạp chân đạp,42 sold,https://www.lazada.vn/products/pdp-i2864523004.html
Sports Toys,LANA QUEEN,"₫ 120,000",-42%,"₫70,000",4.9,(64),Trò Chơi Đồ Chơi Đâm Thùng Hải Tặc Size Lớn 24 Kiếm - LANA QUEEN,272 sold,https://www.lazada.vn/products/pdp-i1749525810.html
Personal Care,Ashaki Đồ gia dụng nhỏ,"₫ 200,000",-50%,"₫72,000",4.7,(12),[CHUẨN CHÍNH HÃNG] Bột Baking Soda USA Mỹ đa năng 454gr - ASHAKI,51 sold,https://www.lazada.vn/products/pdp-i2537717412.html
Tableware,GreenShops,"₫ 70,000",-41%,"₫38,000",4.9,(83),"Bộ 2 tô sứ dễ thương hính cá , hình hoa 7 inch 18cm dày dặn",422 sold,https://www.lazada.vn/products/pdp-i2068818539.html
Baby & Toddler Toys,Shop Huyền Bi,"₫ 250,000",-40%,"₫149,000",4.8,(47),"[siêu rẻ] GHẾ RUNG CHO BÉ tặng kèm thú treo đồ chơi ngộ nghĩnh dạng kệ chữ A GHẾ RUNG NHÚN cao cấp cho bé yếu thích thú giúp bé ăn, chơi, thư giãn hoặc nằm ngủ rất thoải mái nôi rung trẻ em nôi rung trẻ em",200 sold,https://www.lazada.vn/products/pdp-i821338905.html
Tableware,Đức Nhung Store,"₫ 120,000",-50%,"₫30,261",4.7,(39),Thố Sứ Chưng Yến Có Nắp Giữ Nhiệt Cao Cấp - Thể Tích 280ML - Nhỏ Gọn - Tiện Lợi - Xinh Xắn. Đức Nhung Store,359 sold,https://www.lazada.vn/products/pdp-i2023602431.html
Dolls & Accessories,QIXIANG1,"₫ 91,600",-50%,"₫17,700",5,(2),【QIXIANG1】 New 17 cm Mini cô gái bé búp bê với 13 di chuyển Doanh 3D đôi mắt to cho cô gái DIY,20 sold,https://www.lazada.vn/products/pdp-i2838484174.html
Pet Food,MarketPetshop,"₫ 4,100",-44%,"₫2,300",4.9,(183),"QUE GẶM SẮC MÀU CHO THÚ CƯNG LÀM SẠCH CAO VÔI CHỐNG HÔI MIỆNG, THỨC ĂN CHO CHÓ",1.7K sold,https://www.lazada.vn/products/pdp-i1618140473.html
Feeding Essentials,GUND Store,,,"₫59,000",4.3,(3),Núm Trợ Ti  Mềm Mại Cho Bé Bú Bảo Vệ Đầu Ti Cho Mẹ Tặng Hộp,6 sold,https://www.lazada.vn/products/pdp-i3038337995.html
Pet Food,Cherie petshop,,,"₫15,000",5,(20),Que gặm tròn sắc màu cho thú cưng,169 sold,https://www.lazada.vn/products/pdp-i396980905.html
Tableware,GIA DUNG ROSE,"₫ 17,000",-24%,"₫13,000",4.7,(38),Đĩa Nhựa Giả Lá Chuối Hình Chữ Nhật Nhiều Size - Đĩa nhựa hình lá chuối xanh cao cấp,639 sold,https://www.lazada.vn/products/pdp-i1634169411.html
Feeding Essentials,Supper Baby Store,"₫ 80,000",-21%,"₫37,500",4.8,(6),"Miếng lót thấm sữa Mamicare, Jubon, Vcoool miếng dán thấm hút sữa chống tràn tiện ích, không lo sữa ướt áo, phù hợp cho mẹ bỉm khi ra ngoài, bịch 32, 52 miếng và 108 miếng",49 sold,https://www.lazada.vn/products/pdp-i3089004842.html
Diapering & Potty,TOMS BABY,"₫ 260,000",-32%,"₫176,000",5,(22),tã bỉm quần Mijuku Nhật siêu thấm hút M-5XL bịch 50 miếng cho bé,105 sold,https://www.lazada.vn/products/pdp-i2365808220.html
Home Appliances Parts & Accessories,Kazoo Store,"₫ 98,000",-48%,"₫50,820",4.9,(114),"Chai Xịt Vệ Sinh Tủ Lạnh, Lò Vi Sóng SU X5 Cleaner 500ml Vệ Sinh Khử Mùi Khử Khuẩn Hiệu Quả - Công Nghệ Nano Bạc Châu Âu",446 sold,https://www.lazada.vn/products/pdp-i2537925233.html
Tableware,BÁCH HÓA SỈ79,"₫ 200,000",-48%,"₫99,000",4.9,(148),Bộ 10 bát cơm inox 304 2 lớp cách nhiệt- CHÉN INOX 2 LỚP CÁCH NHIỆT CAO CẤP -Chén bát cơm,576 sold,https://www.lazada.vn/products/pdp-i2054375927.html
Kitchenware,Tonyoog,"₫ 78,000",-45%,"₫23,000",5,(7),TONYOOG 10-24cm Nắp nồi tròn Thép không gỉ Dày Nắp nồi Phổ thông Nắp đậy thực phẩm nhà bếp Đồ dùng nhà bếp,17 sold,https://www.lazada.vn/products/pdp-i3027832734.html
Feeding Essentials,SaTra Store,"₫ 109,000",-28%,"₫78,000",5,(3),"Máy hút sữa cầm tay thương hiệu Nhật, Chất liệu Silicon cao cấp và nhựa PP an toàn không BPA [Tặng kèm 6 túi trữ sữa]",5 sold,https://www.lazada.vn/products/pdp-i2008162338.html
Feeding Essentials,OLALA SUPER CARE,"₫ 100,000",-37%,"₫63,000",4.8,(222),Miếng lót thấm sữa MEYGA(100m/bịch) Dành cho mẹ sau Sinh thời kỳ cho con bú.,1.4K sold,https://www.lazada.vn/products/pdp-i1561765537.html
Baby & Toddler Toys,miennamdochoi,"₫ 169,000",-1%,"₫167,310",4.3,(6),"[Hàng VN - Nhựa tốt][Cao 51cm] Đồ chơi xe đẩy siêu thị tập đi cho bé kèm trái cây chơi mua hàng nấu ăn, nhà bếp",24 sold,https://www.lazada.vn/products/pdp-i2546782667.html
Feeding Essentials,Daier Trading,"₫ 29,900",-29%,"₫21,300",,Reviews(54),"Thìa cong bằng thép không gỉ cho bé, nĩa cong, thìa tập ăn tự động, thìa ăn, đồ dùng cho trẻ em",4.2K sold,https://www.lazada.vn/products/pdp-i3141012005.html
Drinks,Tổng Kho AMK,"₫ 99,000",-26%,"₫73,000",,Reviews,"Rượu Nấu Ăn Mộc Quế Hương 9Chum Chai Nhựa 1L, ướp thịt cá, khử mùi tanh, tăng hương vị món ăn",,https://www.lazada.vn/products/pdp-i3154390463.html
Sports Accessories,d3odSmYq.Selection,"₫ 26,200",-59%,"₫17,000",4.9,(6074),Bình Nước Thủy Tinh In Chữ Hello Master 480ML có dây xách,24.2K sold,https://www.lazada.vn/products/pdp-i2500736173.html
Baby & Kids' Accessories,798MiMRy,"₫ 10,000",-40%,"₫6,000",5,(1),"Vòng Dâu Tằm Cho Bé (tránh gió, trừ tà, giúp bé ngủ ngon)",,https://www.lazada.vn/products/pdp-i2554191800.html
Building Toys,Khối xây dựng MOC,"₫ 21,675,000",-33%,"₫14,450,000",,Reviews,Bộ sưu tập chiến trường quân sự MOC Tatooines Căn cứ bí mật Khối xây dựng Kiến trúc Căn cứ phòng thủ Mô hình Đồ chơi Gạch Kid Quà tặng Giáng sinh Tương thích với LEGO,,https://www.lazada.vn/products/pdp-i3013438779.html
Outdoor Sports & Activities Equipment,MADOU2,"₫ 206,722",-41%,"₫121,601",5,(3),[MADOU2] Đa chức năng thiết lập dao kéo di động Gấp Cắm Trại Bộ đồ ăn bằng thép không gỉ dao muỗng nĩa có thể mở thiết bị ngoài trời,10 sold,https://www.lazada.vn/products/pdp-i3063274398.html
Kitchen Appliances,ELIS HOME,"₫ 260,000",-54%,"₫119,000",5,(2),MÁY XAY THỊT CÁ TỎI ỚT QUAY TAY CÓ ĐẾ KẸP BÀN CHẮC CHẮN - MÁY XAY THỊT NHỒI XÚC XÍCH BẰNG TAY- CỐI XAY THỊT CÁ ĐỒ ĂN DẶM CHO BÉ DẠNG QUAY TAY DỄ DÀNG VỆ SINH,5 sold,https://www.lazada.vn/products/pdp-i2835097267.html
Tableware,BACH HOA KIWI,"₫ 150,900",-51%,"₫60,463",4.9,(65),combo 10 chén sứ ăn cơm hoa văn 4d mẫu bông xanh 11cm / chén sứ trắng 11cm (1),221 sold,https://www.lazada.vn/products/pdp-i1096636368.html
Outdoor Play Toys,Đồ chơi như ý,"₫ 400,000",-22%,"₫239,000",4.8,(93),"Lều Cho Bé Ngủ Chơi - Lều trẻ em - Lều Hoàng tử Công Chúa TẶNG ĐÈN TRANG TRÍ VÀ CÓ BÁN ĐỦ NỆM , GẤU BÔNG .... CHỌN PHÂN LOẠI",442 sold,https://www.lazada.vn/products/pdp-i1442530774.html
Bath,JIASHI Shopping Mall,"₫ 45,000",-44%,"₫25,000",,Reviews(8),JIASHI Silicone Toilet Brush Golf Bruch Head Double-Sided No Dead Angle Soft Fur Cleaning Toilet Brush Toilet Bending Toilet Brush,11 sold,https://www.lazada.vn/products/pdp-i3142054719.html
Kitchenware,BÁCH HÓA SỈ79,"₫ 90,000",-50%,"₫45,000",4.6,(159),"Bộ 5 Nồi Inox Cao Cấp 304 Không Gỉ Dùng Được Cho Tất Cả Mọi Loại Bếp - COMBO 5 NỒI , Bộ 5 nồi inox dung tích cực lớn , nấu được bếp từ , hồng ngoại.-Bộ 5 thố INOX có nắp đậy - bát inox - bát inox có nắp - Thố inox - An toàn",675 sold,https://www.lazada.vn/products/pdp-i2105227437.html
Feeding Essentials,uLI1ug.Selection,"₫ 36,200",-29%,"₫25,800",5,(6),"Hộp chia sữa và đồ ăn 3 ngăn cho bé, Chất liệu nhựa PP cao cấp an toàn cho bé",2.1K sold,https://www.lazada.vn/products/pdp-i3140919678.html
Feeding Essentials,Bebi123shop,"₫ 15,000",-5%,"₫65,550",4.8,(283),(Tách Hộp) Hộp 50 túi trữ sữa có vòi 250ml Babuu Nhật Bản hình Voi có vòi rót tiện lợi,1.4K sold,https://www.lazada.vn/products/pdp-i1069302828.html
Pet Food,Pet Boss 95,"₫ 76,400",-45%,"₫32,700",4.8,(103),"XƯƠNG ỐNG BÒ, XƯƠNG GẶM SẠCH RĂNG CHO CHÓ",804 sold,https://www.lazada.vn/products/pdp-i2083884940.html
Tableware,taphoahoangky,,,"₫12,650",5,(113),"DĨA SÂU TRÒN GỐM SỨ 4D HỌA TIẾT HOA KHAI PHÚ QUÝ    ( ĐỦ SIZE 6,7,8,9)",1.0K sold,https://www.lazada.vn/products/pdp-i2422239698.html
Snacks & Confectionery,BeeGin Store,"₫ 135,000",-27%,"₫98,000",5,(26),"Thùng 1kg Bánh Mochi Sữa Nhân Kem Khoai Môn, Đậu Nành, Sầu Riêng, Đào, Xoài - BeeGin Store",82 sold,https://www.lazada.vn/products/pdp-i2630809761.html
Snacks & Confectionery,LIM Cosmetic,"₫ 60,000",-29%,"₫42,795",5,(15),"Kẹo Dẻo Colcolagen, Giúp Da Trắng Hồng Giúp Da Trắng Sáng Săn Chắc Làm Chậm Quá Trình Lão Hóa Trên Da Móng Chắc Tóc Khỏe Nuôi Dưỡng Làn Da Từ Sâu Bên Trong",103 sold,https://www.lazada.vn/products/pdp-i2527922068.html
Snacks & Confectionery,Chuyên Sỉ Thực Phẩm Nhập Khẩu,"₫ 35,000",-28%,"₫25,256",5,(7),"Khay 12 Bánh Mochi Dẻo Nhân Kem Vị Sữa Chua, Trà Xanh, Xoài 180g B228 - Chuyên Sỉ TPNK",12 sold,https://www.lazada.vn/products/pdp-i2858024715.html
Pet Food,BiTom petshop,,,"₫72,000",5,(2),BÁNH THƯỞNG CHO CHÓ BOWWOW 150G,5 sold,https://www.lazada.vn/products/pdp-i2664386701.html
Pet Food,Soobin Petshop,"₫ 1,450,000",-22%,"₫1,129,000",5,(11),"5.6kg THỨC ĂN HẠT CHO CHÓ ANF 6FREE VỊ VỊT giúp chú chó của bạn cải thiện tuần hoàn máu và bộ lông mượt mà, đẹp đẽ.",21 sold,https://www.lazada.vn/products/pdp-i2159967072.html
Kitchen Appliances,Mpd45BlB,"₫ 6,169,000",-26%,"₫4,577,000",,Reviews,"MÁY LÀM NƯỚC CÓ GA SODA PHILIPS ADD4901 , SODA MAKER",,https://www.lazada.vn/products/pdp-i2425846380.html
Feeding Essentials,Bơ bí bo,,,"₫6,500,000",,Reviews,[NEW] Máy hút sữa điện đôi Medela Swing Maxi Flex CHÍNH HÃNG bảo hành 12 THÁNG có pin tích điện cổng sạc USB type C,,https://www.lazada.vn/products/pdp-i2065269218.html
Kitchen Appliances,Bếp XANH Family,"₫ 19,459,000",-19%,"₫15,767,000",,Reviews,Máy Rửa Chén Độc Lập HAFELE HDW-F60E 538.21.200 - 15 Bộ đồ ăn Châu Âu - Chế độ rửa nửa tải - Chế độ hẹn giờ rửa Delay Timer - Điều khiển nút nhấn cơ - Hàng chính hãng,,https://www.lazada.vn/products/pdp-i1680638308.html
Building Toys,VN343JSS2M,,,"₫5,789,000",,,Compatible with LEGO Mới 22021 công nghệ xe tải cẩu xe tải đồ chơi người lớn móc nâng xe tải khối xe tải trailer gạch trẻ em trai quà tặng,,https://www.lazada.vn/products/pdp-i2514837463.html
Building Toys,Khối xây dựng MOC,"₫ 18,201,000",-33%,"₫12,134,000",,,MOC-178001 Kiến trúc chiến tranh không gian Căn cứ chiến đấu quân sự Trenchline Khối xây dựng công nghệ cao Mô hình Star Movie Gạch Đồ chơi Quà tặng Tương thích với LEGO,,https://www.lazada.vn/products/pdp-i3013443774.html
Building Toys,LEGO building blocks online store,,,"₫4,568,415",,,Compatible with LEGO Chuyên gia sáng tạo 10307 Tháp Eiffel xây dựng mô hình cao nhất xây dựng khối cho người lớn trẻ em gạch đồ chơi 10001 miếng,,https://www.lazada.vn/products/pdp-i2507839999.html
Diapering & Potty,D&Hshop6892,,,"₫19,000",5,(2),"Bỉm Vải, Tã Vải Chống Hăm, Chống Tràn, Có Thể Giặt Được Và Tái Sử Dụng, Size M,L, Đủ Mẫu Cho Bé Trai Bé Gái 5-14kg.",7 sold,https://www.lazada.vn/products/pdp-i2603148396.html
Building Toys,Khối xây dựng MOC,"₫ 25,890,000",-33%,"₫17,260,000",,,Chiến đấu quân sự Boeing E-7 Wedgetail cảnh báo sớm và kiểm soát máy bay MOC khối xây dựng công nghệ mô hình gạch trẻ em đồ chơi Tương thích với LEGO,,https://www.lazada.vn/products/pdp-i3013498608.html
Building Toys,Khối xây dựng MOC,"₫ 28,343,000",-33%,"₫18,895,000",,,MOC Vận tải quân sự Xe bọc thép Tất cả các địa hình Chỉ huy chiến thuật Walker Khối xây dựng Lắp ráp Mô hình Star Movie Gạch Đồ chơi Tương thích với LEGO,,https://www.lazada.vn/products/pdp-i3013504455.html
Tableware,dodiengiasi,"₫ 6,000",-33%,"₫4,000",5,(2),"(ẢNH THẬT) Chén, Đĩa Chấm Chất Liệu Gốm Sứ Các Loại",44 sold,https://www.lazada.vn/products/pdp-i2918708621.html
Building Toys,Khối xây dựng MOC,"₫ 20,337,000",-33%,"₫13,558,000",,,Bộ sưu tập phim khoa học viễn tưởng UCS Mechanical Beast Trục xuất Scarab Mô hình Khối xây dựng Robot Chiến tranh Khối đồ chơi Giáng sinh Quà tặng Tương thích với LEGO,,https://www.lazada.vn/products/pdp-i3013479570.html
Building Toys,LEGO building blocks online store,,,"₫4,163,920",,,Compatible with LEGO 2023 Mô hình mới 5350 MOC sáng tạo khối An-225 Mriya Mô hình máy bay hàng không gạch bé trai đồ chơi Giáng sinh bộ quà tặng,,https://www.lazada.vn/products/pdp-i2507880749.html
Feeding Essentials,Bơ bí bo,"₫ 50,000",-40%,"₫10,000",4.8,(13),"Van trắng máy hút sữa Medela Pump hàng chính hãng - Phụ kiện máy hút sữa máy Harmony, Swing, Mini electric, Pump",148 sold,https://www.lazada.vn/products/pdp-i1888691379.html
Building Toys,LEGO building blocks online store,,,"₫7,316,601",,,Compatible with LEGO Keeppley Dola a Dream Nobita's Home Khối ghép Mô hình Đồ chơi Thời trang Trang trí Bàn làm việc Quà sinh nhật 3900 miếng,,https://www.lazada.vn/products/pdp-i2508004372.html
Building Toys,Khối xây dựng MOC,"₫ 4,644,000",-33%,"₫3,096,000",,,Thế chiến II Máy bay Series CH-47 Chinook Vận tải Trực thăng MOC Xây dựng khối Mini Máy bay Mô hình vũ khí Gạch Bộ đồ chơi Quà tặng trẻ em Tương thích với LEGO,,https://www.lazada.vn/products/pdp-i3013542196.html
Building Toys,Khối xây dựng MOC,"₫ 16,382,000",-33%,"₫10,921,000",,,MOC Sáng tạo UCS Hải tặc Tàu xây dựng khối Thuyền hiển thị lắp ráp Mô hình DIY Đồ chơi gạch công nghệ cao Quà tặng Giáng sinh cho trẻ em Tương thích với LEGO,,https://www.lazada.vn/products/pdp-i3013505453.html
Action Figures & Collectibles,Mohinhmanga,"₫ 70,000",-30%,"₫49,000",4.7,(24),Mô hình nhân vật Kimetsu No Yaiba ngồi ăn cơm nắm Thanh gươm diệt quỷ cứu nhân Tanjiro Đại trụ Nezuko Zenitsu Muichiro,61 sold,https://www.lazada.vn/products/pdp-i1890383439.html
Milk Formula & Baby Food,Mẹ và bé Kikishop,,,"₫37,000",,,Sữa chua hoff cho bé 6m+,12 sold,https://www.lazada.vn/products/pdp-i2420357783.html
Food Supplement,PinkyBeauty,"₫ 225,000",-36%,"₫145,000",,,"(chính hãng) MEN HỮU CƠ  ( Men vi sinh) và SỮA NON SUNPLUS - Giup bé ăn ngon, tiêu hóa tốt , tăng cường sức đề kháng",,https://www.lazada.vn/products/pdp-i2418991077.html
Building Toys,Khối xây dựng MOC,"₫ 18,882,000",-33%,"₫12,588,000",,,MOC Xây dựng khối Hỗ trợ quân sự Fighter AC-130 Spooky vũ trang súng hạm DIY công nghệ máy bay mô hình trẻ em lắp ráp gạch đồ chơi Tương thích với LEGO,,https://www.lazada.vn/products/pdp-i3013624096.html
Kitchenware,lucky Hairacc,"₫ 43,000",-35%,"₫28,000",4.8,(92),【COD】 2pcs Thay thế Lỗ đơn Đồ nấu nướng Nồi nước sốt PAN ngắn bên Tay cầm nồi Tay cầm Tai nồi áp suất,372 sold,https://www.lazada.vn/products/pdp-i2292834174.html
Feeding Essentials,Vinh Phong Shop - Mẹ và Bé,"₫ 100,000",-22%,"₫77,763",5,(11),"Miếng Lót Thấm Sữa WAI Siêu Thấm Chống Tràn, Miếng Thấm Sữa Cho Mẹ Miếng Dán Thấm Sữa, Miếng Lót Sữa",46 sold,https://www.lazada.vn/products/pdp-i2636593804.html
Feeding Essentials,My baby_VN,"₫ 72,000",-49%,"₫18,900",5,(9),"2 Cái Phễu Hứng Sữa Silicone Chống Tràn, An Toàn Và Tiện Lợi,Dụng Cụ Hứng Sữa Cho Mẹ",38 sold,https://www.lazada.vn/products/pdp-i2664179302.html
Pet Food,Pet Boss 95,"₫ 9,400",-45%,"₫5,200",4.9,(872),"XƯƠNG GẶM CHO CHÓ CƯNG SIÊU THƠM NGON ,GIÚP SẠCH RĂNG THƠM MIỆNG CHÓ-SNACK CHO CHÓ",11.0K sold,https://www.lazada.vn/products/pdp-i1649886698.html
Feeding Essentials,Lane Store36,,,"₫60,000",,Reviews,"Miếng lót thấm sữa Mamicare dùng 1 lần, chống tràn tiện ích",,https://www.lazada.vn/products/pdp-i3151651145.html
Kitchenware,MÌ CHUYÊN SỈ,"₫ 240,000",-50%,"₫119,000",4.9,(146),NỒI HẤP THỨC ĂN 3 TẦNG BẰNG INOX 304 KHÔNG GỈ CAO CẤP SIZE LỚN 28CM NẤU NHANH SIÊU TỐC - NỒI HẤP CÁCH THUỶ 3 TẦNG CHỐNG DÍNH TỐT HẤP XÔI HẤP BÁNH HẤP GÀ HẤP CÁ ... ĐA NĂNG,338 sold,https://www.lazada.vn/products/pdp-i2257895978.html
Tableware,GIBA HOUSEWARES,"₫ 103,000",-52%,"₫31,616",4.9,(40),"Đĩa Gỗ Vuông, Tròn, Oval Đựng Thức Ăn Phụ Kiện Chụp Ảnh, Khay Gỗ Nhỏ - Giba",457 sold,https://www.lazada.vn/products/pdp-i1525896104.html
Feeding Essentials,Bebi123shop,"₫ 59,000",-35%,"₫38,220",5,(19),Hũ thuỷ tinh Misan nắp 4 Khoá Lock siêu chắc chắn chống đỗ trữ đông đồ ăn dặm cho bé Bebi123shop,77 sold,https://www.lazada.vn/products/pdp-i2803355961.html
Kitchenware,Zara.shop,"₫ 110,000",-30%,"₫76,820",5,(11),"Good type-octopus pellet Pan, 14 umbrella wood handle Japanese toyaki octopus bake mold, non-stick pan pan pan baking tools, baking pan",34 sold,https://www.lazada.vn/products/pdp-i2802166914.html
Home Décor,LÁ DECOR - TRANH TRANG TRÍ,,,"₫69,000",5,(3),"bộ 6 tranh dán tường,phòng khách,phòng ngủ,phòng ăn,... mẫu mã đa dạng phong cách hiện dại",8 sold,https://www.lazada.vn/products/pdp-i2607133601.html
Outdoor Play Toys,shopdogiadung1207,"₫ 229,000",-39%,"₫139,000",5,(3),Xe chòi chân hươu Youbeno có đèn nhạc cho bé 1-5 tuổi cao cấp,8 sold,https://www.lazada.vn/products/pdp-i2609195402.html
Tableware,BACH HOA KIWI,,,"₫26,728",5,(5),dĩa sứ sọc oval kim cương hoa,26 sold,https://www.lazada.vn/products/pdp-i2604241854.html
Tableware,Chubby_Chef,"₫ 47,000",-45%,"₫22,000",5,(206),"Đĩa inox trơn kiểu Hàn Quốc Chubby Chef dùng được trên bếp từ, có phản đường kính 20-28cm",743 sold,https://www.lazada.vn/products/pdp-i2589457117.html
Kitchen Appliances,FmzWuP.Selection,"₫ 63,700",-23%,"₫49,000",,Reviews(1),"Máy Xay Tỏi Ớt Đa Năng Cầm Tay 250ML – Xay Thịt, Xay Rau Củ, Xay Đồ Ăn Dặm Cho Bé – Dùng Điện Tiện Lợi",13.4K sold,https://www.lazada.vn/products/pdp-i3141004085.html
Feeding Essentials,Bebi123shop,"₫ 125,000",-10%,"₫64,895",4.8,(93),Hộp cmbear 108 miếng lót thấm sữa cho mẹ,404 sold,https://www.lazada.vn/products/pdp-i1201246767.html
Food Staples & Cooking Essentials,Big-Green,"₫ 25,000",-28%,"₫18,000",5,(1),Mỳ Udon 200G- Hàn Quốc (Gói),,https://www.lazada.vn/products/pdp-i3110971369.html
Milk Formula & Baby Food,Hàng Nhật Nội Địa Shop IKIGai,"₫ 99,000",-34%,"₫65,000",5,(5),(Date 01/2026) Gia Vị Rắc Cơm Cho Bé Ăn Dặm Túi 30 Gói 6 Vị Nhật Bản,11 sold,https://www.lazada.vn/products/pdp-i2194569320.html
Food Staples & Cooking Essentials,Sài Gòn Shop Chuyên Sỉ,"₫ 80,000",-10%,"₫72,000",4.9,(12),"Pet 500gr Đậu Đen Xanh Lòng Rang Muối Ăn Liền Organic, đồ ăn vặt",36 sold,https://www.lazada.vn/products/pdp-i3094753159.html
Milk Formula & Baby Food,Babyyum store,"₫ 100,000",-55%,"₫45,000",5,(27),Dầu ăn dặm cho bé Thuyền Xưa từ 6 tháng tuổi nguyên liệu 100% hạt tự nhiên,139 sold,https://www.lazada.vn/products/pdp-i2906517353.html
Milk Formula & Baby Food,Nấm Baby House - Cửa Hàng Ăn Dặm,"₫ 73,100",-5%,"₫66,100",5,(33),Date 12/2025 Bánh gạo lứt hữu cơ LUSOL Hàn Quốc cho bé ăn dặm 30g,48 sold,https://www.lazada.vn/products/pdp-i2642008906.html
Milk Formula & Baby Food,Bibo Mart,,,"₫79,000",,Reviews,Bánh Gạo Que Hoa Auả Hữu Cơ Farm To Family 20g Cho Trẻ Trên 6 Tháng - Bibo Mart,,https://www.lazada.vn/products/pdp-i2861514519.html
Kitchen Appliances,HaBi - Thế Giới Gia Dụng,"₫ 6,500,000",-15%,"₫5,515,000",,Reviews,"Nồi chiên hơi nước TAPUHO TSF16 COLOR bản đặc biệt gần 70 chương trình nấu hấp, chiên không dầu, chiên hấp, hầm",,https://www.lazada.vn/products/pdp-i2972304805.html
Pet Food,Tiệm nhà bé 96,,,"₫41,000",5,(18),[BAO BÌ MỚI] Que Thịt Sấy Dẻo Cho Chó 300g/gói,98 sold,https://www.lazada.vn/products/pdp-i2126307375.html
Pet Food,Lạc PetShop,"₫ 4,000",-50%,"₫2,000",,Reviews,1 Viên SIPRIT bổ sung dinh dưỡng Canxi / đẹp lông da / Vitamin / khoáng cho chó mèo,,https://www.lazada.vn/products/pdp-i3149577492.html
Pet Food,MarketPetshop,"₫ 9,800",-45%,"₫5,400",5,(82),QUE GẶM SỮA CHO CHÓ NHẬP KHẨU THÁI LAN - Bánh thưởng cho chó,1.4K sold,https://www.lazada.vn/products/pdp-i1743526455.html
Tableware,BACH HOA KIWI,"₫ 30,000",-24%,"₫9,173",5,(66),"Dĩa sứ hoa văn 4d mẫu chữ phúc nhiều size 13cm, 15cm, 18cm, 20c, 22cm ,dĩa sứ trắng, dĩa lót chén trắng",668 sold,https://www.lazada.vn/products/pdp-i2548476995.html
Diapering & Potty,Bingoshop 1584831188,"₫ 160,000",-31%,"₫99,120",4.9,(713),"[ CHỈ ĐI ĐƠN SỐ LƯỢNG 100 MIẾNG ] Bỉm Jolie cho trẻ em combo 50-100 miếng, mỏng nhẹ, siêu rẻ",2.9K sold,https://www.lazada.vn/products/pdp-i836324377.html
Feeding Essentials,Bơ bí bo,"₫ 50,000",-30%,"₫60,000",5,(9),"Phụ Kiện Máy Hút Sữa Biohealth, Van chân không máy hút sữa Biohealth, Màng hút Silicon máy hút sữa Biohealth",43 sold,https://www.lazada.vn/products/pdp-i2010102851.html
Pet Food,MarketPetshop,"₫ 56,800",-46%,"₫30,600",5,(33),(BAOBEI) GÓI XƯƠNG GẶM CHO CHÓ CAO CẤP GIÚP SẠCH RĂNG CẤP NHIỀU DINH DƯỠNG CHO CHÓ TRƯỞNG THÀNH,112 sold,https://www.lazada.vn/products/pdp-i2627747317.html
Shapewear,An Nhi SHOP1,"₫ 240,000",-50%,"₫120,000",4.8,(106),Belt buckle belly male shaping abdomen reduce belly fat generating Engine 6 zone help stature slimming and firming more safe and convenient,440 sold,https://www.lazada.vn/products/pdp-i2076014105.html
Pet Food,minhtrangshopxm,,,"₫20,000",,Reviews,Xương thưởng xương gặm sạch răng Vegebones cho chó mèo siêu ngon 70gr,14 sold,https://www.lazada.vn/products/pdp-i2963129136.html
Pet Food,PET SHOP AK,"₫ 18,000",-22%,"₫14,000",4.9,(954),Bánh thưởng cho chó Sumiho (Nhiều vị)i Đồ ăn cho chó mèo thú cưng 100g,9.6K sold,https://www.lazada.vn/products/pdp-i1324076860.html
Feeding Essentials,Shop Baby Tuyết Mai,"₫ 64,000",-22%,"₫49,900",4.5,(11),Hộp 2 phiếu hứng sữa cmbear dùng thay thế miếng lót thấm sữa cho các mẹ,73 sold,https://www.lazada.vn/products/pdp-i2036447851.html
Kitchen Appliances,LA ELECTRONICS,"₫ 6,215,000",-19%,"₫5,042,085",5,(2),Tủ lạnh Aqua Inverter 212 lít AQR-T239FA(HB),,https://www.lazada.vn/products/pdp-i2002559954.html
Pet Food,MarketPetshop,"₫ 47,400",-45%,"₫26,100",4.8,(10),"MÓNG BÒ SẤY KHÔ, XƯƠNG GẶM SẠCH RĂNG CHO CHÓ",52 sold,https://www.lazada.vn/products/pdp-i2089139987.html
Pet Food,MarketPetshop,"₫ 30,100",-45%,"₫16,600",5,(389),"(PET FOOD) Gói xương gặm cho chó cao cấp giúp chó sạch răng, thơm miệng nhiều canxi",1.5K sold,https://www.lazada.vn/products/pdp-i2630248028.html
Building Toys,VN343JSS2M,,,"₫6,153,000",,,Compatible with LEGO Mới 9090 bộ phim Titanic tàu du lịch lớn mô hình khối tự làm đồ chơi cho trẻ em trai quà tặng tương thích 10294,,https://www.lazada.vn/products/pdp-i2514706658.html
Pet Food,Long Vu Pet Food,"₫ 55,000",-30%,"₫38,610",4.8,(109),Xương da bò hình khúc xương gặm sạch răng cho chó - Xương gặm cho chó - Long Vũ Pet Food,1.1K sold,https://www.lazada.vn/products/pdp-i940634733.html
Kitchen Appliances,Bếp XANH Family,"₫ 13,189,000",-18%,"₫10,751,000",,,Máy Rửa Chén Để Bàn HAFELE HDW-T50B 539.20.600 - Sức chứa 6 bộ đồ ăn - 7 chương trình rửa - Điều khiển cảm ứng - Hàng chính hãng,,https://www.lazada.vn/products/pdp-i1668152091.html
Drinks,SHOP. MT,"₫ 78,000",-4%,"₫35,000",4.9,(8),Rượu Gạo Nhà Nấu Nguyên Chất [900ml] Dùng Để Nấu Ăn - Ngâm -Uống,19 sold,https://www.lazada.vn/products/pdp-i2502848359.html
Dolls & Accessories,CANAMEK  Toy,"₫ 32,719",-44%,"₫18,177",,,Canamek 2 PCs Dollhouse mini 4cm rice spoon electric cooker simulation rice shovel model spoon Kitchen cooking food toy,,https://www.lazada.vn/products/pdp-i3165154113.html
Pet Food,MarketPetshop,"₫ 43,600",-47%,"₫23,100",4,(1),"DOGGYMAN QUE BÒ GÀ MỀM CAO CẤP, QUE GÀ COLLAGEN, QUE GẶM CHO CHÓ",,https://www.lazada.vn/products/pdp-i3139873816.html
Food Supplement,Zeroca - 0 calorie diet sugar,"₫ 178,000",-44%,"₫99,000",5,(7),"Đường ăn kiêng cho người tiểu đường Erythritol ZEROCA vị ngọt tự nhiên, dành cho người ăn Keto, các chế độ ăn kiêng giảm mỡ (loại 200g)",32 sold,https://www.lazada.vn/products/pdp-i2839923256.html
Drinks,WINE9 SHOP,,,"₫38,000",5,(43),RƯỢU NHÀ NẤU NGUYÊN CHẤT DÙNG ĐỂ NẤU ĂN - NGÂM RƯỢU,120 sold,https://www.lazada.vn/products/pdp-i2289380915.html
Building Toys,VN343JSS2M,,,"₫7,464,000",,,Compatible with LEGO 9090pcs10294 phim Titanic tàu du lịch lớn mô hình gạch khối đồ chơi trẻ em trai bạn bè quà tặng,,https://www.lazada.vn/products/pdp-i2514777400.html
Kitchen Appliances,GIA DUNG SI TPHCM,"₫ 250,000",-56%,"₫110,000",,,MÁY HẤP TRỨNG HẤP BÁNH BAO LÀM ĐỒ ĂN SÁNG NHANH CHÓNG TIỆN LỢI. MÁY LUỘC TRỨNG SIÊU TỐC TỰ ĐỘNG NGẮT ĐIỆN KHI TRỨNG CHÍN,,https://www.lazada.vn/products/pdp-i3089935728.html
Outdoor Sports & Activities Equipment,WeiZhuo,"₫ 20,673",-44%,"₫11,485",5,(8),WeiZhuo Mini Xách Tay Muỗng Nĩa Bộ Đồ Ăn Ngoài Trời Cắm Trại Thép Không Gỉ Dao Kéo Thiết Lập Cho Ăn Trưa Đi Bộ Đường Dài Trại Nấu Ăn Nguồn Cung Cấp,28 sold,https://www.lazada.vn/products/pdp-i2942465566.html
Kitchenware,G01 SMART HOME APPLIANCES,"₫ 18,934",-26%,"₫7,012",,,"Khay giấy bạc dùng cho nồi chiên không dầu 22cm – Tiện lợi nướng, đựng đồ ăn",,https://www.lazada.vn/products/pdp-i3185135320.html
Home Décor,trangtrinoithat,"₫ 135,000",-37%,"₫77,866",4.8,(121),5 MÉT Decal Dán Bếp Khổ 60cm Rộng Tráng Nhôm Chịu Nhiệt Có Keo - MẪU GIÁ RẺ PK111,842 sold,https://www.lazada.vn/products/pdp-i742194497.html
Kitchen Appliances,LINH KIỆN SỈ HCM,"₫ 460,000",-49%,"₫235,000",,,"MÁY KẸP NƯỚNG BÁNH MÌ SANDWICH, MÁY LÀM BÁNH HOTDOG, NƯỚNG BÁNH MÌ, XÚC XÍCH, LÀM ĐỒ ĂN SÁNG TIỆN LỢI NHANH CHÓNG CHỈ TRONG 3 PHÚT - MÁY LÀM BÁNH SOKANY CÔNG SUẤT 750W - DỄ DÀNG VỆ SINH",,https://www.lazada.vn/products/pdp-i3168560434.html
Kitchenware,- GIÁ RẺ NHẤT -,"₫ 129,000",-43%,"₫73,000",4.9,(232),"4 grids egg frying pan suitable for all kinds of cookers, super convenient food processor non-stick enamel pans",803 sold,https://www.lazada.vn/products/pdp-i2408706465.html
Kitchenware,G01 Smart Accessories,"₫ 83,160",-29%,"₫57,750",5,(14),Nồi chảo chống dính chiên thức ăn bằng thép không gỉ G01 dày dặn dùng cho mọi loại bếp hai quai,45 sold,https://www.lazada.vn/products/pdp-i2724058376.html
Activity,Tổng kho xe cho bé,"₫ 248,000",-46%,"₫133,000",4.7,(20),Ghế rung cao cấp ăn bột cho bé - Có bảo hiểm + đồ chơi + mái che + điều chỉnh nằm ngồi,82 sold,https://www.lazada.vn/products/pdp-i369222788.html
Tableware,Gomsusonchi,"₫ 24,000",-25%,"₫32,000",4.9,(273),"Dĩa gốm sứ cầu vòng dùng đựng thức ăn, tương (Có 5 size: ĐK 10cm/15cm/18cm/20cm/22.5cm)",2.9K sold,https://www.lazada.vn/products/pdp-i1881253668.html
Dolls & Accessories,Heli.Store2023,"₫ 23,000",-46%,"₫10,000",5,(109),"(TÚI MÙ MÓN ĂN) COMBO 5/10 TÚI MÙ CHARM MINI CHỦ ĐỀ BÀN TIỆC, CON VẬT DÙNG TRANG TRÍ NHÀ BÚP BÊ",2.9K sold,https://www.lazada.vn/products/pdp-i2666874878.html
Snacks & Confectionery,Âu Châu,,,"₫67,000",4.7,(49),Bánh mochi Đài Loan Royal Family đủ loại trà xanh trà sữa khoai môn sầu riêng đậu phộng 6 bánh 210gr - ÂU CHÂU SHOP,470 sold,https://www.lazada.vn/products/pdp-i1230513598.html
Snacks & Confectionery,BH Minh Ngọc,"₫ 70,000",-44%,"₫35,000",4.9,(1886),[HCM]1kg or 500g kẹo thạch rau câu Zòn Zai,14.2K sold,https://www.lazada.vn/products/pdp-i1055516826.html
Snacks & Confectionery,Jumax Vina,"₫ 50,000",-24%,"₫38,000",4.9,(38),Top fruit coowy jelly candy 280g (NEW PACKAGING),1.8K sold,https://www.lazada.vn/products/pdp-i2435408667.html
Kitchen Appliances,Điện Máy Thiên Kim,"₫ 2,990,000",-20%,"₫2,380,000",,,Lò vi sóng Sharp R-2235H-G/R 23L 1250W - Bảo Hành 12 Tháng Toàn Quốc,,https://www.lazada.vn/products/pdp-i1788989750.html
Tableware,BACH HOA KIWI,"₫ 22,000",-42%,"₫19,365",4.7,(35),Dĩa sứ tròn cạn trắng 22.5cm (9 inch),644 sold,https://www.lazada.vn/products/pdp-i2480158962.html
Building Toys,Khối xây dựng MOC,"₫ 17,412,000",-33%,"₫11,608,000",,,Chiến tranh thế giới thứ hai tàu chiến loạt tàu khu trục hải quân Mỹ USS Sims (DD-409) khối xây dựng chiến hạm mô hình vũ khí quân sự gạch đồ chơi Tương thích với LEGO,,https://www.lazada.vn/products/pdp-i3013650034.html
Kitchen Appliances,Gia Dụng Nhập Khẩu - 0934350551,"₫ 8,500,000",-14%,"₫7,300,000",4.6,(11),"Hck 48L Mini Refrigerator, Cosmetic and Beverage Refrigerator, Imported from Germany, 12 Months Warranty",59 sold,https://www.lazada.vn/products/pdp-i1604944067.html
Kitchen Appliances,Sanhangre Store,"₫ 4,200,000",-19%,"₫3,395,000",,,"Lò vi sóng cơ không nướng Panasonic NN-SM33NBYUE dung tích 25L hàng chính hãng, bảo hành 12 tháng",,https://www.lazada.vn/products/pdp-i2228352651.html
Kitchen Appliances,Lature Store,"₫ 6,475,000",-34%,"₫4,255,000",,,"Nồi Chiên Không Dầu Kalite KL6000, Giỏ Thủy Tinh, Dung Tích 6L, Hàng Chính Hãng GHM",,https://www.lazada.vn/products/pdp-i2547681560.html
Kitchen Appliances,AE0N MALL HCM,"₫ 278,000",-52%,"₫133,046",5,(21),Đồ Gia Dụng AEONESHOP! 💥RẺ VÔ ĐỊCH💥 Máy Xay Mini Tỏi Ớt Cầm Tay 250ml Sử Dụng Cổng Sạc USB Siêu Tiện Lợi Mẫu Mới LazMall Aeon Shop Chính Hãng,23 sold,https://www.lazada.vn/products/pdp-i3180282762.html
Tableware,taphoahoangky,,,"₫11,500",5,(442),Dĩa tròn gốm sứ hoa văn Chữ Phúc 4D,3.0K sold,https://www.lazada.vn/products/pdp-i2203199624.html
Tableware,Bon an gia dụng,"₫ 85,000",-30%,"₫35,000",5,(5),Tô Gà-Tô Nhựa Gà Melamine Cao Cấp-Tô Phở Nhựa Cao Cấp,66 sold,https://www.lazada.vn/products/pdp-i2728829153.html
Pet Food,MarketPetshop,"₫ 105,000",-47%,"₫18,500",5,(61),KẸO SỮA DÊ CANXI CHO CHÓ 100 gram GIÚP CHÓ SẠCH RĂNG VÀ THƠM MIỆNG CHO CHÓ TỪ 3 THÁNG,270 sold,https://www.lazada.vn/products/pdp-i1568934059.html
Tableware,Bon an gia dụng,,,"₫9,500",4.9,(30),"Đĩa nhựa sâu lòng, đĩa quán nhậu, đĩa nhựa melamine sâu lòng, Đĩa sâu lòng",316 sold,https://www.lazada.vn/products/pdp-i2406450754.html
Building Toys,Khối xây dựng MOC,"₫ 4,941,000",-33%,"₫3,294,000",,,Sáng tạo MOC-151521 quy mô hình nhỏ Starlord du thuyền hành khách phà xây dựng khối tàu mô hình thuyền bộ sưu tập gạch đồ chơi quà tặng Tương thích với LEGO,,https://www.lazada.vn/products/pdp-i3013555148.html
Pet Food,Love Pets Shop,"₫ 49,000",-3%,"₫46,075",5,(119),Xương gặm sạch răng cho Chó thương hiệu Masti - Love pets shop,455 sold,https://www.lazada.vn/products/pdp-i1932194921.html
Pet Food,Gaudan.vn,,,"₫2,500",4.9,(19),Thanh Gặm Sạch Răng Cho Chó - Que Gặm Mài Răng Cho Chó ( 1 Thanh Lẻ ),210 sold,https://www.lazada.vn/products/pdp-i876742649.html
Dolls & Accessories,SEHENA4,"₫ 24,343",-44%,"₫12,337",,,[Fashion] 5 cái 1 12 Dollhouse Mini tấm món ăn mô hình Dollhouse mô phỏng nhà bếp trang trí búp bê Nhà Phụ kiện giả vờ chơi đồ chơi,,https://www.lazada.vn/products/pdp-i3029122978.html
Feeding Essentials,Queen Global Home,"₫ 151,000",-36%,"₫97,020",5,(19),Máy Hút Sữa Cao Cấp Cầm Tay Chất Liệu Nhựa PP Dễ Vệ Sinh An Toàn Tiện Lợi Máy Hút Sữa Bằng Tay Không Đau Lực Hút Lớn,88 sold,https://www.lazada.vn/products/pdp-i1932030100.html
Building Toys,Khối xây dựng MOC,"₫ 28,569,000",-33%,"₫19,046,000",,,Công nghệ thành phố MOC Điện tốc độ cao Điện đa đơn vị Tàu lửa ICE 3 Bộ khối xây dựng Mô hình lắp ráp DIY Kid Gạch đồ chơi phổ biến Tương thích với LEGO,,https://www.lazada.vn/products/pdp-i3013494705.html
Tableware,MELAMINE THIEN HOA,,,"₫8,500",5,(1),Chén chấm 2 ngăn melamine nâu bóng / đen bóng / đỏ đen bóng C 101- 9.0 x 7.3 x 1.5 cm,50 sold,https://www.lazada.vn/products/pdp-i2342360950.html
Feeding Essentials,molamebe,"₫ 100,000",-22%,"₫77,900",4.7,(31),Máy hút sữa cầm tay cho mẹ tiện lợi,132 sold,https://www.lazada.vn/products/pdp-i2156138281.html
Kitchenware,II-Aurora,"₫ 119,000",-41%,"₫70,000",2.6,(5),II-AURORA 28/30/32/34/36cm Cooking Pot Lid Visible Stainless Steel Wok Lids Round Anti-scalding Frying Pan Cover Cookware Parts,13 sold,https://www.lazada.vn/products/pdp-i2978067141.html
Pet Food,Petie Petshop,"₫ 25,000",-20%,"₫12,000",5,(132),"(HÀNG MỚI) XƯƠNG GẶM ORGO SẠCH RĂNG, THƠM MIỆNG VÀ BỔ SUNG CANXI CHO CHÓ GÓI 90g",1.5K sold,https://www.lazada.vn/products/pdp-i2620522766.html
Kitchen Appliances,Giatot1991,"₫ 299,000",-45%,"₫99,000",,,[Mã ELHA9 giảm 15% đơn 50K] [Chính Hãng] Nồi Kho Cá-Nấu Cháo Chậm Đa Năng NK MEDIA/ FUJIKA 1.5/2.5 Chất Lượng,,https://www.lazada.vn/products/pdp-i2030209145.html
Pet Food,Love Pets Shop,"₫ 83,000",-11%,"₫28,830",5,(51),Bánh thưởng cho chó vị Gà hạt lựu - Love pets shop,329 sold,https://www.lazada.vn/products/pdp-i1850031474.html
Kitchenware,Good Luck VN,"₫ 55,600",-57%,"₫24,047",4.5,(6),Đầu Khò Ga Cầm Tay Sử Dụng Bình Mini Nhật Bản đầu khò ga mini đa năng,10 sold,https://www.lazada.vn/products/pdp-i2690740609.html
Tableware,WeiZhuo,"₫ 32,931",-44%,"₫18,295",4,(7),WeiZhuo Sáng Tạo gấu hình gia vị tấm Seashell hình dạng bánh bao Bát phục vụ Khay Ngâm nước sốt salad trái cây Tấm Nhà Bếp Bộ đồ ăn,13 sold,https://www.lazada.vn/products/pdp-i3106158871.html
Pet Food,Pet Boss 95,"₫ 34,000",-45%,"₫18,700",4.5,(8),"CHÀ BÔNG GÀ CHO CHÓ MÈO, SNACK THƯỞNG CHO CHO CHÓ MÈO",87 sold,https://www.lazada.vn/products/pdp-i2427354637.html
Tableware,SUKA HOUSE 999,,,"₫2,900",4.5,(28),Đĩa Nhựa Lúa Mạch Đựng Thức Ăn Chén Dĩa Nhựa Đựng Trái Cây Bánh Kẹo A4762,388 sold,https://www.lazada.vn/products/pdp-i2135490869.html
Kitchenware,Khánh BossBaby Kun,"₫ 110,000",-37%,"₫69,000",4.9,(205),"Chảo Nướng BBQ Không Cần Dầu Hàn Quốc, vỉ nướng chất liệu hợp kim nhôm phủ đá maifan chống dính Cao Cấp",802 sold,https://www.lazada.vn/products/pdp-i2084226871.html
Tableware,jifengdianzi,"₫ 70,000",-39%,"₫37,000",5,(12),"Đĩa Trái Cây Gia Dụng,   Kế Sang Trọng Giá Cả Phải Chăng, Chất Liệu Nhựa Phnom Penh Sáng Tạo, Thích Hợp Cho Văn Phòng Cao Cấp, Bát Đồ Ăn Nhẹ, Đơn Giản Và Đẹp Trai, Bền Và Chắc Chắn, Không Dễ Bị Mất, Bộ Đồ Ăn, 3 Màu Có Sẵn",129 sold,https://www.lazada.vn/products/pdp-i3095158311.html
Dolls & Accessories,Trang Trí HT,,,"₫2,800",5,(59),Mô hình hộp mì ăn liền phụ kiện trang trí nhà búp bê [1 cái],987 sold,https://www.lazada.vn/products/pdp-i1895972655.html
Kitchenware,GIA DUNG KNV,"₫ 285,000",-45%,"₫112,000",4.6,(11),(Lỗi 1 Đổi 1) Nồi Đất Tráng Men Cao Cấp Nắp Kính. Làm Món Ăn như Cá Kho Tộ Kho Quẹt...,37 sold,https://www.lazada.vn/products/pdp-i2736914404.html
Feeding Essentials,Bebi123shop,"₫ 26,000",-11%,"₫16,912",4.9,(320),"Rây lọc cháo, bột, đồ ăn dặm inox cán xanh 3 size cho bé",1.3K sold,https://www.lazada.vn/products/pdp-i1606624989.html
Board & Brain Games,LICLAC,"₫ 87,000",-20%,"₫40,000",5,(10),Family friends funny group games-Board Game hot trend,41 sold,https://www.lazada.vn/products/pdp-i3066907831.html
Tableware,GOLDEN LOTUS APPLIANCES STORE,,,"₫9,923",5,(5),"Đĩa bầu dục Thái nhựa VIỆT NHẬT - Sâu lòng, đựng thức ăn nhanh, xiên que, buffet - 1253/4",75 sold,https://www.lazada.vn/products/pdp-i2997416475.html
Kitchen Appliances,CHAU NGUYEN STORE,"₫ 179,000",-43%,"₫102,569",4.8,(129),"Máy Xay Đa Năng OSAKA Nắp Đồng,Xay Đá, Xay Sinh Tố, Xay Thịt, Xay Mọi Loại Thực Phẩm, Nhỏ Gọn, Tiện Dụng",532 sold,https://www.lazada.vn/products/pdp-i1593429280.html
Tableware,horecamart,"₫ 26,500",-45%,"₫14,700",4.9,(74),"dĩa (đĩa) inox tròn HPT [nhiều kích thước] sáng bóng, dùng để trang trí, đựng thức ăn",520 sold,https://www.lazada.vn/products/pdp-i2357344609.html
Boots,shop giày nhật minh,"₫ 196,000",-31%,"₫127,869",4.3,(11),Bốt nữ chiến binh da mờ khoá cạnh  phong cách hàn quốc trẻ trung cá tính dễ phối đồ,43 sold,https://www.lazada.vn/products/pdp-i981994751.html
Snacks & Confectionery,Bep Me Tinn,"₫ 70,000",-24%,"₫53,218",4.7,(58),Bánh Mochi Khoai Môn 4 lớp cùng 3 hương vị nhân thơm ngon được lựa chọn cẩn thận nguyên liệu làm nên chiếc bánh chuẩn vị,130 sold,https://www.lazada.vn/products/pdp-i2552295396.html
Snacks & Confectionery,Sỉ Le Hàng Tiêu Dùng 1608966196,"₫ 80,000",-30%,"₫33,999",,Reviews,Kẹo Dẻo Chip Có Nhân Mix Vị Siêu Ngon,,https://www.lazada.vn/products/pdp-i3180066299.html
Pet Food,Apple and Tiger Shop,,,"₫10,000",,Reviews,"Snack cho chó, Bánh quy ăn vặt, thịt khô cho chó mèo - gói 100g",,https://www.lazada.vn/products/pdp-i3141428862.html
Milk Formula & Baby Food,Con Cưng,,,"₫45,000",5,(7),Thực Phẩm Bổ Sung Bánh Vòng Gạo Lứt Bebedang Vị Dâu Tây,49 sold,https://www.lazada.vn/products/pdp-i2361779748.html
Milk Formula & Baby Food,Shibou Shop,,,"₫61,000",5,(7),MÌ MUG NISSIN NHẬT BẢN CHO BÉ 12M MẪU MỚI GÓI 96GR,105 sold,https://www.lazada.vn/products/pdp-i1541885124.html
Milk Formula & Baby Food,Con Cưng,,,"₫72,000",4,(4),Bánh Gạo Lứt Hữu Cơ Bebedang Hình Que Dài Vị Quýt & Gạo Lứt,23 sold,https://www.lazada.vn/products/pdp-i2724609415.html
Food Staples & Cooking Essentials,Yến Sào Dewis Nest,"₫ 1,140,000",-39%,"₫1,540,000",,Reviews,"Yến Thô Nguyên Tổ Tiêu Chuẩn Dewis Nest 100% Nguyên Chất Giúp Kích Thích Tiêu Hóa, Tăng Sức Đề Kháng 25g, 50g, 100g",,https://www.lazada.vn/products/pdp-i2585142329.html
Kitchen Appliances,Điện Máy Thiên Kim,"₫ 4,500,000",-28%,"₫3,250,000",,Reviews,Lò vi sóng có nướng Toshiba ER-SGS34(S1)VN - 34L 1100W - lò vi sóng - Bảo Hành 12 Tháng Toàn Quốc,,https://www.lazada.vn/products/pdp-i2208983356.html
Kitchen Appliances,XMr61vg6,"₫ 8,317,000",-34%,"₫5,449,000",,Reviews,Máy làm sữa hạt đa năng Kangaroo KG175HB1,,https://www.lazada.vn/products/pdp-i2489742424.html
Party Supplies,KHOTRANHDONGNAI,,,"₫25,000",5,(4),"Sét 6 Quạt Happy New Years 2025 - Quạt Giấy Đỏ gấp sẵn Trang Trí Tết,Tiệc cưới,ăn hỏi,lễ hội,chúc mừng năm mới trang trí tết 2025",14 sold,https://www.lazada.vn/products/pdp-i2910611225.html
Kitchen Appliances,ĐIỆN MÁY TÂY HỒ HN,,,"₫4,890,000",5,(1),Lò vi sóng inverter Panasonic NN-GD37HBYUE 23 lít,,https://www.lazada.vn/products/pdp-i612718026.html
Home Appliances Parts & Accessories,nguyenhoaiBM,,,"₫35,000,000",,Reviews,Máy đóng gạch không nung,,https://www.lazada.vn/products/pdp-i481390859.html
Pet Food,Pet Boss 95,"₫ 36,000",-45%,"₫17,800",5,(4442),XƯƠNG GẶM ORGO CHO CHÓ BỔ SUNG CANXI LÀM SẠCH RĂNG MIỆNG,65.6K sold,https://www.lazada.vn/products/pdp-i1910293098.html
Pet Food,PET SHOP PRO,"₫ 35,000",-40%,"₫21,000",4.9,(479),Xương gặm Orgo phô mai sạch răng cho Chó Gói 90g - Pet shop Uytinpro,3.9K sold,https://www.lazada.vn/products/pdp-i986008353.html
Pet Food,bekeo21,,,"₫31,000",5,(5),Gói Hạt nở 7-8mm chuẩn 10.000v cho mô hình đồ chơi vận động thể thao,23 sold,https://www.lazada.vn/products/pdp-i1623594072.html
Pet Food,Pet Boss 95,"₫ 21,300",-46%,"₫11,500",4.9,(9),"COMBO 5/10 QUE GẶM CHO CHÓ VỪA VÀ LỚN QUE/XƯƠNG GẶM GIÚP CHÓ MÀI RĂNG, SẠCH RĂNG",62 sold,https://www.lazada.vn/products/pdp-i2922609336.html
Kitchen Appliances,TECH land198 Audio & Cinema,"₫ 3,500,000",-43%,"₫2,000,000",,,"Lò Vi Sóng LG 20L NeoChef™ MS2032GIK - Điều khiển cảm ứng - Có khóa trẻ em - Dễ dàng vệ sinh, tự động làm sạch",,https://www.lazada.vn/products/pdp-i2732355357.html
Kitchen Appliances,Kim Long Mall Certified Store,"₫ 2,990,000",-27%,"₫2,190,000",,,Xiaomi microwave oven EU International version-genuine Digiworld,,https://www.lazada.vn/products/pdp-i3064779902.html
Pet Food,Hanpet thú cưng,"₫ 40,973",-28%,"₫29,417",5,(281),"Hanpet -  Túi 10 chiếc 5cm Xương da bò cao cấp dành cho chó gặm sạch răng, khử mùi hôi miệng -",2.0K sold,https://www.lazada.vn/products/pdp-i961854252.html
Tableware,taphoahoangky,,,"₫46,000",5,(1),"10 ĐĨA NHỎ GỐM SỨ LA HÁN ( ĐỰNG TƯƠNG ỚT, MUỐI TIÊU ) - 9.5CM",14 sold,https://www.lazada.vn/products/pdp-i2912258373.html
Tableware,Zuku,"₫ 7,000",-44%,"₫3,900",4.8,(40),Dĩa ăn hoa quả nĩa ăn trái cây bánh kem inox 304 sáng bóng,782 sold,https://www.lazada.vn/products/pdp-i1703739213.html
Kitchenware,Gia dụng giá sỉ 247,"₫ 112,000",-26%,"₫82,800",5,(1),"Nồi inox dày, nồi nấu ăn inox cao cấp nhiều size từ 18 đến 30cm",,https://www.lazada.vn/products/pdp-i2950677268.html
Pet Food,PetHome Store,"₫ 25,000",-20%,"₫20,000",4.9,(33),Que gặm sạch răng cho chó Munchy Fonti C28 120g,423 sold,https://www.lazada.vn/products/pdp-i2359386120.html
Tableware,Global Merch Park,"₫ 94,000",-35%,"₫37,400",4.7,(62),Khay Nhựa Hình Chữ Nhật Cho Nhà Hàng Hộ Gia Đình Trà Phục Vụ Phục Vụ Thực Phẩm Nhanh Thịt Nướng Vật Dụng Nhà Bếp Hoa Văn Chắc Chắn,730 sold,https://www.lazada.vn/products/pdp-i2624232232.html
Pet Food,PET SHOP PRO,"₫ 200,000",-48%,"₫105,000",5,(10),Combo 5 Gói Xương gặm cho Chó ORGO gói 90g Sạch răng Thơm miệng Giúp hàm chắc khỏe Tốt cho tiêu hóa Bổ sung canxi - Pet shop Uytinpro,69 sold,https://www.lazada.vn/products/pdp-i1732636390.html
Tableware,BACH HOA KIWI,"₫ 8,600",-14%,"₫24,000",5,(5),"̣(mua 10c tặng 1c cùng loại) Dĩa sứ sọc hoa văn khủng long nhiều size 15cm, 18cm, 20cm",52 sold,https://www.lazada.vn/products/pdp-i3035804121.html
Pet Food,Love Pets Shop,"₫ 43,000",-14%,"₫30,400",4.8,(49),Chewing Bones to Clean Teeth for Dogs Made of Heat-Pressed Cowhide - Love Pets Shop,304 sold,https://www.lazada.vn/products/pdp-i1574235209.html
Pet Food,Love Pets Shop,"₫ 55,000",-7%,"₫13,580",4.9,(24),"Yaho Brand Dog Teeth Cleaning Bones, Pack of 1 - Love Pets Shop",250 sold,https://www.lazada.vn/products/pdp-i2339369917.html
Kitchen Appliances,yDQyO3J5,"₫ 6,240,000",-28%,"₫4,505,000",,,"Bình Thủy Điện 5L Nagakawa Lõi Inox 304 An Toàn Cho Sức Khỏe, Kiểu Dáng Đẹp Mắt, Sang Trọng, Phích Điện Nagakawa",,https://www.lazada.vn/products/pdp-i2481054301.html
Kitchen Appliances,TOSHIBA,"₫ 2,288,000",-22%,"₫1,790,000",4.7,(15),"Lò vi sóng Toshiba ER-SM20(W1)VN -  Dung tích 20L - Công suất 800W - Xuất xứ Thái Lan - Chức năng hẹn giờ lên đến 35 phút Cài đặt rã đông theo trọng lượng Có bảng điều khiển bằng Tiếng Việt . Hàng chính hãng, bảo hành 12 tháng, chất lượng Nhật Bản",77 sold,https://www.lazada.vn/products/pdp-i1351852419.html
Arts & Crafts,Toyfun-VN,"₫ 108,000",-47%,"₫57,035",4.9,(215),"Bộ đồ chơi đất sét máy làm mì máy làm kem và bánh mỳ cho bé, đất nặn tạo hình đồ ăn kíchtthích sáng tạo, chất liệu an toàn cho bé",660 sold,https://www.lazada.vn/products/pdp-i2490014344.html
Kitchenware,Phụ Kiện Vinh Nguyễn,"₫ 30,000",-54%,"₫13,753",5,(1),"Kẹp Gắp Đồ Ăn Inox Cao cấp Chống Gỉ  Chống Nóng Siêu Bền - Dụng Cụ Kẹp Gắp Thức Ăn, Đồ Nướng Tay Cầm Chắc Chắn, Chống Trơn Trượt Dài 26cm - Kẹp Inox Nấu Ăn BBQ Đa Năng",6 sold,https://www.lazada.vn/products/pdp-i3127542698.html
Kitchenware,Kids shop_Cửa hàng ăn dặm,,,"₫160,000",4.9,(50),"Nồi chảo chóng dính, Nồi đá nấu đồ ăn dặm cho bé_Nồi hoa size 16cm",173 sold,https://www.lazada.vn/products/pdp-i2368174745.html
Kitchen Appliances,Shoptranghuong,,,"₫165,000",,,"( có Sẵn) [Hàng Chính Hãng] TORSOM Máy làm bánh sandwich waffle 2in1, chế biến đồ ăn nhanh cao cấp",,https://www.lazada.vn/products/pdp-i1809498852.html
Kitchen Appliances,VinStore 6789,"₫ 264,000",-47%,"₫140,000",5,(48),"Máy Xay Hạt Cafe, Máy xay hạt đa năng,máy xay cà phê hạt tiêu ngũ cốc gia vị mini công suất 300W xay mịn tất cả các loại hạt nhanh chóng",82 sold,https://www.lazada.vn/products/pdp-i2159917602.html
Kitchen Appliances,Big Mi Việt Nam,"₫ 380,000",-55%,"₫172,000",5,(28),"[Buy 1 Get 1 Free] Food Grinder, Dry Grain Grinder, Multifunctional Coffee Powder, Spices, Super Fine Dry Powder Grinder, 300W Capacity, 6 Extremely Sharp Blades, Stainless Steel Material, Grinder Dry Food, Coffee Beans, Grains, Spices",29 sold,https://www.lazada.vn/products/pdp-i3176014107.html
Kitchenware,vpLhcQdp,"₫ 460,000",-50%,"₫230,000",5,(1),"Nồi Kho Cá 3 Đáy Chống Dính 20cm Fivestar - Chuyên Kho Thịt, Cá - nồi dùng cho bếp từ - nồi kho thịt cá chống dính inox 3 đáy - nhà cửa - đồ dùng nhà bếp & phòng ăn",,https://www.lazada.vn/products/pdp-i2080793847.html
Tableware,Bon an gia dụng,"₫ 233,000",-32%,"₫124,000",5,(25),"combo 5 Tô bún, tô phở, tô hủ tiếu, tô mỳ quảng, tô nhựa melamine, tô nhựa nâu vàng kem dùng gia đình quán ăn",194 sold,https://www.lazada.vn/products/pdp-i2414339169.html
Outdoor Sports & Activities Equipment,SHIWA SHOP,"₫ 60,000",-48%,"₫25,000",4.8,(83),"Lock link fishing anti-twist (pack/100 piece) key-chains link fishing, lock link anti-twist, enough size: 1,2,3,4,5",281 sold,https://www.lazada.vn/products/pdp-i892086141.html
Tableware,rAr8jD.Selection,"₫ 31,000",-29%,"₫22,100",,,"4 Tấm Rơm Lúa Mì, Đĩa Nhổ Xương, Bộ Đồ Ăn Đa Năng, Phụ Kiện Nhà Bếp",21.2K sold,https://www.lazada.vn/products/pdp-i3140965288.html
Snacks & Confectionery,Bep Me Tinn,"₫ 170,000",-52%,"₫81,180",4.9,(26),"Bánh Mochi Sầu Riêng Hộp 500g Hương Vị Sầu Đặc Trưng, Ngọt Nhẹ Thơm Ngon",62 sold,https://www.lazada.vn/products/pdp-i2659774494.html
Milk Formula & Baby Food,Baby cún yêu,"₫ 199,000",-40%,"₫72,000",,,"[CHÍNH HÃNG]Bánh Ăn Dặm Mini Bites Mămmy đủ vị, bổ sung canxi hỗ trợ tập nhai cho bé từ 6 tháng, gói 15g",,https://www.lazada.vn/products/pdp-i3164059800.html
Food Staples & Cooking Essentials,SHOP MYDU130,"₫ 46,000",-11%,"₫41,000",4.9,(390),CỦ KIỆU ngâm chua ngọt nhà làm - Thơm ngon,1.0K sold,https://www.lazada.vn/products/pdp-i2534018188.html
Bakery & Breakfast,Đặc sản Tây Nguyên Mai Thao,"₫ 90,000",-6%,"₫185,000",4.9,(61),"Bánh gạo lứt mix hạt dinh dưỡng, đồ ăn vặt healthy, hỗ trợ giảm cân",371 sold,https://www.lazada.vn/products/pdp-i2083518993.html
Baby & Kids' Accessories,SAYES,"₫ 26,000",-19%,"₫19,000",5,(101),"HCM Bao tay, bao chân cho bé 3 - 12 tháng, vải lưới thoáng khí",1.1K sold,https://www.lazada.vn/products/pdp-i1607167740.html
Kitchen Appliances,NeSSaeAy,"₫ 9,207,000",-30%,"₫6,417,000",,,"Máy Làm Sữa Hạt Kalite KL950, Sấy Khô Khử Khuẩn, 1,75L, Hàng Chính Hãng Bảo Hành 24 Tháng",,https://www.lazada.vn/products/pdp-i2413914991.html
Tableware,MÌ CHUYÊN SỈ,"₫ 109,000",-57%,"₫47,000",,,"ĐĨA SỨ CAO CẤP HÌNH VỎ SÒ HOẠ TIẾT SANG TRỌNG CÓ KHAY ĐỰNG NƯỚC CHẤM TIỆN LỢI - KHAY ĐỰNG THỨC ĂN , TRÁI CÂY , RAU CỦ ĐA NĂNG",,https://www.lazada.vn/products/pdp-i3161055349.html
Pet Food,PET SHOP PRO,"₫ 35,000",-46%,"₫18,800",4.9,(68),Xương gặm cho Chó VEGEBONES Gói 60g Giúp Bổ sung canxi Sạch răng Thơm miệng Mượt da lông Tăng cường hệ miễn dịch - Pet shop Uytinpro,1.1K sold,https://www.lazada.vn/products/pdp-i1580061937.html
Building Toys,VN343JSS2M,,,"₫4,182,000",,,Compatible with LEGO Sân vận động Nou Camp mô hình Fc Barcelona sân bóng đá tương thích 10284 thành phố Street View mô hình khối đồ chơi trẻ em quà tặng,,https://www.lazada.vn/products/pdp-i2514905009.html
Pet Food,Love Pets Shop,"₫ 52,000",-15%,"₫44,200",5,(1),"Pure & Nature Dried Chicken Neck Dog Teeth Cleaning Bones, 250Gram Bag - Love Pets Shop",,https://www.lazada.vn/products/pdp-i3146940303.html
Pet Food,Love Pets Shop,"₫ 91,000",-5%,"₫34,900",5,(95),"Dog Treats with Chicken Wrapped in Milk Calcium, Pet Training Treats - Love Pets Shop",425 sold,https://www.lazada.vn/products/pdp-i1574110053.html
Baby & Kids' Accessories,JADE-RABBIT,"₫ 16,000",-49%,"₫8,000",5,(62),Yếm ăn Ninong chống thấm có máng cho bé trai/bé gái,386 sold,https://www.lazada.vn/products/pdp-i2590516155.html
Building Toys,LEGO building blocks online store,,,"₫4,354,270",,,Compatible with LEGO Cổ phiếu sáng tạo tàu Titanic khối xây dựng mô hình lắp ráp MOC gạch thuyền xây dựng 9090 chiếc phù hợp 10294 quà tặng đồ chơi Aldult,,https://www.lazada.vn/products/pdp-i2507965538.html
Tableware,Gia dụng Tuki248,"₫ 22,000",-25%,"₫16,500",4.4,(16),"Set 8 đĩa nhựa lúa mạch hình vuông nhiều màu sắc dễ thương, tiện dụng",73 sold,https://www.lazada.vn/products/pdp-i2511183820.html
Party Supplies,AllInOneShop1,"₫ 31,000",-32%,"₫17,000",,,Toddlers Party Hat Pointed Hat Birthday Party Hats First Birthday Headwear Baby Hairband Infant Photography Headdress,,https://www.lazada.vn/products/pdp-i3147689863.html
Tableware,Bon an gia dụng,"₫ 25,000",-40%,"₫15,000",5,(13),Dĩa Lá Chuối Nhựa size nhỏ- trung - lớn - Đĩa nhựa hình chữ nhật,113 sold,https://www.lazada.vn/products/pdp-i2650290902.html
Tableware,taphoahoangky,,,"₫8,050",5,(105),"DĨA TRÒN SÂU GỐM SỨ LA HÁN - ĐỦ SIZE (6,7,8,9)",1.5K sold,https://www.lazada.vn/products/pdp-i2191557631.html
Building Toys,LEGO building blocks online store,,,"₫4,163,920",,Reviews,Compatible with LEGO 57014 5350pcs MOC Khối máy bay vận tải lớn An-225 Mô hình máy bay hàng không Khối máy bay Đồ chơi trẻ em Bộ quà tặng,,https://www.lazada.vn/products/pdp-i2507837873.html
Pet Food,Vu Tru Thu Cung,"₫ 40,000",-32%,"₫27,000",5,(23),7 Dental effects dog mouth cleaning cheese bite bone,196 sold,https://www.lazada.vn/products/pdp-i2426867445.html
Baby Clothing,Simeli Boutique - Bodysuit Bé,"₫ 40,000",-28%,"₫29,000",5,(276),"[Chính hãng] - Bodychip Xuất Dư Cambodia Loại A Cộc/Dài Tay Mềm Mịn Cho Bé Trai/Bé Gái 2,5-14kg (Không Lỗi)",3.3K sold,https://www.lazada.vn/products/pdp-i1759756330.html
Milk Formula & Baby Food,HÀNG US-UK,,,"₫60,000",,Reviews,trái cây nghiền gerber mỹ siêu sạch và thơm ngon cho bé từ 6 tháng 11/25 bay air,,https://www.lazada.vn/products/pdp-i3084501042.html
Drinks,SURI MINH KHUÊ.Selection,"₫ 54,900",-23%,"₫42,200",4.9,(17),"Trà Bắc Móc Câu Tân Cương Thái Nguyên, 200gr Trà Cô Gái Thơm Ngon An Toàn",39 sold,https://www.lazada.vn/products/pdp-i3022119860.html
Building Toys,Khối xây dựng MOC,"₫ 34,917,000",-33%,"₫23,278,000",,Reviews,Thế chiến II Quân sự Series Hải quân Nga Tàu ngầm lớp Oscar K141 Kursk MOC xây dựng khối thiết lập Hải quân chiến tranh gạch đồ chơi mô hình quà tặng trẻ em Tương thích với LEGO,,https://www.lazada.vn/products/pdp-i3013560283.html
Tableware,AChoice-KLS2023,"₫ 38,100",-29%,"₫27,200",,Reviews(4),Khay Đĩa Đựng Thức Ăn Kèm Chén Nước Chấm Phong Cách Nhật Bản – Sang Trọng & Tiện Lợi,5.0K sold,https://www.lazada.vn/products/pdp-i3140903830.html
Tableware,KRcOX8.Selection,"₫ 46,100",-29%,"₫32,900",,Reviews(56),"Bát Ăn Nhẹ Có Nắp – Chất Liệu Rơm Lúa Mì, An Toàn, Thân Thiện Môi Trường",7.3K sold,https://www.lazada.vn/products/pdp-i3140890968.html
Pet Food,MIOH CUTE PETSHOP,"₫ 9,000",-33%,"₫6,000",4.8,(61),[Freeship Max] Combo 10 Cây Xúc xích cho chó mèo hamster thú cưng nhiều dinh dưỡng 15gr_MIOH PETSHOP,1.7K sold,https://www.lazada.vn/products/pdp-i2020269835.html
Kitchen Appliances,PHONG VU Official Store,"₫ 2,990,000",-10%,"₫2,689,000",,Reviews,Lò vi sóng có nướng Toshiba MW2-AG24PC(BK) - Bảo hành 12 tháng,,https://www.lazada.vn/products/pdp-i2982394531.html
Kitchenware,RelaxRealm,"₫ 87,557",-44%,"₫48,643",3.7,(3),RelaxRealm 1 cái 14 16 18cm Mini chảo Chảo chống dính thép Frypan nồi màu sắc ngẫu nhiên cho đồ nấu nướng nhà bếp đồ nấu nướng,7 sold,https://www.lazada.vn/products/pdp-i2787052495.html
Bottoms,Guzado Fashion,"₫ 170,000",-52%,"₫81,000",4.9,(14565),"[TẶNG QUÀ ĐƠN 599K SALE 15.9] Quần đùi thể thao Guzado, Quần Short nam thể thao, chất gió mềm siêu mịn, co giãn tốt, vận động thoải mái, quần mặc nhà hoặc chơi thể thao GSR01",68.3K sold,https://www.lazada.vn/products/pdp-i1667031104.html
Pet Food,Pet Boss 95,"₫ 46,700",-45%,"₫23,400",5,(139),"COMBO 5 XƯƠNG GẶM CHO CHÓ GIÚP SẠCH RĂNG, THƠM MIỆNG",806 sold,https://www.lazada.vn/products/pdp-i2506282881.html
Storage & Organisation,JJT Shopping Mall,"₫ 130,000",-44%,"₫78,000",4.9,(44),"Trolley shelves, kitchen floor-to-ceiling, multi-storey snacks, baby living room, bedroom, bathroom, mobile storage shelves",36 sold,https://www.lazada.vn/products/pdp-i2864462639.html
Kitchenware,BUM BI,,,"₫11,856",4.7,(10),"Set 50 Chén Bạc Nướng Hàu Nướng Đồ Ăn Tiện Lợi, Chén Giấy Lót Khuôn Nướng Bánh Đă Năng Cho Bạn",64 sold,https://www.lazada.vn/products/pdp-i2666674447.html
Baby & Toddler Toys,Shop Huyền Bi,"₫ 275,000",-46%,"₫149,000",4.7,(22),"GHẾ RUNG NHÚN CHO BÉ tặng kèm thú treo đồ chơi ngộ nghĩnh dạng kệ chữ A GHẾ RUNG NHÚN cao cấp cho bé yếu thích thú giúp bé ăn, chơi, thư giãn hoặc nằm ngủ rất thoải mái nôi rung trẻ em nôi rung trẻ em , ghế rung trẻ em cao cấp",88 sold,https://www.lazada.vn/products/pdp-i535092046.html
Feeding Essentials,SMART BABIES SHOP,"₫ 114,000",-37%,"₫69,000",4.9,(163),KHAY SILICONE TRỮ ĐÔNG ĐỒ ĂN DẶM BABYSI HỘP TRỮ THỨC ĂN CHO BÉ HỘP ĐỰNG THỰC PHẨM,870 sold,https://www.lazada.vn/products/pdp-i2017961382.html
Tableware,BACH HOA KIWI,"₫ 4,500",-14%,"₫3,892",5,(13),"dĩa sứ trắng viền chỉ đen 16cm, dĩa sứ trắng 15cm, dĩa hoa văn 13cm, dĩa tiêu 9cm",107 sold,https://www.lazada.vn/products/pdp-i2427478517.html
Home Appliances Parts & Accessories,"LAMIDO VN - Phụ Tùng, Phụ Kiện Bếp Gas","₫ 157,000",-46%,"₫84,000",5,(84),"COMBO 2 Kiềng chắn gió [ LOẠI CAO CHỐNG NÓNG, TIẾT KIỆM GAS ] dùng cho các loai bếp gas 5 chân [ PHỤ KIỆN THAY THẾ BẾP GA ]",274 sold,https://www.lazada.vn/products/pdp-i2173872300.html
Outdoor Sports & Activities Equipment,TrekTribe,"₫ 77,677",-44%,"₫43,154",5,(1),TrekTribe Cắm Trại cốc thép không gỉ cốc cà phê du lịch Bộ đồ ăn dã ngoại đồ dùng ngoài trời thiết bị nhà bếp nấu ăn đặt đồ nấu nướng đi bộ đường dài,,https://www.lazada.vn/products/pdp-i3132460570.html
Outdoor Sports & Activities Equipment,TAO Kithenette Life,"₫ 81,000",-47%,"₫25,650",5,(25),"500 Chiếc Gắp Cá Chép Cạnh Tranh Bằng Vàng, Móc Câu Lồi, Móc Câu Trắng Mỏng, Móc Câu Vàng, Đồ Dùng Nướng Ngoài Trời, Dụng Cụ Nấu Ăn",260 sold,https://www.lazada.vn/products/pdp-i2511718270.html
Kitchenware,Siêu Rẻ N,,,"₫47,000",5,(3),"Chảo nhôm bằng cao cấp Kim sang - Loại dày ( size: 16cm, 18cm, 20cm, 22cm, 24cm, 26cm, 28cm, 28cm, 30cm)",9 sold,https://www.lazada.vn/products/pdp-i2678004267.html
Kitchenware,LITI COMMODITIES,"₫ 264,000",-50%,"₫132,000",4.9,(25),Chảo chiên rán trứng mini làm bánh 4 ngăn chống dính khuôn chảo hình sao và hình tròn dùng được bếp từ,115 sold,https://www.lazada.vn/products/pdp-i2714320318.html
Snacks & Confectionery,huyendu2712,,,"₫53,900",4.9,(139),Kẹo marshmallow kẹo bấc nougat trắng 500g,1.7K sold,https://www.lazada.vn/products/pdp-i1306671896.html
Snacks & Confectionery,Langfarm - Đặc Sản Chất Lượng,,,"₫50,000",4.9,(39),"Kẹo hương thập cẩm dẻo L'angfarm, 300g, hũ, mẫu tobita",368 sold,https://www.lazada.vn/products/pdp-i1688377880.html
Snacks & Confectionery,Thế Giới Mua Sắm Của Bạn,,,"₫160,000",,Reviews,"Socola bọc hạnh nhân, Socola bọc cafe, Socola bọc hạt điều hộp 150g",,https://www.lazada.vn/products/pdp-i2996615833.html
Pet Food,Thức ăn cho chó mèo TL,,,"₫108,000",5,(2),Thức ăn vặt cho chó Pedigree Schmackos vị Bò xông khói 3 gói x 70g,28 sold,https://www.lazada.vn/products/pdp-i1730513529.html
Feeding Essentials,TopGia HCM,"₫ 279,000",-43%,"₫82,000",5,(1),"100 Miếng lót thấm hút sữa TopGiaKids Chống tràn hiệu quả, an toàn từ sợi organic tự nhiên.",11 sold,https://www.lazada.vn/products/pdp-i3158436354.html
Diapering & Potty,Quần Bỏ Bỉm Riokids,"₫ 150,000",-17%,"₫89,000",4.8,(1015),COMBO 5 QUẦN BỎ BỈM RIOKIDS,4.3K sold,https://www.lazada.vn/products/pdp-i912406198.html
Pet Food,Pet Boss 95,"₫ 180,000",-45%,"₫98,900",5,(1682),COMBO 5 & 10 GÓI XƯƠNG GẶM ORGO CHO CHÓ GÓI 90GRAM,5.9K sold,https://www.lazada.vn/products/pdp-i2209630142.html
Feeding Essentials,Mẹ Bé Soko,"₫ 650,000",-44%,"₫365,000",4.9,(49),"Máy hút sữa điện đôi 4 chức năng 9 cấp lực, massage, kích sữa, hút sữa không đau - Mẹ bé Soko",118 sold,https://www.lazada.vn/products/pdp-i1865661406.html
Feeding Essentials,Bebi123shop,"₫ 99,000",-5%,"₫94,050",4.9,(143),Máy hút sữa cầm tay Baby Babuu Nhật Bản tặng 6 túi trữ sữa cho mẹ,807 sold,https://www.lazada.vn/products/pdp-i1059224357.html
Feeding Essentials,Kego Store,"₫ 192,500",-50%,"₫96,250",4.8,(56),Áo Hút Sữa Rảnh Tay Áo Vắt Sữa Có Dây Tặng Kèm Chất Liệu Cotton Sandex Loại 1 Bella Mama A07 - KAWAII BABY,169 sold,https://www.lazada.vn/products/pdp-i2492576334.html
Tableware,maiphatdat,,,"₫25,500",4.9,(42),Dĩa inox cao cấp size 16 tới 24cm,720 sold,https://www.lazada.vn/products/pdp-i2005331210.html
Outdoor Sports & Activities Equipment,TrekTribe,"₫ 42,608",-44%,"₫23,671",,Reviews,TrekTribe Giá Đỡ Bình Nước Xe Đạp đường trường bằng sợi thủy tinh giá đỡ đồ uống,20 sold,https://www.lazada.vn/products/pdp-i2849666138.html
Food Supplement,ROXTECH - ROSTEX PHARMA USA,"₫ 99,000",-40%,"₫59,000",4.9,(30),"Viên uống canxi Calcium Nano, vitamin D3, omega 3, kẽm giúp tăng chiều cao, chắc khỏe xương, ngừa loãng xương - 30 viên",202 sold,https://www.lazada.vn/products/pdp-i1666735334.html
Tableware,GIA DUNG ROSE,"₫ 8,000",-50%,"₫1,999",5,(74),"Dĩa Nhựa Tròn Nhiều Màu Bằng Nhựa Dẻo Loại I Không Mùi, Nhiều Size Tiện Dụng Giá Tốt",2.7K sold,https://www.lazada.vn/products/pdp-i2087476264.html
Baby & Kids' Accessories,ForKids 24h,"₫ 25,000",-48%,"₫13,000",4.9,(857),"Combo 02 Vòng dâu tằm đeo tay, chân cho bé từ sơ sinh đến 1tuổi",4.8K sold,https://www.lazada.vn/products/pdp-i335128633.html
Tableware,BACH HOA KIWI,"₫ 38,500",-1%,"₫13,840",4.7,(7),dĩa sứ vuông kèm khay chấm kim cương hoa văn,42 sold,https://www.lazada.vn/products/pdp-i2604322594.html
Kitchenware,BOSS BIG SHOP,"₫ 129,000",-39%,"₫78,052",4.8,(47),"4 grids egg frying pan suitable for all kinds of cookers, super convenient food processor non-stick enamel pans",166 sold,https://www.lazada.vn/products/pdp-i2416693395.html
Baby & Kids' Accessories,Mami & Babi,"₫ 55,000",-33%,"₫37,000",,Reviews,"Mũ Nón Sơ Sinh Tai Ong Cho Bé Trai Bé Gái 0-3 Tháng Chất Cotton 2 Lớp Co Dãn Mềm Mịn, Xinh Xắn, Giữ Ấm Đầu Cho Bé",,https://www.lazada.vn/products/pdp-i2828677436.html
Pet Food,MarketPetshop,"₫ 28,300",-45%,"₫11,100",5,(49),"COMBO 5 QUE GẶM DOGGYMAN CHO CHÓ, SNACK CHO CHÓ LỚN GIÚP SẠCH MẢNG BÁM RĂNG",204 sold,https://www.lazada.vn/products/pdp-i2380178013.html
Kitchen Appliances,KHOGIADUNGTHUYLINH,,,"₫189,000",,Reviews,NỒI CƠM MINI CHIGO DUNG TÍCH 1.2 LÍT TIỆN LỢI,,https://www.lazada.vn/products/pdp-i2808023105.html
Feeding Essentials,Supper Baby Store,"₫ 10,000",-50%,"₫5,000",5,(2),"Ống hút bón thuốc, bón sữa cho bé khó hợp tác uống sữa, uống thuốc",20 sold,https://www.lazada.vn/products/pdp-i3062048168.html
Feeding Essentials,Hakhanh,"₫ 132,000",-46%,"₫68,600",5,(156),Túi Trữ Sữa Sunmum Thái Lan 150ml/250ml - Hộp 50 túi,689 sold,https://www.lazada.vn/products/pdp-i661598397.html
Baby & Kids' Accessories,Kenhome,"₫ 29,000",-36%,"₫10,200",5,(3),Vòng tay hạt dâu tằm 100 % cho bé,8 sold,https://www.lazada.vn/products/pdp-i2409061337.html
Tableware,BACH HOA KIWI,"₫ 14,300",-14%,"₫12,369",4.7,(6),dĩa sứ hình vỏ sò kèm khay chấm sọc viền đen,45 sold,https://www.lazada.vn/products/pdp-i3021254884.html
Baby & Kids' Accessories,Bebi123shop,"₫ 21,000",-23%,"₫10,345",4.9,(418),Vớ tất bảo vệ đầu gối cho bé tập bò tập đi,3.1K sold,https://www.lazada.vn/products/pdp-i303654052.html
Feeding Essentials,❤️ THIẾT BỊ VẬT TƯ Y TẾ NAM SÔNG HƯƠNG,"₫ 1,430",-9%,"₫1,040",5,(1),"️(Lẻ 1 chiếc) Ống bón sữa tiệt trùng, ống nhỏ giọt pipet 3ml, 1ml tiệt trùng, Ống hút Bón Sữa Pipet 3ml 1ml Vô Trùng",6 sold,https://www.lazada.vn/products/pdp-i2503605582.html
Feeding Essentials,Baby World Mom & Baby Care,"₫ 110,000",-28%,"₫45,080",4.9,(184),"Mamicare absorbent milk pad, soft surface, light thin, breathable dry, no shadow under the shirt, no irritation, no smell, convenient packaging",665 sold,https://www.lazada.vn/products/pdp-i2422879323.html
Tableware,rAr8jD.Selection,"₫ 20,000",-32%,"₫13,300",,Reviews(233),4 đĩa chấm hình chiếc lá,28.6K sold,https://www.lazada.vn/products/pdp-i3140986133.html
Tableware,BACH HOA KIWI,"₫ 15,900",-1%,"₫8,339",5,(10),"dĩa sứ hoa văn tulip đỏ 15.8cm, dĩa sứ trắng 15cm",62 sold,https://www.lazada.vn/products/pdp-i2446680081.html
Pet Food,Love Pets Shop,"₫ 46,000",-13%,"₫42,750",5,(31),Love Pets shop Milk Cookies gift,136 sold,https://www.lazada.vn/products/pdp-i1807227289.html
Kitchen Appliances,pharmacity_dược phẩm,"₫ 220,000",-48%,"₫95,000",4.9,(29),"Máy xay sinh tố mini Osaka dung tích 750ml, máy xay thịt xay đồ ăn dặm cho bé xay cá thực phẩm đa năng",102 sold,https://www.lazada.vn/products/pdp-i2498714589.html
Kitchen Appliances,mualegiasicom,"₫ 199,000",-42%,"₫115,000",,Reviews,"Máy xay đa năng 2L, máy xay thịt, cá, xay đá, máy xay đồ ăn dặm, 4 lưỡi thép không gỉ, an toàn, không nóng máy, bền, xay nhuyễn theo ý",,https://www.lazada.vn/products/pdp-i2166727994.html
Arts & Crafts,Toy-VN,"₫ 114,000",-49%,"₫57,970",5,(163),Bộ đồ chơi đất nặn bôt mì máy làm mì/kem/bánh burger cho bé-Bộ đồ chơi nấu ăn nhà bếp đất sét an toàn cho bé,486 sold,https://www.lazada.vn/products/pdp-i2489937761.html
Kitchen Appliances,Amalife Việt Nam,"₫ 200,000",-32%,"₫136,000",4.8,(43),"Máy Xay Bột Khô Siêu Mịn Công Suất 300W, 6 - 8 Lưỡi Dao Đa Năng - Dụng Cụ Nghiền Đồ Khô, Hạt Cà Phê, Ngũ Cốc, Gia Vị Chính Hãng Amalife",126 sold,https://www.lazada.vn/products/pdp-i2214318494.html
Outdoor Sports & Activities Equipment,Thiết Bị Điện 024,"₫ 23,000",-27%,"₫16,830",5,(11),Bộ dao trổ 6 lưỡi 13 lưỡi Khắc giấy Khắc thủ công DIY Turie bonsai,45 sold,https://www.lazada.vn/products/pdp-i2413608998.html
Kitchenware,GIA DUNG GIA DINH 01,"₫ 27,000",-48%,"₫13,999",5,(1),"Khay hấp thức ăn nhựa Việt Nhật hình tròn 5615, Xửng hấp đồ ăn, bánh bao, xôi, há cảo",,https://www.lazada.vn/products/pdp-i3122607446.html
Outdoor Sports & Activities Equipment,GPQU,"₫ 41,900",-29%,"₫25,900",,Reviews(96),"Chén Inox Tròn Có Quai – Đựng Cơm, Rượu, Nước Sốt, Đồ Ăn Gia Đình",10.0K sold,https://www.lazada.vn/products/pdp-i3140992150.html
Tableware,D-Night,"₫ 138,000",-50%,"₫69,000",4.8,(95),D-Night 304 Stainless Steel Gold Bowl Thickened Double Layer Heat Insulation Kitchen Cooking Tools,1.1K sold,https://www.lazada.vn/products/pdp-i662330185.html
Personal Care Appliances,AZMAX,"₫ 700,000",-60%,"₫280,000",4.9,(62),"Đai Massage Giảm Béo Bụng Rung Nóng Vibro Shape Siêu Tốc Điện Máy Xanh, Máy Massage Đa Năng Vibro Shape giảm mỡ bụng, đùi, mong, eo, lưng, bắp chân giảm mạnh cơn đau cải thiện cơ thể thon gọn vùng eo.",114 sold,https://www.lazada.vn/products/pdp-i2421218344.html
Baby & Toddler Toys,LANA QUEEN,"₫ 250,000",-23%,"₫132,000",,Reviews,Đồ Chơi Nấu Ăn Cho Bé Trai Bé Gái Đồ Chơi Nhà Bếp 20 Chi Tiết Có Bếp Dùng Pin - Lana Queen,,https://www.lazada.vn/products/pdp-i3154616674.html
Food Staples & Cooking Essentials,KHO AN VAT NGON,,,"₫16,000",5,(2),"[Buôn sỉ rẻ] Bánh in nhân dừa non,đậu xanh, lá dứa ngon rẻ",,https://www.lazada.vn/products/pdp-i2862404220.html
Snacks & Confectionery,Trinh Nguyễn Shop 1587555096,"₫ 25,000",-24%,"₫18,711",5,(4),Kẹo dẻo kim Yến trái cây vị tuổi thơ 1 lốc 6 hộp,26 sold,https://www.lazada.vn/products/pdp-i2649075356.html
Snacks & Confectionery,VEDAN Laz Mall,"₫ 24,000",-21%,"₫18,900",5,(35),Kẹo Xốp MARSHMALLOW HSU FU CHI,210 sold,https://www.lazada.vn/products/pdp-i2531179747.html
Food Staples & Cooking Essentials,Yến Sào Dewis Nest,"₫ 1,368,000",-27%,"₫999,000",5,(126),"Hộp 5 Tổ Yến Tinh Chế Xơ Mướp Sợi Ngắn, Yến Sào Khánh Hòa Dewis Nest Sạch Lông, 100% Nguyên Chất, Giá Tốt Tiết Kiệm",257 sold,https://www.lazada.vn/products/pdp-i2585080007.html
Building Toys,Khối xây dựng MOC,"₫ 12,389,000",-33%,"₫8,259,000",,Reviews,Mô hình tàu chiến bọc thép nặng Yamato của Hải quân Nhật Bản Hạt nhỏ DIY lắp ráp đồ chơi khối cho trẻ em Tương thích với LEGO,,https://www.lazada.vn/products/pdp-i3013863671.html
Kitchen Appliances,phutungotominhthien,"₫ 4,225,000",-2%,"₫4,150,000",5,(9),"Genuine Alpicool 22 Liter G22 Car Refrigerator - Controlled by Phone, Can Make Ice",53 sold,https://www.lazada.vn/products/pdp-i3015417031.html
Board & Brain Games,Phát Huy Hoàng.Selection,"₫ 44,700",-29%,"₫31,900",4.8,(5),"Bộ Cờ Đa Năng 5 Trong 1, Gồm Cờ Vây, Cờ Nhảy, Cờ Gánh, Cờ Ô Ăn Quan, Cờ Carô, Thiết Kế Gọn Gàng, Dễ Gấp Gọn, Phù Hợp Cho Mọi Lứa Tuổi, Giải Trí Cùng Gia Đình, Bạn Bè, Giúp Rèn Luyện Tư Duy, Phát Triển Trí Tuệ - Phát Huy Hoàng",31 sold,https://www.lazada.vn/products/pdp-i3069801644.html
Kitchen Appliances,Tổng Kho XIA0MI LazMaII,"₫ 266,000",-58%,"₫112,853",4.9,(52),"LazMall Xiaomi Gia Dụng Máy Xay Mini Tỏi Ớt Xiaomi Đa năng Cầm Tay 250ml Cao Cấp- Máy Xay Mini Xanh Nhỏ Cầm Tay Giúp Cho Công Việc Chế Biến Thức Ăn Của Bạn Được Dễ Dàng Và Thuận Tiện Hơn, Lưỡi Dao 3 Cánh Sắc Bén Có Thể Nghiền Mọi Thứ Chỉ Trong 10s",74 sold,https://www.lazada.vn/products/pdp-i2762562829.html
Food Supplement,ROXTECH - ROSTEX PHARMA USA,"₫ 99,000",-40%,"₫59,000",5,(71),"Viên uống canxi Calcium Nano, omega 3, vitamin D3, kẽm giúp tăng chiều cao, chắc khỏe xương, ngừa loãng xương - 30 viên",456 sold,https://www.lazada.vn/products/pdp-i1666745591.html
Tableware,Sứ Long Vân,,,"₫69,000",4.4,(7),"Bộ 4 cái đĩa đựng đồ ăn sâu lòng/ảo7, hàng trắng, phi 18cm, cao 3 cm, giá cực rẻ",39 sold,https://www.lazada.vn/products/pdp-i1237878052.html
Feeding Essentials,Dahamart - Siêu Thị Ăn Dặm,"₫ 80,000",-50%,"₫40,000",4,(1),"Khay Ăn Dặm Tròn 3 Ngăn Inomata Nhật Có Ngăn Để Cốc, Thìa Dĩa  - Dahamart Siêu Thị Ăn Dặm",14 sold,https://www.lazada.vn/products/pdp-i1919638013.html
Pet Food,MarketPetshop,"₫ 81,900",-46%,"₫17,800",5,(16),"COMBO 5 XƯƠNG GẶM SẠCH RĂNG, THƠM MIỆNG CHO CHÓ",73 sold,https://www.lazada.vn/products/pdp-i2497165022.html
Tableware,Bevicoshop,"₫ 28,000",-43%,"₫16,000",5,(44),"Bộ Dĩa Inox Tròn Nhiều  Cỡ 16/18/20/22/24cm sử dụng đa năng, tiện lợi",315 sold,https://www.lazada.vn/products/pdp-i2404326127.html
Kitchen Appliances,GIA DUNG SI TPHCM,"₫ 510,000",-56%,"₫222,000",4.8,(5),MÁY NƯỚNG BÁNH MÌ SANDWICH SIÊU NHANH ĐA NĂNG - MÁY LÀM BÁNH WAFFLE ĂN SÁNG THỰC PHẨM NHẸ GIA DỤNG ĐA NĂNG 650W,15 sold,https://www.lazada.vn/products/pdp-i1989328046.html
Feeding Essentials,Supper Baby Store,"₫ 60,000",-18%,"₫49,500",5,(6),"Túi trữ sữa Kichilachi dung tích 100ml/150ml/180ml/250ml, 2 lớp, một hộp có 5 hoạ tiết đa dạng đáng yêu, có khóa zip, chống rò rỉ , an toàn cho bé, đảm bảo chất lượng sữa mẹ, có vòi tiện dụng",44 sold,https://www.lazada.vn/products/pdp-i3046098901.html
Drinks,SURI MINH KHUÊ.Selection,"₫ 50,200",-23%,"₫38,600",5,(5),"Trà Sâm Dứa BÍCH NHUNG Thượng Hạng Gói 300gram, trà miền nam, trà bảo lộc, trà sạch",13 sold,https://www.lazada.vn/products/pdp-i3041937979.html
Pet Food,THE GIOI XUONG GAM PETSHOP,,,"₫50,000",,Reviews,[HÀNG THÁI/500GR] SỢI CÁ TUYẾT SỢI CUA CHO CHÓ,8 sold,https://www.lazada.vn/products/pdp-i2890684324.html
Pet Food,Pet Boss 95,"₫ 49,200",-45%,"₫27,100",4.9,(306),"QUE GẶM SỮA CHO CHÓ NỘI ĐỊA THÁI LAN, GIÚP CHÓ MÀI RĂNG THƠM MIỆNG",2.7K sold,https://www.lazada.vn/products/pdp-i1743093964.html
Outdoor Sports & Activities Equipment,GlobalTechMart,"₫ 403,000",-23%,"₫310,000",5,(3),Boundless Voyage Titanium Ladle Thìa Súp Tròn Có Thể Tái Sử Dụng Để Cắm Trại Đi Bộ Đường Dài - Bộ Đồ Ăn Ngoài Trời Nhẹ,6 sold,https://www.lazada.vn/products/pdp-i3139944607.html
Tableware,e5JzJrjB.Selection,"₫ 13,800",-33%,"₫9,200",,Reviews(7),Hình trái Tim cho ăn mứt ăn trái cây mứt ăn gia vị đĩa,5.5K sold,https://www.lazada.vn/products/pdp-i3141003343.html
Drinks,SHOP. MT,,,"₫59,000",5,(63),Rượu NẾP Trắng Nguyên Chất [900ml] Dùng Để Nấu Ăn - Ngâm -Uống,325 sold,https://www.lazada.vn/products/pdp-i2124249759.html
Kitchen Appliances,Homie Shop&Store,,,"₫3,050,000",,Reviews,"Nồi chiên không dầu kiêm lò nướng Lorente LT-1600, tiện lợi cho mọi gia đình, tạo bữa ăn ngon, bền đẹp, sang trọng, an toàn, chất lượng đảm bảo - Homie_Homie - Homie Shop&Store",,https://www.lazada.vn/products/pdp-i1822940370.html
Feeding Essentials,molasosinh,"₫ 22,000",-28%,"₫15,900",4.9,(41),Yếm ăn dặm CÓ MÁNG THÁO RỜI cho bé Y46,329 sold,https://www.lazada.vn/products/pdp-i1043680731.html
Tableware,BACH HOA KIWI,"₫ 20,000",-33%,"₫7,785",4.9,(11),"tô sứ hàng không hoa văn phúc 19cm x 6cm, tô sứ trắng các size 15cm, 17.8cm, 20cm",85 sold,https://www.lazada.vn/products/pdp-i2403921514.html
Kitchenware,Roy Thailand,,,"₫200,000",4.7,(31),Chõ đồ xôi loại 1 ROY THAI + nồi hấp xôi xửng nấu kiểu Thái/Lào (bộ vỉ bằng tre kèm nắp) tiện dụng หม้อนึงข้าวเหนียว,141 sold,https://www.lazada.vn/products/pdp-i1625164471.html
Kitchen Appliances,GIADUNGDEP168,"₫ 202,740",-47%,"₫107,000",4,(3),[HÀNG XỊN] Nồi Lẩu Inox 2 Ngăn Đa Năng 30cm Dùng Được Các Loại Bếp– Đồ Dùng Nhà Bếp – Nhà Cửa & Đời Sống - Nồi Nấu Đa Năng Chưng Hấp Thực Phẩm Chất Liệu,12 sold,https://www.lazada.vn/products/pdp-i1623887648.html
Building Toys,Khối xây dựng MOC,"₫ 4,904,000",-33%,"₫3,269,000",,Reviews,Chiếc xe theo dõi bộ phim quân sự Hatay xe tăng nặng MOC khối xây dựng WW1 Mk VIII xe tăng vũ khí mô hình gạch đồ chơi quà tặng trẻ em Tương thích với LEGO,,https://www.lazada.vn/products/pdp-i3013587025.html
Pet Food,MarketPetshop,"₫ 97,600",-47%,"₫51,800",4.5,(2),"XƯƠNG GẶM MASTI CHO CHÓ GẶM SẠCH RĂNG THƠM MIỆNG, SNACK CHO CHÓ LON 220gram",14 sold,https://www.lazada.vn/products/pdp-i2947258779.html
Baby Clothing,baby bodysuit,"₫ 21,000",-5%,"₫20,000",5,(1),short sleeves bodysuit body chip for baby toddler infant kid boy girl from 0-24 months made in Cambodia cotton stretchy super cool fabric bright cheerful colors,13 sold,https://www.lazada.vn/products/pdp-i2428728089.html
Building Toys,Khối xây dựng MOC,"₫ 4,923,000",-33%,"₫3,282,000",,Reviews,Xe bọc thép vận tải hạng nặng UT-PT Xe bọc thép Chiến tranh không gian Vũ khí quân sự Khối lắp ráp Mô hình Sao phim Khối đồ chơi Tương thích với LEGO,,https://www.lazada.vn/products/pdp-i3013568146.html
Bath,Hân Bách Lighting,"₫ 50,000",-14%,"₫43,250",4.9,(817),"[HCM]Kệ kiếng,kệ gương,kệ kính phòng tắm inox 304",2.8K sold,https://www.lazada.vn/products/pdp-i244536375.html
Kitchen Appliances,GIA DUNG SI TPHCM,"₫ 250,000",-60%,"₫99,000",4.6,(8),"MÁY XAY HẠT KHÔ ĐA NĂNG NHẬT BẢN CÔNG SUẤT 150W SIÊU MẠNH XAY NHỎ TẤT CẢ CÁC LOẠI HẠT SIÊU NHUYỄN - MÁY XAY ĐỒ ĂN DẶM CHO BÉ - Máy xay hạt cà phê, tiêu hột, ngũ cốc, thảo dược, lưỡi dao sắc bền",25 sold,https://www.lazada.vn/products/pdp-i2195252319.html
Kitchen Appliances,Tuyếtmai,"₫ 70,000",-20%,"₫56,000",4.5,(4),Bộ chế biến ăn dặm kiểu Nhật -7 món cho bé,15 sold,https://www.lazada.vn/products/pdp-i840464419.html
Tableware,Thao Phuong gia dung thong minh,"₫ 114,000",-18%,"₫93,060",5,(14),Chén Bát Gốm Sứ Màu Trắng Viền Đen Cao Cấp Sang Trọng Chịu Nhiệt Cao Set 10 Chén,57 sold,https://www.lazada.vn/products/pdp-i2838522229.html
Baby Clothing,Thời Trang BULL KID,"₫ 20,000",-55%,"₫4,500",4.7,(155),"quần đùi cotton cho bé trai, bé gái |size 5-20kg|",2.9K sold,https://www.lazada.vn/products/pdp-i1809198927.html
Pet Food,Pet-1989,,,"₫17,000",5,(11),Bánh thưởng cho chó (Nhiều loại) 100gr/túi Đồ ăn cho chó mèo thú cưng Pet1989,75 sold,https://www.lazada.vn/products/pdp-i3067280933.html
Tableware,BACH HOA KIWI,"₫ 20,000",-45%,"₫7,785",5,(38),"dĩa sứ hoa văn Cotton Harvest Season các size 15cm, 18cm, 20cm",376 sold,https://www.lazada.vn/products/pdp-i2446489972.html
Kitchen Appliances,MUA GIÁ SIÊU RẺ,"₫ 170,000",-18%,"₫139,000",4.7,(6),"BẾP NƯỚNG ĐIỆN HÀN QUỐC LÒNG VÂN ĐÁ KHÔNG SINH RA KHÓI CHỐNG DÍNH TỐT CÓ TAY CẦM CHỐNG NÓNG - CHẢO ĐIỆN CHIÊN RÁN NƯỚNG BBQ ĐA NĂNG CÔNG SUẤT MẠNH MẼ , DỄ DÀNG LAU CHÙI VỆ SINH",20 sold,https://www.lazada.vn/products/pdp-i1574673030.html
Pet Food,PET SHOP PRO,"₫ 92,000",-12%,"₫80,700",5,(1316),"THỨC ĂN CAO CẤP CHO CHÓ Grand magic Dạng viên vị thịt bò, gà và hải sảnTúi 1kg Xuất xứ Pro-Pet Việt Nam - Pet shop Uytinpro",7.7K sold,https://www.lazada.vn/products/pdp-i542218627.html
Bedding,Ngocdung_wave,"₫ 130,000",-33%,"₫87,584",4.9,(623),￼Gà ủ muối nguyên con không đầu ăn là nhớ (giao Tphcm),2.2K sold,https://www.lazada.vn/products/pdp-i1918786771.html
Snacks & Confectionery,Jumax Vina,"₫ 50,000",-24%,"₫38,000",5,(36),new packaging TOP FRUIT COOWY gumming candy top fruit cooy,348 sold,https://www.lazada.vn/products/pdp-i2492940774.html
Pet Food,NunPetShop,,,"₫175,000",,Reviews,Snack da cá hồi nguyên chất cho chó mèo,,https://www.lazada.vn/products/pdp-i2853370550.html
Snacks & Confectionery,Australia store ( Thực phẩm Úc châu),,,"₫189,888",,Reviews,(HÀNG ÚC) Kẹo socola sữa truyền thống nhà CADBURY DAIRY MILK Milk Chocolate gói 12 thanh mini,,https://www.lazada.vn/products/pdp-i3182961227.html
Kitchen Appliances,eGURU Home,"₫ 1,833,300",-18%,"₫1,499,000",4.9,(9),Lò vi sóng Toshiba MWP-MM20P(WH) - Dung tích 20 lít - Bảo hành chính hãng 24 tháng,18 sold,https://www.lazada.vn/products/pdp-i3040442471.html
Pet Food,Pet Boss 95,"₫ 9,500",-45%,"₫5,200",5,(44),"(1 CÂY) XƯƠNG DA BÒ NÂU CHO CHÓ ,XƯƠNG GẶM CHO CHÓ GẶM SẠCH MẢNG BÁM",582 sold,https://www.lazada.vn/products/pdp-i2618785292.html
Diapering & Potty,Trùm Giá Sỉ HCM,"₫ 250,000",-48%,"₫121,776",4.9,(167),[HCM] Bịch 50 miếng tã quần MIOBUSS M/L/XL/XXL/XXXL/4XL - Bỉm quần tã vải,961 sold,https://www.lazada.vn/products/pdp-i787922381.html
Snacks & Confectionery,LYRIGAB,"₫ 141,600",-19%,"₫115,060",4.9,(58),"Nature's Craft Kẹo dẻo magie hữu cơ KIDS Magnesium Glycinate  (60 viên) giảm stress, hỗ trợ giấc ngủ, xương, cơ",86 sold,https://www.lazada.vn/products/pdp-i2784873034.html
Feeding Essentials,Super Toy,"₫ 90,000",-51%,"₫43,700",5,(33),"Baby Milk Powder & Snack Container – Conveniently Divided, Easy to Store, Carry When Going Out",100 sold,https://www.lazada.vn/products/pdp-i2565100087.html
Makeup,Always Fashion,"₫ 15,500",-14%,"₫12,582",4.8,(21),"[HCM] Bộ Móng Tay Ngắt Rau, Hái Rau Dành Cho Nam Và Nữ Gồm 5 Ngón-TyHome",213 sold,https://www.lazada.vn/products/pdp-i2685865385.html
Tableware,BACH HOA KIWI,"₫ 35,000",-40%,"₫10,034",4.9,(36),"Dĩa sứ vuông hoa văn 4d mẫu simple các size 8 inch, 9 inch, dĩa lót chén 15cm",400 sold,https://www.lazada.vn/products/pdp-i2495500454.html
Kitchen Appliances,ALL United States MaII,"₫ 370,000",-58%,"₫155,430",5,(24),High Quality LazMall Máy Đánh Trứng Cầm Tay Máy Đánh Trứng Mini Cầm Tay Scarlett 7 Tốc Độ Cực Mạnh - Hoạt Động Êm Ái 180W Tặng 4 Đầu Khuấy Chắc Chắn - Tiện Dụng,25 sold,https://www.lazada.vn/products/pdp-i3140641508.html
Pet Food,Love Pets Shop,"₫ 55,000",-11%,"₫20,900",4.9,(74),"Taotaopets and Masti Brand Sausage for Dogs and Cats, Bag of 30 - Love Pets Shop",349 sold,https://www.lazada.vn/products/pdp-i1570698955.html
Tableware,taphoahoangky,,,"₫8,050",4.8,(48),"DĨA TRÒN CẠN SỨ TRẮNG – ĐỦ SIZE  (CỠ 6,7,8,9)",540 sold,https://www.lazada.vn/products/pdp-i2582997556.html
Tableware,ST GROUP Household & Accessories,"₫ 50,000",-28%,"₫36,000",4.6,(9),"Đĩa lúa mạch tròn ST GROUP đựng thức ăn, trái cây tiện dụng nhiều size nhiều màu siêu xinh, chịu nhiệt độ cao an toàn",61 sold,https://www.lazada.vn/products/pdp-i2706414900.html
Building Toys,VN343JSS2M,,,"₫4,078,000",,Reviews,Compatible with LEGO Công nghệ Die King Động cơ điện GMK Crane Mô hình xe tải Kỹ thuật đô thị Xây dựng xe ô tô Bolcks Đồ chơi gạch xe cho trẻ em Quà tặng,,https://www.lazada.vn/products/pdp-i2514788748.html
Kitchen Appliances,TH SMART STORE,"₫ 12,990,000",-34%,"₫7,590,000",,Reviews,Nồi Cơm Điện Cao Tần Áp Suất CUCKOO CRP JHR1060FD 1.8L / JHR0660FD 1.08L Chính Hãng Hàn Quốc,,https://www.lazada.vn/products/pdp-i3066603087.html
Tableware,PINGS Shop,"₫ 60,000",-1%,"₫59,400",,Reviews,"SET 2 bát ăn cơm bằng sứ kèm muỗng, bát cơm hoạ tiết gấu Panda cute cho bé.",,https://www.lazada.vn/products/pdp-i3138665311.html
Tableware,yuganss,"₫ 60,000",-33%,"₫40,000",,Reviews,"Exquisite Sushi Serving Plate, Rectangular Dessert Dish Ideal for Afternoon Tea Fruit and Cake Plate",39 sold,https://www.lazada.vn/products/pdp-i3040904947.html
Feeding Essentials,Bebi123shop,"₫ 49,000",-10%,"₫44,176",4.9,(173),Phễu Hứng Sữa Cmbear Cao Cấp Tiện Lợi Cho Mẹ,770 sold,https://www.lazada.vn/products/pdp-i1393740852.html
Feeding Essentials,KHO SƠ SINH MẸ BÉ 93 ( THIỆN  THÁI ),"₫ 100,000",-52%,"₫48,070",4.9,(184),Hộp 2 phễu hứng sữa chống tràn CMBEAR chất liệu silicon có nút đậy an toàn,505 sold,https://www.lazada.vn/products/pdp-i2392443682.html
Dolls & Accessories,SHgeZm Vietnam,"₫ 34,641",-44%,"₫19,245",,Reviews,SHgeZm 2 Bộ Dollhouse mini nhà bếp bánh bánh mô phỏng bữa ăn sáng đặt thu nhỏ thực phẩm chơi cảnh đạo cụ,,https://www.lazada.vn/products/pdp-i3082076293.html
Nursery,Bebi123shop,"₫ 124,687",-28%,"₫49,742",4.9,(373),Khăn tắm xô muslin và khăn tắm cotton kiluta cuộn đa năng cho bé 110x110,2.5K sold,https://www.lazada.vn/products/pdp-i473250890.html
Feeding Essentials,SKULD Mẹ Bé,"₫ 110,000",-37%,"₫69,000",5,(8),Hộp 2 phễu hứng sữa chống tràn CMBEAR chất liệu silicone an toàn và tiện lợi cho mẹ và bé SKULD,59 sold,https://www.lazada.vn/products/pdp-i3080285424.html
Snacks & Confectionery,LYRIGAB,"₫ 141,200",-19%,"₫114,720",4.9,(54),"Kirkland Signature Kẹo dẻo Uống trắng da Glutathione Collagen, Làm trắng da, Chống lão hóa Giảm Nám Mờ Thâm",88 sold,https://www.lazada.vn/products/pdp-i2784996343.html
Baby Clothing,Boo baby kids,"₫ 30,000",-55%,"₫13,470",5,(219),Bodychip tay dài/tay ngắn cho bé trai/ bé gái 0-24m hàng B lỗi,1.9K sold,https://www.lazada.vn/products/pdp-i2181915208.html
Outdoor Sports & Activities Equipment,Trung Tâm Đồ Câu 247,"₫ 137,000",-50%,"₫68,995",,Reviews,"(SALE 50%) Bộ khoen 8 chiếc thay thế cần lục, cần máy chất liệu thép chống gỉ và vòng sứ chống xoắn cao cấp - Trung Tâm Đồ Câu 247",,https://www.lazada.vn/products/pdp-i2576947075.html
Tableware,BACH HOA KIWI,"₫ 37,600",-14%,"₫12,369",5,(49),dĩa sứ trắng sọc viền hình chữ nhật có tai cầm 10.5 inch,330 sold,https://www.lazada.vn/products/pdp-i601280737.html
Tableware,Mama Tableware Ceramic,"₫ 58,000",-50%,"₫29,000",5,(3),Dĩa sứ hình tròn họa tiết mèo life kích thước 20cm.,23 sold,https://www.lazada.vn/products/pdp-i2904061777.html
Tableware,BACH HOA KIWI,"₫ 15,900",-14%,"₫7,352",4.9,(16),"dĩa sứ trắng sọc viền chỉ đen nhiều size 15cm , 18cm, 20cm",100 sold,https://www.lazada.vn/products/pdp-i601306317.html
Stuffed Toys,Gấu Bông Cần Thơ - 0919164193,,,"₫170,000",5,(4),Gối ôm thú nhồi bông Sâu gấu bông 1M (hình thật 100%),19 sold,https://www.lazada.vn/products/pdp-i1612124883.html
Baby & Toddler Toys,Bebi123,"₫ 145,000",-34%,"₫95,000",4.9,(11),"Bộ đồ chơi nhà bếp nấu ăn 36 chi tiết hàng đẹp, nhựa an toàn cho bé thỏa sức sáng tạo",41 sold,https://www.lazada.vn/products/pdp-i2033240502.html
Baby & Toddler Toys,LANA QUEEN,"₫ 200,000",-42%,"₫117,000",5,(18),Đồ Chơi Vịt Montessori cho bé sơ sinh để bàn ăn - Đồ chơi giáo dục sớm có nhạc phát triển giác quan và kỹ năng,76 sold,https://www.lazada.vn/products/pdp-i2593693157.html
Kitchen Appliances,VINEMART SG,"₫ 214,192",-28%,"₫154,835",4.2,(5),"Bếp điện mini 500w nắp gang, bếp điện mini cho sinh viên,bếp điện mini đa năng, bếp điện mini pha cà phê, Bếp mini du lịch, Bếp đun cafe mini bán tại  VINEMART SG",14 sold,https://www.lazada.vn/products/pdp-i2471407533.html
Lingerie Sets,ZTOYL Vietnam,"₫ 102,584",-44%,"₫53,108",,Reviews,ZTOYL Phụ nữ sexy nightdress ren chắp vá backless Spaghetti dây đeo mini đêm Ăn mặc,,https://www.lazada.vn/products/pdp-i3072962082.html
Tableware,BACH HOA KIWI,"₫ 20,000",-50%,"₫7,876",4.9,(294),Dĩa sứ tròn ảo 23cm / 20cm / 18cm trắng (1),3.3K sold,https://www.lazada.vn/products/pdp-i1080306209.html
Kitchenware,TBRBG Vietnam,"₫ 171,173",-44%,"₫91,175",4.9,(24),TBRBG Nhà bếp sâu chiên nồi 304 thép không gỉ bếp Fryer với lọc Tempura Fryer Pan gà chiên gà nấu ăn công cụ,46 sold,https://www.lazada.vn/products/pdp-i3050336571.html
Home Appliances Parts & Accessories,Kazoo Store,"₫ 128,000",-56%,"₫56,224",4.7,(46),FREESHIP + ÁP MÃ GIẢM 10% Dụng Cụ Di Chuyển Đồ Đạc Kaoo Garden TBDC Thông Minh 4 Bánh Xe Tổng Trọng Lượng Nâng 200 Kg Có Tay Cầm Trợ Lực,168 sold,https://www.lazada.vn/products/pdp-i1238571986.html
Feeding Essentials,Super Toy,"₫ 139,000",-43%,"₫78,660",5,(6),"150ml manual breast pump - Easy to use, strong suction, compact and convenient for mothers",9 sold,https://www.lazada.vn/products/pdp-i3037683560.html
Tableware,BACH HOA KIWI,"₫ 20,000",-44%,"₫8,217",4.8,(18),Dĩa sứ tròn ngấn hoa văn men xanh 15cm / 18cm / 20cm,211 sold,https://www.lazada.vn/products/pdp-i1384552695.html
Kitchenware,Micron Ware,"₫ 66,000",-41%,"₫39,000",5,(783),Nắp nhựa đậy thực phẩm dùng trong lò vi sóng MICRON WARE THAILAND,2.4K sold,https://www.lazada.vn/products/pdp-i2228398864.html
Snacks & Confectionery,huyendu2712,,,"₫13,200",,Reviews,"Kẹo marshmallow, kẹo nougat 100g -250g",,https://www.lazada.vn/products/pdp-i2359456341.html
Snacks & Confectionery,Shop Healthy and DieT,"₫ 26,000",-17%,"₫21,500",,Reviews,Kẹo Gừng Dẻo Gingerbon Các Loại Gói 125gr,,https://www.lazada.vn/products/pdp-i3117701001.html
Food Staples & Cooking Essentials,Tân Lộc Phát Food,"₫ 86,900",-49%,"₫22,500",4.9,(57),ĐẬU PHỘNG CỐT DỪA TỎI ỚT TÂN LỘC PHÁT BỊCH 250G ĐỒ ĂN VẶT YÊU THÍCH,1.8K sold,https://www.lazada.vn/products/pdp-i2675501015.html
Snacks & Confectionery,FUJI Market,"₫ 65,000",-10%,"₫58,630",5,(16),Thạch trái cây mix 2 vị Orihiro gói 12 cái (nhiều vị),84 sold,https://www.lazada.vn/products/pdp-i2392519913.html
Milk Formula & Baby Food,HiPP,,,"₫65,000",4.9,(267),"Dinh dưỡng 100% Trái cây nghiền Organic HiPPiS Kiwi, Lê, Chuối 100g, dành cho bé từ 6 tháng tuổi",2.4K sold,https://www.lazada.vn/products/pdp-i295656694.html
Feeding Essentials,Mina.Shop22,,,"₫6,000,000",,Reviews,Máy hút sữa Medela Freestyle Hands-Free Của Mỹ. Không bảo hành,,https://www.lazada.vn/products/pdp-i3166094025.html
Home Décor,Đồ Phong Thủy Bằng Đồng,"₫ 5,000,000",-10%,"₫4,500,000",,Reviews,Antique copper betel tableware 19cm in diameter 16cm height 5kg,,https://www.lazada.vn/products/pdp-i2195910315.html
Feeding Essentials,Bơ bí bo,"₫ 40,000",-25%,"₫60,000",4.9,(44),"Bộ phụ kiện máy hút sữa Avent hoa tuyết, Phụ kiện thay thế phễu hút sữa Avent kèm van chân không",241 sold,https://www.lazada.vn/products/pdp-i2388816584.html
Kitchen Appliances,8wo0gms8,"₫ 7,498,000",-30%,"₫5,218,000",,Reviews,Nồi Cơm Điện Hai Ngăn Đa Năng Nồi Cơm Điện Đôi Tiện Ích,,https://www.lazada.vn/products/pdp-i2488728489.html
Milk Formula & Baby Food,Sữa Hạt Miwako HCM,,,"₫115,500",5,(3),Sữa Công Thức Cho Bé Miwako Gói 30g (Dùng Thử) - Miwako HCM,6 sold,https://www.lazada.vn/products/pdp-i2274062004.html
Kitchen Appliances,Điện Máy B-Smart,"₫ 2,599,000",-4%,"₫2,489,000",5,(1),Lò Vi Sóng TOSHIBA MW2-MM24PC(BK) 24 lít,,https://www.lazada.vn/products/pdp-i1888663096.html
Building Toys,Khối xây dựng MOC,"₫ 33,486,000",-33%,"₫22,324,000",,Reviews,Sưu tập cuối cùng Máy bay tiếp nhiên liệu trên không quân sự KC-135 Stratotanker Mô hình khối xây dựng Máy bay vận chuyển Đồ chơi gạch Tương thích với LEGO,,https://www.lazada.vn/products/pdp-i3013551441.html
Kitchen Appliances,TH SMART STORE,"₫ 10,940,000",-25%,"₫8,190,000",,Reviews,Máy Xay Nấu Sữa Hạt Đa Năng MEDION MD19725 9 Chương Trình Tự Động Vệ Sinh,,https://www.lazada.vn/products/pdp-i3066512289.html
Pet Food,Pet Boss 95,"₫ 481,000",-47%,"₫116,000",5,(17),COMBO 50 QUE GẶM SẠCH RĂNG CHO CHÓ NỘI ĐỊA THÁI,64 sold,https://www.lazada.vn/products/pdp-i2199025106.html
Pet Food,MarketPetshop,"₫ 41,500",-46%,"₫22,400",5,(7),"XƯƠNG BÁNH CHÈ CỪU, XƯƠNG GẶM SẠCH RĂNG CHO CHÓ",43 sold,https://www.lazada.vn/products/pdp-i2084371998.html
Baby & Kids' Accessories,Thời trang và đồ dùng cho trẻ em,"₫ 12,000",-17%,"₫10,000",4.8,(15),"Yếm ăn dặm cho bé sơ sinh cột dây lót nilong chất liệu vải 100% cotton, thương hiệu MINTUU - Thời trang và đồ dùng cho trẻ em - Hana’s kids",110 sold,https://www.lazada.vn/products/pdp-i1994510720.html
Personal Care,VTP mart,"₫ 80,000",-31%,"₫55,000",4.9,(34),Combo 10 Bàn Chải Đánh Răng Sunree Thái Lan Siêu Mềm 0.01mm,97 sold,https://www.lazada.vn/products/pdp-i2654855373.html
Feeding Essentials,molasosinh,"₫ 4,900",-41%,"₫2,900",4.9,(60),"Ống hút sữa, bón thuốc đầu bóp silicon mềm cho bé 5ml",1.6K sold,https://www.lazada.vn/products/pdp-i1358554450.html
"Pretend Play, Costumes & Party",Y2E2noa FA,"₫ 79,902",-44%,"₫44,390",5,(1),Y2E2noa 10pcs Hawaii hoa leis Vòng Hoa Vòng Cổ ưa thích ăn mặc bên Hawaii bãi biển vui vẻ,11 sold,https://www.lazada.vn/products/pdp-i3159489111.html
Socks & Tights,Mayxongtinhdaungockim,"₫ 140,000",-46%,"₫75,000",,Reviews,Quần Tất Nữ Giả Boots Siêu Dai Siêu Co Giản Chất Liệu Cao Cấp Phong Cách Sang Chảnh,,https://www.lazada.vn/products/pdp-i2485860865.html
Drinks,Gia,,,"₫75,700",5,(245),"Sinh tố Vina chai 1000g nhiều mùi - đào, dâu, vải, việt quất",1.0K sold,https://www.lazada.vn/products/pdp-i1956122855.html
Food Supplement,BaoChauPharma,"₫ 581,000",-17%,"₫480,000",5,(3),Đông trùng hạ thảo nhân sâm - Mediplantex Chai 80 viên,32 sold,https://www.lazada.vn/products/pdp-i529454449.html
Tableware,Sứ Long Vân,,,"₫59,000",4.9,(71),"Bộ 5 đĩa sâu/ảo 6, hoa anh đào tuyệt đẹp, giá rẻ, kích thước đường kính 15 cm",270 sold,https://www.lazada.vn/products/pdp-i1236186541.html
Pet Food,THE GIOI XUONG GAM PETSHOP,,,"₫25,000",5,(6),ABSOLUTE DENTAL CHEW XƯƠNG GẶM SẠCH RĂNG CHO CHÓ,41 sold,https://www.lazada.vn/products/pdp-i2473773326.html
Kitchenware,Đồ Gia Dụng Bếp Xinh,"₫ 998,000",-32%,"₫271,320",,Reviews,"Bộ Nồi inox Goldsun GPS1725 Đồ Gia Dụng Bếp Xinh 5 Đáy Dùng Cho Mọi Loại Bếp Kích Thước 16cm, 20cm, 24cm",,https://www.lazada.vn/products/pdp-i2709724553.html
Kitchenware,Gia Dụng Thông Minh New Home,"₫ 46,000",-35%,"₫25,000",5,(2),Tấm Nhôm Chắn Gió Bếp Ga - Chống Bắn Dầu Mỡ Đa Năng Tiện Lợi.,9 sold,https://www.lazada.vn/products/pdp-i3024090957.html
Pet Food,PET SHOP PRO,"₫ 35,000",-40%,"₫21,000",5,(861),Xương Orgo làm sạch răng cho Chó Gói 90g - Pet shop Uytinpro,9.4K sold,https://www.lazada.vn/products/pdp-i986008503.html
Pet Food,Hanpet thú cưng,"₫ 4,749",-20%,"₫3,799",4.8,(31),Hanpet - lẻ 1c xương que tròn / thức ăn cho chó / bánh thưởng cho chó - HP2111020,422 sold,https://www.lazada.vn/products/pdp-i251491411.html
Pet Food,PET SHOP PRO,"₫ 26,000",-16%,"₫21,800",4.9,(589),THỨC ĂN CHO CHÓ Pro-Dog Adult Dạng hạt Túi 400g Xuất xứ Pro-Pet Việt Nam - Pet shop Uytinpro,7.5K sold,https://www.lazada.vn/products/pdp-i542294943.html
Kitchen Appliances,Siêu Thị Gia Dụng V&D,"₫ 199,000",-30%,"₫95,000",4.9,(199),Bếp mini 1000W- Bếp Điện hơ lá trầu -hơ cho bé và mẹ-nấu nướng đồ ăn Siêu Tiết Kiệm loại tốt,782 sold,https://www.lazada.vn/products/pdp-i2481415160.html
Kitchen Appliances,Made In Japan - Hàng Nhật Nội Địa,"₫ 240,000",-55%,"₫108,350",5,(21),"LazMall Hàng Nhật [ RẺ VÔ Đối ] Máy Xay Gia Vị Tỏi Ớt Nhà Bếp, Xay Đồ Ăn Dặm Cho Bé Sạc Pin Tích Điện Dung Tích 250Ml Sử Dụng Cổng Sạc USB Siêu Tiện Lợi",22 sold,https://www.lazada.vn/products/pdp-i3166918135.html
Network Components,PkYeG Vietnam,"₫ 49,381",-44%,"₫27,434",5,(3),PkYeG Bát inox bát cơm nấu chín lớn Hàn Quốc có nắp một lớp hấp cơm Bát trẻ em chống vảy Bộ đồ ăn mùa thu,6 sold,https://www.lazada.vn/products/pdp-i3155441049.html
Snacks & Confectionery,Thế Giới Đồ Ăn Vặt 1613728784,"₫ 230,000",-50%,"₫115,000",,Reviews,[ Hàng luôn mới ] Combo 500g kẹo socola hạnh nhân /Kẹo socola Việt Thái giòn thơm ngon ăn cực đã,,https://www.lazada.vn/products/pdp-i2932210459.html
Dolls & Accessories,PLUMHOME Vietnam,"₫ 15,352",-44%,"₫8,529",,Reviews,PLUMHOME 5pcs dễ thương thu nhỏ Dollhouse siêu thị thực phẩm đồ ăn nhẹ mini bánh uống cho búp bê phụ kiện nhà bếp,,https://www.lazada.vn/products/pdp-i2907720341.html
Dolls & Accessories,PkYeG Vietnam,"₫ 20,430",-44%,"₫7,276",,Reviews,PkYeG Dollhouse nhà bếp đồ ăn mô hình mô phỏng thực phẩm đồ chơi bát đĩa muỗng nồi chơi nhà thu nhỏ đồ nấu nướng phụ kiện búp bê,,https://www.lazada.vn/products/pdp-i3074487298.html
Tableware,BACH HOA KIWI,"₫ 14,000",-14%,"₫9,082",5,(3),"tô sứ loe hoa dừa hồng nhiều size 15cm, 18cm, 20cm",12 sold,https://www.lazada.vn/products/pdp-i3077454160.html
Tableware,PiLa,"₫ 20,000",-35%,"₫10,500",5,(10),Đĩa Tròn Trắng Đĩa Trái Cây Trắng Cao Cấp,245 sold,https://www.lazada.vn/products/pdp-i1074184605.html
Kitchenware,Gia Dụng EasyLife,"₫ 85,000",-36%,"₫54,752",4.9,(165),"Bộ 6 Món Dụng Cụ Gắp Đồ Nóng Chuyên Dụng - Gắp, Kẹp, Nhấc Xoong Nồi An Toàn",543 sold,https://www.lazada.vn/products/pdp-i2067271423.html
Snacks & Confectionery,Shop Cục Cưng,,,"₫105,000",4.7,(38),[FreeShipMAX] Bánh xốp phủ Socola Kitkat SB 2F 12 Thanh / gói 204g (12 x 17g) - Nestle Cocoa bịch 204g - banh xop phu socola,254 sold,https://www.lazada.vn/products/pdp-i1835270279.html
Food Staples & Cooking Essentials,Tạp Hoá HULA,"₫ 7,500",-27%,"₫5,500",4.5,(8),"COMBO Tùy Chọn - Hạt Hướng Dương 3 Vị Tự Nhiên, Dừa, Óc Chó Gói 55G - HULA FOOD",168 sold,https://www.lazada.vn/products/pdp-i2581210472.html
Pet Food,3F STORE,,,"₫63,000",5,(3),Snack Doggyman Que Cuộn Thịt Gà Cho Chó Gói 110g,155 sold,https://www.lazada.vn/products/pdp-i2679305361.html
Milk Formula & Baby Food,Thuyền Xưa Foods,,,"₫58,000",4.9,(60),Gia vị Rắc cơm Thuyền Xưa Ăn Dặm Cho Con - Vị Cá Hồi (Gói 19g),249 sold,https://www.lazada.vn/products/pdp-i1372463330.html
Feeding Essentials,hangjapankids,"₫ 8,990,000",-19%,"₫7,290,000",5,(3),"Máy pha sữa thông minh Niucun Pro mẫu mới có tiệt trùng UV thông minh, sấy khô, pha được tất cả các loai sữa, tự vệ sinh - BH 12 THÁNG",18 sold,https://www.lazada.vn/products/pdp-i1833450554.html
Kitchen Appliances,Miplus Store,"₫ 2,800,000",-46%,"₫1,499,000",5,(25),"Lò nướng Nồi chiên Xabazy 18D01 dung tích 16L, 18 Menu Có Màn Hình LED công nghệ nướng đều 360 độ - BH 1 năm",123 sold,https://www.lazada.vn/products/pdp-i2255814742.html
Kitchen Appliances,n8HDwF9q,"₫ 11,748,000",-30%,"₫8,188,000",,Reviews,Nồi Chiên Không Dầu Lò Nướng Hơi Nước Bear DKX-F18G5 18L Bảng Điều Khiển Cảm Ứng Tích Hợp Menu 15 Món Bảo Hành 12 Tháng,,https://www.lazada.vn/products/pdp-i2425520492.html
Building Toys,Khối xây dựng MOC,"₫ 24,264,000",-33%,"₫16,176,000",,Reviews,tàu chiến quân sự MOC khối xây dựng USS Iowa BB-61 USS Missouri BB-63 chiến hạm lắp ráp mô hình bộ sưu tập gạch đồ chơi Tương thích với LEGO,,https://www.lazada.vn/products/pdp-i3013633091.html
Feeding Essentials,BỘI LINH SHOP,,,"₫4,000",5,(6),"HCM-ỐNG BÓN BƠM SỮA, HÚT SỮA CHO BÉ LƯỜI UỐNG SỮA 3ML-5ML BỘI LINH SHOP",90 sold,https://www.lazada.vn/products/pdp-i1821814959.html
Indoor & Kid's Electronics Toys,VN343JPWRY,,,"₫7,189,692",,Reviews,Compatible with LEGO 4885 chiếc đô thị kỹ thuật điều khiển từ xa cần cẩu xe tải khối APP lập trình RC xe gạch bé trai đồ chơi,,https://www.lazada.vn/products/pdp-i2507128841.html
Drinks,SHOP. MT,,,"₫21,500",5,(78),Rượu NẾP [900ml] Nhà Nấu Dùng Để Nấu Ăn - Ngâm -Uống Thơm Ngon Chất Lượng,270 sold,https://www.lazada.vn/products/pdp-i2408898636.html
Feeding Essentials,Bơ bí bo,"₫ 290,000",-21%,"₫230,000",5,(1),"Túi Đá Khô Trữ Sữa Mama’s Choice, Bảo Quản Lạnh Sữa Mẹ Đến 14 Giờ, Giữ Nhiệt Bình Sữa, Đựng và Giữ Ấm Đồ Ăn Cho Mẹ & Bé",5 sold,https://www.lazada.vn/products/pdp-i2112381280.html
Kitchen Appliances,ĐIỆN MÁY GIA KHANG,"₫ 20,140,000",-27%,"₫14,769,000",5,(1),Tủ lạnh Sharp Inverter 401 lít SJ-FXP480VG-CH Mới 2020 - GIAO TOÀN QUỐC,8 sold,https://www.lazada.vn/products/pdp-i1031790499.html
Tableware,Lucky Eye glasses.Selection,"₫ 44,400",-29%,"₫31,700",4.9,(24),Đĩa Nhựa Hình Đựng Thức Ăn Tiện Lợi Tái Sử Dụng Nhiều Mẫu Có Nhiều Màu,72 sold,https://www.lazada.vn/products/pdp-i2443985311.html
Snacks & Confectionery,PhươngMinh.Selection,"₫ 46,200",-29%,"₫33,000",5,(104),"Combo 3 Túi Thạch Rau Câu Uống Want Want Jelly Juice 3 Hương Vị 150g, Thức Uống Trái Cây Bổ Sung Dinh Dưỡng",3.3K sold,https://www.lazada.vn/products/pdp-i3118355855.html
Tableware,taphoahoangky,,,"₫24,150",5,(62),DĨA VUÔNG GỐM SỨ HOA VĂN COTTON 18CM ( CỠ 8),385 sold,https://www.lazada.vn/products/pdp-i2444342571.html
Kitchen Appliances,Ngọc Quan_MALL,"₫ 1,999,000",-11%,"₫1,779,000",,Reviews,Lò vi sóng Toshiba ER-SM20(W1)VN Thái Lan,,https://www.lazada.vn/products/pdp-i1184008036.html
Building Toys,Khối xây dựng MOC,"₫ 39,653,000",-33%,"₫26,435,000",,Reviews,Máy bay ném bom chiến lược B-52 của Mỹ trong Thế chiến II MOC Block Fighter Model Block Toy Kids Gift Tương thích với LEGO,,https://www.lazada.vn/products/pdp-i3013637023.html
Baby & Kids' Accessories,Bebi123,"₫ 5,000",-0.5%,"₫4,973",4.8,(191),Vòng dâu tằm 100% loại đẹp cho bé,1.2K sold,https://www.lazada.vn/products/pdp-i1528950894.html
Building Toys,LEGO building blocks online store,,,"₫13,324,540",,Reviews,Compatible with LEGO 2024 Phiên bản 9177 CÁI MOC LTM11200 Mô hình cần cẩu di động 1: 20 RC Công nghệ Xây dựng Khối DIY Đồ chơi Gạch Kit Người lớn Boy Quà tặng,,https://www.lazada.vn/products/pdp-i2507915666.html
Building Toys,Khối xây dựng MOC,"₫ 4,926,000",-33%,"₫3,107,000",,Reviews,MOC Shootable Game Quân sự Bullets Gun L96A1 AWP Công nghệ Sniper Rifle Fireable khối xây dựng đồ chơi Giáng sinh quà tặng cho người lớn Tương thích với LEGO,,https://www.lazada.vn/products/pdp-i3013559321.html
Kitchen Appliances,ZUNA VN,"₫ 7,100,000",-21%,"₫5,590,000",,Reviews,Tủ lạnh Samsung Inverter 236 lít RT22M4032BY/SV - Bảo hành 24 tháng,,https://www.lazada.vn/products/pdp-i2748777935.html
Building Toys,Khối xây dựng MOC,"₫ 32,130,000",-33%,"₫21,420,000",,Reviews,Đa năng quân sự mặt đất đi bộ xe tăng bọc thép công nghệ cao chiến thuật robot MOC khối lắp ráp mô hình trẻ em khối đồ chơi Tương thích với LEGO,,https://www.lazada.vn/products/pdp-i3013469884.html
"Pretend Play, Costumes & Party",WeiZhuo,"₫ 21,726",-44%,"₫12,070",5,(1),WeiZhuo Unisex Nhựa Mặt Nạ Đáng Sợ Masquerade Đảng Ma Nhà Hát Prop Khiêu Vũ Ưa Thích Ăn Mặc,,https://www.lazada.vn/products/pdp-i2856326417.html
Umbrellas & Raincoats,Patrick Wyclif(fe),"₫ 790,000",-12%,"₫693,000",5,(10),☸original KAL magnesium malate Magnesium Malate 400 high content magnesium supplement to relieve hand shaking and sleeping♠,22 sold,https://www.lazada.vn/products/pdp-i2689107212.html
Snacks & Confectionery,LYRIGAB,"₫ 141,000",-19%,"₫114,600",5,(55),"Beau Kẹo dẻo Uống trắng da Glutathione Collagen, Làm trắng da, Chống lão hóa Giảm Nám Mờ Thâm",107 sold,https://www.lazada.vn/products/pdp-i2785080131.html
Kitchenware,Dụng cụ ăn dặm cho bé - Giá tốt,"₫ 150,000",-9%,"₫76,000",4.9,(18),"Xửng hấp inox 304 size 16, 18, 20, 22, 24 lỗ tròn dày và tiện lợi",42 sold,https://www.lazada.vn/products/pdp-i2315806272.html
Kitchenware,GlobalWonderShop,"₫ 312,000",-45%,"₫172,800",,Reviews,Mười Ba Dụng Cụ Nấu Ăn Chống Dính Bộ Nhiều Chảo Canh Chảo Sữa Chảo Bao Gồm 4 Bộ Đồ Dùng Nhà Bếp,1.0K sold,https://www.lazada.vn/products/pdp-i3177882825.html
Feeding Essentials,Kego Store,"₫ 13,750",-50%,"₫6,875",5,(3),"Ống hút sữa, bón thuốc cho bé 5ml",12 sold,https://www.lazada.vn/products/pdp-i2492487421.html
Tableware,BACH HOA KIWI,"₫ 15,000",-54%,"₫6,920",5,(5),"dĩa sứ trắng ngấn size 20cm, dĩa lót 15cm",61 sold,https://www.lazada.vn/products/pdp-i2446609237.html
Storage & Organisation,YEYA Shopping mall,"₫ 250,000",-40%,"₫230,000",5,(94),YEYA  Ngăn kéo theo phong cách Tủ giày Nhật Bản hộp đựng quần áo gia dụng lưu trữ tủ quần áo Lưu trữ hộp quần áo tủ quần áo,239 sold,https://www.lazada.vn/products/pdp-i2720752332.html
Outdoor Sports & Activities Equipment,GlobalWonderShop,"₫ 130,000",-23%,"₫48,000",,Reviews,Di Động Ngoài Trời Thép Không Gỉ 304 Thực Phẩm Đa Năng Cắm Trại Đồ Dùng Dã Ngoại Bộ Đồ Ăn Đi Bộ Đường Dài Thiết Bị,,https://www.lazada.vn/products/pdp-i3159865238.html
Party Supplies,Jettingbuy,"₫ 24,111",-23%,"₫18,364",4.3,(3),Jettingbuy 4Pcs/Set Hawaiian Flower Leis Garland Necklace DIY Decoration Fancy Dress Party 2#,67 sold,https://www.lazada.vn/products/pdp-i421462937.html
Dolls & Accessories,YUEQIN2,"₫ 19,568",-44%,"₫8,107",3,(4),YUEQIN2 Shop 1 cái đồ ăn bằng nhựa thu nhỏ chơi Mini Burger nhà bếp cảnh mô phỏng sáng tạo phụ kiện búp bê trang trí nhà búp bê Hamburger,6 sold,https://www.lazada.vn/products/pdp-i2847958387.html
Bakery & Breakfast,Alpha nutrition.vn,"₫ 200,000",-25%,"₫150,000",4.8,(26),Bánh thuyền mix hạt dinh dưỡng Alpha nutrition không đường ăn kiêng giảm cân tự nhiên đồ ăn vặt healthy,112 sold,https://www.lazada.vn/products/pdp-i2400275931.html
Outdoor Sports & Activities Equipment,TrekTribe,"₫ 58,309",-44%,"₫32,394",4.8,(13),TrekTribe Ngoài Trời Gấp Bát Thép Không Gỉ Cắm Trại Bát Nấu Ăn Bộ Đồ Ăn Đi Bộ Đường Dài Du Lịch Dã Ngoại Bát Đồ Dùng,45 sold,https://www.lazada.vn/products/pdp-i2863299544.html
Tableware,BACH HOA KIWI,"₫ 20,300",-1%,"₫7,352",5,(2),"dĩa sứ họa tiết hoa thủy tiên nhiều size 15.5cm , 18cm, 20cm",42 sold,https://www.lazada.vn/products/pdp-i3059935105.html
Feeding Essentials,INOCHI OFFICIAL SHOP.,"₫ 39,000",-45%,"₫21,450",5,(26),Khay trữ đồ ăn dặm - Khay trữ đồ ăn cho bé - Khay bảo quản đồ ăn dặm cho bé - khay trữ đông thực phẩm cho bé - Set Hộp Đựng Thực Phẩm,375 sold,https://www.lazada.vn/products/pdp-i1491624621.html
Baby Clothing,HuyenBaBy,"₫ 37,000",-26%,"₫27,550",4.8,(577),Set 5 quần dán bỉm vải cotton cho bé sơ sinh. 5 tã dán vải cho bé,4.3K sold,https://www.lazada.vn/products/pdp-i282984832.html
Board & Brain Games,Toy Land,"₫ 86,000",-50%,"₫43,000",4.8,(4),Bài Ăn Gian Nói Dối bản Weplay Hot Trend 32 Lá Giấy Cứng Boardgame Đồ Chơi Trò Chơi Trí Tuệ Nhóm Bạn,7 sold,https://www.lazada.vn/products/pdp-i3066521065.html
Pet Food,Vu Tru Thu Cung,"₫ 45,000",-38%,"₫28,000",5,(5),Taoypet 100G how much nutrition chicken dog snack,83 sold,https://www.lazada.vn/products/pdp-i1704409173.html
Milk Formula & Baby Food,Con Cưng,,,"₫69,000",5,(2),BÁNH GẠO VỊ CẢI BÓ XÔI VÀ CÀ RỐT PIGEON,12 sold,https://www.lazada.vn/products/pdp-i2337674879.html
Kitchen Appliances,SAMSUNG BRAND STORE,"₫ 18,990,400",-30%,"₫13,218,000",5,(1),"Máy rửa bát DW60CG550FSGSV với chế độ diệt khuẩn chuyên sâu Hygiene Care, sức chứa 14 bộ đồ ăn",,https://www.lazada.vn/products/pdp-i2606004840.html
Dolls & Accessories,HENGHOME Vietnam,"₫ 39,782",-44%,"₫22,101",,,HENGHOME Cho 13cm búp bê Quần áo búp bê ăn mặc ren kẻ sọc Dress-up búp bê phụ kiện búp bê Quần áo thay đổi,,https://www.lazada.vn/products/pdp-i3050612162.html
Kitchen Appliances,ĐIỆN MÁY GIA KHANG,"₫ 27,110,000",-39%,"₫16,649,000",5,(5),Tủ Lạnh Inverter PANASONIC 417 lít NR-BX471GPKV - HÀNG MỚI CHÍNH HÃNG - GIAO TOÀN QUỐC,15 sold,https://www.lazada.vn/products/pdp-i1234745757.html
Kitchen Appliances,Mpd45BlB,"₫ 9,145,000",-26%,"₫6,785,000",,,"Máy Làm Sữa Hạt CASO CB2200, Máy Nấu Sữa Đậu Nành Tại Nhà, Công Suất 500W, Nhập Đức, BH 12 Tháng, giadungnhapkhau19",,https://www.lazada.vn/products/pdp-i2425760749.html
Kitchen Appliances,ĐIỆN MÁY GIA KHANG,"₫ 27,770,000",-49%,"₫14,029,000",,,Máy rửa chén độc lập Samsung DW60CG550FSGSV -  [Trả Góp] - Công nghệ rửa nước nóng với 3 vòi phun với khả năng làm sạch sâu - GIAO HÀNG TOÀN QUỐC,,https://www.lazada.vn/products/pdp-i2609039494.html
Building Toys,LEGO building blocks online store,,,"₫13,324,540",,Reviews,Compatible with LEGO MOC-20920 LTM11200 Liebherr RC Crane Engineering Xe cẩu Khối xây dựng Kit Đồ chơi cho bé trai Giáng sinh,,https://www.lazada.vn/products/pdp-i2507888759.html
Tableware,BACH HOA KIWI,,,"₫8,500",5,(5),"día sứ hoa văn cá xanh nhiều size 15.5cm, 17.7cm, 20cm, 22cm",57 sold,https://www.lazada.vn/products/pdp-i2548667468.html
Outdoor Sports & Activities Equipment,CANAMEK FASHIONS,"₫ 36,164",-41%,"₫21,273",,Reviews,"【CANAMEK】 Nấu ăn ngoài trời chống bỏng nồi Clip là hoàn hảo cho cắm trại, BBQ, nhà bếp và bộ đồ ăn dã ngoại!",,https://www.lazada.vn/products/pdp-i3178649034.html
Tableware,KRcOX8.Selection,"₫ 43,600",-29%,"₫27,600",,Reviews(21),Đồ ăn vặt lúa mì lấy từ đĩa children's Dinner set Bowl Lunch box Baby Cartoon Grid Rice Plate Cartoon Baby Tray,2.3K sold,https://www.lazada.vn/products/pdp-i3140985178.html
Outdoor Sports & Activities Equipment,vansinoy,"₫ 30,465",-23%,"₫21,056",5,(9),Câu Cá Mới Dạ Quang Jigging Móc Spinner Mồi 7g / 10g / 15g / 20g / 30g / 40g Laser Kim Loại Jig Thìa Mồi Câu Cá,32 sold,https://www.lazada.vn/products/pdp-i2941247322.html
Dolls & Accessories,SHgeZm Vietnam,"₫ 26,903",-44%,"₫49,359",,Reviews,SHgeZm Nhà búp bê 1:6 đồ nội thất nhà bếp bàn ăn ghế Máy tính văn phòng bàn ghế,8 sold,https://www.lazada.vn/products/pdp-i3082075280.html
Kitchenware,Dbubggu,"₫ 396,210",-50%,"₫86,105",,Reviews,"Kangshu casserole, open fire, heat-resistant ceramic pot, wide mouth soup pot, Congee pot, home health porcelain pot, casseroleDbubggu",,https://www.lazada.vn/products/pdp-i2333766026.html
Baby & Kids' Accessories,Hana Mamy Kids,"₫ 20,000",-35%,"₫13,000",4.9,(495),VÒNG DÂU TẰM CHO BÉ ( bộ 2 chiếc),2.4K sold,https://www.lazada.vn/products/pdp-i353888344.html
Feeding Essentials,Hải Anh Family,"₫ 150,000",-40%,"₫89,900",5,(39),"Phễu hứng sữa silicon cao cấp, giúp hứng sữa khi đi ra ngoài CmBear",182 sold,https://www.lazada.vn/products/pdp-i2089356395.html
Kitchen Appliances,Sanhangre Store,"₫ 2,850,000",-26%,"₫2,099,000",5,(1),"Lò vi sóng cơ 20L Hitachi Nhật Bản HMR-M2002, công suất  700W, bảo hành 24 tháng",,https://www.lazada.vn/products/pdp-i2394707624.html
Baby & Kids' Accessories,Carynbaby,"₫ 18,000",-28%,"₫9,000",5,(5),(Thanh Lý) Giày vớ tập đi mẫu có quai size To cho bé,37 sold,https://www.lazada.vn/products/pdp-i1996562557.html
Baby Clothing,baby bodysuit,"₫ 21,000",-5%,"₫20,000",,Reviews,short sleeves bodysuit body chip for baby toddler infant kid boy girl from 0-24 months made in Cambodia cotton stretchy super cool fabric bright cheerful colors,7 sold,https://www.lazada.vn/products/pdp-i2429337033.html
Building Toys,LEGO building blocks online store,,,"₫11,658,980",,Reviews,Compatible with LEGO MOULD KING nâng cấp điện di động cần cẩu khối MOC-20920 LTM11200 Liebherr công nghệ cao động cơ kit DIY gạch đồ chơi cho bé trai quà tặng,,https://www.lazada.vn/products/pdp-i2507868894.html
Tableware,BACH HOA KIWI,"₫ 20,000",-38%,"₫7,352",4.8,(10),"dĩa sứ sâu lòng hoa văn 20cm, dĩa súp trắng 20cm",62 sold,https://www.lazada.vn/products/pdp-i1099434749.html
Kitchen Appliances,LA ELECTRONICS,"₫ 6,704,000",-20%,"₫5,353,485",5,(4),Tủ Lạnh Samsung Inverter 208 lít RT20HAR8DBU/SV  Công Nghệ Digital Inverter Công nghệ làm lạnh:Làm lạnh đa chiều Công nghệ kháng khuẩn khử mùi:Bộ lọc than hoạt tính,19 sold,https://www.lazada.vn/products/pdp-i2001819364.html
Pet Food,GouMaoPet Products,,,"₫18,000",5,(3),[Giá hủy diệt] Bánh thưởng cho chó Sumiho (Nhiều vị) 100gr/ túi Đồ ăn cho chó mèo thú cưng - GouMao,31 sold,https://www.lazada.vn/products/pdp-i2038194561.html
Baby Clothing,Boo baby kids,"₫ 135,000",-50%,"₫62,860",4.9,(122),bodysleep type A,926 sold,https://www.lazada.vn/products/pdp-i2094822731.html
Drinks,SHOP. MT,"₫ 49,000",-2%,"₫59,000",5,(23),Rượu NẾP Nguyên Chất [900ml] Nhà Nấu Dùng Để Nấu Ăn - Ngâm -Uống,95 sold,https://www.lazada.vn/products/pdp-i2409590787.html
Stuffed Toys,1 Click - Tốt & Nhanh,"₫ 199,000",-37%,"₫125,370",,Reviews,Cheap 20cm big Blox fruit bear plush toy kisune mini stuffed toy 10cm 15cm,,https://www.lazada.vn/products/pdp-i2975183603.html
Feeding Essentials,molasosinh,"₫ 100,000",-21%,"₫78,900",4.8,(20),Máy hút sữa cầm tay cho mẹ,71 sold,https://www.lazada.vn/products/pdp-i2156107544.html
Feeding Essentials,shopmegaumayhutsua,"₫ 5,000,000",-20%,"₫3,999,000",5,(1),Máy hút sữa MOMCOZY V2 PRO (cup hồng) mới,,https://www.lazada.vn/products/pdp-i3053029618.html
Pet Food,Love Pets Shop,"₫ 69,000",-5%,"₫24,250",,Reviews,Bánh thưởng cho Chó mèo từ thịt gà hiệu Funny ''mẫu mới'' - Love Pets Shop,,https://www.lazada.vn/products/pdp-i3145144695.html
Kitchenware,Gia Dụng Pk,"₫ 17,000",-33%,"₫11,453",4.9,(182),"Combo 50 chén nướng giấy bạc, nướng đồ ăn, nướng bánh tiện lợi",1.3K sold,https://www.lazada.vn/products/pdp-i1666494995.html
Kitchen Appliances,LION KING SHOP,"₫ 199,000",-25%,"₫99,000",4.9,(23),"Máy Xay Đa Năng Osaka 750ml - Xay Thịt, Củ Quả, Tỏi, Ớt, Đồ Ăn Dặm Cho Bé - Siêu Tiện Lợi Lion King - Bảo Hành 12 Tháng.",135 sold,https://www.lazada.vn/products/pdp-i1774257095.html
"Heating, Cooling and Ventilation",Nieve,,,"₫36,000",5,(4),"Ice dry gel ice flow fan for food, milk storage, cooling volume air conditioner fan-Nieve",27 sold,https://www.lazada.vn/products/pdp-i2684938177.html
Accessories,FREEHOUSE SHOP,"₫ 30,000",-17%,"₫19,000",4.7,(36),[HCM]Chain quần Khăn bandana streetwear retro turban vuông thời trang nhiều kiểu đường phố hip hop cực chất xích móc khăn,306 sold,https://www.lazada.vn/products/pdp-i1229709355.html
Home Appliances Parts & Accessories,"LAMIDO VN - Phụ Tùng, Phụ Kiện Bếp Gas","₫ 115,000",-28%,"₫83,300",4.8,(122),COMBO 2 cái Kiềng chắn gió [ GANG ĐÚC NGUYÊN KHỐI ] dùng cho các loai bếp gas 5 chân [ PHỤ KIỆN THAY THẾ BẾP GA ],351 sold,https://www.lazada.vn/products/pdp-i2108354306.html
Home Appliances Parts & Accessories,"LAMIDO VN - Phụ Tùng, Phụ Kiện Bếp Gas","₫ 85,000",-25%,"₫63,700",4.9,(147),COMBO Kiềng chắn gió [ GANG ĐÚC NGUYÊN KHỐI ] + Khay INOX dùng cho các loai bếp gas 5 chân [ PHỤ KIỆN THAY THẾ BẾP GA ],638 sold,https://www.lazada.vn/products/pdp-i2124419763.html
Kitchen Appliances,ĐỒ GIA DỤNG - TOÀN QUỐC,,,"₫95,000",3.8,(4),Nồi lẩu điện mini cầm tay có lòng hấp - Ca mỳ điện mini,6 sold,https://www.lazada.vn/products/pdp-i1996994733.html
Baby Clothing,Samkids store,"₫ 59,000",-5%,"₫37,050",5,(144),[8-40kg] Đồ bộ bé gái quần đùi phối 4 Màu,470 sold,https://www.lazada.vn/products/pdp-i2360468584.html
Tableware,SUKA HOUSE 999,,,"₫3,500",4.9,(33),Dĩa Chấm Nhíp 2 Ngăn Dĩa Đựng Gia Vị Chén Gia Vị Việt Nhật VN1205 A323,741 sold,https://www.lazada.vn/products/pdp-i2135857355.html
Food Supplement,Ut Storee,"₫ 250,000",-20%,"₫200,000",4.8,(20),"{KÈM QUÀ TẶNG SIÊU XINH} {DATE MỚI NHẤT, MẪU MỚI} Viên sủi giảm cân-giảm mỡ thừa Balporo Bae chính hãng Hàn Quốc",300 sold,https://www.lazada.vn/products/pdp-i2049887227.html
Snacks & Confectionery,Cvi.Store - Hàng Air,,,"₫335,000",,Reviews,[Date T6/2022] Kẹo Socola Tổng Hợp All Chocolate 150 Thanh - 2.55kg - Cvi Hàng Mỹ,,https://www.lazada.vn/products/pdp-i1618997016.html
Snacks & Confectionery,Thảo Đà Lạt - Đặc sản Đà Lạt,"₫ 32,000",-31%,"₫22,000",5,(4),KẸO DẺO SỮA CHUA MIX VỊ TRÁI CÂY THƠM NGON - ĐẶC SẢN THẢO ĐÀ LẠT,15 sold,https://www.lazada.vn/products/pdp-i2998508728.html
Snacks & Confectionery,hutohutoshop,,,"₫65,000",,Reviews,500g Hủ Pet Kẹo Dẻo Trái Cây Chip Chip mix,,https://www.lazada.vn/products/pdp-i3059875111.html
Pet Food,Cutepetshop SG,"₫ 180,000",-3%,"₫175,000",5,(14),Thức Ăn Hạt Cao Cấp Taste Of The Wild Cho Chó (Nhập khẩu Mỹ),34 sold,https://www.lazada.vn/products/pdp-i2818233992.html
Pet Food,Petcorner.love,"₫ 158,775",-31%,"₫109,500",5,(3),"Thịt bò cao cấp Hello Joy thơm ngon, bổ sung canxi cho chó (Gói 500gr) - Bánh thưởng cho chó, đồ ăn vặt cho thú cưng",9 sold,https://www.lazada.vn/products/pdp-i2008928794.html
Pet Food,T3 pets shop,,,"₫49,000",5,(1),"thịt sấy đông khô từ nhà PetQ (gà, lòng đỏ, cỏ , gan,...) dành cho chó mèo -T3 PETS SHOP",23 sold,https://www.lazada.vn/products/pdp-i2790777469.html
Pet Food,Nông Trại Thú Cưng,"₫ 62,000",-20%,"₫49,700",,Reviews,Bánh Snack Bánh Thưởng Cho Chó Mèo Nội Địa Trung 100g - [Nông Trại Thú Cưng],8 sold,https://www.lazada.vn/products/pdp-i2562791324.html
Milk Formula & Baby Food,Mămmy Store,"₫ 180,000",-7%,"₫167,723",4.9,(145),"Combo 3 hũ gạo sữa hữu cơ Mămmy nấu cháo cho bé ăn dặm, hũ 140gr",940 sold,https://www.lazada.vn/products/pdp-i2055175876.html
"Pretend Play, Costumes & Party",SEHENA4,"₫ 34,438",-44%,"₫19,059",5,(5),[Fashion] Thời Trang Sang Trọng Venice Masquerade Mặt Nạ Phụ Nữ Cô Gái Sexy Fox Mặt Nạ Mắt Mặt Nạ Bướm Cho Ưa Thích Ăn Mặc Giáng Sinh Halloween Đảng Sequin Mặt Nạ,12 sold,https://www.lazada.vn/products/pdp-i2948675107.html
Kitchen Appliances,Macchiato,,,"₫16,600,000",5,(2),"Cuisinart toa-65hk digital oil free frying oven 17 liter, 1630W, 220V, 12 functions",,https://www.lazada.vn/products/pdp-i1319610781.html
Pet Food,Lạc PetShop,"₫ 10,000",-50%,"₫5,000",,Reviews,(Lẻ 1 cái) xương gặm orgo dành cho chó mèo 👻😆❌❌,,https://www.lazada.vn/products/pdp-i3149571294.html
Camera Accessories,Red Dragon Store,"₫ 164,000",-33%,"₫110,000",4,(4),Reddragon Chai Xịt Vệ Sinh Mechanic Model 530 Làm Sạch Bo Mạch Điện Màn Hình Tivi Máy Ảnh Đồ Điện Tử Dung Tích 550ml,26 sold,https://www.lazada.vn/products/pdp-i1320391804.html
Board & Brain Games,YOUSHI TOP,"₫ 100,000",-41%,"₫59,000",3.5,(2),YOUSHI TOP Chống ăn tay Đồ chơi gặm nướu Silicone cho bé Silicone Hình dạng điều khiển từ xa Nướu gặm nhấm gặm nhấm Đồ chơi cắn Hoạt hình Đồ chơi mọc răng cho trẻ sơ sinh Giáo Dục Sớm,,https://www.lazada.vn/products/pdp-i3130449932.html
Pet Food,THE GIOI XUONG GAM PETSHOP,,,"₫10,000",,,[Miếng lẻ dùng thử] Găng Tay Finger Chăm Sóc Răng Miệng Cho Chó Mèo Hàn Quốc,,https://www.lazada.vn/products/pdp-i3181018580.html
Tableware,GreenShops,"₫ 45,000",-38%,"₫25,000",5,(33),"SET 2  Đĩa sứ trắng 8 inch hàng tặng, tráng men màu, rau, kiểu Nhật, cơm, vuông, sâu, gốm Hàn Quốc .",184 sold,https://www.lazada.vn/products/pdp-i2332180972.html
Feeding Essentials,THINGKIDS Đồ chơi,"₫ 96,000",-45%,"₫33,000",,,Set Hộp 5 Dán Nhũ Hoa Silicon Tàng Hình Siêu Rẻ Siêu Đẹp - Thingkids,,https://www.lazada.vn/products/pdp-i2555903930.html
Milk Formula & Baby Food,Babyyum store,"₫ 120,000",-44%,"₫42,550",5,(266),Hạt nêm Nhật các loại cho bé ăn dặm Ajinomoto Topvalu....,1.5K sold,https://www.lazada.vn/products/pdp-i2113360539.html
Feeding Essentials,Bebi123,"₫ 29,000",-4%,"₫27,867",4.9,(294),Hộp Chia Sữa 3 Ngăn Có Quai Cầm Tiện Lợi Cho Bé,1.4K sold,https://www.lazada.vn/products/pdp-i290034796.html
Food Staples & Cooking Essentials,Tổng Kho - Nông Sản S,,,"₫8,800",4.9,(19),"Phần gà hữu cơ nhập khẩu Nhật Bản bổ sung dinh dưỡng, vi sinh, khoáng & cải thiện đất trồng",182 sold,https://www.lazada.vn/products/pdp-i2664467406.html
Feeding Essentials,Baby World Mom & Baby Care,"₫ 99,000",-43%,"₫56,050",5,(5),MIẾNG LÓT THẤM SỮA Vcoool dán siêu thấm đóng túi zip tiện lợi,16 sold,https://www.lazada.vn/products/pdp-i2548075275.html
Tableware,KRcOX8.Selection,"₫ 52,600",-23%,"₫37,900",,,"Bộ 5 Đĩa Tròn 20cm Chất Liệu Bột Mì – Đĩa Ăn Không Vỡ, Thân Thiện Môi Trường – Dùng Cho Pasta, Bít Tết, Món Tráng Miệng",958 sold,https://www.lazada.vn/products/pdp-i3140974225.html
Pet Food,muppetshop,"₫ 55,000",-11%,"₫23,000",5,(23),"Xương Gặm Cho Chó 7 Dental Effects 160g - Snack Cho Chó 7 Dental Làm Sạch Răng, Dinh Dưỡng",95 sold,https://www.lazada.vn/products/pdp-i3016053510.html
Kitchen Appliances,GIADUNGNHALOAN,"₫ 133,333",-21%,"₫105,000",,,Nướng than vuông - Bếp nướng than vuông - ĐỒ GIA DỤNG - ĐÓ ĐÂY,,https://www.lazada.vn/products/pdp-i583492478.html
Pet Food,THE GIOI XUONG GAM PETSHOP,,,"₫15,000",5,(2),NATURAL CORE SNACK THỊT QUE LÁT MỀM CHO CHÓ,72 sold,https://www.lazada.vn/products/pdp-i2488535723.html
"Pretend Play, Costumes & Party",Lavi House,"₫ 20,000",-35%,"₫13,000",5,(79),"Mặt Nạ Vải Dạ DIY Mặt Nạ Hóa Trang Cho Bé Hình Các Con Vật Bé Tự Tay Trang Trí Mặt Nạ, Đồ Chơi Hóa Trang Đồ Chơi Trung Thu Hallowen - Lavi House",330 sold,https://www.lazada.vn/products/pdp-i2374305177.html
Baby & Kids' Accessories,Sỉ Đồ Sơ Sinh_Phương An,"₫ 13,000",-40%,"₫7,821",5,(13),Vòng Dâu Tằm Cho Bé,38 sold,https://www.lazada.vn/products/pdp-i2095267878.html
Tableware,taphoahoangky,,,"₫12,650",4.9,(80),"DĨA ẢO TRÒN GỐM SỨ 4D HỌA TIẾT HOA KHAI PHÚ QUÝ   ( ĐỦ SIZE 6,7,8,9)",609 sold,https://www.lazada.vn/products/pdp-i2422278299.html
Pet Food,PET SHOP PRO,"₫ 120,000",-48%,"₫63,000",4.9,(44),Combo 3 Gói Xương gặm cho Chó ORGO gói 90g Sạch răng Thơm miệng Giúp hàm chắc khỏe Tốt cho tiêu hóa Bổ sung canxi - Pet shop Uytinpro,193 sold,https://www.lazada.vn/products/pdp-i1732651194.html
Kitchen Appliances,TH SMART STORE,"₫ 5,200,000",-35%,"₫3,356,100",5,(1),Bếp Nướng Điện Để Bàn 2in1 WMF Lono Công Suất 2100W,,https://www.lazada.vn/products/pdp-i3066535217.html
Medical Supplies,Baby World Mom & Baby Care,"₫ 105,000",-50%,"₫49,500",5,(33),"Nhiệt kế điện tử cho bé Misuta, que đo nhiệt độ sữa, nước tắm thiết kế nhỏ gọn, dễ sử dụng, trả kết quả nhanh, chính xác",95 sold,https://www.lazada.vn/products/pdp-i2548039224.html
