category,store_name,original_price,discount_percent,price,comment_count,rating,name,sold,link
,Bum Bum House,105.000 ₫,-47%,55650,(1459),4.9,"Set 60 màu ACRYLIC Marker ĐẦU NHỌN CHỐNG THẤM NƯỚC Không Vẽ Lên Đồ Vật Nhẵn, lau được khi dính lên da",6.8K Đã bán,https://www.lazada.vn/products/pdp-i2626804817.html
Dụng cụ chăm sóc Sắc đẹp,7B2Nei.Selection,29.300 ₫,-29%,20803,(7580),5.0,"Túi Đựng Mỹ Phẩm/Đồ Trang Điểm WashBag Trong Suốt Chống Thấm Nước – Tiện Lợi, Thời Trang & Đa Năng - Nhiều Size",26.1K Đã bán,https://www.lazada.vn/products/pdp-i2502929841.html
Trang điểm,Mỹ Phẩm Thuý Hường,132.500 ₫,-7%,123225,(55),5.0,Bộ Trang Điểm Makuep Cơ Bản Đầy Đủ [12 Món Y8] Bộ Sản Phẩm Makep Của Nữ Dành Cho Người Mới Tập Trang Điểm Mỹ Phẩm Cosmetic,172 Đã bán,https://www.lazada.vn/products/pdp-i2661069588.html
Nhập vai Phục trang & Dạ tiệc,Toyfun-VN,163.000 ₫,-16%,136920,(34),5.0,Bộ đồ chơi mỹ phẩm dụng cụ trang điểm 33 món không độc hại chất liệu an toàn thích hợp cho bé,125 Đã bán,https://www.lazada.vn/products/pdp-i2721530947.html
Nhập vai Phục trang & Dạ tiệc,Hoa Hướng Dương Store,140.000 ₫,-49%,71400,(8),5.0,Bộ Phấn Trang Điểm Make Up Kit A.D.S - Trang Điểm Bột Hộp Trang Điểm Bộ Sinh Viên Trang Điểm Set Full,37 Đã bán,https://www.lazada.vn/products/pdp-i2607865903.html
Nhập vai Phục trang & Dạ tiệc,Toy-VN,269.000 ₫,-41%,158710,(190),4.9,Bộ đồ chơi mỹ phẩm mô phỏng bàn trang điểm nhiều màu cho bé - Sản phẩm an toàn không độc hại cho bé,605 Đã bán,https://www.lazada.vn/products/pdp-i2439229135.html
Trang điểm,Mỹ Phẩm Thuý Hường,149.000 ₫,-7%,138570,(480),4.8,Bộ Trang Điểm[12 Món X4]Đầy Đủ Makeup/Trang Điểm Đi Tiệc/Trang Điểm Cá Nhân Cơ Bản [12 Món X4],1.6K Đã bán,https://www.lazada.vn/products/pdp-i2495559111.html
Trang điểm,Mỹ Phẩm Thuý Hường,139.500 ₫,-14%,119970,(8),4.3,Bộ Trang Điểm Makuep Cơ Bản Đầy Đủ [12 Món Z5] Bộ Sản Phẩm Makep Của Nữ Dành Cho Người Mới Tập Trang Điểm Mỹ Phẩm Cosmetic,33 Đã bán,https://www.lazada.vn/products/pdp-i2661005914.html
Trang điểm,MICOMI Cosmetics,258.000 ₫,-50%,129000,(43),4.8,"Bộ Trang Điểm Đầy Đủ 15 Món Set Trang Điểm Makeup Từ A-Z Đi Tiệc Đi Chơi Đi Làm MICOMI Cosmetics Kem Nền, Phấn Phủ, Phấn Mắt, Mascara, Chì Kẻ Mày, Kẻ Mắt, Son Môi",178 Đã bán,https://www.lazada.vn/products/pdp-i1549223017.html
,Đồ chơi thông minh Alice,100.000 ₫,-15%,85000,(22),5.0,Bút màu Acrylic Marker 12 24 36 48 60 80 cao cấp màu sắc tươi sáng không lem - Bút lông màu,79 Đã bán,https://www.lazada.vn/products/pdp-i2603084748.html
Trang điểm,Nghi Thảo Store,43.000 ₫,-35%,27950,,,Giấy lau gel nail không xù ZUMIHA Nghi Thảo,,https://www.lazada.vn/products/pdp-i3189295428.html
Dụng cụ chăm sóc Sắc đẹp,LIJINGF,16.821 ₫,-58%,7064,,,LIJINGF Rây mỹ phẩm rỗng bằng nhựa 3ml lọ đựng bột rời nắp vặn trang điểm Lọ mỹ phẩm rỗng lọ có rây bột Bộ hộp đựng bột lỏng Rây mỹ phẩm rỗng lọ bột lỏng Hộp đựng đồ trang điểm tự làm nắp vặn Lọ mỹ phẩm rỗng lọ nhựa Rỗng Mỹ phẩm rây bột rời nắp vít tự làm,,https://www.lazada.vn/products/pdp-i3185189377.html
Nhập vai Phục trang & Dạ tiệc,ForesightOfficialStore,339.200 ₫,-33%,227264,(26),5.0,Bộ mỹ phẩm đồ chơi trang điểm 33 món không độc hại thích hợp cho bé,108 Đã bán,https://www.lazada.vn/products/pdp-i2395342022.html
Nhập vai Phục trang & Dạ tiệc,SpeedOfficialStore,307.100 ₫,-13%,267177,(4),5.0,"Bộ Dụng Cụ Làm Đẹp Mỹ Phẩm Cho Trẻ Em 17 Chiếc, Bộ Hộp Trang Điểm Không Độc Hại Bộ Quà Tặng Sinh Nhật Cho Bé Gái, Bộ Trang Điểm Cho Trẻ Em, Bộ Trang Điểm Cho Trẻ Em, Đồ Chơi Trang Điểm Cho Bé Gái,",11 Đã bán,https://www.lazada.vn/products/pdp-i2391300572.html
Trang điểm,LPShop01,134.000 ₫,-48%,69680,(3),5.0,"Full Box - Set Trang Điểm HANRU 4 Món Tiện Dụng, Đầy Đủ, Cơ Bản Cho Người Mới Bắt Đầu",9 Đã bán,https://www.lazada.vn/products/pdp-i2965101592.html
Chăm sóc da mặt,THỎ TÂY BEAUTY SHOP,175.000 ₫,-40%,105000,(68),4.5,"Combo Tái tạo da Phương Anh Yody White - sạch mụn, nám tàn nhang sẹo rỗ",390 Đã bán,https://www.lazada.vn/products/pdp-i1716797197.html
,Vpp.thudo,,,,(35),4.8,Bút sơn Uni paint PX 20,502 Đã bán,https://www.lazada.vn/products/pdp-i909268460.html
Thực phẩm chức năng,Đồ dùng thông minh - BUM SMART,170.000 ₫,-32%,115600,(195),5.0,"[CHE TÊN SP] Kem Xóa Thâm, Làm Hồng Nhũ Hoa CHÍNH HÃNG 100%, Làm Hồng Môi, Dưỡng Trắng Da Nách, Bikini vùng kín Sexy Pink Whitening Cream",2.4K Đã bán,https://www.lazada.vn/products/pdp-i1970422072.html
Chăm sóc da mặt,Mỹ Phẩm Kỳ Nam,,,,,,Bộ Mỹ Phẩm Chăm Sóc Da OKADY Tinh Chất Dưỡng Ẩm Trắng Da Chống Nhăn.,,https://www.lazada.vn/products/pdp-i3153916820.html
Chăm sóc cá nhân,Tuyết An Shop 1989,,,,,,Nước rửa chén Mỹ Hảo 1.5 kg trà xanh và chanh,,https://www.lazada.vn/products/pdp-i2641698306.html
,Dư Niên Store,,,,(2),5.0,"Bút sáp bay dạng xoay hiệu con gấu Panda, bút sáp ủi bay không cần chuốt.",,https://www.lazada.vn/products/pdp-i3165318901.html
Dụng cụ chăm sóc Sắc đẹp,THƯ STORE 99,180.000 ₫,-47%,95400,(72),4.4,Combo mỹ phẩm phụ kiện siêu tiết kiệm nhiều loại 9-13 món,332 Đã bán,https://www.lazada.vn/products/pdp-i2095203747.html
,Great-King,330.000 ₫,-50%,165000,(5),5.0,"DIY Set Tự Làm / Khung tranh đính đá pha lê size 20x25 handmade quà 14/3 tặng người yêu, quà sinh nhật, quà kỉ niệm",10 Đã bán,https://www.lazada.vn/products/pdp-i2621651100.html
Trang điểm,Tiệm Quà Của Mi,70.000 ₫,-50%,35000,,,"Bộ makeup 5 món , bộ trang điểm phấn mắt, má hồng, son môi, mascara, bộ cọ trang điểm",9 Đã bán,https://www.lazada.vn/products/pdp-i2905565289.html
Trang điểm,PaNa- Store,169.000 ₫,-41%,99710,(6),5.0,Bộ Trang Điểm Cá Nhân 7 đến 9 sản phẩm/ phấn nước lameila/Maccara/son/phấn phủ,32 Đã bán,https://www.lazada.vn/products/pdp-i1968046025.html
Nhập vai Phục trang & Dạ tiệc,CleverOfficial Store,373.830 ₫,-41%,220559,(21),5.0,⚡Miễn Phí Vận Chuyển⚡Bộ mỹ phẩm đồ chơi trang điểm 33 món không độc hại thích hợp cho bé,94 Đã bán,https://www.lazada.vn/products/pdp-i2424717349.html
Trang điểm,Mỹ Phẩm Thuý Hường,289.000 ₫,-7%,268770,(23),4.7,Bộ Trang Điểm Makuep Cơ Bản Đầy Đủ [24 Món S4] Bộ Sản Phẩm Makep Của Nữ Dành Cho Người Mới Tập Trang Điểm Mỹ Phẩm Cosmetic,85 Đã bán,https://www.lazada.vn/products/pdp-i2661137010.html
Trang điểm,BeautyCN,109.000 ₫,-46%,58860,(151),4.8,Set trang điểm Hanru 4 món tiện dụng cho người mới bắt đầu,539 Đã bán,https://www.lazada.vn/products/pdp-i2513632424.html
Dụng cụ chăm sóc Sắc đẹp,BUM BI,,,,(2),5.0,"Túi Đựng Đồ Trang Điểm Makeup Đính Hoa Tulip Dễ Thương, Túi Vải Mỹ Phẩm Có Quai Xách Tiện Lợi Khi Đi Du Lịch Nhiều Màu",,https://www.lazada.vn/products/pdp-i3028176047.html
Trang điểm,Huyền Anh Shop 3,,,,(10),5.0,Set mỹ phẩm trang điểm Hanru 4 món tiện dụng,32 Đã bán,https://www.lazada.vn/products/pdp-i2812788555.html
Trang điểm,Mỹ Phẩm Thuý Hường,239.500 ₫,-14%,205970,,,Bộ Trang Điểm Makuep Cơ Bản Đầy Đủ 22 Món Z4 Bộ Sản Phẩm Makep Của Nữ Dành Cho Người Mới Tập Trang Điểm Mỹ Phẩm Cosmetic,,https://www.lazada.vn/products/pdp-i2661112253.html
Dụng cụ chăm sóc Sắc đẹp,Kho Sỉ 247,,,,(20),4.9,Kệ Đựng MỸ Phẩm Mẫu Mới Cỡ Lớn (K62) - Đồ Trang Điểm Để Bàn Xoay 980 Sang Trọng Cao Cấp - Mẫu Mới 2024 Cực Đẹp,71 Đã bán,https://www.lazada.vn/products/pdp-i2823425496.html
Trang điểm,Hoa Bồ Công Anh Store,99.000 ₫,-30%,69300,(543),4.9,[SALE] Set Trang Điểm PRETTY MAKEUP HANRU 4 Món set trang điểm tiện dụng đa năng cho người mới bắt đầu,1.8K Đã bán,https://www.lazada.vn/products/pdp-i2525214388.html
Trang điểm,PaNa- Store,149.000 ₫,-42%,86420,(332),4.8,HOÀN TIỀN 15% - Bộ trang điểm Lameila 7 đến 8 món (Chính Hãng),1.5K Đã bán,https://www.lazada.vn/products/pdp-i1651160228.html
Dụng cụ chăm sóc Sắc đẹp,ListonX Vietnam,260.000 ₫,-50%,130000,(13),5.0,(MUA 2 TẶNG 1) Cốp Đựng Mỹ Phẩm/ Cốp Trang Điểm/ Cốp Makeup cao cấp | Tặng 1 bông mút trang điểm khi mua 2 sản phẩm bất kỳ,62 Đã bán,https://www.lazada.vn/products/pdp-i2970375943.html
Nhập vai Phục trang & Dạ tiệc,hoco_ SUPERSTAR _store,368.200 ₫,-38%,228284,(3),4.0,【🔥siêu rẻ】Bộ mỹ phẩm đồ chơi trang điểm 33 món không độc hại thích hợp cho bé,14 Đã bán,https://www.lazada.vn/products/pdp-i2496153432.html
Dụng cụ chăm sóc Sắc đẹp,BOSS BIG SHOP,29.000 ₫,-37%,18270,(80),4.8,"Kệ đựng mỹ phẩm, Kệ để đồ đa năng 3 Tầng 2 ngăn kéo để bàn ô tiện ích, Chất liệu nhựa ABS an toàn khi sử dụng",257 Đã bán,https://www.lazada.vn/products/pdp-i2067585727.html
Dụng cụ chăm sóc Sắc đẹp,An Nhiên.2702,130.000 ₫,-48%,67600,(26),4.9,Kệ Đựng Mỹ Phẩm Mẫu Mới Cỡ Lớn - Đồ Trang Điểm Để Bàn Xoay 360  Sang Trọng Cao Cấp - Mẫu Mới Cực Đẹp,100 Đã bán,https://www.lazada.vn/products/pdp-i2603121554.html
Tủ chứa & Sắp xếp đồ,Nội Thất YTC,550.000 ₫,-41%,324500,(593),4.9,"Kệ Đựng Mỹ Phẩm YTC Cao Cấp Nhập Khẩu, Chống Bụi Chống Nước Siêu Đẹp",2.3K Đã bán,https://www.lazada.vn/products/pdp-i1541343214.html
Trang điểm,Mỹ Phẩm Thuý Hường,210.000 ₫,-14%,180600,(17),4.8,Bộ Trang Điểm[20 Món D9]Đầy Đủ Makeup/Trang Điểm Đi Tiệc/Trang Điểm Cá Nhân Cơ Bản 20 Món Bộ D9,39 Đã bán,https://www.lazada.vn/products/pdp-i2428168315.html
Trang điểm,Mỹ Phẩm Thuý Hường,137.500 ₫,-14%,118250,(6),4.8,Bộ Trang Điểm[12 Món Y5]Đầy Đủ Makeup/Trang Điểm Đi Tiệc/Trang Điểm Cá Nhân Cơ Bản 12 Món,18 Đã bán,https://www.lazada.vn/products/pdp-i2628294302.html
Trang điểm,Mỹ Phẩm Thuý Hường,135.000 ₫,-14%,116100,(17),4.8,Bộ Trang Điểm Đầy Đủ Chính Hãng Bộ Makeup [14 Món E2] Cho Người Mới - Lamelia 14 Sản Phẩm Bộ E2,55 Đã bán,https://www.lazada.vn/products/pdp-i2427059118.html
Trang điểm,Hangnga Beauty Store,190.000 ₫,-50%,95000,(6),4.8,"[Bộ 18sp E5] Bộ make up, mỹ phẩm trang điểm, xịt khoá make-up, Kem nền, phấn má, phấn phủ, bộ cọ, tạo khối, che khuyết điểm, kẹp bấm mi, phấn mắt, kem lót, chuốt mi mascara, kẻ mắt, kẻ mày...",27 Đã bán,https://www.lazada.vn/products/pdp-i2685257652.html
Nhập vai Phục trang & Dạ tiệc,Toyfun-VN,88.000 ₫,-7%,81840,(23),4.6,Bộ đồ chơi mỹ phẩm dụng cụ trang điểm 33 món không độc hại chất liệu an toàn nhiều lựa chọn thích hợp cho bé,142 Đã bán,https://www.lazada.vn/products/pdp-i2721652746.html
Dụng cụ chăm sóc Sắc đẹp,Bách Hóa ADN.Shop,63.000 ₫,-19%,51030,(25),4.8,"[HCM] Set 3 Túi Nhựa Trong Suốt Đựng Đồ Đa Năng, Đựng Mỹ Phẩm, Đồ Dùng Cá Nhân  Mang Theo Tiện Lợi",95 Đã bán,https://www.lazada.vn/products/pdp-i2657844431.html
,HUGI KIDS - ĐỒ XINH CHO BÉ,200.000 ₫,-23%,154000,(143),5.0,Bút Lông Màu Acrylic Marker (Loại tốt) vẽ lên mọi chất liệu mực tươi đều và đậm,544 Đã bán,https://www.lazada.vn/products/pdp-i2557417530.html
Trang điểm,SKINCARE_MAKEUP SHOP,290.000 ₫,-50%,145000,(3),3.7,( Tặng bộ cọ 8 món)Trọn bộ trang điểm 12 món đầy đủ cho người mới/ set trang điểm đầy đủ/ bộ makeup cá nhân,7 Đã bán,https://www.lazada.vn/products/pdp-i2861587268.html
Trang điểm,Mỹ Phẩm Thuý Hường,350.000 ₫,-14%,301000,(38),4.9,Bộ Trang Điểm[27 Món] W1 Đầy Đủ Makeup/Trang Điểm Đi Tiệc/Trang Điểm Cá Nhân Cơ Bản 27 Món bộ W1,97 Đã bán,https://www.lazada.vn/products/pdp-i2579482980.html
Trang điểm,Mỹ Phẩm Thuý Hường,129.000 ₫,-14%,110940,(29),4.7,Bộ Trang Điểm[12 Món C10]Đầy Đủ Makeup/Trang Điểm Đi Tiệc/Trang Điểm Cá Nhân Cơ Bản 12 Món C10,129 Đã bán,https://www.lazada.vn/products/pdp-i2428204001.html
Trang điểm,Mỹ Phẩm Thuý Hường,138.500 ₫,-14%,119110,(2),5.0,Bộ Trang Điểm[12 Món Y7]Đầy Đủ Makeup/Trang Điểm Đi Tiệc/Trang Điểm Cá Nhân Cơ Bản 12 Món,13 Đã bán,https://www.lazada.vn/products/pdp-i2628280319.html
Dụng cụ chăm sóc Sắc đẹp,Mon-Basic Túi mỹ phẩm,165.000 ₫,-12%,145200,(4),5.0,Túi đựng đồ trang điểm du lịch 2 ngăn kéo -size lớn,9 Đã bán,https://www.lazada.vn/products/pdp-i2682220610.html
Dụng cụ chăm sóc Sắc đẹp,Shop Lộc1,,,,,,"Set 3 Túi Đựng Mỹ Phẩm, Đồ Trang Điểm, Đồ Cá Nhân Trong Suốt Chống Thấm Nước",,https://www.lazada.vn/products/pdp-i3180430634.html
Dụng cụ chăm sóc Sắc đẹp,Mon-Basic Túi mỹ phẩm,80.000 ₫,-19%,64800,(1),5.0,Túi đựng đồ makeup nhỏ gọn có chia ngăn,5 Đã bán,https://www.lazada.vn/products/pdp-i2681979743.html
Trang điểm,SKINCARE_MAKEUP SHOP,310.000 ₫,-50%,155000,,,Bộ trang điểm cá nhân/bộ trang điểm đi tiệc/set makeup/ trọn bộ trang điểm/ bộ makeup cá nhân/ Bộ trang điểm 14 món,,https://www.lazada.vn/products/pdp-i2861534236.html
Trang điểm,PaNa- Store,319.000 ₫,-48%,165880,(296),4.9,HOÀN TIỀN 15% - Trọn bộ 15 món trang điểm Lameila/ combo makeup/son/kem nền,884 Đã bán,https://www.lazada.vn/products/pdp-i2197672582.html
Dụng cụ chăm sóc Sắc đẹp,BUM BI,,,,(6),5.0,Túi mỹ phẩm đa năng có ngăn lưới tiện dụng WASH BAG Túi du lịch đựng đồ nhiều màu chống thấm nước - BUMSTORE,27 Đã bán,https://www.lazada.vn/products/pdp-i2344803313.html
Trang điểm,PaNa- Store,189.000 ₫,-39%,115290,(76),4.8,Bộ Trang Điểm Dành Cho Người Mới Tập Make Up/Trang Điểm Cá Nhân,322 Đã bán,https://www.lazada.vn/products/pdp-i1979447362.html
Tủ chứa & Sắp xếp đồ,VyVy.StoreVN,25.000 ₫,-28%,18000,(24),4.7,"Khay Nhựa Trong Suốt Đựng Mỹ Phẩm Có Tay Cầm, Hộp Đựng Đồ Nhựa Mỹ Phẩm Đa Năng Trang Trí Bàn",,https://www.lazada.vn/products/pdp-i2398411985.html
Trang điểm,Mỹ Phẩm Thuý Hường,129.000 ₫,-1%,127710,(23),5.0,Bộ trang điểm đầy đủ [10 món X3]  cơ bản set trang điểm cá nhân bộ makeup nhẹ nhàng đi chơi cho nàng Hatola Bộ X3,,https://www.lazada.vn/products/pdp-i2495571086.html
Trang điểm,Mỹ Phẩm Thuý Hường,199.000 ₫,-18%,163180,(132),4.9,Bộ Trang Điểm/Bộ trang điểm Đầy Đủ Chính Hãng Cho Người Mới [Bộ 22 món E5] - Lamelia 22 Sản Phẩm Bộ E5,,https://www.lazada.vn/products/pdp-i2421570043.html
Dụng cụ chăm sóc Sắc đẹp,Mon-Basic Túi mỹ phẩm,300.000 ₫,-22%,234000,(9),5.0,Túi đựng đồ trang điểm sức chứa lớn chống thấm nước,,https://www.lazada.vn/products/pdp-i2412324488.html
Trang điểm,QRQCpC.Selection,57.900 ₫,-54%,26634,(79),4.9,"Kem Nền Air Cushion -  Che Khuyết Điểm, Dưỡng Ẩm Lâu Dài, Dạng Lỏng 5.5g",251 Đã bán,https://www.lazada.vn/products/pdp-i2537876743.html
Chăm sóc cá nhân,Kimdan - Tạp Hóa Nhập Khẩu,,,,(116),5.0,[NHẬP KHẨU MỸ] LỐC 8 CỤC XÀ PHÒNG COAST (113GR/CỤC x 8),350 Đã bán,https://www.lazada.vn/products/pdp-i2335657248.html
Trang điểm,3U5nMK.Selection,36.400 ₫,-63%,13468,(393),4.9,"Bảng Che Khuyết Điểm 5 Màu YouliYoula 4.6g – Che Mụn, Thâm, Quầng Thâm, Tàn Nhang, Tạo Lớp Nền Tự Nhiên",1.5K Đã bán,https://www.lazada.vn/products/pdp-i2542591047.html
Trang điểm,LINZHI.Selection,22.200 ₫,-67%,7326,(600),4.9,"Son Lì Chống Nước, Dưỡng Ẩm, Bền Màu",2.2K Đã bán,https://www.lazada.vn/products/pdp-i2743266880.html
Dụng cụ chăm sóc Sắc đẹp,PTXIGANG,20.700 ₫,-33%,13869,(363),4.9,Bánh Mì Nướng Kẹo Bông Nhật Bản Miếng Bọt Biển Trang Điểm Siêu Mềm Dorisna Phóng To Và Dày Đệm Hơi Bông Thoa Phấn Nền Gối Nhỏ Mút Trang Điểm,6.1K Đã bán,https://www.lazada.vn/products/pdp-i3069687795.html
Dụng cụ chăm sóc Sắc đẹp,p22eom.Selection,21.700 ₫,-29%,15407,(258),4.9,"Bộ 8 cọ trang điểm, set 8 cọ trang điểm có túi khóa kéo xịn xò",1.6K Đã bán,https://www.lazada.vn/products/pdp-i2921143823.html
Dụng cụ chăm sóc Sắc đẹp,LAIKOU.Selection,52.700 ₫,-23%,40579,,,Bộ 3 Sản Phẩm Chăm Sóc Da Làm Sáng Tông Màu Da LAIKOU,2.2K Đã bán,https://www.lazada.vn/products/pdp-i3140890953.html
Trang điểm,MICOMI Cosmetics,258.000 ₫,-50%,129000,(43),4.8,"Bộ Trang Điểm Đầy Đủ 15 Món Set Trang Điểm Makeup Từ A-Z Đi Tiệc Đi Chơi Đi Làm MICOMI Cosmetics Kem Nền, Phấn Phủ, Phấn Mắt, Mascara, Chì Kẻ Mày, Kẻ Mắt, Son Môi",178 Đã bán,https://www.lazada.vn/products/pdp-i1549223017.html
Trang điểm,Homiichic,238.500 ₫,-29%,169335,,,Cam cam biển trang điểm Kem Băng Mỹ cách ly dầu dưỡng ẩm dưỡng ẩm Kem trang điểm,,https://www.lazada.vn/products/pdp-i3174388048.html
Chăm sóc da mặt,lamdepshop.store,,,,(291),4.9,Kem dưỡng trắng da Kone Thái Lan chính hãng - Kone Cream,5.0K Đã bán,https://www.lazada.vn/products/pdp-i2603994421.html
Nhập vai Phục trang & Dạ tiệc,Toyfun-VN,163.000 ₫,-16%,136920,(34),5.0,Bộ đồ chơi mỹ phẩm dụng cụ trang điểm 33 món không độc hại chất liệu an toàn thích hợp cho bé,125 Đã bán,https://www.lazada.vn/products/pdp-i2721530947.html
Nhập vai Phục trang & Dạ tiệc,SpeedOfficialStore,307.100 ₫,-13%,267177,(4),5.0,"Bộ Dụng Cụ Làm Đẹp Mỹ Phẩm Cho Trẻ Em 17 Chiếc, Bộ Hộp Trang Điểm Không Độc Hại Bộ Quà Tặng Sinh Nhật Cho Bé Gái, Bộ Trang Điểm Cho Trẻ Em, Bộ Trang Điểm Cho Trẻ Em, Đồ Chơi Trang Điểm Cho Bé Gái,",11 Đã bán,https://www.lazada.vn/products/pdp-i2391300572.html
Dụng cụ chăm sóc Sắc đẹp,Mộc Mỹ Nhân Nusee chính hãng,1.900.000 ₫,-37%,1197000,(2),5.0,Bộ mỹ phẩm mộc mỹ nhân mẫu mới- mộc mĩ nhân - Nusee,13 Đã bán,https://www.lazada.vn/products/pdp-i2167310821.html
Trang điểm,Sức Khỏe Và Sắc Đẹp Tươi Trẻ,204.000 ₫,-35%,132600,(1453),4.9,Kem Nền QIC Che Khuyết Điểm Dạng Lỏng Dưỡng Ẩm Kiềm Dầu Chống Thấm Nước,4.4K Đã bán,https://www.lazada.vn/products/pdp-i2281408492.html
Trang điểm,Makeup HN Store,155.000 ₫,-14%,133300,(49),4.8,"Bộ trang điểm đầy đủ 25 món makeup 13m,9m làm đẹp gồm xịt khoá nền, kem nền, phấn phủ, phấn mắt, phấn má, xịt chống nắng, kẻ mắt.. đầy đủ như hình",247 Đã bán,https://www.lazada.vn/products/pdp-i2687729956.html
Trang điểm,Mỹ Phẩm Thuý Hường,139.500 ₫,-14%,119970,(8),4.3,Bộ Trang Điểm Makuep Cơ Bản Đầy Đủ [12 Món Z5] Bộ Sản Phẩm Makep Của Nữ Dành Cho Người Mới Tập Trang Điểm Mỹ Phẩm Cosmetic,33 Đã bán,https://www.lazada.vn/products/pdp-i2661005914.html
Chăm sóc cá nhân,Cami Cosmetic (Mỹ phẩm Cami),189.000 ₫,-16%,158760,(14),4.9,BỘT TẮM TRẮNG THẢO MỘC CAMI COSMETIC,93 Đã bán,https://www.lazada.vn/products/pdp-i2594372752.html
Trang điểm,TI DO,,,,(45),4.8,[HCM]Kem Nền BB Cream Che Khuyết Lameila Chống Thấm Nước,366 Đã bán,https://www.lazada.vn/products/pdp-i972248796.html
Chăm sóc da mặt,Shop mỹ phẩm Lê Hạnh,700.000 ₫,-43%,399000,(19),4.9,Bộ Mỹ Phẩm Yiyimei Hồng Kong 5 món,79 Đã bán,https://www.lazada.vn/products/pdp-i2653845103.html
Trang điểm,IIYBC,7.000 ₫,-36%,4480,(1),5.0,Trứng 4 Gói Trứng Trang Điểm Chất Lỏng Kem Nền Puff Trang Điểm Bọt Biển Trang Điểm Trứng Trang Điểm,24 Đã bán,https://www.lazada.vn/products/pdp-i3180439448.html
Chăm sóc cá nhân,IIYBC,8.000 ₫,-50%,4000,,,【Free shipping for orders over 50K】Kem dưỡng da tay Gardenia Tinh dầu thơm Vitamin E Urea Dưỡng ẩm dưỡng ẩm Kem dưỡng da tay Gardenia,,https://www.lazada.vn/products/pdp-i3187081238.html
Trang điểm,Mỹ Phẩm Thuý Hường,134.500 ₫,-14%,115670,(11),4.8,Bộ Trang Điểm Makuep Cơ Bản Đầy Đủ [12 Món Z3] Bộ Sản Phẩm Makep Của Nữ Dành Cho Người Mới Tập Trang Điểm Mỹ Phẩm Cosmetic,45 Đã bán,https://www.lazada.vn/products/pdp-i2661025733.html
Trang điểm,Tiệm Quà Của Mi,70.000 ₫,-50%,35000,,,"Bộ makeup 5 món , bộ trang điểm phấn mắt, má hồng, son môi, mascara, bộ cọ trang điểm",9 Đã bán,https://www.lazada.vn/products/pdp-i2905565289.html
Trang điểm,NailBND,80.000 ₫,-57%,34400,,,"Sơn gel ngọc trai GEMIYA 15ml - Sơn móng tay gel nhũ ánh trai hiệu ứng vỏ sò, lụa trắng siêu sáng",,https://www.lazada.vn/products/pdp-i3188942861.html
Nhập vai Phục trang & Dạ tiệc,Toy-VN,269.000 ₫,-41%,158710,(190),4.9,Bộ đồ chơi mỹ phẩm mô phỏng bàn trang điểm nhiều màu cho bé - Sản phẩm an toàn không độc hại cho bé,605 Đã bán,https://www.lazada.vn/products/pdp-i2439229135.html
Trang điểm,Huyền Anh Shop 3,,,,(10),5.0,Set mỹ phẩm trang điểm Hanru 4 món tiện dụng,32 Đã bán,https://www.lazada.vn/products/pdp-i2812788555.html
Trang điểm,Mỹ Phẩm Thuý Hường,149.000 ₫,-7%,138570,(480),4.8,Bộ Trang Điểm[12 Món X4]Đầy Đủ Makeup/Trang Điểm Đi Tiệc/Trang Điểm Cá Nhân Cơ Bản [12 Món X4],1.6K Đã bán,https://www.lazada.vn/products/pdp-i2495559111.html
Trang điểm,Luckyhouse vn,49.000 ₫,-43%,27930,(760),4.8,Phấn nước sunisa - kem nền che khuyết điểm siêu mềm mịn tặng kèm bông cọ,4.2K Đã bán,https://www.lazada.vn/products/pdp-i731468942.html
Trang điểm,Mỹ Phẩm Thuý Hường,289.000 ₫,-7%,268770,(23),4.7,Bộ Trang Điểm Makuep Cơ Bản Đầy Đủ [24 Món S4] Bộ Sản Phẩm Makep Của Nữ Dành Cho Người Mới Tập Trang Điểm Mỹ Phẩm Cosmetic,85 Đã bán,https://www.lazada.vn/products/pdp-i2661137010.html
Chăm sóc da mặt,Mikasa Pharmacy Store,250.000 ₫,-28%,180000,(3),5.0,"Kem Dưỡng Sáng Trẻ Hóa Da MMEIR 377 Whitening Lady Cream - Tinh Chất Dưỡng MméiR Làm Mờ Nám, Sạm, Tàn Nhang",22 Đã bán,https://www.lazada.vn/products/pdp-i3185270419.html
Nhập vai Phục trang & Dạ tiệc,ForesightOfficialStore,339.200 ₫,-33%,227264,(26),5.0,Bộ mỹ phẩm đồ chơi trang điểm 33 món không độc hại thích hợp cho bé,108 Đã bán,https://www.lazada.vn/products/pdp-i2395342022.html
Dụng cụ chăm sóc Sắc đẹp,THƯ STORE 99,180.000 ₫,-47%,95400,(72),4.4,Combo mỹ phẩm phụ kiện siêu tiết kiệm nhiều loại 9-13 món,332 Đã bán,https://www.lazada.vn/products/pdp-i2095203747.html
Trang điểm,Shop Lu Lu,95.000 ₫,-12%,83600,,,"(LL) Bộ Trang Điểm ADS Đủ Bộ 40 món Full Hộp , Tiện Lợi , Kiểu dáng thanh lịch, thiết kế nhỏ gọn, dễ dàng mang theo.",,https://www.lazada.vn/products/pdp-i2768447264.html
Chăm sóc da mặt,MỸ PHẨM CHÍNH HÃNG GIÁ TỐT RUBY,,,,(15),5.0,COMBO KEM FACE T&T KEM DƯỠNG VÀ TONER SIÊU CẤP,108 Đã bán,https://www.lazada.vn/products/pdp-i2748381734.html
Trang điểm,LPShop01,134.000 ₫,-48%,69680,(3),5.0,"Full Box - Set Trang Điểm HANRU 4 Món Tiện Dụng, Đầy Đủ, Cơ Bản Cho Người Mới Bắt Đầu",9 Đã bán,https://www.lazada.vn/products/pdp-i2965101592.html
Trang điểm,saleoffcosmetic,60.000 ₫,-33%,40200,(1),5.0,Sản phẩm trang điểm ngẫu nhiên Không chọn mẫu,8 Đã bán,https://www.lazada.vn/products/pdp-i2711471837.html
Trang điểm,MYPHAMTUYEN.NET,79.000 ₫,-18%,64780,(3),5.0,"Phấn Nước L-DA Air Cushion BB Kiềm Dầu, Che Phủ Mịn Màng, Se Khít Lỗ Chân Lông 30ml",13 Đã bán,https://www.lazada.vn/products/pdp-i3069546668.html
Trang điểm,saleoffcosmetic,50.000 ₫,-50%,25000,(20),3.9,"SALE NGẪU NHIÊN 1 Món PHẤN MẮT , SON , KEM NỀN , PHẤN PHỦ Mỹ phẫm ngẫu nhiên",81 Đã bán,https://www.lazada.vn/products/pdp-i2710908792.html
Quần áo trẻ em,zichu,260.000 ₫,-43%,148200,,,New Disney An Toàn Và Không-Độc Hại Bộ trang điểm Cho Trẻ Em Cô Gái Son bóng Son môi Đồ Chơi Trẻ Em Của Mỹ Phẩm bé gái công chúa Son dưỡng ẩm Son Môi Bé,,https://www.lazada.vn/products/pdp-i2806510970.html
Chăm sóc cá nhân,Tuyết An Shop 1989,,,,,,Nước rửa chén Mỹ Hảo 1.5 kg trà xanh và chanh,,https://www.lazada.vn/products/pdp-i2641698306.html
Trang điểm,VC Store,250.000 ₫,-40%,150000,(1),5.0,"Kem Nền Dưỡng Da, Kiềm Dầu STICK FOUNDATION – STICK FOUNDATION Hỗ Trợ Kiềm Dầu, Che Khuyết Điểm, Giữ Lớp Makeup Bền Màu, Dưỡng Da Tự Nhiên",17 Đã bán,https://www.lazada.vn/products/pdp-i3060465606.html
Dụng cụ chăm sóc Sắc đẹp,Mon-Basic Túi mỹ phẩm,80.000 ₫,-19%,64800,(1),5.0,Túi đựng đồ makeup nhỏ gọn có chia ngăn,5 Đã bán,https://www.lazada.vn/products/pdp-i2681979743.html
Dụng cụ chăm sóc Sắc đẹp,p22eom.Selection,21.900 ₫,-42%,12702,(406),4.9,Little Fatty Dun Magic Traceless foundation make-up Brush Don't Eat Powder Official Genuine Makeup Brush powder blusher Brush High gloss Brush,1.5K Đã bán,https://www.lazada.vn/products/pdp-i2514848207.html
Chăm sóc da mặt,LD Store79.Selection,81.700 ₫,-23%,62909,(9),4.0,Kem Che Khuyết Điểm Dưỡng Ẩm Trang Điểm Làm Sáng Lười Không Trang Điểm Kem Lõi Tự Nhiên Trang Điểm Trước Trang Điểm,114 Đã bán,https://www.lazada.vn/products/pdp-i3048890858.html
Trang điểm,807Txb21-2.Selection,26.500 ₫,-29%,18815,,,"Bút chì kẻ mắt lấp lánh với miếng bọt biển kim loại nhòe sáng bóng lâu trôi, mỹ phẩm trang điểm phấn mắt ngọc trai sáng bóng",7.1K Đã bán,https://www.lazada.vn/products/pdp-i3140955373.html
Chăm sóc cá nhân,HoangUyen Cosmetics (HCM),200.000 ₫,-12%,176000,(1184),4.9,Lốc 8 Cục Xà Bông Coast Của Mỹ (Phân Loại),2.8K Đã bán,https://www.lazada.vn/products/pdp-i2239057879.html
Trang điểm,IjFgfR.Selection,29.900 ₫,-66%,10166,(91),5.0,Son Môi Gradient HELLOSTYLE Thiên Thần – Màu Nude Tự Nhiên,462 Đã bán,https://www.lazada.vn/products/pdp-i2533078370.html
Dụng cụ chăm sóc Sắc đẹp,Mon-Basic Túi mỹ phẩm,165.000 ₫,-12%,145200,(4),5.0,Túi đựng đồ trang điểm du lịch 2 ngăn kéo -size lớn,9 Đã bán,https://www.lazada.vn/products/pdp-i2682220610.html
Trang điểm,PaNa- Store,110.000 ₫,-37%,69300,,,Bộ trang điểm 4 món/ kem nền / kem lót/ phấn phủ/ mút,,https://www.lazada.vn/products/pdp-i3166530812.html
Trang điểm,Hoa Bồ Công Anh Store,99.000 ₫,-30%,69300,(543),4.9,[SALE] Set Trang Điểm PRETTY MAKEUP HANRU 4 Món set trang điểm tiện dụng đa năng cho người mới bắt đầu,1.8K Đã bán,https://www.lazada.vn/products/pdp-i2525214388.html
Trang điểm,Applause905,,,,,,Chính hãng Bộ Chiếc Mỹ Phẩm Cao Cấp Tiện Lợi( nhỏ xinh),,https://www.lazada.vn/products/pdp-i2393867644.html
Trang điểm,MICOMI Cosmetics.Selection,36.900 ₫,-29%,26199,(34),4.8,SET 2 Bút Che Khuyết Điểm Toàn Diện Vùng Mặt Môi Mắt Mụn Quầng Thâm Che Hình Xăm Chống Nước Mịn Lì LAMEILA Make Up Trang Điểm MICOMI Cosmetics,134 Đã bán,https://www.lazada.vn/products/pdp-i2656785208.html
Trang điểm,Kiss & MAKEUP.Selection,32.000 ₫,-29%,22720,(4642),4.9,Son Bóng Oulesong Màu Nude Nhạt Mềm Mượt Môi Chống Thấm Nước,29.9K Đã bán,https://www.lazada.vn/products/pdp-i2401295446.html
Chăm sóc da mặt,THỎ TÂY BEAUTY SHOP,175.000 ₫,-40%,105000,(68),4.5,"Combo Tái tạo da Phương Anh Yody White - sạch mụn, nám tàn nhang sẹo rỗ",390 Đã bán,https://www.lazada.vn/products/pdp-i1716797197.html
Trang điểm,Alyssa Store Trung Hoa,1.500.000 ₫,-17%,1245000,(6),5.0,Bộ Trang Điểm Quà Tặng 4 tầng MEIYU hồng trái tim cao cấp và sang trọng đầy đủ 14 kèm Gương LED cảm ứng,36 Đã bán,https://www.lazada.vn/products/pdp-i2538691872.html
Nhập vai Phục trang & Dạ tiệc,CleverOfficial Store,373.830 ₫,-41%,220559,(21),5.0,⚡Miễn Phí Vận Chuyển⚡Bộ mỹ phẩm đồ chơi trang điểm 33 món không độc hại thích hợp cho bé,94 Đã bán,https://www.lazada.vn/products/pdp-i2424717349.html
Trang điểm,PaNa- Store,169.000 ₫,-41%,99710,(6),5.0,Bộ Trang Điểm Cá Nhân 7 đến 9 sản phẩm/ phấn nước lameila/Maccara/son/phấn phủ,32 Đã bán,https://www.lazada.vn/products/pdp-i1968046025.html
Trang điểm,Makeup HN Store,235.000 ₫,-22%,183300,(1),5.0,"Bộ 20 món trang điểm make-up (HN01) gồm có: Kem nền, xịt khoáng, phấn má, phấn phủ, che khuyết điểm, chuốt mi mascara, nhũ mắt kim tuyến, kẹp mi, bộ cọ... bộ 20món như hình",,https://www.lazada.vn/products/pdp-i2726885720.html
Trang điểm,Hangnga Beauty Store,437.000 ₫,-50%,218500,(74),4.8,"Bộ Trang Điểm 24 món, bộ 18 món, Bảng phấn mắt, Kem nền, Kẻ mắt, Kẻ mày, Kẹp cong mi, Gương, Bộ khuôn vẽ mày và Bông mút",214 Đã bán,https://www.lazada.vn/products/pdp-i2545593978.html
Trường học & văn phòng,KOUZIO.Selection,15.300 ₫,-33%,10251,(15284),5.0,"Kệ Nhựa Đa Năng Ngăn Chứa – Sắp Xếp Gọn Gàng Bút, Mỹ Phẩm, Đồ Trang Điểm & Hơn Thế Nữa",54.5K Đã bán,https://www.lazada.vn/products/pdp-i2504507679.html
Tủ chứa & Sắp xếp đồ,tyxz8a.Selection,,,,(494),4.9,2PCS Soild đầy màu sắc đa chức năng mở máy tính để bàn bếp Hộp đựng mỹ phẩm văn phòng Hộp đựng đồ gia dụng,2.0K Đã bán,https://www.lazada.vn/products/pdp-i2706510802.html
Nhập vai Phục trang & Dạ tiệc,Toyfun-VN,88.000 ₫,-7%,81840,(23),4.6,Bộ đồ chơi mỹ phẩm dụng cụ trang điểm 33 món không độc hại chất liệu an toàn nhiều lựa chọn thích hợp cho bé,142 Đã bán,https://www.lazada.vn/products/pdp-i2721652746.html
Trang điểm,Shop Pé Heo Chuyên Sỉ,90.000 ₫,-7%,83700,(33),4.8,"(Siêu Hot) Bộ Trang Điểm ADS Đủ Bộ 40 món Full Hộp , Phấn Mắt , Phấn nền , Phấn má , Son Môi",162 Đã bán,https://www.lazada.vn/products/pdp-i2433849349.html
Chăm sóc da mặt,ThiênPhúcAnh Shop,60.000 ₫,-30%,42000,(9),5.0,"(Free Ship) Kem lười nâng tone VC trang điểm lớp makeup vitamin C lamd săn chắc , dưỡng sâu chân lông",39 Đã bán,https://www.lazada.vn/products/pdp-i2995048234.html
Nhập vai Phục trang & Dạ tiệc,cosmetics.beauty,382.419 ₫,-47%,202682,(16),5.0,Bộ mỹ phẩm đồ chơi trang điểm 33 món không độc hại thích hợp cho bé,54 Đã bán,https://www.lazada.vn/products/pdp-i2396004321.html
Trang điểm,Mỹ Phẩm Thuý Hường,99.000 ₫,-14%,85140,(18),4.5,Bộ Trang Điểm [8 Món ] Xinh Xắn Lameila Dành Cho Người Mới Tập Makuep(Chính Hãng) Bộ 8 món xinh xắn,57 Đã bán,https://www.lazada.vn/products/pdp-i2427027901.html
Nhập vai Phục trang & Dạ tiệc,hoco_ SUPERSTAR _store,368.200 ₫,-38%,228284,(3),4.0,【🔥siêu rẻ】Bộ mỹ phẩm đồ chơi trang điểm 33 món không độc hại thích hợp cho bé,14 Đã bán,https://www.lazada.vn/products/pdp-i2496153432.html
Nhập vai Phục trang & Dạ tiệc,A_hoco__Store,373.830 ₫,-44%,209344,(2),5.0,【giao hàng trong vòng 24h】Bộ mỹ phẩm đồ chơi trang điểm 33 món không độc hại thích hợp cho bé,6 Đã bán,https://www.lazada.vn/products/pdp-i2664089214.html
Trang điểm,An An Mỹ Phẩm,,,,(5),4.6,"Kem che khuyết điểm có cọ A.M.G MATTE FOUNDATION - Kem nền thỏi 2 đầu STICK FOUNDATION chống nước, cấp ẩm, làm sáng da",27 Đã bán,https://www.lazada.vn/products/pdp-i3064685250.html
Dụng cụ chăm sóc Sắc đẹp,Derf Store,65.000 ₫,-46%,35100,,,10 Rows Fake Eyelashes Set Large Capacity Quality Natural Long Eyelash Extensions with glue,,https://www.lazada.vn/products/pdp-i3186505449.html
Dụng cụ chăm sóc Sắc đẹp,BUM BI,,,,(2),5.0,"Túi Đựng Đồ Trang Điểm Makeup Đính Hoa Tulip Dễ Thương, Túi Vải Mỹ Phẩm Có Quai Xách Tiện Lợi Khi Đi Du Lịch Nhiều Màu",,https://www.lazada.vn/products/pdp-i3028176047.html
Dụng cụ chăm sóc Sắc đẹp,Khánh BossBaBy Kun,159.000 ₫,-38%,98580,(83),4.8,Kệ Mỹ Phẩm ?? Freeship ?? Kệ Đựng Mỹ Phẩm ?? Kệ để mỹ phẩm ?? Kệ đựng đồ trang điểm Trong Suốt Xoay 360 Độ,322 Đã bán,https://www.lazada.vn/products/pdp-i1437321396.html
Dụng cụ chăm sóc Sắc đẹp,MAANGE LOCAL STORE,40.000 ₫,-50%,20000,(7),4.4,Bộ dụng cụ làm sạch cọ trang điểm MAANGE hỗ trợ rửa và phơi khô tiện lợi 4477,32 Đã bán,https://www.lazada.vn/products/pdp-i2847857108.html
Dụng cụ chăm sóc Sắc đẹp,BOSS BIG SHOP,29.000 ₫,-37%,18270,(80),4.8,"Kệ đựng mỹ phẩm, Kệ để đồ đa năng 3 Tầng 2 ngăn kéo để bàn ô tiện ích, Chất liệu nhựa ABS an toàn khi sử dụng",257 Đã bán,https://www.lazada.vn/products/pdp-i2067585727.html
Chăm sóc da mặt,TỔNG KHO MỸ PHẨM GIÁ GỐC,,,,,,Bộ sản phẩm dưỡng da -căng bóng chăm sóc da mặt KanjN bộ 12 sản phẩm nội địa trυng mẫu nâng cấp,,https://www.lazada.vn/products/pdp-i2636587894.html
Dụng cụ chăm sóc Sắc đẹp,ListonX Vietnam,260.000 ₫,-50%,130000,(13),5.0,(MUA 2 TẶNG 1) Cốp Đựng Mỹ Phẩm/ Cốp Trang Điểm/ Cốp Makeup cao cấp | Tặng 1 bông mút trang điểm khi mua 2 sản phẩm bất kỳ,62 Đã bán,https://www.lazada.vn/products/pdp-i2970375943.html
Trang điểm,Mỹ Phẩm Thuý Hường,239.500 ₫,-14%,205970,,,Bộ Trang Điểm Makuep Cơ Bản Đầy Đủ 22 Món Z4 Bộ Sản Phẩm Makep Của Nữ Dành Cho Người Mới Tập Trang Điểm Mỹ Phẩm Cosmetic,,https://www.lazada.vn/products/pdp-i2661112253.html
Dụng cụ chăm sóc Sắc đẹp,Shop Lộc1,,,,,,"Set 3 Túi Đựng Mỹ Phẩm, Đồ Trang Điểm, Đồ Cá Nhân Trong Suốt Chống Thấm Nước",,https://www.lazada.vn/products/pdp-i3180430634.html
Dụng cụ chăm sóc Sắc đẹp,An Nhiên.2702,130.000 ₫,-48%,67600,(26),4.9,Kệ Đựng Mỹ Phẩm Mẫu Mới Cỡ Lớn - Đồ Trang Điểm Để Bàn Xoay 360  Sang Trọng Cao Cấp - Mẫu Mới Cực Đẹp,100 Đã bán,https://www.lazada.vn/products/pdp-i2603121554.html
Trang điểm,BON HT,159.000 ₫,-31%,109710,,,Combo trang điểm 8 món Youliyoula hot tiktok -Bộ trang điểm 8 món Youliyoula / Set trang điểm youliyoula,,https://www.lazada.vn/products/pdp-i2329461560.html
Nhập vai Phục trang & Dạ tiệc,CleverOfficial Store,299.000 ₫,-27%,218270,(1),5.0,⚡Miễn Phí Vận Chuyển⚡Đồ Chơi Bộ Trang Điểm Trẻ Em Túi Xách Trang Điểm An Toàn Và Không Độc Hại Bộ Mỹ Phẩm Đồ Chơi Bé Gái,20 Đã bán,https://www.lazada.vn/products/pdp-i2685748227.html
Tủ chứa & Sắp xếp đồ,Nội Thất YTC,550.000 ₫,-41%,324500,(593),4.9,"Kệ Đựng Mỹ Phẩm YTC Cao Cấp Nhập Khẩu, Chống Bụi Chống Nước Siêu Đẹp",2.3K Đã bán,https://www.lazada.vn/products/pdp-i1541343214.html
Thực phẩm chức năng,Đồ dùng thông minh - BUM SMART,170.000 ₫,-32%,115600,(195),5.0,"[CHE TÊN SP] Kem Xóa Thâm, Làm Hồng Nhũ Hoa CHÍNH HÃNG 100%, Làm Hồng Môi, Dưỡng Trắng Da Nách, Bikini vùng kín Sexy Pink Whitening Cream",2.4K Đã bán,https://www.lazada.vn/products/pdp-i1970422072.html
Trang điểm,Mỹ Phẩm Thuý Hường,139.000 ₫,-14%,119540,(11),5.0,(Bán Buôn Sỉ) Bộ trang điểm 13 món son blar A12  chất ngất: Kem BB+Phấn phủ+Phấn mắt+Mascara+Kẻ mày+Kẻ mắt+... Set Trang Điểm Bộ 13 món son Blr A2,32 Đã bán,https://www.lazada.vn/products/pdp-i2488771524.html
Chăm sóc da mặt,ALPHA COFFEE,103.680 ₫,-55%,46656,(49),4.9,[Cam Kết Hết Mụn Thâm Trong 7 Ngày] Kem Giảm Mụn Cấp Tốc Loại Bỏ Mụn và Vết Thâm Hoàn Toàn Thu Nhỏ Lỗ Chân Lông CYSTIC Acne Giúp Da Láng Mịn Khít Lỗ Chân Lông Kiểm Soát Dầu/25g,154 Đã bán,https://www.lazada.vn/products/pdp-i2661521706.html
Trang điểm,Alyssa Store Trung Hoa,400.000 ₫,-5%,380000,(6),5.0,Bộ Trang điểm nội địa Trung đầy đủ 11 món YOULIYOULA hàng chính hãng + Tặng kèm túi đựng đẹp,25 Đã bán,https://www.lazada.vn/products/pdp-i2419349455.html
Dụng cụ chăm sóc Sắc đẹp,Queen Global Home,95.000 ₫,-32%,64600,(159),4.9,Túi Đựng Mỹ Phẩm Đồ Trang Điểm Nhiều Ngăn Có Móc Treo - Đựng Đồ Du Lịch Cá Nhân Chống Thấm Nước Tiện Lợi,1.3K Đã bán,https://www.lazada.vn/products/pdp-i1257665183.html
Dụng cụ chăm sóc Sắc đẹp,Mon-Basic Túi mỹ phẩm,175.000 ₫,-38%,108500,,,Túi đựng mỹ phẩm đồ trang điểm du lịch nhiều ngăn tiện dụng,,https://www.lazada.vn/products/pdp-i2412238842.html
Nhập vai Phục trang & Dạ tiệc,Samebeauty,395.167 ₫,-42%,229196,(5),5.0,Bộ mỹ phẩm đồ chơi trang điểm 33 món không độc hại thích hợp cho bé,13 Đã bán,https://www.lazada.vn/products/pdp-i2392049140.html
Dụng cụ chăm sóc Sắc đẹp,ACB phát,220.000 ₫,-35%,143000,(13),4.6,"Cốp Vải Chống Thấm Nước_Cốp Vali LV Mini Đựng Dụng Cụ Phun Xăm, Spa, Nail, Túi Đựng Đồ Makeup Cốp Trang Điểm Cá Nhân_Túi đồ dùng cá nhân & mỹ phẩm",44 Đã bán,https://www.lazada.vn/products/pdp-i2235256831.html
Trang điểm,Mỹ Phẩm Thuý Hường,246.500 ₫,-14%,211990,,,Bộ Trang Điểm Makuep Cơ Bản Đầy Đủ [22 Món S7] Bộ Sản Phẩm Makep Của Nữ Dành Cho Người Mới Tập Trang Điểm Mỹ Phẩm Cosmetic,,https://www.lazada.vn/products/pdp-i2661090348.html
Trang điểm,Mê hàng Trung Hoa,88.000 ₫,-10%,79200,(1),5.0,Set trang điểm đầy đủ 9 món Hươu vàng,6 Đã bán,https://www.lazada.vn/products/pdp-i2369743642.html
Trang điểm,SKINCARE_MAKEUP SHOP,230.000 ₫,-50%,115000,(1),5.0,Bộ Trang Điểm 11 Món Đầy Đủ Make Up/ Trang điểm đi tiệc/trang điểm cá nhân/ Combo makeup / Set Trang Điểm,,https://www.lazada.vn/products/pdp-i2861565230.html
Trang điểm,Bella Girl,113.730 ₫,-40%,68238,(48),5.0,Kem che khuyết điểm mặt - Kem nền dạng lỏng - Làm sáng tông màu da - Che vết mụn quầng thâm - Kem che khuyết điểm mờ,59 Đã bán,https://www.lazada.vn/products/pdp-i3106816779.html
Tủ chứa & Sắp xếp đồ,GIA DỤNG SỈ TPHCM,198.000 ₫,-57%,85140,(2),5.0,KỆ TỦ ĐỰNG MỸ PHẨM ĐỒ TRANG ĐIỂM MINI TRONG SUỐT 4 TẦNG TASHUAN - KỆ NHỰA ĐỰNG MỸ PHẨM 4 TẦNG NGĂN KÉO TIỆN DỤNG,20 Đã bán,https://www.lazada.vn/products/pdp-i1983027549.html
Trang điểm,PaNa- Store,149.000 ₫,-42%,86420,(332),4.8,HOÀN TIỀN 15% - Bộ trang điểm Lameila 7 đến 8 món (Chính Hãng),1.5K Đã bán,https://www.lazada.vn/products/pdp-i1651160228.html
Trang điểm,Phukienxinh14,109.000 ₫,-46%,58860,(4),5.0,Set Trang Điểm PRETTY MAKEUP MSMEESHU HANRU 4 MÓN,7 Đã bán,https://www.lazada.vn/products/pdp-i2513346987.html
Trang điểm,BUM BI,,,,,,"Phấn Nước Kiềm Dầu Lameila Họa Tiết Chiếc Ô Hoạt Hình Cute, Kem Nền BB Cream Kèm Mút Tán Giúp Lớp Trang Điểm Tự Nhiên. - BUMSTORE",,https://www.lazada.vn/products/pdp-i2576650315.html
Trang điểm,YoonnaShop.Selection,26.600 ₫,-29%,18886,(2956),4.9,Kem che khuyết điểm LAMEILA sáng bóng dưỡng ẩm kiềm dầu trang điểm lâu trôi,13.4K Đã bán,https://www.lazada.vn/products/pdp-i2416445949.html
Dụng cụ chăm sóc Sắc đẹp,BMPEIC Vietnam,30.173 ₫,-58%,12672,,,BMPEIC Simulation Rabbit Series False Eyelashes Comic Individual Cluster Reusable Segmented Winged Thick Lash Extension 12mm Eyelashes,,https://www.lazada.vn/products/pdp-i3185150229.html
Trang điểm,Mỹ Phẩm Thuý Hường,137.500 ₫,-14%,118250,(6),4.8,Bộ Trang Điểm[12 Món Y5]Đầy Đủ Makeup/Trang Điểm Đi Tiệc/Trang Điểm Cá Nhân Cơ Bản 12 Món,18 Đã bán,https://www.lazada.vn/products/pdp-i2628294302.html
Trang điểm,Mỹ Phẩm Thuý Hường,135.000 ₫,-14%,116100,(17),4.8,Bộ Trang Điểm Đầy Đủ Chính Hãng Bộ Makeup [14 Món E2] Cho Người Mới - Lamelia 14 Sản Phẩm Bộ E2,55 Đã bán,https://www.lazada.vn/products/pdp-i2427059118.html
Dụng cụ chăm sóc Sắc đẹp,Kho Sỉ 247,,,,(20),4.9,Kệ Đựng MỸ Phẩm Mẫu Mới Cỡ Lớn (K62) - Đồ Trang Điểm Để Bàn Xoay 980 Sang Trọng Cao Cấp - Mẫu Mới 2024 Cực Đẹp,71 Đã bán,https://www.lazada.vn/products/pdp-i2823425496.html
Trang điểm,Mỹ Phẩm Thuý Hường,199.000 ₫,-18%,163180,(131),4.9,Bộ Trang Điểm/Bộ trang điểm Đầy Đủ Chính Hãng Cho Người Mới [Bộ 22 món E5] - Lamelia 22 Sản Phẩm Bộ E5,451 Đã bán,https://www.lazada.vn/products/pdp-i2421570043.html
Dụng cụ chăm sóc Sắc đẹp,OCE-giadungtienich,105.000 ₫,-36%,67200,(28),4.9,Túi Đựng Mỹ Phẩm Đồ Trang Điểm Trang Sức JYoohome Túi Đựng Đồ Dùng Du Lịch Trong Suốt Chống Thấm Nước,147 Đã bán,https://www.lazada.vn/products/pdp-i2486921387.html
Trang điểm,Mỹ Phẩm Thuý Hường,149.000 ₫,-14%,128140,(8),4.5,Bộ Trang Điểm[12 Món X6]Đầy Đủ Các Món Makeup/Trang Điểm Đi Tiệc/Trang Điểm Cơ Bản [12 Món X6],29 Đã bán,https://www.lazada.vn/products/pdp-i2495525326.html
Trang điểm,Mỹ Phẩm Thuý Hường,138.500 ₫,-14%,119110,(2),5.0,Bộ Trang Điểm[12 Món Y7]Đầy Đủ Makeup/Trang Điểm Đi Tiệc/Trang Điểm Cá Nhân Cơ Bản 12 Món,13 Đã bán,https://www.lazada.vn/products/pdp-i2628280319.html
Trang điểm,Mỹ Phẩm Thuý Hường,350.000 ₫,-14%,301000,(12),5.0,[ Bộ trang điểm] 27 Món [V5] Bộ sản phẩm  trang điểm MAKEUP  gồm 27 món (V5) đa năng tiện dụng Dành cho người mới tầm makeup [chính hãng],30 Đã bán,https://www.lazada.vn/products/pdp-i2584394827.html
Trang điểm,Mỹ Phẩm Thuý Hường,241.500 ₫,-14%,207690,(2),4.5,Bộ Trang Điểm Makuep Cơ Bản Đầy Đủ [22 Món S6] Bộ Sản Phẩm Makep Của Nữ Dành Cho Người Mới Tập Trang Điểm Mỹ Phẩm Cosmetic,15 Đã bán,https://www.lazada.vn/products/pdp-i2661059639.html
Trang điểm,Tạt hóa và mỹ phẩn tổng hợp hoa mận,,,,,,KEM NÊN  CHE KHUYẾT ĐIỂM  NÂNG TỔNG TRẮNG TỰ NHIÊN,,https://www.lazada.vn/products/pdp-i3070234664.html
Tủ chứa & Sắp xếp đồ,Gia Dụng Tiện Ích EzyHome,120.000 ₫,-50%,60000,,,"Kệ Nhựa Đựng Mỹ Phẩm 3 Tầng 2 Ngăn Kéo - Hộp Nhựa Chia Ngăn Đựng Cọ, Son, Vật Dụng Cá Nhân Nhỏ Gọn - Kệ Trang Điểm Mini Tiện Lợi Cho Bàn Trang Điểm",,https://www.lazada.vn/products/pdp-i3116906542.html
Trang điểm,Tiệm Quà Của Mi,78.000 ₫,-50%,39000,,,Tron bộ trang điểm 9 món đầy đủ các bước trang điểm/son/kem nền/Phấn mắt/ Má hồng/ Mascara/ Kẻ mắt/ Bấm mi/ chì mày/Bộcọ,,https://www.lazada.vn/products/pdp-i2904658402.html
Trang điểm,Mỹ Phẩm Thuý Hường,134.500 ₫,-14%,115670,,,Bộ Trang Điểm Makuep Cơ Bản Đầy Đủ [12 Món Z2] Bộ Sản Phẩm Makep Của Nữ Dành Cho Người Mới Tập Trang Điểm Mỹ Phẩm Cosmetic,,https://www.lazada.vn/products/pdp-i2661009925.html
Trang điểm,Phukienxinh14,,,,,,"Kem lười nâng tone VC trang điểm lớp makeup nền mịn màng, chống thấm nước làm săn chắc da chứa vitamin C nội địa Trung",,https://www.lazada.vn/products/pdp-i3004347727.html
Trang điểm,LPThienY,132.000 ₫,-47%,69960,(1),5.0,Bộ trang điểm Hanru 4 món đa năng tiện dụng,,https://www.lazada.vn/products/pdp-i2963726312.html
Trang điểm,LPTHIENYSHOP,129.800 ₫,-46%,70092,(3),5.0,Bộ Trang Điểm 4 Món Hanru Đầy Đủ Tiện Lợi Cho Người Mới Bắt Đầu,,https://www.lazada.vn/products/pdp-i2959235342.html
Trang điểm,PaNa- Store,319.000 ₫,-48%,165880,(296),4.9,HOÀN TIỀN 15% - Trọn bộ 15 món trang điểm Lameila/ combo makeup/son/kem nền,,https://www.lazada.vn/products/pdp-i2197672582.html
Chăm sóc cá nhân,Mỹ Phẩm Kun Chuyên Sỉ,,,,(1),5.0,"Đặt Phu Khoa Clomaz Thái Lan Chính NhiễmKhuẩn, Nấm, Ngứa,KhửMùi Hiệu Quả",,https://www.lazada.vn/products/pdp-i1538663123.html
,,,,,,,"Máy Ép Chậm OLIVO SJ189 - Thương Hiệu Mỹ 🇺🇸- Ép Trái Cây, Rau Củ Không Lo Kẹt Bã, Dễ Vệ Sinh, tiện lợi cho mọi gia đình, bền đẹp, sang trọng, chất lượng đảm bảo, an toàn - Homie_Homie - Homie Shop&Store.",,https://www.lazada.vn/products/pdp-i1856888811.html
,,,,,,,[HCM]Kem Nền BB Cream Che Khuyết Lameila Chống Thấm Nước,366 Đã bán,https://www.lazada.vn/products/pdp-i972248796.html
,,,,,,,"Full Box - Set Trang Điểm HANRU 4 Món Tiện Dụng, Đầy Đủ, Cơ Bản Cho Người Mới Bắt Đầu",9 Đã bán,https://www.lazada.vn/products/pdp-i2965101592.html
,,,,,,,"Hộp quẹt Zippo cao cấp, Zippo Mỹ Made in USA mạ vàng 18k siêu đẹp, phong thủy sang trọng đẳng cấp",280 Đã bán,https://www.lazada.vn/products/pdp-i2499836992.html
,,,,,,,SET 2 Bút Che Khuyết Điểm Toàn Diện Vùng Mặt Môi Mắt Mụn Quầng Thâm Che Hình Xăm Chống Nước Mịn Lì LAMEILA Make Up Trang Điểm MICOMI Cosmetics,134 Đã bán,https://www.lazada.vn/products/pdp-i2656785208.html
,,,,,,,Kem Che Khuyết Điểm Dưỡng Ẩm Trang Điểm Làm Sáng Lười Không Trang Điểm Kem Lõi Tự Nhiên Trang Điểm Trước Trang Điểm,114 Đã bán,https://www.lazada.vn/products/pdp-i3048890858.html
,,,,,,,"(Free Ship) Kem lười nâng tone VC trang điểm lớp makeup vitamin C lamd săn chắc , dưỡng sâu chân lông",39 Đã bán,https://www.lazada.vn/products/pdp-i2995048234.html
,,,,,,,Bộ trang điểm 4 món/ kem nền / kem lót/ phấn phủ/ mút,,https://www.lazada.vn/products/pdp-i3166530812.html
,,,,,,,Son Bóng Oulesong Màu Nude Nhạt Mềm Mượt Môi Chống Thấm Nước,29.9K Đã bán,https://www.lazada.vn/products/pdp-i2401295446.html
,,,,,,,"SALE NGẪU NHIÊN 1 Món PHẤN MẮT , SON , KEM NỀN , PHẤN PHỦ Mỹ phẫm ngẫu nhiên",81 Đã bán,https://www.lazada.vn/products/pdp-i2710908792.html
,,,,,,,"Kem che khuyết điểm có cọ A.M.G MATTE FOUNDATION - Kem nền thỏi 2 đầu STICK FOUNDATION chống nước, cấp ẩm, làm sáng da",27 Đã bán,https://www.lazada.vn/products/pdp-i3064685250.html
,,,,,,,"Kem Nền Dưỡng Da, Kiềm Dầu STICK FOUNDATION – STICK FOUNDATION Hỗ Trợ Kiềm Dầu, Che Khuyết Điểm, Giữ Lớp Makeup Bền Màu, Dưỡng Da Tự Nhiên",17 Đã bán,https://www.lazada.vn/products/pdp-i3060465606.html
,,,,,,,Lốc 8 Cục Xà Bông Coast Của Mỹ (Phân Loại),2.8K Đã bán,https://www.lazada.vn/products/pdp-i2239057879.html
,,,,,,,"Bút Kẻ Chân Mày Dạng Cream Bền Màu, Không Thấm Nước, Không Thấm Mồ Hôi, Mịn Và Lâu trôi",4.9K Đã bán,https://www.lazada.vn/products/pdp-i2127174904.html
,,,,,,,BỘT TẮM TRẮNG THẢO MỘC CAMI COSMETIC,93 Đã bán,https://www.lazada.vn/products/pdp-i2594372752.html
,,,,,,,Combo trang điểm 8 món Youliyoula hot tiktok -Bộ trang điểm 8 món Youliyoula / Set trang điểm youliyoula,,https://www.lazada.vn/products/pdp-i2329461560.html
,,,,,,,Máy Laser xoá xăm và triệt lông Canzy Korea chính hãng,,https://www.lazada.vn/products/pdp-i2440451856.html
,,,,,,,Son Hai Đầu CACE Son Kem Lì Và Son Bóng Mọng Môi Hiệu Ứng Sương Khói Cho Đôi Môi Quyến Rũ Sản Phẩm Nhỏ Gọn Tiện Lợi,3.6K Đã bán,https://www.lazada.vn/products/pdp-i2201454298.html
,,,,,,,[SALE] Set Trang Điểm PRETTY MAKEUP HANRU 4 Món set trang điểm tiện dụng đa năng cho người mới bắt đầu,1.8K Đã bán,https://www.lazada.vn/products/pdp-i2525214388.html
,,,,,,,"Thuốc Nhuộm Quần Áo Đen Phù Hợp Nhiều Loại Vải, Nhuộm Đen Quần Áo Hiệu Quả 300ml MEHOM - NQA01",28 Đã bán,https://www.lazada.vn/products/pdp-i3076679862.html
,,,,,,,"Bút chì kẻ mắt lấp lánh với miếng bọt biển kim loại nhòe sáng bóng lâu trôi, mỹ phẩm trang điểm phấn mắt ngọc trai sáng bóng",7.1K Đã bán,https://www.lazada.vn/products/pdp-i3140955373.html
,,,,,,,Bộ Trang Điểm Makuep Cơ Bản Đầy Đủ [24 Món S4] Bộ Sản Phẩm Makep Của Nữ Dành Cho Người Mới Tập Trang Điểm Mỹ Phẩm Cosmetic,85 Đã bán,https://www.lazada.vn/products/pdp-i2661137010.html
,,,,,,,⚡Miễn Phí Vận Chuyển⚡Bộ mỹ phẩm đồ chơi trang điểm 33 món không độc hại thích hợp cho bé,94 Đã bán,https://www.lazada.vn/products/pdp-i2424717349.html
,,,,,,,[ Bộ trang điểm] 27 Món [V5] Bộ sản phẩm  trang điểm MAKEUP  gồm 27 món (V5) đa năng tiện dụng Dành cho người mới tầm makeup [chính hãng],30 Đã bán,https://www.lazada.vn/products/pdp-i2584394827.html
,,,,,,,Bộ Trang Điểm Makuep Cơ Bản Đầy Đủ 22 Món Z4 Bộ Sản Phẩm Makep Của Nữ Dành Cho Người Mới Tập Trang Điểm Mỹ Phẩm Cosmetic,,https://www.lazada.vn/products/pdp-i2661112253.html
,,,,,,,Bộ Trang Điểm Makuep Cơ Bản Đầy Đủ [22 Món S7] Bộ Sản Phẩm Makep Của Nữ Dành Cho Người Mới Tập Trang Điểm Mỹ Phẩm Cosmetic,,https://www.lazada.vn/products/pdp-i2661090348.html
,,,,,,,2PCS Soild đầy màu sắc đa chức năng mở máy tính để bàn bếp Hộp đựng mỹ phẩm văn phòng Hộp đựng đồ gia dụng,2.0K Đã bán,https://www.lazada.vn/products/pdp-i2706510802.html
,,,,,,,"(Siêu Hot) Bộ Trang Điểm ADS Đủ Bộ 40 món Full Hộp , Phấn Mắt , Phấn nền , Phấn má , Son Môi",162 Đã bán,https://www.lazada.vn/products/pdp-i2433849349.html
,,,,,,,Bộ Trang Điểm [8 Món ] Xinh Xắn Lameila Dành Cho Người Mới Tập Makuep(Chính Hãng) Bộ 8 món xinh xắn,57 Đã bán,https://www.lazada.vn/products/pdp-i2427027901.html
,,,,,,,Serum Dưỡng Ẩm Trắng Da Xóa Sạch Thâm Nám Tàn Nhang Ngăn Ngừa Mụn Quay Trở Lại 50ml,339 Đã bán,https://www.lazada.vn/products/pdp-i2541765873.html
,,,,,,,"Màu Sáp Lụa, Bút Màu Sáp Không Dính Tay 36 Màu, Đồ Chơi Mỹ Thuật Chất Liệu Cao Cấp An Toàn Cho Bé-  POPIDREAM",,https://www.lazada.vn/products/pdp-i3141880040.html
,,,,,,,Tron bộ trang điểm 9 món đầy đủ các bước trang điểm/son/kem nền/Phấn mắt/ Má hồng/ Mascara/ Kẻ mắt/ Bấm mi/ chì mày/Bộcọ,,https://www.lazada.vn/products/pdp-i2904658402.html
,,,,,,,Túi đựng đồ makeup nhỏ gọn có chia ngăn,5 Đã bán,https://www.lazada.vn/products/pdp-i2681979743.html
,,,,,,,Set Trang Điểm PRETTY MAKEUP MSMEESHU HANRU 4 MÓN,7 Đã bán,https://www.lazada.vn/products/pdp-i2513346987.html
,,,,,,,"500gr Hạt Hạnh Nhân Sống  Dùng làm Sữa Hạt Hạnh nhân tách vỏ, Hạnh nhân nhập khẩu Mỹ, hạt hạnh nhân nấu sữa, chế biến đồ ăn vặt",42 Đã bán,https://www.lazada.vn/products/pdp-i1672486739.html
,,,,,,,Bộ Trang Điểm Cá Nhân 7 đến 9 sản phẩm/ phấn nước lameila/Maccara/son/phấn phủ,32 Đã bán,https://www.lazada.vn/products/pdp-i1968046025.html
,,,,,,,Kem Giảm Mụn Trứng Cá Mờ Thâm Mờ Rỗ Lỗ Chân Lông To Giúp Căng Bóng Trẻ Hoá Làn Da/25g,8 Đã bán,https://www.lazada.vn/products/pdp-i2661488557.html
,,,,,,,"Bộ 20 món trang điểm make-up (HN01) gồm có: Kem nền, xịt khoáng, phấn má, phấn phủ, che khuyết điểm, chuốt mi mascara, nhũ mắt kim tuyến, kẹp mi, bộ cọ... bộ 20món như hình",,https://www.lazada.vn/products/pdp-i2726885720.html
,,,,,,,"(CHÍNH HÃNG )bộ tinh chất dưỡng trắng da làm ẩm xóa nhăn  se khít lỗ chân lông vĩnh viễn, mịn màng, lam trắng da hết mụn Bộ chăm sóc da mặt đẹp không tì vết",139 Đã bán,https://www.lazada.vn/products/pdp-i2004961519.html
,,,,,,,"Kem Che MọI Khuyết Điểm Da, Che Săm Tuyệt Đối Cho Làn Da Tự Nhiên ( mẫu mới 30g)",585 Đã bán,https://www.lazada.vn/products/pdp-i2317064260.html
,,,,,,,"Đặt Phu Khoa Clomaz Thái Lan Chính NhiễmKhuẩn, Nấm, Ngứa,KhửMùi Hiệu Quả",10 Đã bán,https://www.lazada.vn/products/pdp-i1538663123.html
,,,,,,,Bộ Trang điểm nội địa Trung đầy đủ 11 món YOULIYOULA hàng chính hãng + Tặng kèm túi đựng đẹp,25 Đã bán,https://www.lazada.vn/products/pdp-i2419349455.html
,,,,,,,"Kem lười nâng tone VC trang điểm lớp makeup nền mịn màng, chống thấm nước làm săn chắc da chứa vitamin C nội địa Trung",,https://www.lazada.vn/products/pdp-i3004347727.html
,,,,,,,KEM NÊN  CHE KHUYẾT ĐIỂM  NÂNG TỔNG TRẮNG TỰ NHIÊN,,https://www.lazada.vn/products/pdp-i3070234664.html
,,,,,,,Bộ trang điểm Hanru 4 món đa năng tiện dụng,5 Đã bán,https://www.lazada.vn/products/pdp-i2963726312.html
,,,,,,,Bộ Trang Điểm 4 Món Hanru Đầy Đủ Tiện Lợi Cho Người Mới Bắt Đầu,13 Đã bán,https://www.lazada.vn/products/pdp-i2959235342.html
,,,,,,,Kem che khuyết điểm mặt - Kem nền dạng lỏng - Làm sáng tông màu da - Che vết mụn quầng thâm - Kem che khuyết điểm mờ,59 Đã bán,https://www.lazada.vn/products/pdp-i3106816779.html
,,,,,,,Phân bón ĐẦU TRÂU NPK 20 20 15 thế hệ mới giúp cây tăng trưởng trái to,408 Đã bán,https://www.lazada.vn/products/pdp-i1538414442.html
,,,,,,,HOÀN TIỀN 15% - Son Thỏi Lì Shuzili Cao Cấp Lên Màu Cực Chuẩn Dưỡng Ẩm Mềm Mịn Môi Chống Thấm Nước,3.4K Đã bán,https://www.lazada.vn/products/pdp-i2342121455.html
,,,,,,,Túi đựng đồ trang điểm du lịch 2 ngăn kéo -size lớn,9 Đã bán,https://www.lazada.vn/products/pdp-i2682220610.html
,,,,,,,KỆ TỦ ĐỰNG MỸ PHẨM ĐỒ TRANG ĐIỂM MINI TRONG SUỐT 4 TẦNG TASHUAN - KỆ NHỰA ĐỰNG MỸ PHẨM 4 TẦNG NGĂN KÉO TIỆN DỤNG,20 Đã bán,https://www.lazada.vn/products/pdp-i1983027549.html
,,,,,,,"Kem Nền Che Khuyết Điểm Lameila BB Cream 30ml Vỏ Trắng Tự Nhiên, Kem Nền Mỏng Nhẹ Kiềm Dầu Dưỡng Ẩm Lâu Trôi Bền Màu",,https://www.lazada.vn/products/pdp-i2351691182.html
,,,,,,,3 ngày làm trắng Kem đánh răng Niacinamide công thức độc đáo duy trì Chăm sóc răng miệng hiệu quả làm trắng trong thời gian dài giữ nướu khỏe mạnh,,https://www.lazada.vn/products/pdp-i3186184979.html
,,,,,,,"Túi Đựng Đồ Trang Điểm Makeup Đính Hoa Tulip Dễ Thương, Túi Vải Mỹ Phẩm Có Quai Xách Tiện Lợi Khi Đi Du Lịch Nhiều Màu",,https://www.lazada.vn/products/pdp-i3028176047.html
,,,,,,,[SIÊU GIẢM GIÁ] Sữa Tắm Hatomugi Dưỡng Ẩm Chiết Xuất Ý Dĩ 800ml Moisturizing & Washing The Body Soap Hasaki Sản Phẩm Chính Hãng,21.3K Đã bán,https://www.lazada.vn/products/pdp-i1871373389.html
,,,,,,,BK126 - 👙Bộ lọt khe - Quần lót nữ kèm chíp sexy -CAMLUU99,,https://www.lazada.vn/products/pdp-i2756156391.html
,,,,,,,Bộ trang điểm 8 món youli youla - Combo trang điểm - Bộ quà tặng cực xinh,220 Đã bán,https://www.lazada.vn/products/pdp-i1641394024.html
,,,,,,,"CÁT DÙNG CHO MÁY PHUN CÁT LÀM SẠCH TINH BỀ MẶT SẢN PHẨM GỖ, KHẮC ĐỒ MỸ NGHỆ",8 Đã bán,https://www.lazada.vn/products/pdp-i2593601572.html
,,,,,,,Bộ trang điểm chuyên nghiệp 13 món đầy đủ phù hợp mọi lứa tuổi (hình shop chụp thật),26 Đã bán,https://www.lazada.vn/products/pdp-i2609897589.html
,,,,,,,HOÀN TIỀN 15% - Trọn bộ 15 món trang điểm Lameila/ combo makeup/son/kem nền,884 Đã bán,https://www.lazada.vn/products/pdp-i2197672582.html
,,,,,,,"Bút kẻ lằn chìm tô màu mô hình Gundam Bandai, dụng cụ kẻ lằn đồ chơi Gundam Nét 0.2mm (LT005)",164 Đã bán,https://www.lazada.vn/products/pdp-i2429316873.html
,,,,,,,Bộ đồ chơi mỹ phẩm mô phỏng bàn trang điểm nhiều màu cho bé - Sản phẩm an toàn không độc hại cho bé,605 Đã bán,https://www.lazada.vn/products/pdp-i2439229135.html
,,,,,,,Bộ Trang Điểm[12 Món Y5]Đầy Đủ Makeup/Trang Điểm Đi Tiệc/Trang Điểm Cá Nhân Cơ Bản 12 Món,18 Đã bán,https://www.lazada.vn/products/pdp-i2628294302.html
,,,,,,,Bộ Trang Điểm[12 Món X4]Đầy Đủ Makeup/Trang Điểm Đi Tiệc/Trang Điểm Cá Nhân Cơ Bản [12 Món X4],1.6K Đã bán,https://www.lazada.vn/products/pdp-i2495559111.html
Dụng cụ chăm sóc Sắc đẹp,ListonX Vietnam,260.000 ₫,-50%,130000,(13),5.0,(MUA 2 TẶNG 1) Cốp Đựng Mỹ Phẩm/ Cốp Trang Điểm/ Cốp Makeup cao cấp | Tặng 1 bông mút trang điểm khi mua 2 sản phẩm bất kỳ,62 Đã bán,https://www.lazada.vn/products/pdp-i2970375943.html
Chăm sóc da mặt,MP Chợ Lớn,74.800 ₫,-26%,55352,(37),4.7,"Sữa Rửa Mặt CERAVE 236ml Dành Cho Da Khô , Da Dầu, Da Nhạy Cảm , Dịu Nhẹ  - mp chợ lớn",149 Đã bán,https://www.lazada.vn/products/pdp-i2660744992.html
Trang điểm,Mỹ Phẩm Thuý Hường,241.500 ₫,-14%,207690,(2),4.5,Bộ Trang Điểm Makuep Cơ Bản Đầy Đủ [22 Món S6] Bộ Sản Phẩm Makep Của Nữ Dành Cho Người Mới Tập Trang Điểm Mỹ Phẩm Cosmetic,15 Đã bán,https://www.lazada.vn/products/pdp-i2661059639.html
Trang điểm,Mỹ Phẩm Thuý Hường,134.500 ₫,-14%,115670,,,Bộ Trang Điểm Makuep Cơ Bản Đầy Đủ [12 Món Z2] Bộ Sản Phẩm Makep Của Nữ Dành Cho Người Mới Tập Trang Điểm Mỹ Phẩm Cosmetic,,https://www.lazada.vn/products/pdp-i2661009925.html
Thực phẩm chức năng,Đồ dùng thông minh - BUM SMART,170.000 ₫,-32%,115600,(195),5.0,"[CHE TÊN SP] Kem Xóa Thâm, Làm Hồng Nhũ Hoa CHÍNH HÃNG 100%, Làm Hồng Môi, Dưỡng Trắng Da Nách, Bikini vùng kín Sexy Pink Whitening Cream",2.4K Đã bán,https://www.lazada.vn/products/pdp-i1970422072.html
Trang điểm,Mỹ Phẩm Thuý Hường,139.000 ₫,-14%,119540,(11),5.0,(Bán Buôn Sỉ) Bộ trang điểm 13 món son blar A12  chất ngất: Kem BB+Phấn phủ+Phấn mắt+Mascara+Kẻ mày+Kẻ mắt+... Set Trang Điểm Bộ 13 món son Blr A2,32 Đã bán,https://www.lazada.vn/products/pdp-i2488771524.html
Dụng cụ chăm sóc Sắc đẹp,GIA DỤNG SỈ TPHCM,250.000 ₫,-61%,97500,(21),4.8,KỆ ĐỰNG MỸ PHẨM TRONG SUỐT XOAY 360 ĐỘ CHẠM KHẮC VÂN KIM CƯƠNG SANG CHẢNH CỰC ĐẸP - TỦ ĐỰNG ĐỒ TRANG ĐIỂM HÌNH TRỤ CÓ KHAY ĐỂ SON TIỆN LỢI - KHAY ĐỰNG MỸ PHẨM ĐỂ BÀN CÓ THỂ XẾP GỌN ĐƯỢC,74 Đã bán,https://www.lazada.vn/products/pdp-i2133829845.html
Thiết bị nhà bếp,DC VIET NAM COMPANY,4.463.000 ₫,-13%,3882810,(5),5.0,"Máy pha cà phê đa năng 3 trong 1 Thương hiệu BioloMix Mỹ BK-513, Công suất 1450W, Có thể sử dụng viên nén cà phê hoặc bột cà phê - CHÍNH HÃNG BẢO HÀNH 12 THÁNG",25 Đã bán,https://www.lazada.vn/products/pdp-i367916823.html
Trang điểm,Mê hàng Trung Hoa,88.000 ₫,-10%,79200,(1),5.0,Set trang điểm đầy đủ 9 món Hươu vàng,6 Đã bán,https://www.lazada.vn/products/pdp-i2369743642.html
Trang điểm,Thienan cosmetic,,,,,,( Chính hãng) Bộ trang điểm 4 món hương đào thái lan,,https://www.lazada.vn/products/pdp-i2603597288.html
Trang điểm,BUM BI,,,,,,"Phấn Nước Kiềm Dầu Lameila Họa Tiết Chiếc Ô Hoạt Hình Cute, Kem Nền BB Cream Kèm Mút Tán Giúp Lớp Trang Điểm Tự Nhiên. - BUMSTORE",,https://www.lazada.vn/products/pdp-i2576650315.html
Đồ uống,Nguyên Liệu Làm Xà Phòng,,,,(3),5.0,"99,7% Glycerin Thực Vật 1 Kg/500g/100g Chất Dưỡng Ẩm Tự Nhiên Dùng Trong Mỹ Phẩm Thực Phẩm - USP Vegetable Glycerine 1KG",10 Đã bán,https://www.lazada.vn/products/pdp-i2557651512.html
"Quần, váy",Thiết Bị và Mỹ Phẩm Spa,9.000 ₫,-23%,6930,(2),5.0,"Quần lót giấy bịch 5chiếc, dùng trong tắm trắng, giảm béo tại spa",16 Đã bán,https://www.lazada.vn/products/pdp-i2440548004.html
,Phu Kien Tui Xach 247,35.000 ₫,-44%,19600,(235),4.9,Chỉ dù nylon ( sợi 1mm ),1.7K Đã bán,https://www.lazada.vn/products/pdp-i1792245699.html
,chính hãng 11,,,,(13),5.0,Hộp gel nhuộm nhựa đen Sprayking Carbon Black 130 gram,45 Đã bán,https://www.lazada.vn/products/pdp-i2803231863.html
Trang điểm,Alyssa Store Trung Hoa,1.500.000 ₫,-17%,1245000,(6),5.0,Bộ Trang Điểm Quà Tặng 4 tầng MEIYU hồng trái tim cao cấp và sang trọng đầy đủ 14 kèm Gương LED cảm ứng,36 Đã bán,https://www.lazada.vn/products/pdp-i2538691872.html
Trang điểm,Mỹ Phẩm Thuý Hường,138.500 ₫,-14%,119110,(2),5.0,Bộ Trang Điểm[12 Món Y6]Đầy Đủ Makeup/Trang Điểm Đi Tiệc/Trang Điểm Cá Nhân Cơ Bản 12 Món,13 Đã bán,https://www.lazada.vn/products/pdp-i2628319240.html
Nguyên liệu nấu ăn & làm bánh,Anvy Foods | Ăn Vặt Nhà AnVy |,185.000 ₫,-13%,160950,(443),4.9,"500gr Hạt dẻ cười Mỹ Loại Đặc Biệt - Giòn Béo, Thơm Ngon",1.2K Đã bán,https://www.lazada.vn/products/pdp-i2358321235.html
Trang điểm,TỔNG KHO MINH PHÚ.Selection,33.200 ₫,-29%,23572,(16),4.6,Chì Kẻ Mắt Kẻ Bọng Mắt Kẻ Mí Trong SVMY Eyeliner Lâu Trôi Chống Nước Make Up Trang Điểm Mắt Kho Sỉ 2000,56 Đã bán,https://www.lazada.vn/products/pdp-i2908900798.html
Chăm sóc da mặt,Dr.Melaxin Việt Nam,,,,(1),5.0,Bộ Mỹ Phẩm Kem Qlanxl Hàn Quốc chính hãng,,https://www.lazada.vn/products/pdp-i2668539765.html
Trang điểm,TỔNG KHO MINH PHÚ,30.000 ₫,-49%,15300,,,Bút Che Khuyết Điểm Mụn Quầng Thâm Hình Xăm Che Phủ Toàn Diện Chống Nước Mịn Lì LAMEILA Concealer Make Up Trang Điểm,7 Đã bán,https://www.lazada.vn/products/pdp-i2731185256.html
Quần áo trẻ em,zichu,260.000 ₫,-43%,148200,,,New Disney An Toàn Và Không-Độc Hại Bộ trang điểm Cho Trẻ Em Cô Gái Son bóng Son môi Đồ Chơi Trẻ Em Của Mỹ Phẩm bé gái công chúa Son dưỡng ẩm Son Môi Bé,,https://www.lazada.vn/products/pdp-i2806510970.html
Trang điểm,raind,81.200 ₫,-44%,45472,(35),4.9,VC Kem trang điểm tự nhiên lên tông kem kem lười Kem Kem khuyết điểm da dưỡng che W3Q5,192 Đã bán,https://www.lazada.vn/products/pdp-i2702280663.html
Dụng cụ chăm sóc Sắc đẹp,Merzy Official Store,,,,,,[HB GIFT] [Hàng tặng không bán] Merzy Makeup Pouch Puffer Mellow,,https://www.lazada.vn/products/pdp-i3154344411.html
Trang điểm,IjFgfR.Selection,29.900 ₫,-66%,10166,(91),5.0,Son Môi Gradient HELLOSTYLE Thiên Thần – Màu Nude Tự Nhiên,462 Đã bán,https://www.lazada.vn/products/pdp-i2533078370.html
Dụng cụ chăm sóc Sắc đẹp,Mon-Basic Túi mỹ phẩm,175.000 ₫,-38%,108500,,,Túi đựng mỹ phẩm đồ trang điểm du lịch nhiều ngăn tiện dụng,,https://www.lazada.vn/products/pdp-i2412238842.html
Trang điểm,Kiều Linh 111,184.000 ₫,-46%,99360,(1),5.0,"Kem Che Khuyết Điểm Ba Màu Che Mọi Khuyết Điểm, Tàn Nhang, Giúp Lớp Makeup Trở Nên Mịn Màng Che Phủ Mụn",17 Đã bán,https://www.lazada.vn/products/pdp-i3088372354.html
Trang điểm,Mỹ Phẩm Thuý Hường,129.000 ₫,-14%,110940,(2),5.0,Bộ Trang Điểm[12 Món D10]Đầy Đủ Makeup/Trang Điểm Đi Tiệc/Trang Điểm Cá Nhân Cơ Bản 12 Món Bộ D10,7 Đã bán,https://www.lazada.vn/products/pdp-i2428196090.html
Trang điểm,Mỹ Phẩm Thuý Hường,138.000 ₫,-14%,118680,,,Bộ Trang Điểm[12 Món E12]Đầy Đủ Makeup/Trang Điểm Đi Tiệc/Trang Điểm Cá Nhân Cơ Bản 12 Món E12,,https://www.lazada.vn/products/pdp-i2599663414.html
,NomDIYStore,55.000 ₫,-29%,39050,(40),5.0,Sơn Cạnh Da Thuộc 30ml Phủ Viền Túi Ví Bóp Phụ Kiện Làm Đồ Da Thủ Công Handmade,258 Đã bán,https://www.lazada.vn/products/pdp-i2222998131.html
Trang điểm,Shop Mỹ Phẩm BULL Chuyên Sỉ,,,,,,"(S- BBull) Sét Trang Điểm Nvno 8 Món cơ Bản Hàng Nội Địa ,, trang điểm , tiện lợi , sang trọng",,https://www.lazada.vn/products/pdp-i3110245217.html
Trang điểm,PaNa- Store,149.000 ₫,-42%,86420,(332),4.8,HOÀN TIỀN 15% - Bộ trang điểm Lameila 7 đến 8 món (Chính Hãng),1.5K Đã bán,https://www.lazada.vn/products/pdp-i1651160228.html
Trang điểm,BUM STORE.,,,,(853),4.9,Kem Nền BB Cream Che Khuyết Lameila Chống Thấm Nước - BUM STORE,5.3K Đã bán,https://www.lazada.vn/products/pdp-i972244951.html
Trang điểm,Hoa Hướng Dương Store,130.000 ₫,-47%,68900,(1),5.0,Set Trang Điểm 4 Món Hanru Dễ Dàng Với Người Mới Make Up Set trang điểm nền Prrety Makeup 4 món bộ trang điểm đầy đủ cho người mới bắt đầu kiềm dầu kháng nước nâng tone Zentop,,https://www.lazada.vn/products/pdp-i2609636528.html
Trang điểm,CHINH HÃNG - SIÊU THỊ SỨC KHỎE VẺ ĐẸP,350.000 ₫,-46%,189000,(10),5.0,Bộ trang điểm chính hãng cao cấp chính hãng đủ các màu phấn và son,28 Đã bán,https://www.lazada.vn/products/pdp-i3022712214.html
Dụng cụ chăm sóc Sắc đẹp,GIA DỤNG MUN SHOP,,,,(2),5.0,"Kệ đựng mỹ phẩm 2 tầng, hộp đựng đồ trang điểm, makeup bằng nhựa cao cấp, tiện sử dụng",5 Đã bán,https://www.lazada.vn/products/pdp-i2196649890.html
Đồ dùng làm vườn,Hiệp Thuỷ Agri,,,,(1),5.0,"chế phẩm diệt mầm cỏ Dual Gold 960EC Syngenta, trừ cỏ tiền nảy mầm | chai 50ml",28 Đã bán,https://www.lazada.vn/products/pdp-i2581251629.html
Chăm sóc da mặt,Beotua Shop,159.000 ₫,-38%,98580,(12),4.3,"SET NÁM VÀ SẠM DA YANHEE THÁI LAN (3 MÀU) COMBO BỘ KEM 6 MÓN LOẠI BỎ SẠM NÁM DA YANHEE THÁI LAN, CHÍNH HÃNG Cho bạn một làn da trẻ trung, trắng mịn và tươi sáng.kết quả có thể thấy  tiến triển sau 7 ngày sử dụng nhé cả nhà.",51 Đã bán,https://www.lazada.vn/products/pdp-i1756021904.html
Trang điểm,Hangnga Beauty Store,437.000 ₫,-50%,218500,(74),4.8,"Bộ Trang Điểm 24 món, bộ 18 món, Bảng phấn mắt, Kem nền, Kẻ mắt, Kẻ mày, Kẹp cong mi, Gương, Bộ khuôn vẽ mày và Bông mút",214 Đã bán,https://www.lazada.vn/products/pdp-i2545593978.html
Nhập vai Phục trang & Dạ tiệc,hoco_ SUPERSTAR _store,368.200 ₫,-38%,228284,(3),4.0,【🔥siêu rẻ】Bộ mỹ phẩm đồ chơi trang điểm 33 món không độc hại thích hợp cho bé,14 Đã bán,https://www.lazada.vn/products/pdp-i2496153432.html
Trang điểm,Mỹ Phẩm Thuý Hường,299.000 ₫,-14%,257140,(29),5.0,Bộ Trang Điểm/Sét Trang Điểm [24 Món M6] Đầy Đủ Các Món Chính Hãng Cho Người Mới - Lamelia 24 Sản Phẩm Bộ M6,105 Đã bán,https://www.lazada.vn/products/pdp-i2458616949.html
Trang điểm,Kho Mỹ Phẩm Huyền Anh,,,,(1),5.0,"Kem lười xóa nhăn tâng tông FIVE FIRMING - Kem makeup FIVE FIRMING chống lão hóa, nâng tông, che khuyết điểm, cấp ẩm",33 Đã bán,https://www.lazada.vn/products/pdp-i3011982376.html
Chăm sóc da mặt,Shop Mỹ Phẩm BULL Chuyên Sỉ,60.000 ₫,-32%,40800,(5),5.0,"(S- BBull) Kem lười nâng tone VC trang điểm lớp makeup dưỡng trắng , nâng tone , chống lão hóa",29 Đã bán,https://www.lazada.vn/products/pdp-i2978123547.html
Tủ chứa & Sắp xếp đồ,Nội Thất YTC,550.000 ₫,-41%,324500,(594),4.9,"Kệ Đựng Mỹ Phẩm YTC Cao Cấp Nhập Khẩu, Chống Bụi Chống Nước Siêu Đẹp",2.3K Đã bán,https://www.lazada.vn/products/pdp-i1541343214.html
Dụng cụ chăm sóc Sắc đẹp,Tuidonghang.hcm,79.000 ₫,-30%,55300,(47),4.6,Kệ đựng mĩ phẩm đồ trang điểm nhựa để bàn có ngăn kéo tiện lợi,168 Đã bán,https://www.lazada.vn/products/pdp-i2253318618.html
Trang điểm,Hangnga Beauty Store,228.000 ₫,-50%,114000,(46),4.7,"bộ trang điểm 10 món đầy đủ như hình ảnh, phấn mắt, phấn phủ, kẻ mắt, kẻ mày., son, dán mí, che khuyết điểm, bông",200 Đã bán,https://www.lazada.vn/products/pdp-i2595362952.html
Trang điểm,Sức Sống Mới - Vẻ Đẹp Và Sức Khỏe,230.000 ₫,-66%,78200,(149),4.9,"Kem Lười BB Trang Điểm Five - Vitamin C VC 5 in 1 , Dưỡng Ẩm Da, Che Khuyết Điểm, Chống Nắng, Thay Thế Kem Lót",520 Đã bán,https://www.lazada.vn/products/pdp-i2615401115.html
Dụng cụ chăm sóc Sắc đẹp,p22eom.Selection,33.900 ₫,-79%,7119,(177),4.9,"Hesheng – Bộ Cọ Trang Điểm Mini Đa Năng 6 Món | Cọ Phấn Mắt, Phấn Má, Kem Nền, Highlight & Che Khuyết Điểm",825 Đã bán,https://www.lazada.vn/products/pdp-i2522906476.html
Trang điểm,CHINH HÃNG - SIÊU THỊ SỨC KHỎE VẺ ĐẸP,100.000 ₫,-49%,51000,(25),5.0,"Kem V7 Dưỡng Ẩm Trắng Da Bật Tông, Che Khuyết Điểm Hoàn Hảo Cho Da Đều Màu 50g",57 Đã bán,https://www.lazada.vn/products/pdp-i2419007100.html
Trang điểm,Applause905,,,,,,Chính hãng Bộ Chiếc Mỹ Phẩm Cao Cấp Tiện Lợi( nhỏ xinh),,https://www.lazada.vn/products/pdp-i2393867644.html
Trang điểm,CHINH HÃNG - SIÊU THỊ SỨC KHỎE VẺ ĐẸP,150.000 ₫,-53%,70500,(44),5.0,Phấn Nước BB Che Khuyết Điểm Kiềm Dầu Cho Da Trắng Đều Màu Giữ Lớp Trang Điểm Lâu Trôi IMAGES 15G,140 Đã bán,https://www.lazada.vn/products/pdp-i2592286209.html
Trang điểm,Herorange Official Store,56.000 ₫,-50%,28000,,,Môi mỹ Stick Stick Lip và Face Dual Sử dụng Chất chống mồ hôi Blusher Stick cho khuôn mặt trang điểm mỹ phẩm S1-9LA-HOS-VN,,https://www.lazada.vn/products/pdp-i3083155865.html
Trang điểm,6M6SPH.Selection,26.200 ₫,-55%,11790,(2288),4.9,"Gương nước Brightening Lip Glaze Tinh chất dưỡng môi Mật ong Lip Glaze Lip Oil Dưỡng ẩm, tạo màu sắc tố cao, trang điểm màu môi tỏa sáng tức thì",9.1K Đã bán,https://www.lazada.vn/products/pdp-i2543009279.html
Trang điểm,6M6SPH.Selection,20.700 ₫,-48%,10764,(1654),4.9,"Son Lì Dưỡng Ẩm Dạng Bút – Lâu Trôi, Chống Nước, Mịn Môi Tự Nhiên maffick",5.2K Đã bán,https://www.lazada.vn/products/pdp-i2542569832.html
Trang điểm,TONISABERY VIETNAM,150.000 ₫,-39%,91500,(23),5.0,"Kem Che Khuyết Điểm, Loại Bỏ Hình Xăm Hiệu Quả LOVE IN Dưỡng Ẩm Cho Da, Chống Nước, Chống Trôi Và Đủ Tông Màu Cho Da",75 Đã bán,https://www.lazada.vn/products/pdp-i2920371440.html
Trang điểm,Miyuki Medical Store,250.000 ₫,-44%,140000,(4),5.0,"Kem Che Khuyết Điểm STICK FOUNDATION A.M.G MATTE – STICK FOUNDATION Hỗ Trợ Kiềm Dầu, Che Khuyết Điểm Hoàn Hảo, Giữ Lớp Makeup Bền Màu",32 Đã bán,https://www.lazada.vn/products/pdp-i3040578189.html
Trang điểm,mjmuvm.Selection,21.500 ₫,-75%,5375,(429),4.9,"Phấn Má Hồng Ô Đơn Trang Điểm – Màu Sắc Nhiều Lựa Chọn, Tươi Tắn, Năng Động, Mang Lại Làn Da Rạng Rỡ Tự Nhiên",1.6K Đã bán,https://www.lazada.vn/products/pdp-i2541287156.html
Dụng cụ chăm sóc Sắc đẹp,Mon-Basic Túi mỹ phẩm,300.000 ₫,-22%,234000,(9),5.0,Túi đựng đồ trang điểm sức chứa lớn chống thấm nước,34 Đã bán,https://www.lazada.vn/products/pdp-i2412324488.html
Trang điểm,HASAKI BEAUTY,549.000 ₫,-39%,334890,(17),5.0,Phấn Nước Aperire Day Dream Cover Cushion SPF50+ PA++++ Chống Nắng Che Phủ Cao 13g Hasaki Sản Phẩm Chính Hãng,97 Đã bán,https://www.lazada.vn/products/pdp-i2839884854.html
Dụng cụ chăm sóc Sắc đẹp,Tạp hoá đồ dùng1102,110.000 ₫,-19%,89100,(1),5.0,"Kệ đựng mỹ phẩm nhựa 4 tầng để bàn tặng kèm sticker, khay đựng đồ trang điểm nhiều ngăn , decor bàn học, đựng bút",,https://www.lazada.vn/products/pdp-i2857928472.html
Vali và Túi du lịch đa năng,Lucy Beauty Shop,,,,(3),5.0,Bộ Chai Chiết Mỹ Phẩm 4 Trong 1 và 3 Trong 1 Tiện Lợi,10 Đã bán,https://www.lazada.vn/products/pdp-i2685375993.html
Dụng cụ chăm sóc Sắc đẹp,My MiNail,,,,(15),4.7,Cốp nhôm 2 tầng đựng đồ trang điểm 32x26x21 Nail mi.phun xăm .make up,72 Đã bán,https://www.lazada.vn/products/pdp-i1468509050.html
,Trà túi lọc cà gai leo,,,,(1),5.0,200g thuốc nhuộm đen đồng màu giả cổ,,https://www.lazada.vn/products/pdp-i3162696009.html
Tủ chứa & Sắp xếp đồ,Gia Dụng Tiện Ích EzyHome,120.000 ₫,-50%,60000,,,"Kệ Nhựa Đựng Mỹ Phẩm 3 Tầng 2 Ngăn Kéo - Hộp Nhựa Chia Ngăn Đựng Cọ, Son, Vật Dụng Cá Nhân Nhỏ Gọn - Kệ Trang Điểm Mini Tiện Lợi Cho Bàn Trang Điểm",,https://www.lazada.vn/products/pdp-i3116906542.html
Tủ chứa & Sắp xếp đồ,Siêu Thị Tiện Ích 4.0,159.000 ₫,-40%,95400,(46),4.8,"Kệ Tủ Đựng Mỹ Phẩm Đồ Trang Điểm Trong Suốt 4 Tầng 3 Ngăn Kéo Để Bàn, Phòng Làm Việc Tiện Dụng",169 Đã bán,https://www.lazada.vn/products/pdp-i2413989390.html
Trang điểm,Tiệm Quà Của Mi,290.000 ₫,-50%,145000,,,"Bộ trang điểm Bear 5 món làm đẹp trọn vẹn mắt, má, môi, phấn mắt, má hồng, son môi, mascara.",,https://www.lazada.vn/products/pdp-i2844256837.html
Chăm sóc da mặt,Sức Sống Mới - Vẻ Đẹp Và Sức Khỏe,240.000 ₫,-63%,88800,,,[O'KADY ]Bộ sản phẩm chính hãng O'kady tất cả các sản phẩm O'Kady có trong link này,,https://www.lazada.vn/products/pdp-i3120695759.html
"Quần, váy",Cam Luu99,,,,(26),4.8,Che tên sản phẩm - Quần chip lọt khe lụa - CK045 - quần lót nữ -CL,,https://www.lazada.vn/products/pdp-i1738655557.html
Trang điểm,Điện Máy Minh Nam,,,,,,Bộ trang điểm đầy đủ SODILAN 12 món,,https://www.lazada.vn/products/pdp-i2337769174.html
Trang điểm,hongbow,69.000 ₫,-39%,42090,(6),4.7,Dyhf 7 sản phẩm Mascara đen Bộ trang điểm + Phấn má hồng mini + Kem che khuyết điểm + bút kẻ mắt mịn màng + bút chì lông mày không thấm nước + son thỏi son dưỡng Son bóng + Bộ trang điểm công cụ kẹp uốn mi,12 Đã bán,https://www.lazada.vn/products/pdp-i3090248385.html
Trang điểm,Alyssa Store Trung Hoa,349.000 ₫,-3%,338530,(10),4.6,"Bộ trang điểm Nội địa Trung đầy đủ 10 món KAQILI, Phong cách cổ trang + Tặng kèm túi đựng đẹp - Quà tặng nữ",33 Đã bán,https://www.lazada.vn/products/pdp-i2419044393.html
"Quần, váy",Cam Luu99,,,,,,Che tên sản phẩm - hoả tốc - Quần chip lọt khe lụa có nơ -CK109 - quần lót nữ -CAMLUU99,,https://www.lazada.vn/products/pdp-i2005132165.html
Tủ chứa & Sắp xếp đồ,SAMi Sốp Sốp,,,,(2),5.0,Kệ để bàn 2 tầng đa năng decor bàn học xinh xắn kệ đựng mỹ phẩm,5 Đã bán,https://www.lazada.vn/products/pdp-i2124300600.html
"Quần, váy",Mỹ phẩm chính hãng COCO,,,,,,Quần Lót Nữ Ren Nữ cao cấp thiết kế dây chéo hông đính bông hoa sexy mềm mại MÃ 2200,,https://www.lazada.vn/products/pdp-i2006864541.html
Trang điểm,GTTR,55.000 ₫,-42%,31900,(56),4.6,GTTR 6 màu Hồng đỏ nâu Cốc chống dính Dụng cụ trang điểm Mỹ phẩm Bút son môi Làm Đẹp Kẻ viền môi Màu tạo khối Son lì Bút chì kẻ viền môi nhung,285 Đã bán,https://www.lazada.vn/products/pdp-i2305840462.html
Trang điểm,Mê hàng Trung Hoa,,,,,,Bộ Trang Điểm nội địa Trung 10 Món Cổ Trang KAQILI chính hãng,,https://www.lazada.vn/products/pdp-i2369718650.html
,VPP365,55.102 ₫,-36%,35265,,,"Bộ Màu Sơn Dầu 12 Màu 9ml – Sơn Nghệ Thuật Vẽ Tranh Canvas, Đồ Thủ Công, Tạo Kết Cấu 3D Đẹp",,https://www.lazada.vn/products/pdp-i3155860291.html
Dụng cụ chăm sóc Sắc đẹp,Chigoo,528.000 ₫,-43%,300960,(20),5.0,Chigoo Túi đựng mỹ phẩm led túi đựng đồ makeup túi đựng đồ trang điểm túi đựng mĩ phẩm có gương hộp đựng mỹ phẩm có nắp,124 Đã bán,https://www.lazada.vn/products/pdp-i2806442679.html
Trang điểm,Mỹ Phẩm Thuý Hường,135.000 ₫,-14%,116100,(17),4.8,Bộ Trang Điểm Đầy Đủ Chính Hãng Bộ Makeup [14 Món E2] Cho Người Mới - Lamelia 14 Sản Phẩm Bộ E2,55 Đã bán,https://www.lazada.vn/products/pdp-i2427059118.html
Nhập vai Phục trang & Dạ tiệc,Toyfun-VN,88.000 ₫,-7%,81840,(23),4.6,Bộ đồ chơi mỹ phẩm dụng cụ trang điểm 33 món không độc hại chất liệu an toàn nhiều lựa chọn thích hợp cho bé,142 Đã bán,https://www.lazada.vn/products/pdp-i2721652746.html
Chăm sóc da mặt,Shopđẹp24h chuyên hàng chính hãng,340.000 ₫,-43%,193800,(1497),4.9,Combo 2 kem meiduzi nhật bản ngày + đêm tem vuông ( tặng bọc đựng ) tem check BCA,8.7K Đã bán,https://www.lazada.vn/products/pdp-i1612315054.html
Trang điểm,BeautyCN,109.000 ₫,-46%,58860,(151),4.8,Set trang điểm Hanru 4 món tiện dụng cho người mới bắt đầu,539 Đã bán,https://www.lazada.vn/products/pdp-i2513632424.html
Tủ chứa & Sắp xếp đồ,Cửa hàng gia dụng tiện ích HCM,129.000 ₫,-26%,95460,(84),4.8,Kệ Đựng Mỹ Phẩm Đồ Trang Điểm Trang Sức 4 Tầng Trong Suốt 3 Ngăn Kéo Tiện Dụng,269 Đã bán,https://www.lazada.vn/products/pdp-i2413115090.html
Trang điểm,Hangnga Beauty Store,190.000 ₫,-50%,95000,(6),4.8,"[Bộ 18sp E5] Bộ make up, mỹ phẩm trang điểm, xịt khoá make-up, Kem nền, phấn má, phấn phủ, bộ cọ, tạo khối, che khuyết điểm, kẹp bấm mi, phấn mắt, kem lót, chuốt mi mascara, kẻ mắt, kẻ mày...",27 Đã bán,https://www.lazada.vn/products/pdp-i2685257652.html
Trang điểm,Mỹ Phẩm Thuý Hường,149.000 ₫,-14%,128140,(8),4.5,Bộ Trang Điểm[12 Món X6]Đầy Đủ Các Món Makeup/Trang Điểm Đi Tiệc/Trang Điểm Cơ Bản [12 Món X6],29 Đã bán,https://www.lazada.vn/products/pdp-i2495525326.html
Dụng cụ chăm sóc Sắc đẹp,Gia Dụng Giá Sỉ HĐ,69.000 ₫,-30%,48300,(1),5.0,"Kệ đựng mỹ phẩm, đồ trang điểm 4 tầng 3 ngăn kéo trong suốt",,https://www.lazada.vn/products/pdp-i2659956456.html
Trang điểm,Mỹ Phẩm Thuý Hường,129.000 ₫,-14%,110940,(23),5.0,Bộ trang điểm đầy đủ [10 món X3]  cơ bản set trang điểm cá nhân bộ makeup nhẹ nhàng đi chơi cho nàng Hatola Bộ X3,96 Đã bán,https://www.lazada.vn/products/pdp-i2495571086.html
,Kho Sỉ Nhang Đèn,16.000 ₫,-44%,8960,(5),5.0,Tiền đô la Mỹ âm phủ/Giấy cúng tiền đô Mỹ cục 10 xấp,48 Đã bán,https://www.lazada.vn/products/pdp-i2434375826.html
,Acecheapvietnam,,,,(5),5.0,Dây đồng tráng men Nhập khẩu Thái Lan (100g),10 Đã bán,https://www.lazada.vn/products/pdp-i2628886413.html
Trang điểm,LECARO STORE,69.000 ₫,-20%,55200,(23),4.7,"[HOT TREND 2021] Bộ Cọ Trang Điểm FIX 13 Món, Mẫu Mới, Màu Mới, Màu Hot, Chính Hãng Mẫu Mới, Kết Hợp Cùng Kem Che Khuyết Điểm, Phấn Trang Điểm, Son Môi, Kẻ Mắt, Chì Kẻ Mày Mỹ Phẩm Nội Địa Trung, Lecaro",73 Đã bán,https://www.lazada.vn/products/pdp-i1152486085.html
Trường học & văn phòng,Pepper Clothing,,,,(5),5.0,Pouch Túi Vải Nhiều Màu Chần Bông Mềm Mại Đựng Mỹ Phẩm Make Up Hộp Bút Viết Đồ Dùng Cá Nhân Xinh Xắn Pepper Clothing,32 Đã bán,https://www.lazada.vn/products/pdp-i2441432998.html
,Nội trợ hiện đại,60.000 ₫,-45%,33000,,,Chất tẩy rửa mực TIANRUN xóa bút đánh dấu bút gốc dầu bút đầu lớn bút danh dấu loại bỏ bút xóa lụa in logo...,,https://www.lazada.vn/products/pdp-i3084624141.html
,TIÊN  TIÊN HÀNG KHUYẾN MÃI Q2,30.000 ₫,-48%,15600,,,HỘP 12 BÚT CHÌ MÀU MILO KÈM ĐỒ CHÚT,,https://www.lazada.vn/products/pdp-i3162737146.html
Trang điểm,Tiệm Quà Của Mi,538.000 ₫,-50%,269000,,,"Bộ mỹ phẩm 18 món, phấn mắt, son môi, má hồng, mascara, bộ cọ trang điểm",,https://www.lazada.vn/products/pdp-i2839358167.html
Dụng cụ chăm sóc Sắc đẹp,shopmymy VN111KL,58.000 ₫,-57%,24940,(7),5.0,"Túi Đựng Mỹ Phẩm, Đồ Trang Điểm Đi Du Lịch Luxury Washbag Trong Suốt Chống Thấm Nước Tiện Lợi WB02",33 Đã bán,https://www.lazada.vn/products/pdp-i2912602475.html
Trang điểm,Luckyhouse vn,588.000 ₫,-48%,305760,(508),4.9,Bộ trang điểm youliyoula Set 8 món - Combo trang điểm đầy đủ làm quà tặng cực xinh,2.3K Đã bán,https://www.lazada.vn/products/pdp-i1278424493.html
Trang điểm,Herorange Official Store,136.000 ₫,-50%,68000,,,Trang điểm Blush Stick Stick Odor không có mùi và không độc hại TONT mỹ phẩm cho nữ sinh viên Học sinh mỹ phẩm S1-9LA-HOS-VN,,https://www.lazada.vn/products/pdp-i3089300843.html
Trang điểm,peinifen,42.550 ₫,-35%,27657,,,[Peinifen] [hengfang] Kem trang điểm BB Kem che khuyết điểm kem nền cho mặt tự nhiên làm sáng làm trắng hoàn hảo chất lỏng Kem nền BB Kem che khuyết điểm bền lâu kem chống thấm nước chống ánh nắng mặt trời chăm sóc da với bông thoa phấn nền [sẵn sàng tron,,https://www.lazada.vn/products/pdp-i2374430007.html
Tủ chứa & Sắp xếp đồ,Shop Gia Dụng Ls,185.000 ₫,-5%,175750,,,"Tủ đựng đồ 3 ngăn đa năng kèm gương led để Bàn - hộp đựng mỹ phẩm,đồ trang điểm mini decor bàn học,bàn làm việc cao cấp",,https://www.lazada.vn/products/pdp-i2658819908.html
Chăm sóc cá nhân,Hoa Hồng Store 1587652616,99.000 ₫,-44%,55440,(1808),4.7,Dầu Gội Clear men 400ml& Clear Bạc hà Thái Lan mang đến cho bạn cảm giác sảng khoái và hương thơm quyến rũ (giá 1 chai ạ),5.8K Đã bán,https://www.lazada.vn/products/pdp-i2417818591.html
Trang điểm,TỔNG KHO MINH PHÚ,380.000 ₫,-48%,197600,,,"Bộ Trang Điểm Đầy Đủ 14 Món Set Trang Điểm Makeup Cá Nhân Đi Tiệc Từ Cơ Bản Đến Chuyên Nghiệp Bao Gồm Kem Nền Che Khuyết Điểm, Kem Lót, Phấn Phủ, Son Kem Lì, Bảng Phấn Mắt, Chì Kẻ Mày Kẻ Mắt, Mascara, Bộ cọ trang điểm 8 món",,https://www.lazada.vn/products/pdp-i2721470922.html
,SAHA FASHION STORE,159.998 ₫,-50%,79999,(6),5.0,Kem bả sửa chữa đồ da SAHA952 vá vết dạn nứt bong tróc rách của giày ghế túi ví phục hồi áo hỏng,14 Đã bán,https://www.lazada.vn/products/pdp-i2907119110.html
,Bút luyện chữ đẹp Bút Mài Thầy Ánh,,,,(3),5.0,Phấn trắng canxi siêu sạch,22 Đã bán,https://www.lazada.vn/products/pdp-i1657734912.html
,Dụng cụ vẽ Bình Dương Ti Pi Art,,,,(1),5.0,Phấn Tiên 12 Màu Marie's Master Pastel (không trắng đen),6 Đã bán,https://www.lazada.vn/products/pdp-i1266510355.html
Đồ dùng làm vườn,Kho Phân Thuốc Vật Tư Cây Cảnh,50.000 ₫,-10%,45000,(8),5.0,Keo Liền Da Cây - Keo Liền Sẹo Mỹ Tiến hũ 235g,47 Đã bán,https://www.lazada.vn/products/pdp-i1699366913.html
,Cây kim tiền,22.000 ₫,-9%,20020,(90),5.0,"100 gr nhũ kim tuyến loại nhỏ dùng trong trang trí, chấm đầu hoa sáp hoa voan,....",955 Đã bán,https://www.lazada.vn/products/pdp-i1881713369.html
Dụng cụ chăm sóc Sắc đẹp,Cikmi store,173.714 ₫,-26%,128548,(6),5.0,Cốp Đựng Mỹ Phẩm Vật liệu Da Túi trang điểm dung tích lớn có gương LED Thông Minh Đựng Mỹ Phẩm Túi đựng đồ makeup,30 Đã bán,https://www.lazada.vn/products/pdp-i2885285884.html
Trang điểm,Mỹ Phẩm Thuý Hường,132.000 ₫,-14%,113520,,,[Được Kiểm Hàng] Bộ Trang Điểm / Sest Trang Điểm [8 món X2] Đầy Đủ Các Món Dành Cho Người Mới Tập Trang Điểm/Makeup bộ 8 món X2,,https://www.lazada.vn/products/pdp-i2494648864.html
Dụng cụ chăm sóc Sắc đẹp,Của hàng Vali Balo Vạn Phúc,255.000 ₫,-8%,234600,,,"Cốp đựng mỹ phẩm / vật dụng cá  nhân/ cầm tay  – Gọn Nhẹ, Đựng Đồ Cá Nhân – Quai Xách Êm, Nhiều Ngăn Tiện Lợi",,https://www.lazada.vn/products/pdp-i3161305319.html
Trang điểm,Money's Beauty,,,,,,Set Mỹ Phẩm Mini Hot 2025,,https://www.lazada.vn/products/pdp-i2942653784.html
Trang điểm,LIM Cosmetic,150.000 ₫,-43%,85500,(212),4.8,Phấn Nền Dạng Lỏng Che Hết Khuyết Điểm chỉ sau 2 phút căng bóng không trôi thấm dầu tạo Màu Da Tự Nhiên như hàn quốc Images 15G,801 Đã bán,https://www.lazada.vn/products/pdp-i1359749672.html
Nhập vai Phục trang & Dạ tiệc,Biacare,350.000 ₫,-36%,224000,(6),5.0,"Bộ đồ chơi trang điểm cho bé gái, hộp trang điểm 3 tầng chất liệu tự nhiên an toàn tuyệt đối, cho bé phát triển tư duy Biacare",30 Đã bán,https://www.lazada.vn/products/pdp-i2365137892.html
Trang điểm,SKINCARE_MAKEUP SHOP,310.000 ₫,-50%,155000,,,Bộ trang điểm cá nhân/bộ trang điểm đi tiệc/set makeup/ trọn bộ trang điểm/ bộ makeup cá nhân/ Bộ trang điểm 14 món,,https://www.lazada.vn/products/pdp-i2861534236.html
Trang điểm,Hana Organic Beauty,,,,(1),4.0,Đồ trang điểm - thanh lý,,https://www.lazada.vn/products/pdp-i2342450488.html
Trang điểm,Hangnga Beauty Store,228.000 ₫,-50%,114000,(4),4.3,"[M7,H2] Bộ Trang Điểm 12 món và 9 món đầy đủ như hình, Kem nền, phấn phủ, phấn mắt, kẻ mắt, kẻ mày..",12 Đã bán,https://www.lazada.vn/products/pdp-i2545595887.html
Chăm sóc cá nhân,ĐẸP XINH COMESTIC,,,,(3),5.0,"Kem body Rmon, kem dưỡng trắng body, nâng tone, makeup body, dưỡng ẩm, dưỡng trắng tự nhiên",90 Đã bán,https://www.lazada.vn/products/pdp-i3188015371.html
Trang điểm,Senkio Pharmaceutical Store,500.000 ₫,-48%,260000,(8),5.0,"Kem Che Khuyết Điểm STICK FOUNDATION - Kem Nền Thỏi 2 Đầu A.M.G MATTE FOUNDATION Chống Nước, Cấp Ẩm",57 Đã bán,https://www.lazada.vn/products/pdp-i3034656799.html
Trang điểm,Dorisna,41.400 ₫,-43%,23598,(387),4.8,DORISNA12Colors Bút Kẻ Viền Môi Bút Son Lì Trang Điểm Môi Không Thấm Nước Bút Kẻ Viền Môi Quyến Rũ Cho Nữ,1.5K Đã bán,https://www.lazada.vn/products/pdp-i1818156228.html
Trang điểm,ThiênPhúcAnh Shop,60.000 ₫,-37%,37800,(5),5.0,"(Free ship) Son 3 Màu Nha Đam VIBELY 3IN1 Độ bám màu: 12h, không lem khi ăn uống",30 Đã bán,https://www.lazada.vn/products/pdp-i2825772639.html
Trang điểm,Mỹ Phẩm Thuý Hường,199.000 ₫,-18%,163180,(131),4.9,Bộ Trang Điểm/Bộ trang điểm Đầy Đủ Chính Hãng Cho Người Mới [Bộ 22 món E5] - Lamelia 22 Sản Phẩm Bộ E5,451 Đã bán,https://www.lazada.vn/products/pdp-i2421570043.html
"Quần, váy",Shop Quần Lót Nữ,60.000 ₫,-25%,45000,(15),4.7,[HCM]Quần Lót Nữ Siêu Mịn Thể Thao Đai Lưng Không Đường May Chọn Màu Chọn Size QL15,78 Đã bán,https://www.lazada.vn/products/pdp-i1389334333.html
,Đồ chơi thông minh Alice,100.000 ₫,-15%,85000,(22),5.0,Bút màu Acrylic Marker 12 24 36 48 60 80 cao cấp màu sắc tươi sáng không lem - Bút lông màu,79 Đã bán,https://www.lazada.vn/products/pdp-i2603084748.html
Trang điểm,PaNa- Store,189.000 ₫,-39%,115290,(76),4.8,Bộ Trang Điểm Dành Cho Người Mới Tập Make Up/Trang Điểm Cá Nhân,322 Đã bán,https://www.lazada.vn/products/pdp-i1979447362.html
Dụng cụ chăm sóc Sắc đẹp,the gioi vali,110.000 ₫,-32%,74800,(43),5.0,"Túi đựng mỹ phẩm thời trang cao cấp,Tùy chỉnh các ngăn đựng đồ,Chất liệu PU chống thấm nước",165 Đã bán,https://www.lazada.vn/products/pdp-i2494753121.html
Chăm sóc da mặt,Mikasa Pharmacy Store,250.000 ₫,-28%,180000,(3),5.0,"Kem Dưỡng Sáng Trẻ Hóa Da MMEIR 377 Whitening Lady Cream - Tinh Chất Dưỡng MméiR Làm Mờ Nám, Sạm, Tàn Nhang",22 Đã bán,https://www.lazada.vn/products/pdp-i3185270419.html
Trang điểm,Mỹ Phẩm Thuý Hường,138.500 ₫,-14%,119110,(2),5.0,Bộ Trang Điểm[12 Món Y7]Đầy Đủ Makeup/Trang Điểm Đi Tiệc/Trang Điểm Cá Nhân Cơ Bản 12 Món,13 Đã bán,https://www.lazada.vn/products/pdp-i2628280319.html
Trang điểm,TI DO,,,,(40),5.0,"Phấn phủ kiềm dầu Lameila Make Up 5073,phấn nền dạng nén độ bám cao cho da hồng hào,mịn màng,trắng sáng tự nhiên TIDO , TI DO",259 Đã bán,https://www.lazada.vn/products/pdp-i2425425307.html
Trang điểm,Tiệm Quà Của Mi,70.000 ₫,-50%,35000,,,"Bộ makeup 5 món , bộ trang điểm phấn mắt, má hồng, son môi, mascara, bộ cọ trang điểm",9 Đã bán,https://www.lazada.vn/products/pdp-i2905565289.html
Trang điểm,Luckyhouse vn,548.000 ₫,-40%,328800,(4),5.0,Bộ Trang điểm 10 món mỹ phẩm trang điểm phấn mắt son môi hai lớp kèm hộp quà,24 Đã bán,https://www.lazada.vn/products/pdp-i1887462902.html
,,,,,,,[Kem trang điểm VC] Kem trang điểm vitamin C năm chiều VC để cô lập và làm sáng màu da xỉn,18 Đã bán,https://www.lazada.vn/products/pdp-i3089258295.html
,,,,,,,"Gieo duyên, KINH SÁM CỬU HUYỀN THẤT TỔ - HỘI PHẬT MẪU (DỊCH GIẢ: TU SĨ ĐỨC THIỆN HOÀNG)",,https://www.lazada.vn/products/pdp-i3137822839.html
,,,,,,,"Bộ Trang điểm 3 tầng đầy đủ 18 món HIH nội địa Trung hàng chính hãng, Tặng kèm túi đựng đẹp",29 Đã bán,https://www.lazada.vn/products/pdp-i2369702865.html
,,,,,,,[HCM] Kệ tủ đựng mỹ phẩm đồ trang điểm trong suốt 4 tầng Tashuan TS-5338 - Hàng Việt Nam,414 Đã bán,https://www.lazada.vn/products/pdp-i380442236.html
,,,,,,,Sản phẩm trừ ốc Mỹ lọ 100gr,117 Đã bán,https://www.lazada.vn/products/pdp-i606922496.html
,,,,,,,Viên Uống Hỗ Trợ Xương Khớp Cosamin DS For Joint Health _ HÀNG MỸ,,https://www.lazada.vn/products/pdp-i2416141812.html
,,,,,,,"Kệ Đựng Mỹ Phẩm, Đồ Trang Điểm, Kệ Nhựa Đựng Đồ Đa Năng Nhiều Tầng loại ngăn kéo Hộp đựng mỹ phẩm",,https://www.lazada.vn/products/pdp-i3179343536.html
,,,,,,,Kem chống nắng Hemia nâng tone trắng da kiềm dầu cho da dầu mụn da khô da nhạy cảm chính hãng Hàn Quốc 50ml .!a.,,https://www.lazada.vn/products/pdp-i3001958561.html
,,,,,,,Bộ Trang Điểm Makuep Cơ Bản Đầy Đủ [24 Món S5] Bộ Sản Phẩm Makep Của Nữ Dành Cho Người Mới Tập Trang Điểm Mỹ Phẩm Cosmetic,6 Đã bán,https://www.lazada.vn/products/pdp-i2661134092.html
,,,,,,,Bộ 3 Sản Phẩm Chăm Sóc Da Cho Nam VEZE Ngăn Ngừa Mụn Kiểm Soát Dầu Se Khít Lỗ Chấn Lông Sữa Rửa Mặt Toner Kem Dưỡng Ẩm,132 Đã bán,https://www.lazada.vn/products/pdp-i2539898928.html
,,,,,,,[SIÊU GIẢM GIÁ] Nước Tẩy Trang L'Oréal Paris Micellar Water 400ml Hasaki Sản Phẩm Chính Hãng,11.6K Đã bán,https://www.lazada.vn/products/pdp-i1871024336.html
,,,,,,,Phấn lục giác thanh đậm trắng,184 Đã bán,https://www.lazada.vn/products/pdp-i1657769621.html
,,,,,,,"Kem Che Khuyết Điểm Stick Foundation - Kem Nền Thỏi 2 Đầu FOUNDATION Chống Nước, Cấp Ẩm, Làm Sáng Dầ",,https://www.lazada.vn/products/pdp-i3091960006.html
,,,,,,,[FREESHIP💋] Chì Che Khuyết Điểm Chống Nước Làm Mờ Vết Thâm Nhỏ Cao Cấp,338 Đã bán,https://www.lazada.vn/products/pdp-i1478504035.html
,,,,,,,"Túi Đựng Mỹ Phẩm/Đồ Trang Điểm WashBag Trong Suốt Chống Thấm Nước – Tiện Lợi, Thời Trang & Đa Năng - Nhiều Size",26.1K Đã bán,https://www.lazada.vn/products/pdp-i3140943611.html
,,,,,,,"Bộ trang điểm đầy đủ 3 tầng, Quà tặng bạn gái, Set makeup huyền bí, Quà tặng sinh nhật, có nước hoa, bộ cọ, Set Son",,https://www.lazada.vn/products/pdp-i2547579998.html
,,,,,,,"(Siêu hot) Bộ trang điểm Vỏ Sò 8 món SVMY cushion phấn phủ son mascara làm đều màu da, nâng tone da, che khuyết điểm nhẹ",,https://www.lazada.vn/products/pdp-i2688858806.html
,,,,,,,Bộ trang điểm 9 món/kem nền/ bấm mi/phấn phủ/son/Maccara/chì kẻ mày/phấn mắt/nhũ mắt/kẻ mắt nước,1.2K Đã bán,https://www.lazada.vn/products/pdp-i1754121167.html
,,,,,,,Ống 12-18-24-36 Cây Bút Sáp Màu Hữu Cơ An Toàn Cho Bé,818 Đã bán,https://www.lazada.vn/products/pdp-i2229990331.html
,,,,,,,"Sơn Mặt & Cơ Thể, Dựa Trên Nước Trang Điểm Màu Vẽ Sơn Mặt Không Gây Dị Ứng An Toàn Không Độc Hại Dễ Lau Chùi Dành Cho Trẻ Em Người Lớn Trang Phục Hóa Trang Halloween Đồ Dùng Nghệ Thuật Lễ Hội Tiệc Tùng",288 Đã bán,https://www.lazada.vn/products/pdp-i1470971874.html
,,,,,,,"[HÀNG LOẠI 1] Hạt dẻ cười Mỹ không tẩy trắng hạt được chọn lọc kỹ to,mẩy. Hạt dinh dưỡng đồ ăn vặt",34 Đã bán,https://www.lazada.vn/products/pdp-i2355558731.html
,,,,,,,Combo Dưỡng Cấy Màu Môi Tế Bào Gốc Thiên Di Tẩy Thâm Môi Cấy Hồng Môi Tự Nhiên Kích Màu Phun Xăm,511 Đã bán,https://www.lazada.vn/products/pdp-i2086637374.html
,,,,,,,Kem che khuyết điểm LAMEILA sáng bóng dưỡng ẩm kiềm dầu trang điểm lâu trôi,13.4K Đã bán,https://www.lazada.vn/products/pdp-i2416445949.html
,,,,,,,"MÀU SÁP LỤA, BÚT MÀU SÁP KHÔNG DÍNH TAY 12/24/36/48 MÀU. ĐỒ CHƠI MỸ THUẬT CHẤT LIỆU CAO CẤP AN TOÀN CHO BÉ",,https://www.lazada.vn/products/pdp-i3065867009.html
,,,,,,,[HCM] Bảng Phấn Mắt Trang Điểm Dạng Bóp Đa Năng Sweet ANYLADY PEACH Kèm Cọ,11 Đã bán,https://www.lazada.vn/products/pdp-i441004503.html
,,,,,,,"Đèn LED bể cá cảnh  LED đổi 3 màu loại 28-42cm , Đèn LED hồ cá đèn LED hồ thủy sinh, LED siêu sáng LED siêu mỏng",54 Đã bán,https://www.lazada.vn/products/pdp-i2678004726.html
,,,,,,,"Bả diệt ốc sên Mỹ  - Hiệu quả nhanh , dứt điểm sau 1-2 lần dải - An toàn tuyệt đối cho cây và con người",22 Đã bán,https://www.lazada.vn/products/pdp-i721120456.html
,,,,,,,"Túi đựng mỹ phẩm da PU, đồ trang điểm đi du lịch, chống thấm nước, nhiều ngăn, cầm tay tiện lợi Akii Home TD106",12 Đã bán,https://www.lazada.vn/products/pdp-i2664830600.html
,,,,,,,Jessup Bộ Cọ Trang Điểm 14 Chiếc Cọ Trang Điểm Đường Viền Phấn Nền Phấn Mắt Nổi Bật Phối Kem Che Khuyết Điểm Lót Elegant black T336,7.6K Đã bán,https://www.lazada.vn/products/pdp-i2565433084.html
,,,,,,,Rắn trang điểm nền dính không thấm nước tự nhiên nền mờ dính lâu dài dầu-kiểm soát trọng lượng nhẹ mịn Kem trang điểm dính,48 Đã bán,https://www.lazada.vn/products/pdp-i2733618399.html
,,,,,,,Sét Trang Điểm [20 món V12] Đầy Đủ Make Up/ Trang điểm đi tiệc/trang điểm cá nhân V12,53 Đã bán,https://www.lazada.vn/products/pdp-i2414723992.html
,,,,,,,"Kem nền dạng lỏng JOCO che khuyết điểm kiềm dầu chứa nhiều dưỡng chất, Kem nền che phủ tốt chống nước dưỡng ẩm - BUMSTORE",363 Đã bán,https://www.lazada.vn/products/pdp-i2347891162.html
,,,,,,,Nước hoa Luxury 80ml - luxury 100ml (có chiết 10ml thử ),1.9K Đã bán,https://www.lazada.vn/products/pdp-i446894658.html
,,,,,,,[ MUA 1 TẶNG 1 ] Set 4 Cây Son Kem Lì Kèm Phấn Má Hồng và Vòng Cổ ART VALUE Hộp Bướm Xinh Xắn,25 Đã bán,https://www.lazada.vn/products/pdp-i3011339931.html
,,,,,,,[HCM]Kem nền BB Che Khuyết Điểm Dưỡng Ẩm IMAGES trang điểm - BUMSTORE,1.1K Đã bán,https://www.lazada.vn/products/pdp-i995888948.html
,,,,,,,"Gege Bear Kem Má Hồng Dạng Lỏng – Màu Đào Tự Nhiên, Làm Sáng Da, Kèm Đầu Mút Tán, Trang Điểm Đa Năng, Giá Siêu Tốt",2.9K Đã bán,https://www.lazada.vn/products/pdp-i2503184797.html
,,,,,,,Kem nền che khuyết điểm dạng lỏng dưỡng ẩm kiềm dầu không dễ phai màu 30g,,https://www.lazada.vn/products/pdp-i3104940608.html
,,,,,,,Đồ Chơi Đất Nặn 10 Màu 240g - NARA NA-BXTR-240-10,17 Đã bán,https://www.lazada.vn/products/pdp-i1974445834.html
,,,,,,,"Chì Xé Kẻ Chân Mày Cao Cấp Chống Trôi, Chống Thấm Cosmetic Art Eyebrow Pencil",1.4K Đã bán,https://www.lazada.vn/products/pdp-i2903951286.html
,,,,,,,"Kem che khuyết điểm Lamella High Light Foundation, độ che phủ cao",2.0K Đã bán,https://www.lazada.vn/products/pdp-i2529792356.html
,,,,,,,Kem Nền Trang Điểm Đa Năng 30g XXM65754,230 Đã bán,https://www.lazada.vn/products/pdp-i2614841352.html
,,,,,,,Bộ sản phẩm dưỡng daFREESHIP Bộ mỹ phẩm dưỡng da kayoko plus+ vàng chuẩn nhật [trang da],,https://www.lazada.vn/products/pdp-i2547674436.html
,,,,,,,Bút Kẻ Mắt Lameila Vỏ ĐEN Chống Thấm Nước Lâu Trôi Nét Siêu Mảnh,1.4K Đã bán,https://www.lazada.vn/products/pdp-i3025556213.html
,,,,,,,"Phấn Nước L-DA Air Cushion BB Kiềm Dầu, Che Phủ Mịn Màng, Se Khít Lỗ Chân Lông 30ml",959 Đã bán,https://www.lazada.vn/products/pdp-i2654962383.html
,,,,,,,[ SIÊU HOT ] Kem Nền Che Khuyết Điểm Giúp Nâng Tôn Da Mặt Trắng Sáng Giúp Dưỡng Da Sang Mịn Cấp Ẩm Cho Da Mịn Màng,,https://www.lazada.vn/products/pdp-i3159206381.html
,,,,,,,"[NEWBOX] Bộ quà tặng mỹ phẩm dưỡng da, chăm sóc da mặt cao cấp BAURSDÈ 5 món: Sữa rửa mặt+Nước cân bằng da+Serum dưỡng ẩm+Sữa dưỡng ẩm+Kem dưỡng da giúp cấp ẩm, dưỡng trắng, chống lão hóa, trọn bộ skincare SPU182",,https://www.lazada.vn/products/pdp-i3009661488.html
,,,,,,,Phấn Nước Che Khuyết Điểm SUNISA Chính Hãng Tặng Kèm Chổi Tản Nền - Nội Địa Trung,597 Đã bán,https://www.lazada.vn/products/pdp-i2079108035.html
,,,,,,,Set Mỹ Phẩm TravelKit Skincare Chăm Sóc Mọi Loại Da Tơ Tằm Rau Má Cỏ Mềm,186 Đã bán,https://www.lazada.vn/products/pdp-i2394371890.html
,,,,,,,Bút Kẻ Lông Mày Chì Kẻ Mày Phẩy Sợi Lông Mày Chân Mày 4D Lâu Trôi Chống Nước Trang Điểm Make Up Kho Sỉ 2000,2.4K Đã bán,https://www.lazada.vn/products/pdp-i2908968378.html
,,,,,,,"Bút kẻ mắt nước mau khô, lâu trôi, không vón cục, phù hợp cho người mới học trang điểm",1.7K Đã bán,https://www.lazada.vn/products/pdp-i2540471163.html
,,,,,,,Chì Kẻ Mày Phẩy Sợi Lông Mày Chân Mày 4D Chống Nước Lâu Trôi Trang Điểm Make Up Xinh Đẹp Dễ Dàng,3.9K Đã bán,https://www.lazada.vn/products/pdp-i2554550120.html
,,,,,,,"Menow Minuo Dành Riêng Cho Năm Thỏ, Kiểm Soát Dầu Và Trang Điểm, Che Khuyết Điểm Lâu Dài, Bột Mịn Mờ, Mài Da",6 Đã bán,https://www.lazada.vn/products/pdp-i3174244966.html
,,,,,,,"Mút trang điểm hình giọt nước không thấm nước 4 miếng, Mút tán kem nền dành cho mọi loại da - BUM STORE",2.1K Đã bán,https://www.lazada.vn/products/pdp-i2020496261.html
,,,,,,,Aabeauty [100% Chính hãng] phoera Foundation Matte không thấm nước Kem che khuyết điểm kem nền dạng lỏng làm sáng Kem dưỡng ẩm,39 Đã bán,https://www.lazada.vn/products/pdp-i2421490225.html
,,,,,,,"Kem BB Cream Che Phủ Lameila 30ml Trang Điểm Tự Nhiên, Kem Nền Làm Sáng Da Mỏng Nhẹ Che Khuyết Điểm Giúp Da Đều Màu TIDO, TI DO",14 Đã bán,https://www.lazada.vn/products/pdp-i3072966965.html
,,,,,,,"Thỏi Phấn Mắt Nhũ Kim Tuyến Lấp Lánh 2 Line Lameila Color Eye Shadow Chống Thấm Nước Bền Màu, Lâu Trôi 3.8g",29 Đã bán,https://www.lazada.vn/products/pdp-i2562323610.html
,,,,,,,"[SUPER DOT KÈM TRANH TÔ MÀU] BÚT CHẤM MÀU DOT MARKERS, BÚT VẼ CHẤM TRÒN DOT PAINTING CHO BÉ THỎA SỨC SÁNG TẠO",,https://www.lazada.vn/products/pdp-i2329292744.html
,,,,,,,BuyB 【Mua 1 Lấy 1 】Hudagxl kem nền dạng lỏng lì giữ ẩm kiểm soát dầu bảo hiểm đầy đủ kiểm soát dầu trang điểm chuyên nghiệp,41 Đã bán,https://www.lazada.vn/products/pdp-i3014949695.html
,,,,,,,"Kem Lót Trang Điểm Lameila Dạng Xịt Che Khuyết Điểm, Kem Lót Nâng Tone Kiềm Dầu Dưỡng Ẩm Giữ Lớp Trang Điểm Rạng Ngời TIDO, TIDO",16 Đã bán,https://www.lazada.vn/products/pdp-i2580785369.html
,,,,,,,Chì kẻ mày cao cấp COSMETIC màu sắc Hot bền màu lâu trôi chống thấm nước siêu mảnh,24 Đã bán,https://www.lazada.vn/products/pdp-i2320537659.html
,,,,,,,Kem Lười Nâng tone sáng da tức thì 30g | Kem che khuyết điểm nhanh & làm sáng Kem nền trang điểm tự nhiên lâu trôi,119 Đã bán,https://www.lazada.vn/products/pdp-i2660858497.html
Chăm sóc da mặt,Mỹ Phẩm_ MINH KHÔI,,,,(1),5.0,Kem Nám Tàn Nhang Đồi Mồi Ngọc Ân Collagen 12g,,https://www.lazada.vn/products/pdp-i2393695361.html
Trang điểm,SH-Selection-1,18.600 ₫,-33%,12462,,,"Bút kẻ mắt nước mau khô, lâu trôi, không vón cục, phù hợp cho người mới học trang điểm",1.4K Đã bán,https://www.lazada.vn/products/pdp-i3140951497.html
Trang điểm,ORGREV COSMETIC,178.000 ₫,-50%,89000,(1),5.0,|Giả Giá 50% Toàn Bộ Gian Hàng| Phấn nước trang điểm iope Hàn Quốc - Cavali - Che khuyết điểm tốt kiềm dầu lâu trôi  - ORGREV COSMETIC,,https://www.lazada.vn/products/pdp-i2513787647.html
Trang điểm,RubikCube,,,,(4),3.0,Dung Dịch Che Phủ Bạch Biến Mỹ Phẩm Che Khuyết Điểm Chống Nước Cho Mặt Cơ Thể 20Ml,56 Đã bán,https://www.lazada.vn/products/pdp-i1786015881.html
Chăm sóc da mặt,Mỹ phẩm Ngọc Mai,178.000 ₫,-41%,105020,(10),4.9,Kem mụn mờ sẹo mờ thâm chống dị ứng perfect care Mỹ Phẩm NARGUERLIFE EX 12g,51 Đã bán,https://www.lazada.vn/products/pdp-i923884444.html
Tủ chứa & Sắp xếp đồ,Gia Dụng Pk,260.000 ₫,-28%,187200,(4),5.0,"Tủ đựng mỹ phẩm nắp 3T Hokori 3639-3, đồ trang điểm Việt Nhật cao cấp, Tủ đựng mỹ phẩm trong suốt hiện đại",13 Đã bán,https://www.lazada.vn/products/pdp-i2662426956.html
Chăm sóc cá nhân,Anh Thư hàng nhật,,,,,,SIÊU PHẨM DƯỠNG THỂ TRẮNG + MỊN DA,,https://www.lazada.vn/products/pdp-i2996603554.html
Trang điểm,Bedivar Shopping Mall,60.000 ₫,-51%,29400,,,KEM NỀN LAMEILA SIÊU MỊN CHE KHUYẾT ĐIỂM CỰC ĐỈNH,,https://www.lazada.vn/products/pdp-i2521660526.html
Trang điểm,GlobalLifestyle,49.000 ₫,-53%,23030,(14),4.9,Kích Thước Đầy Đủ Sang Trọng Matte Lip Liner - Ứng Dụng Mịn Màng Lâu Dài Màu Sắc Đa Năng Để Phác Thảo Hoàn Hảo & Làm Đầy Tất Cả Các Loại Da,4.1K Đã bán,https://www.lazada.vn/products/pdp-i3083814127.html
Tủ chứa & Sắp xếp đồ,RECO DECOR BÀN HỌC,,,,,,Tủ Mica Trong Suốt Nhiều Ngăn Đựng Mỹ Phẩm Đồ Makeup Trang Điểm Decor Bàn Học RECO,,https://www.lazada.vn/products/pdp-i2822725897.html
Trang điểm,Hangnga Beauty Store,257.000 ₫,-50%,128500,(40),4.8,"Bộ trang điểm cá nhân 18 món/13món sản phẩm đầy đủ như hình, phấn mắt, kẻ mắt, kẻ mày, khuôn vẽ mày, phấn phủ",149 Đã bán,https://www.lazada.vn/products/pdp-i2665657087.html
Trang điểm,Tiệm Quà Của Mi,376.000 ₫,-50%,188000,,,"Bộ Trang Điểm Đầy Đủ Bộ Makeup/Trang Điểm Cá Nhân /Trang Điểm Đi Tiệc Phấn phủ, Kem nền, Chì Mày, Bông mút, Son Môi",,https://www.lazada.vn/products/pdp-i2952220840.html
Dụng cụ chăm sóc Sắc đẹp,yến sàoo,60.000 ₫,-40%,36000,,,"Túi đựng mỹ phẩm WASHBAG , đựng đồ trang điểm đồ cá nhân chống thấm nước",,https://www.lazada.vn/products/pdp-i2478771670.html
Đồ gia dụng chăm sóc cá nhân,Shop Mỹ Phẩm BULL Chuyên Sỉ,180.000 ₫,-14%,154800,(4),5.0,"(Chính Hãng) Trà Fitne Herbal Thảo Mộc - Hoa Cúc - Chanh Mật Ong Thái Lan Túi Lọc (30-40 Túi Lọc) Giảm Cân , Thải Độc , Thon Gọn Vóc Dáng",23 Đã bán,https://www.lazada.vn/products/pdp-i2178321215.html
Dụng cụ chăm sóc Sắc đẹp,Như Ý Sho,209.000 ₫,-33%,140030,(12),4.8,"Kệ Đựng Mỹ Phẩm, Tủ Để Đồ Trang Điểm 2 Tầng Có Gương - Tủ Đựng Đa Năng Tiện Dụng",53 Đã bán,https://www.lazada.vn/products/pdp-i1234840997.html
Trang điểm,Mỹ Phẩm Thuý Hường,249.000 ₫,-14%,214140,(2),5.0,Bộ Trang Điểm[21 Món H7]Đầy Đủ Makeup/Trang Điểm Đi Tiệc/Trang Điểm Cá Nhân Cơ Bản 21 Món Bộ H7,10 Đã bán,https://www.lazada.vn/products/pdp-i2427032688.html
Dụng cụ chăm sóc Sắc đẹp,BUM BI,,,,(13),4.8,[HCM]Túi đựng mỹ phẩm tiện lợi Túi Đựng Đồ Trang Điểm - BUMSTORE,85 Đã bán,https://www.lazada.vn/products/pdp-i453164779.html
Dụng cụ chăm sóc Sắc đẹp,Mon-Basic Túi mỹ phẩm,185.000 ₫,-43%,105450,(1),5.0,"Túi đựng đồ trang điểm cá nhân nhiều ngăn, chất dày xịn loại tốt - size lớn 26x22x10cm",6 Đã bán,https://www.lazada.vn/products/pdp-i2427115371.html
Trang điểm,Mỹ Phẩm Thuý Hường,350.000 ₫,-14%,301000,,,Bộ Trang Điểm Mặt[26 Món] M4 Đầy Đủ Makeup/Trang Điểm Đi Tiệc/Trang Điểm Cá Nhân Cơ Bản 26 Món M4,,https://www.lazada.vn/products/pdp-i2458817306.html
Dụng cụ chăm sóc Sắc đẹp,Gia Dụng Pk,49.000 ₫,-21%,38710,,,"Kệ Nhiều Tầng Bậc Thang Đựng Mĩ Phẩm Đồ Makeup Phấn Mắt 3 tầng Trang Điểm Gọn Gàng Decor, kệ mỹ phẩm, kệ , kệ để bàn kệ mỹ phẩm để bàn, kệ , nhiều tầng",15 Đã bán,https://www.lazada.vn/products/pdp-i3100933046.html
Trang điểm,DELEVENTH Chính Hãng - Sức Sống Mới,320.000 ₫,-60%,128000,(27),4.9,Kem Nền Che Khuyết Điểm Nâng Tông Đều Màu Da BB MYG Vẻ đẹp Hàn Quốc Với Thiết Kế Độc Đáo Che Khuyết Điểm Giữ Ẩm Cho Làn Da Tươi Sáng Tinh Xảo,59 Đã bán,https://www.lazada.vn/products/pdp-i2210491270.html
,,,,,,,"Túi bút cỡ lớn nhiều ngăn TB14, hộp đựng bút ngăn to màu trơn, đồ dùng cá nhân mỹ phẩm - bóp viết basic",,https://www.lazada.vn/products/pdp-i2495869686.html
Trang điểm,Tiệm Quà Của Mi,338.000 ₫,-50%,169000,,,"Bộ trang điểm 12 món, bộ mỹ phẩm hoàn chỉnh, phấn mắt, má hồng, son môi, bộ cọ trang điểm",,https://www.lazada.vn/products/pdp-i2837927153.html
Chăm sóc da mặt,ViAn Beauty Shop,,,,,,Kem Dưỡng Ẩm HOBEBAR Dưỡng Sáng Cấp Ẩm Giúp Làm Dịu Da và Phục Hồi Nâng Tone Hiệu Quả 55ml Làm Đẹp Da Skincare Dưỡng Ẩm Da Chăm Sóc Da,,https://www.lazada.vn/products/pdp-i3189057139.html
,VPP365,55.102 ₫,-36%,35265,,,"Bộ Màu Acrylic 12 Màu 9ml – Sơn Nhanh Khô, Không Thấm Nước, Vẽ Canvas Tường Đồ Thủ Công DIY",,https://www.lazada.vn/products/pdp-i3155817474.html
Trang điểm,Liz 99999,119.000 ₫,-25%,89250,,,Kem nền lười hoàn hào Che Khuyết Điểm Nâng Tone Gấp 5 Lần Vitamin Dưỡng Ẩm Mềm Min Sáng Da 30g,,https://www.lazada.vn/products/pdp-i3099825264.html
,1naichuoi9 Official,,,,(2),5.0,"Sơn dạ quang cho các bạn làm bodypainting hoặc vẽ mặt dự sự kiện, trang trí tranh và đồ dùng, DIY",13 Đã bán,https://www.lazada.vn/products/pdp-i2076589431.html
Trang điểm,Tiệm Quà Của Mi,398.000 ₫,-50%,199000,(1),5.0,"Bộ trang điểm, bộ makeup ca nhân đầy đủ cho người mới bắt đầu,  bộ quà tặng trang điểm",6 Đã bán,https://www.lazada.vn/products/pdp-i2858172591.html
,Always Fashion,55.000 ₫,-11%,48950,(3),4.7,Sổ phác thảo chuyên nghiệp Giấy dày 160 GSM Máy tính xách tay xoắn ốc Nghệ thuật Đồ dùng học tập Bút chì vẽ notepad,8 Đã bán,https://www.lazada.vn/products/pdp-i2742935121.html
Dụng cụ chăm sóc Sắc đẹp,BUM STORE.,,,,(142),4.8,Túi đựng mỹ phẩm tiện lợi Túi Đựng Đồ Trang Điểm - BUM STORE,664 Đã bán,https://www.lazada.vn/products/pdp-i389452054.html
Chăm sóc da mặt,Lature Store,1.225.000 ₫,-34%,808500,,,Bộ Mỹ Phẩm Maris Cao Cấp Nhật Bản 6in1 Dưỡng Trắng Da Nám Tàn Nhan Chuyên Sâu,,https://www.lazada.vn/products/pdp-i2547666535.html
Trang điểm,Đẹp Tự Nhiên 1506,89.000 ₫,-45%,48950,(8),5.0,[ NỘI ĐỊA CHUNG4 Màu ] Thỏi Kem Nền Che Khuyết Điểm Concealer Đủ Màu,39 Đã bán,https://www.lazada.vn/products/pdp-i2418536771.html
Phụ kiện thú cưng,Shop thảo nguyên 3B,,,,(9),4.6,"Combo 10 con 7 màu thủy sinh nhiều loại, nhiều màu sắc, bắt ngẫu nhiên - Q3 - NH - 2",27 Đã bán,https://www.lazada.vn/products/pdp-i3162881040.html
,Kim Thêu Nổi Punch Needle Vietnam,,,,(24),4.9,"Set Chỉ Thêu Airo 50 màu - 100 tép Nhiều Màu Loại Cao Cấp Không Xù, Bền Màu Dành Cho Thêu Thủ Công, Làm Đồ Handmade | Embroidery Floss Airo Brand Priemium Quality",82 Đã bán,https://www.lazada.vn/products/pdp-i1291431830.html
Chăm sóc da mặt,JAMIZU - Mỹ phẩm Cam Thảo Nhật Bản,222.000 ₫,-39%,135420,(180),5.0,Serum Giảm & Ngừa Mụn Tuổi Dậy Thì JAMIZU Cam Thảo Nhật Bản - Giảm Nhờn Hết Mụn Mờ Thâm Trắng Da 15ml,639 Đã bán,https://www.lazada.vn/products/pdp-i1875029813.html
Trang điểm,Hisoka Pharma,250.000 ₫,-40%,150000,(5),5.0,"Kem Che Khuyết Điểm Stick Foundation A.M.G MATTE FOUNDATION Hỗ Trợ Che Phủ Tự Nhiên, Kiềm Dầu, Chống Nước, Dưỡng Ẩm",27 Đã bán,https://www.lazada.vn/products/pdp-i3033649736.html
Dụng cụ chăm sóc Sắc đẹp,bansi08,,,,,,Combo 5 hộp x  4 Bông Mút Trang Điểm,,https://www.lazada.vn/products/pdp-i3181791004.html
Dụng cụ chăm sóc Sắc đẹp,Leego shop,136.000 ₫,-50%,68000,(14),5.0,Leego kệ đựng mỹ phẩm để bàn 2 tầng，Kệ đựng Đồ Đa Năng Nhiều Ô Tiện Ích Có Ngăn Kéo,15 Đã bán,https://www.lazada.vn/products/pdp-i3164527036.html
Tủ chứa & Sắp xếp đồ,Tiệm Gia Dụng Ngọc Nhi,,,,,,Kệ Nhựa Decor Mini Để Bàn 2 Tầng Đựng Mỹ Phẩm - Dụng cụ học tập - Đồ dùng cá nhân,,https://www.lazada.vn/products/pdp-i2397877800.html
Trang điểm,Sức Sống Mới - Vẻ Đẹp Và Sức Khỏe,99.000 ₫,-57%,42570,(104),4.9,Phấn Mắt Trang Điểm Kiss Beauty Màu Lì Lâu Trôi Mềm Mịn Ánh Nhũ Lấp Lánh Chống Thấm Nước,428 Đã bán,https://www.lazada.vn/products/pdp-i1918051845.html
Dụng cụ chăm sóc Sắc đẹp,LPThienY,21.800 ₫,-50%,10900,,,Bộ cọ trang điểm cá nhân 8 cây tặng kèm túi Zip Vintage,,https://www.lazada.vn/products/pdp-i3069673254.html
,Bút luyện chữ đẹp Bút Mài Thầy Ánh,,,,(3),5.0,Phấn màu canxi siêu sạch,22 Đã bán,https://www.lazada.vn/products/pdp-i1657872320.html
Trang điểm,KK BEAUTY,24.819 ₫,-41%,14643,(2),5.0,KK Vẻ Đẹp 28 Màu Sắc Lót Môi Không Thấm Nước bền lâu But Chì viền môi Không Dính Cup Son lì Bút mộ trang điểm môi,5 Đã bán,https://www.lazada.vn/products/pdp-i2766769398.html
Trang điểm,Makeup HN Store,250.000 ₫,-25%,187500,(1),4.0,"Bộ 20 món HN05 trang điểm make-up gồm Bảng phấn mắt, che khuyết điểm, xịt khoá nền, xịt chống nắng, phấn má, nhũ kim tuyến, phấn phủ... đầy đủ như hình",,https://www.lazada.vn/products/pdp-i2731820809.html
"Quần, váy",Mỹ phẩm chính hãng COCO,,,,,,Quần Lót Nữ ️FREESHIP️ Quần Lót Su Ren Sexy Cao Cấp buộc nơ phía sau phối họa tiết trái tim mã 7799,,https://www.lazada.vn/products/pdp-i2006894569.html
Trang điểm,SKINCARE_MAKEUP SHOP,290.000 ₫,-50%,145000,(3),3.7,( Tặng bộ cọ 8 món)Trọn bộ trang điểm 12 món đầy đủ cho người mới/ set trang điểm đầy đủ/ bộ makeup cá nhân,7 Đã bán,https://www.lazada.vn/products/pdp-i2861587268.html
Dụng cụ chăm sóc Sắc đẹp,DUY LINH BAO BÌ SHOP,,,,(2),5.0,"Bộ cọ trang điểm 13 món Choice TTL-55, cá nhân ,mềm mại, chất liệu cao cấp Duy Linh Shop…",,https://www.lazada.vn/products/pdp-i3078048170.html
Trang điểm,Mỹ Phẩm Thuý Hường,199.000 ₫,-14%,171140,(10),4.8,Bộ trang điểm đầy đủ chính hãng-[22 món C1] LAMEILA Lip Glaze Lipstick+Mascara +chì kẻ mày+kẻ mắt+kem che khuyết điểm Bộ Trang Điểm C1,34 Đã bán,https://www.lazada.vn/products/pdp-i2427022778.html
Trang điểm,Mỹ Phẩm Thuý Hường,149.000 ₫,-14%,128140,(3),5.0,Bộ Trang Điểm[12 Món] F2 Đầy Đủ Makeup/Trang Điểm Đi Tiệc/Trang Điểm Cá Nhân Cơ Bản 12 Món Bộ F2,7 Đã bán,https://www.lazada.vn/products/pdp-i2579557561.html
"Quần, váy",Shop thời trang quần lót nữ,60.000 ₫,-27%,43800,(152),4.9,[HCM]Quần Lót Nữ Siêu Mịn Thể Thao Đai Lưng Không Đường May Chọn Màu Chọn Size QL15,1.5K Đã bán,https://www.lazada.vn/products/pdp-i1394515792.html
Dụng cụ chăm sóc Sắc đẹp,Mi Hà,435.000 ₫,-44%,243600,(52),4.7,"Hộp Cốp Nối Mi,Cốp Đựng Mỹ Phẩm_ Nail, Phun Xăm ,Tủ Đựng Phụ Kiện, Đựng Đồ Nghề Make Up_Túi Đựng Trang Điểm",152 Đã bán,https://www.lazada.vn/products/pdp-i1598302573.html
Thực phẩm chức năng,Tyty garden,520.000 ₫,-34%,343200,(7),4.9,[HCM]Viên Uống Collagen B512000MG USA  - Đẹp da ngăn ngừa lão hóa,,https://www.lazada.vn/products/pdp-i450102485.html
Tủ chứa & Sắp xếp đồ,VyVy.StoreVN,50.000 ₫,-32%,34000,(12),5.0,Hộp Đựng Mỹ Phẩm Nhựa 2  Tầng Để Bàn Văn Phòng Phẩm- Kệ Lưu Trữ Đồ Trang Điểm Tiện Lợi,,https://www.lazada.vn/products/pdp-i2399495780.html
Trang điểm,Mỹ Phẩm Thuý Hường,169.000 ₫,-14%,145340,(2),5.0,Bộ Trang Điểm[17 Món A4]Đầy Đủ Makeup/Trang Điểm Đi Tiệc/Trang Điểm Cá Nhân Cơ Bản 17 Món Bộ A4,,https://www.lazada.vn/products/pdp-i2427032686.html
Đồ uống,Shop Mỹ Phẩm BULL Chuyên Sỉ,220.000 ₫,-14%,189200,(42),4.8,"Siro Xuyên Bối Tỳ Bà 300ml Cao Niệm Từ Am Giảm Ho, Đau Họng, Ho Khan Hiệu Quả",,https://www.lazada.vn/products/pdp-i2002650395.html
Tủ chứa & Sắp xếp đồ,Diệu Linh Gia Dụng Thông Minh - Hot Trend.Selection,42.200 ₫,-29%,29962,(11),4.8,"Kệ Nhựa Mini 2 Tầng Đựng Đồ Đa Năng Siêu Xinh - Kệ Mini 2 Tầng Xếp Gọn Trang Trí Để Bàn - Giá Để Đồ , Kệ Mỹ Phẩm Dieulinhshop",,https://www.lazada.vn/products/pdp-i2709436003.html
Dụng cụ chăm sóc Sắc đẹp,HAPPY HOUSE 26,158.000 ₫,-50%,79000,(2),4.5,[HCM]Tủ Đựng Mỹ Phẩm 2 Tầng Có Gương Trang Điểm Hình Tai Mèo Dễ Thương - Kệ 2 Tầng Để Đồ Đa Năng Chất Liệu Bền Đẹp Giúp Không Gian Thêm Gọn Gàng Ngăn Nắp,,https://www.lazada.vn/products/pdp-i1246489582.html
Trang điểm,mjmuvm.Selection,12.900 ₫,-71%,3741,(3928),4.9,"Phấn Má Hồng Mịn Màu Đơn – Lựa Chọn Màu Sắc Phong Phú, Kết Cấu Nhẹ Nhàng, Độ Bám Tốt, Tạo Vẻ Đẹp Tự Nhiên",,https://www.lazada.vn/products/pdp-i2541285760.html
Chăm sóc cá nhân,Gia Dụng Hoa Long,,,,(1),5.0,GIADUNGHOANGMAI Bộ 6 món chiết mỹ phẩm (TẶNG MUỖNG CHIẾT - LOẠI CÓ VÒI),,https://www.lazada.vn/products/pdp-i2361516635.html
"Quần, váy",Mỹ phẩm chính hãng COCO,,,,(1),5.0,Quần Lót Nữ-Quần Lót đúc su thiết kế 2 dây bên hông sexy quyến rũ MÃ C33,,https://www.lazada.vn/products/pdp-i2006851520.html
Trang điểm,BUM STORE.,,,,(5),4.4,"Kem Nền Trang Điểm Lameila BB Cream 30ml Mỏng Nhẹ Tự Nhiên, Kem Nền Kiềm Dầu Dạng Lỏng Dưỡng Ẩm Che Khuyết Điểm Chống Thấm",,https://www.lazada.vn/products/pdp-i2351539628.html
Đồ gia dụng,Giá Sỉ 1988,380.000 ₫,-40%,228000,(137),4.8,Bật Lửa Zippo Mỹ Đồng Nữ Thần Tự Do Đời La Mã ( Ruột Đồng - Tặng Kèm Combo Đá Bấc Xịn ),,https://www.lazada.vn/products/pdp-i1021184601.html
Trang điểm,PaNa- Store,195.000 ₫,-46%,105300,(7),5.0,Bộ trang điểm 7 đến 9 món/ makeup cá nhân/ bộ mĩ phẩm,,https://www.lazada.vn/products/pdp-i1856491159.html
Trang điểm,Mỹ Phẩm Thuý Hường,149.000 ₫,-14%,128140,(11),5.0,Bộ Trang Điểm Đầy Đủ Make Up/ Trang điểm đi tiệc/trang điểm cá nhân Q4,,https://www.lazada.vn/products/pdp-i2414811314.html
Trang điểm,Luckyhouse vn,489.000 ₫,-23%,376530,(16),4.9,Bộ trang điểm đầy đủ sodilan 12 món tặng kèm túi xách,,https://www.lazada.vn/products/pdp-i2173918676.html
Trang điểm,Mỹ Phẩm Thuý Hường,350.000 ₫,-14%,301000,(3),5.0,Bộ Trang Điểm Đầy Đủ Make Up/ Trang điểm đi tiệc/trang điểm cá nhân D1,,https://www.lazada.vn/products/pdp-i2414610409.html
Trang điểm,807Txb21-2.Selection,37.600 ₫,-46%,20304,(746),4.9,"Bảng phấn mắt màu hồng Teen Girl, Highlighter, Blush, Bảng màu ba trong một, Với lung linh ngọc trai",,https://www.lazada.vn/products/pdp-i2528048922.html
Trang điểm,Mỹ Phẩm Thuý Hường,175.000 ₫,-14%,150500,(2),5.0,[Được Kiểm Hàng] Bộ Trang Điểm / Sest Trang Điểm[17 món X2] Đầy Đủ Các Món Dành Cho Người Mới Tập Trang Điểm/Makeup Bộ X2,,https://www.lazada.vn/products/pdp-i2492815513.html
Trang điểm,Ref102,15.000 ₫,-20%,12000,(80),5.0,Sample dưỡng da / makeup các hãng 0.5-3ml ngẫu nhiên,,https://www.lazada.vn/products/pdp-i1887106463.html
Chăm sóc da mặt,COLORKEY VIETNAM,152.000 ₫,-2%,148960,(889),5.0,"1 Hộp 10 Miếng Mặt Nạ Giấy COLORKEY LUMINOUS Vitamin B5 Giúp Cấp Ẩm, Hỗ Trợ Phục Hồi Làn Da Nhiều Dưỡng Chất 25ml/miếng",,https://www.lazada.vn/products/pdp-i2591089940.html
Trang điểm,Mỹ Phẩm Thuý Hường,149.000 ₫,-14%,128140,(3),5.0,Bộ Trang Điểm[12 Món] F3 Đầy Đủ Makeup/Trang Điểm Đi Tiệc/Trang Điểm Cá Nhân Cơ Bản 12 món F3,,https://www.lazada.vn/products/pdp-i2579520737.html
,cửa hàng vật tư ngành in,56.000 ₫,-27%,40880,(3),5.0,"100gr bột nhuộm áo thun màu đen, vải cotton 100%",,https://www.lazada.vn/products/pdp-i2928769252.html
Dụng cụ chăm sóc Sắc đẹp,CHĂM SOC - SỨC KHỎE - CHÍNH HÃNG,160.000 ₫,-54%,73600,(7),5.0,"CHÍNH HÃNG Sữa Rửa Mặt MEN Cho Nam Làm Sạch Sâu, Loại Bỏ Dầu Nhờn Giúp Da Trắng Mịn, Hỗ Trợ Giảm Mụn, Không Gây Khô Da, Thu Nhỏ Lỗ Chân Lông",,https://www.lazada.vn/products/pdp-i2150880622.html
Trang điểm,BUM BI,,,,,,"Gel Kẻ Mày Novo Và Eyeliner Thiết Kế Kèm Cọ 2 Màu Đen Và Nâu, Kẻ Mắt Gel Kèm Cọ Bền Màu Lâu Trôi Chống Thấm Nước Dễ Dùng",,https://www.lazada.vn/products/pdp-i2758998514.html
Trang điểm,CHINH HÃNG - SIÊU THỊ SỨC KHỎE VẺ ĐẸP,70.000 ₫,-38%,43400,(41),4.9,Chì kẻ mày cao cấp COSMETIC màu sắc Hot bền màu lâu trôi chống thấm nước siêu mảnh,,https://www.lazada.vn/products/pdp-i2321787303.html
Trang điểm,Sức Sống Mới - Vẻ Đẹp Và Sức Khỏe,95.000 ₫,-60%,38000,(473),4.9,Bảng Che Khuyết Điểm Và Tạo Khối 3 Màu SweetMint Mỏng Nhẹ Tự Nhiên Độ Che Phủ Mạnh Mẽ Làm Đều Màu Da Che Phủ Các Vết Thâm Mụn Đốm Đen Mang Lại Cho Bạn Làn Da Mịn Màng,,https://www.lazada.vn/products/pdp-i2087762613.html
Chăm sóc cá nhân,Rohto Mentholatum,115.000 ₫,-18%,94300,(597),5.0,"Nước nhỏ mắt dưỡng ẩm, giảm khô mắt chuyên sâu Rohto Dry Aid 10ml",,https://www.lazada.vn/products/pdp-i2654344448.html
Dụng cụ chăm sóc Sắc đẹp,yunafin,151.000 ₫,-43%,86070,(1),4.0,YUNAFIN Hai đầu Kem nền Nhung ẩm Làm đẹp da Kem nền che khuyết điểm nhẹ Di động Lâu trôi Mỹ phẩm cho Dành cho Nữ,,https://www.lazada.vn/products/pdp-i3088420981.html
Trang điểm,xiangnianFA,76.000 ₫,-39%,46360,(6),5.0,[Quà Tặng Miễn Phí] 4 màu sắc nền tảng dầu chống thấm kiểm soát Kem che khuyết điểm Matte kem nền dạng lỏng tự nhiên trang điểm khuôn mặt mỹ phẩm phụ nữ,,https://www.lazada.vn/products/pdp-i2873772148.html
Trang điểm,COLORKEY VIETNAM,,,,(99),5.0,"Bút Kẻ Mắt Nước COLORKEY Đầu Cọ Mảnh Không Dễ Chẻ Ngọn, Dễ Kiểm Soát Nét Mực Phù Hợp Cho Cả Người Mới Bắt Đầu 0.5ml",,https://www.lazada.vn/products/pdp-i2594681709.html
Dụng cụ chăm sóc Sắc đẹp,BUM STORE.,,,,(621),4.7,[HCM]Bộ Cọ Trang Điểm Fix 13 Món Hàng Cao Cấp Full Túi (Không Hộp),,https://www.lazada.vn/products/pdp-i654422485.html
Trang điểm,IjFgfR.Selection,25.200 ₫,-29%,17892,,,MAGIC CASA Ngọc Trai Matte Eye Shadow Cream Chống Thấm Nước Chống Mồ Hôi Trung Tính Lâu Dài Đa Năng Đơn Sản Phẩm Trang Điểm,,https://www.lazada.vn/products/pdp-i3140936698.html
Dụng cụ chăm sóc Sắc đẹp,Tâm Minh Thịnh,148.000 ₫,-26%,109520,,,"Túi Đựng Mỹ Phẩm, Đồ Trang Điểm LV Trong Suốt lous vuon Mẫu hot nhất 2022",,https://www.lazada.vn/products/pdp-i2027654281.html
Dụng cụ chăm sóc Sắc đẹp,MAANGE LOCAL STORE,238.000 ₫,-30%,166600,(7),5.0,MAANGE Bộ 20 cọ trang điểm chuyên nghiệp Phấn má hồng đường viền Phấn mắt Bộ cọ mỹ phẩm 5748,,https://www.lazada.vn/products/pdp-i2847774411.html
Dụng cụ chăm sóc Sắc đẹp,Nón Xinh 360,90.000 ₫,-22%,70200,,,Lẻ túi đựng đồ trang điểm chia ngăn cho cốp makeup chuyên nghiệp - MK21,,https://www.lazada.vn/products/pdp-i3090699012.html
Chăm sóc cá nhân,LASHE SUPERFOOD | PURITÉ | ÔLIV,512.000 ₫,-24%,389120,(845),4.9,Combo 2 Sữa Tắm Thiên Nhiên Purité 250MLx2 / 500MLx2 / 850MLx2 / 1.1Lx2,,https://www.lazada.vn/products/pdp-i2179773912-s15121214622.html
Đồ dùng làm vườn,VẬT TƯ HOA LAN THỦ ĐỨC,,,,(3),5.0,Phân bón Liquinox Grow 10-10-5 hàng nhập từ Mỹ lọ 100ml,,https://www.lazada.vn/products/pdp-i617578431.html
Chăm sóc cá nhân,ViAn Beauty Shop,,,,,,"Combo Kem Tẩy Lông Hobebar và lăn khử mùi  Giúp Lông Mọc Thưa, Cấp Ẩm, Sáng Da 50g",,https://www.lazada.vn/products/pdp-i3189535394.html
Trang điểm,Huyền Anh Shop 3,,,,(10),5.0,Set mỹ phẩm trang điểm Hanru 4 món tiện dụng,32 Đã bán,https://www.lazada.vn/products/pdp-i2812788555.html
Trang điểm,,,,,,,Bộ Trang Điểm Makuep Cơ Bản Đầy Đủ [12 Món Z3] Bộ Sản Phẩm Makep Của Nữ Dành Cho Người Mới Tập Trang Điểm Mỹ Phẩm Cosmetic,45 Đã bán,https://www.lazada.vn/products/pdp-i2661025733.html
Dụng cụ chăm sóc Sắc đẹp,,,,,,,"Túi đựng mỹ phẩm thời trang cao cấp,Tùy chỉnh các ngăn đựng đồ,Chất liệu PU chống thấm nước",165 Đã bán,https://www.lazada.vn/products/pdp-i2494753121.html
Phụ kiện thú cưng,,,,,,,San hô vật liệu lọc cần thiết cho bể cá (500g),,https://www.lazada.vn/products/pdp-i3188168796.html
Trang điểm,,,,,,,"[Bộ 18sp E5] Bộ make up, mỹ phẩm trang điểm, xịt khoá make-up, Kem nền, phấn má, phấn phủ, bộ cọ, tạo khối, che khuyết điểm, kẹp bấm mi, phấn mắt, kem lót, chuốt mi mascara, kẻ mắt, kẻ mày...",27 Đã bán,https://www.lazada.vn/products/pdp-i2685257652.html
Dụng cụ chăm sóc Sắc đẹp,,,,,,,(MUA 2 TẶNG 1) Cốp Đựng Mỹ Phẩm/ Cốp Trang Điểm/ Cốp Makeup cao cấp | Tặng 1 bông mút trang điểm khi mua 2 sản phẩm bất kỳ,62 Đã bán,https://www.lazada.vn/products/pdp-i2970375943.html
Dụng cụ chăm sóc Sắc đẹp,,,,,,,"Kệ đựng mỹ phẩm, đồ trang điểm 4 tầng 3 ngăn kéo trong suốt",,https://www.lazada.vn/products/pdp-i2659956456.html
Trang điểm,,,,,,,Bộ Trang Điểm Makuep Cơ Bản Đầy Đủ [22 Món S6] Bộ Sản Phẩm Makep Của Nữ Dành Cho Người Mới Tập Trang Điểm Mỹ Phẩm Cosmetic,15 Đã bán,https://www.lazada.vn/products/pdp-i2661059639.html
Trang điểm,,,,,,,Set trang điểm Hanru 4 món tiện dụng cho người mới bắt đầu,540 Đã bán,https://www.lazada.vn/products/pdp-i2513632424.html
Chăm sóc da mặt,ViAn Beauty Shop,,,,,,Combo Sữa Rửa Mặt 50ml + Kem Dưỡng Ẩm 55ml HOBEBAR Dưỡng Sáng Da Sạch Sâu Cấp Ẩm,,https://www.lazada.vn/products/pdp-i3189461334.html
Chăm sóc cá nhân,LIN COSMETICS_Mỹ Phẩm Organic,250.000 ₫,-40%,150000,,,Kem đánh răng thảo dược Vsmile cho bé ngừa sâu răng nuốt được dùng cho người niềng răng 150g/ tuýp,,https://www.lazada.vn/products/pdp-i3188217177.html
,,,,,,,"CÁT DÙNG CHO MÁY PHUN CÁT LÀM SẠCH TINH BỀ MẶT SẢN PHẨM GỖ, KHẮC ĐỒ MỸ NGHỆ",8 Đã bán,https://www.lazada.vn/products/pdp-i2593601572.html
Dụng cụ chăm sóc Sắc đẹp,BUM BI,,,,(2),5.0,"Túi Đựng Đồ Trang Điểm Makeup Đính Hoa Tulip Dễ Thương, Túi Vải Mỹ Phẩm Có Quai Xách Tiện Lợi Khi Đi Du Lịch Nhiều Màu",,https://www.lazada.vn/products/pdp-i3028176047.html
Dụng cụ chăm sóc Sắc đẹp,Tạp hoá đồ dùng1102,110.000 ₫,-19%,89100,(1),5.0,"Kệ đựng mỹ phẩm nhựa 4 tầng để bàn tặng kèm sticker, khay đựng đồ trang điểm nhiều ngăn , decor bàn học, đựng bút",,https://www.lazada.vn/products/pdp-i2857928472.html
Trang điểm,Mỹ Phẩm Thuý Hường,239.500 ₫,-14%,205970,,,Bộ Trang Điểm Makuep Cơ Bản Đầy Đủ 22 Món Z4 Bộ Sản Phẩm Makep Của Nữ Dành Cho Người Mới Tập Trang Điểm Mỹ Phẩm Cosmetic,,https://www.lazada.vn/products/pdp-i2661112253.html
Dụng cụ chăm sóc Sắc đẹp,Mon-Basic Túi mỹ phẩm,165.000 ₫,-12%,145200,(4),5.0,Túi đựng đồ trang điểm du lịch 2 ngăn kéo -size lớn,9 Đã bán,https://www.lazada.vn/products/pdp-i2682220610.html
"Quần, váy",,,,,,,Quần Lót Nữ ️FREESHIP️ Quần Lót Nữ Cotton phối viền chữ điệu đà trẻ trung cá tính mã 8846,,https://www.lazada.vn/products/pdp-i2006856496.html
Chăm sóc da mặt,,,,,,,COMBO KEM FACE T&T KEM DƯỠNG VÀ TONER SIÊU CẤP,108 Đã bán,https://www.lazada.vn/products/pdp-i2748381734.html
Dụng cụ chăm sóc Sắc đẹp,,,,,,,Túi đựng mỹ phẩm đồ trang điểm du lịch nhiều ngăn tiện dụng,,https://www.lazada.vn/products/pdp-i2412238842.html
Tủ chứa & Sắp xếp đồ,,,,,,,"Kệ Tủ Đựng Mỹ Phẩm Đồ Trang Điểm Trong Suốt 4 Tầng 3 Ngăn Kéo Để Bàn, Phòng Làm Việc Tiện Dụng",169 Đã bán,https://www.lazada.vn/products/pdp-i2413989390.html
Trang điểm,Tiệm Quà Của Mi,70.000 ₫,-50%,35000,,,"Bộ makeup 5 món , bộ trang điểm phấn mắt, má hồng, son môi, mascara, bộ cọ trang điểm",9 Đã bán,https://www.lazada.vn/products/pdp-i2905565289.html
Dụng cụ chăm sóc Sắc đẹp,yến sàoo,60.000 ₫,-40%,36000,,,"Túi đựng mỹ phẩm WASHBAG , đựng đồ trang điểm đồ cá nhân chống thấm nước",,https://www.lazada.vn/products/pdp-i2478771670.html
Trang điểm,saleoffcosmetic,50.000 ₫,-50%,25000,(20),3.9,"SALE NGẪU NHIÊN 1 Món PHẤN MẮT , SON , KEM NỀN , PHẤN PHỦ Mỹ phẫm ngẫu nhiên",81 Đã bán,https://www.lazada.vn/products/pdp-i2710908792.html
Trang điểm,LPTHIENYSHOP,129.800 ₫,-47%,68794,(3),5.0,Bộ Trang Điểm 4 Món Hanru Đầy Đủ Tiện Lợi Cho Người Mới Bắt Đầu,13 Đã bán,https://www.lazada.vn/products/pdp-i2959235342.html
,Phu Kien Tui Xach 247,35.000 ₫,-44%,19600,(235),4.9,Chỉ dù nylon ( sợi 1mm ),1.7K Đã bán,https://www.lazada.vn/products/pdp-i1792245699.html
Tủ chứa & Sắp xếp đồ,GIA DỤNG SỈ TPHCM,198.000 ₫,-57%,85140,(2),5.0,KỆ TỦ ĐỰNG MỸ PHẨM ĐỒ TRANG ĐIỂM MINI TRONG SUỐT 4 TẦNG TASHUAN - KỆ NHỰA ĐỰNG MỸ PHẨM 4 TẦNG NGĂN KÉO TIỆN DỤNG,20 Đã bán,https://www.lazada.vn/products/pdp-i1983027549.html
Chăm sóc da mặt,COMBO TÁI TẠO SPA MỸ HẠNH 212,,,,(24),4.9,Serum phục hồi da chuyên sâu,89 Đã bán,https://www.lazada.vn/products/pdp-i2523520279.html
Trang điểm,CHINH HÃNG - SIÊU THỊ SỨC KHỎE VẺ ĐẸP,350.000 ₫,-46%,189000,(10),5.0,Bộ trang điểm chính hãng cao cấp chính hãng đủ các màu phấn và son,28 Đã bán,https://www.lazada.vn/products/pdp-i3022712214.html
Trang điểm,Phukienxinh14,109.000 ₫,-46%,58860,(4),5.0,Set Trang Điểm PRETTY MAKEUP MSMEESHU HANRU 4 MÓN,7 Đã bán,https://www.lazada.vn/products/pdp-i2513346987.html
Trang điểm,Hoa Bồ Công Anh Store,99.000 ₫,-30%,69300,(544),4.9,[SALE] Set Trang Điểm PRETTY MAKEUP HANRU 4 Món set trang điểm tiện dụng đa năng cho người mới bắt đầu,1.8K Đã bán,https://www.lazada.vn/products/pdp-i2525214388.html
Trang điểm,Mỹ Phẩm Thuý Hường,246.500 ₫,-14%,211990,,,Bộ Trang Điểm Makuep Cơ Bản Đầy Đủ [22 Món S7] Bộ Sản Phẩm Makep Của Nữ Dành Cho Người Mới Tập Trang Điểm Mỹ Phẩm Cosmetic,,https://www.lazada.vn/products/pdp-i2661090348.html
Tủ chứa & Sắp xếp đồ,Cửa hàng gia dụng tiện ích HCM,129.000 ₫,-26%,95460,(84),4.8,Kệ Đựng Mỹ Phẩm Đồ Trang Điểm Trang Sức 4 Tầng Trong Suốt 3 Ngăn Kéo Tiện Dụng,269 Đã bán,https://www.lazada.vn/products/pdp-i2413115090.html
"Quần, váy",Cam Luu99,,,,(26),4.8,Che tên sản phẩm - Quần chip lọt khe lụa - CK045 - quần lót nữ -CL,235 Đã bán,https://www.lazada.vn/products/pdp-i1738655557.html
Chăm sóc da mặt,Munzsue,100.000 ₫,-44%,56000,(5),5.0,Chai Serum Tái Tạo [Tách Lẻ] Da Gia Truyền Giúp Da Căng Bóng Mịn Màng Sạch Nám Mụn Tàn Nhang Hũ 30gr 2024,53 Đã bán,https://www.lazada.vn/products/pdp-i2825547947.html
Trang điểm,Mỹ Phẩm Thuý Hường,134.500 ₫,-14%,115670,,,Bộ Trang Điểm Makuep Cơ Bản Đầy Đủ [12 Món Z2] Bộ Sản Phẩm Makep Của Nữ Dành Cho Người Mới Tập Trang Điểm Mỹ Phẩm Cosmetic,,https://www.lazada.vn/products/pdp-i2661009925.html
Dụng cụ chăm sóc Sắc đẹp,Mộc Mỹ Nhân Nusee chính hãng,1.900.000 ₫,-37%,1197000,(2),5.0,Bộ mỹ phẩm mộc mỹ nhân mẫu mới- mộc mĩ nhân - Nusee,13 Đã bán,https://www.lazada.vn/products/pdp-i2167310821.html
Chăm sóc da mặt,ALPHA COFFEE,103.680 ₫,-55%,46656,(49),4.9,[Cam Kết Hết Mụn Thâm Trong 7 Ngày] Kem Giảm Mụn Cấp Tốc Loại Bỏ Mụn và Vết Thâm Hoàn Toàn Thu Nhỏ Lỗ Chân Lông CYSTIC Acne Giúp Da Láng Mịn Khít Lỗ Chân Lông Kiểm Soát Dầu/25g,154 Đã bán,https://www.lazada.vn/products/pdp-i2661521706.html
Chăm sóc da mặt,cửa hàng vật tư ngành in,95.000 ₫,-39%,57950,(31),5.0,"Glycerin thực vật (99.5%- 99,9%) – dưỡng ẩm và làm trắng da mặt nguyên chất",139 Đã bán,https://www.lazada.vn/products/pdp-i2006535605.html
,MEHOM - Mê nhà,150.000 ₫,-21%,118500,(6),4.2,"Thuốc Nhuộm Quần Áo Đen Phù Hợp Nhiều Loại Vải, Nhuộm Đen Quần Áo Hiệu Quả 300ml MEHOM - NQA01",28 Đã bán,https://www.lazada.vn/products/pdp-i3076679862.html
Trường học & văn phòng,Tổng Kho Hậu Thị,,,,(39),4.8,Hộp Đựng Bút / Mỹ Phẩm Để Bàn Dễ Thương Tiện Dụng Cho Văn Phòng,165 Đã bán,https://www.lazada.vn/products/pdp-i2433615979.html
Nhập vai Phục trang & Dạ tiệc,Hoa Hướng Dương Store,140.000 ₫,-49%,71400,(9),5.0,Bộ Phấn Trang Điểm Make Up Kit A.D.S - Trang Điểm Bột Hộp Trang Điểm Bộ Sinh Viên Trang Điểm Set Full,37 Đã bán,https://www.lazada.vn/products/pdp-i2607865903.html
,,,,,,,Combo 5 - 10 gói Pate CIAO 60g - Bổ Sung Đầy Đủ Dinh Dưỡng Cần Thiết Cho Mèo mọi lứa tuổi,,https://www.lazada.vn/products/pdp-i3189040257.html
Trang điểm,Mỹ Phẩm Thuý Hường,149.000 ₫,-7%,138570,(480),4.8,Bộ Trang Điểm[12 Món X4]Đầy Đủ Makeup/Trang Điểm Đi Tiệc/Trang Điểm Cá Nhân Cơ Bản [12 Món X4],1.6K Đã bán,https://www.lazada.vn/products/pdp-i2495559111.html
Trang điểm,Mỹ Phẩm Thuý Hường,137.500 ₫,-14%,118250,(6),4.8,Bộ Trang Điểm[12 Món Y5]Đầy Đủ Makeup/Trang Điểm Đi Tiệc/Trang Điểm Cá Nhân Cơ Bản 12 Món,18 Đã bán,https://www.lazada.vn/products/pdp-i2628294302.html
Dụng cụ chăm sóc Sắc đẹp,Hoá Mỹ Phẩm Mỹ Phương,,,,,,Bông trang điểm (bông tẩy trang) Silcot 82 miếng/hộp và 66 miếng/hộp,,https://www.lazada.vn/products/pdp-i3189517091.html
,,,,,,,Kệ đựng mĩ phẩm đồ trang điểm nhựa để bàn có ngăn kéo tiện lợi,168 Đã bán,https://www.lazada.vn/products/pdp-i2253318618.html
Trang điểm,Shop Pé Heo Chuyên Sỉ,90.000 ₫,-7%,83700,(33),4.8,"(Siêu Hot) Bộ Trang Điểm ADS Đủ Bộ 40 món Full Hộp , Phấn Mắt , Phấn nền , Phấn má , Son Môi",162 Đã bán,https://www.lazada.vn/products/pdp-i2433849349.html
Phụ kiện thú cưng,Thuỷ Sinh 24h Cần Thơ,15.000 ₫,-27%,10950,,,"Bèo Rễ đỏ trang trí hồ thuỷ sinh cá cảnh, hấp thụ dinh dưỡng dư thừa trong hồ",,https://www.lazada.vn/products/pdp-i3187927219.html
Trang điểm,Mỹ Phẩm Thuý Hường,135.000 ₫,-14%,116100,(17),4.8,Bộ Trang Điểm Đầy Đủ Chính Hãng Bộ Makeup [14 Món E2] Cho Người Mới - Lamelia 14 Sản Phẩm Bộ E2,55 Đã bán,https://www.lazada.vn/products/pdp-i2427059118.html
Chăm sóc da mặt,skincarethegioi,525.490 ₫,-49%,267999,,,Kem dưỡng Clinique Dramatically Different Moisturizing - Moisturizer 50ml (Gel - Jelly - Lotion),,https://www.lazada.vn/products/pdp-i3189923810.html
Trang điểm,Money's Beauty,,,,,,Set Mỹ Phẩm Mini Hot 2025,,https://www.lazada.vn/products/pdp-i2942653784.html
Chăm sóc cá nhân,Tuyết An Shop 1989,,,,,,Nước rửa chén Mỹ Hảo 1.5 kg trà xanh và chanh,,https://www.lazada.vn/products/pdp-i2641698306.html
Trang điểm,BON HT,159.000 ₫,-31%,109710,,,Combo trang điểm 8 món Youliyoula hot tiktok -Bộ trang điểm 8 món Youliyoula / Set trang điểm youliyoula,,https://www.lazada.vn/products/pdp-i2329461560.html
,SAHA FASHION STORE,159.998 ₫,-50%,79999,(6),5.0,Kem bả sửa chữa đồ da SAHA952 vá vết dạn nứt bong tróc rách của giày ghế túi ví phục hồi áo hỏng,14 Đã bán,https://www.lazada.vn/products/pdp-i2907119110.html
Trang điểm,LECARO STORE,69.000 ₫,-20%,55200,(23),4.7,"[HOT TREND 2021] Bộ Cọ Trang Điểm FIX 13 Món, Mẫu Mới, Màu Mới, Màu Hot, Chính Hãng Mẫu Mới, Kết Hợp Cùng Kem Che Khuyết Điểm, Phấn Trang Điểm, Son Môi, Kẻ Mắt, Chì Kẻ Mày Mỹ Phẩm Nội Địa Trung, Lecaro",73 Đã bán,https://www.lazada.vn/products/pdp-i1152486085.html
Dụng cụ chăm sóc Sắc đẹp,Cikmi store,173.714 ₫,-26%,128548,(6),5.0,Cốp Đựng Mỹ Phẩm Vật liệu Da Túi trang điểm dung tích lớn có gương LED Thông Minh Đựng Mỹ Phẩm Túi đựng đồ makeup,30 Đã bán,https://www.lazada.vn/products/pdp-i2885285884.html
Dụng cụ chăm sóc Sắc đẹp,Mon-Basic Túi mỹ phẩm,300.000 ₫,-22%,234000,(9),5.0,Túi đựng đồ trang điểm sức chứa lớn chống thấm nước,34 Đã bán,https://www.lazada.vn/products/pdp-i2412324488.html
Trang điểm,Makeup HN Store,155.000 ₫,-14%,133300,(49),4.8,"Bộ trang điểm đầy đủ 25 món makeup 13m,9m làm đẹp gồm xịt khoá nền, kem nền, phấn phủ, phấn mắt, phấn má, xịt chống nắng, kẻ mắt.. đầy đủ như hình",247 Đã bán,https://www.lazada.vn/products/pdp-i2687729956.html
Trang điểm,Shop Lu Lu,95.000 ₫,-12%,83600,,,"(LL) Bộ Trang Điểm ADS Đủ Bộ 40 món Full Hộp , Tiện Lợi , Kiểu dáng thanh lịch, thiết kế nhỏ gọn, dễ dàng mang theo.",,https://www.lazada.vn/products/pdp-i2768447264.html
Chăm sóc cá nhân,Cami Cosmetic (Mỹ phẩm Cami),189.000 ₫,-16%,158760,(14),4.9,BỘT TẮM TRẮNG THẢO MỘC CAMI COSMETIC,93 Đã bán,https://www.lazada.vn/products/pdp-i2594372752.html
Trang điểm,Hoa Hướng Dương Store,130.000 ₫,-47%,68900,(1),5.0,Set Trang Điểm 4 Món Hanru Dễ Dàng Với Người Mới Make Up Set trang điểm nền Prrety Makeup 4 món bộ trang điểm đầy đủ cho người mới bắt đầu kiềm dầu kháng nước nâng tone Zentop,,https://www.lazada.vn/products/pdp-i2609636528.html
Dụng cụ chăm sóc Sắc đẹp,GIA DỤNG MUN SHOP,,,,(2),5.0,"Kệ đựng mỹ phẩm 2 tầng, hộp đựng đồ trang điểm, makeup bằng nhựa cao cấp, tiện sử dụng",5 Đã bán,https://www.lazada.vn/products/pdp-i2196649890.html
Chăm sóc da mặt,NHỎ 82,,,,,,"Tái tạo Cao Cấp yody phương anh (Nguyên Mã) chính hãng . không sưng đỏ, để pha vào tái tạo bột giảm sưng đỏ rát da, mỹ phẩm yody phương anh",,https://www.lazada.vn/products/pdp-i2242983829.html
Đồ dùng làm vườn,Kho Phân Thuốc Vật Tư Cây Cảnh,,,,(11),5.0,Phân bón tận chậm hạt vàng Osmocote 14-14-14 nhập khẩu Mỹ gói 200g,43 Đã bán,https://www.lazada.vn/products/pdp-i1699382852.html
Chăm sóc da mặt,MP Khánh Ngọc,313.814 ₫,-50%,156907,(6),5.0,Kem Dưỡng Trắng Da CyDo 16g - Giúp da trắng; chống lão hóa da; ngăn ngừa mụn; se khít lỗ chân lông - Mỹ phẩm cao cấp 7 trong 1 - Thảo dược thiên nhiên [Chính hãng],36 Đã bán,https://www.lazada.vn/products/pdp-i1468871403.html
Trang điểm,SKINCARE_MAKEUP SHOP,290.000 ₫,-50%,145000,(3),3.7,( Tặng bộ cọ 8 món)Trọn bộ trang điểm 12 món đầy đủ cho người mới/ set trang điểm đầy đủ/ bộ makeup cá nhân,7 Đã bán,https://www.lazada.vn/products/pdp-i2861587268.html
,,,,,,,"Kệ Nhựa Đựng Mỹ Phẩm 3 Tầng 2 Ngăn Kéo - Hộp Nhựa Chia Ngăn Đựng Cọ, Son, Vật Dụng Cá Nhân Nhỏ Gọn - Kệ Trang Điểm Mini Tiện Lợi Cho Bàn Trang Điểm",,https://www.lazada.vn/products/pdp-i3116906542.html
Chăm sóc da mặt,MP Chợ Lớn,28.939 ₫,-14%,24887,(18),4.7,Kem dưỡng da DR SKINACNE xóa mụn cám mụn bọc mụn ẩn và tàn nhang sẹo thâm se khít lỗ chân lông - mp chợ lớn,119 Đã bán,https://www.lazada.vn/products/pdp-i2660889918.html
,,,,,,,Bộ Trang Điểm Makuep Cơ Bản Đầy Đủ [24 Món S5] Bộ Sản Phẩm Makep Của Nữ Dành Cho Người Mới Tập Trang Điểm Mỹ Phẩm Cosmetic,6 Đã bán,https://www.lazada.vn/products/pdp-i2661134092.html
,,,,,,,VIBRANT GLAMOUR Tinh Chất Hyaluronic Acid Chống Lão Hóa Se Khít Lỗ Chân Lông Làm Trắng Dưỡng Ẩm Giảm Nếp Nhăn 15ml,491 Đã bán,https://www.lazada.vn/products/pdp-i3140906895.html
,,,,,,,Bộ trang điểm Hanru 4 món đa năng tiện dụng,5 Đã bán,https://www.lazada.vn/products/pdp-i2963726312.html
,,,,,,,"kích bong đông y tái tạo da, bong da nhanh hơn Giúp làm sạch da, hút nhờn, tiêu diệt mụn , sạch thâm nám nhanh",964 Đã bán,https://www.lazada.vn/products/pdp-i2029023911.html
,,,,,,,kem nám giúp da xóa nám tàn nhang một cách cấp tốc giúp da căng bóng mọng da trắng sáng khỏe mạnh làn da 40ml,82 Đã bán,https://www.lazada.vn/products/pdp-i2075469627.html
,,,,,,,VIBRANT GLAMOUR Tinh Chất Hyaluronic Acid Chống Lão Hóa Se Khít Lỗ Chân Lông Làm Trắng Dưỡng Ẩm Giảm Nếp Nhăn 15ml,491 Đã bán,https://www.lazada.vn/products/pdp-i2472497556.html
,,,,,,,Bộ 3 Sản Phẩm Chăm Sóc Da Làm Sáng Tông Màu Da LAIKOU,2.2K Đã bán,https://www.lazada.vn/products/pdp-i3140890953.html
,,,,,,,Túi đựng đồ trang điểm nữ bằng da PU dung tích lớn Túi đựng mỹ phẩm cao cấp Túi đựng đồ,30 Đã bán,https://www.lazada.vn/products/pdp-i2093473209.html
,,,,,,,Hộp gel nhuộm nhựa đen Sprayking Carbon Black 130 gram,45 Đã bán,https://www.lazada.vn/products/pdp-i2803231863.html
,,,,,,,"Bánh xà phòng cám gạo, xà bông Thái JAM RICE MILK SOAP 65g  làm trắng da, mềm mịn",,https://www.lazada.vn/products/pdp-i3187690770.html
,,,,,,,Tẩy Tế Bào Chết Nước lột da - PEEL DA MẶT CAO CẤP - tẩy da chết - giảm mụn mờ nám tàn nhang - thay da sinh học peel lột da mặt100MLCho Làn Da Mềm Mại Rạng Rỡ,109 Đã bán,https://www.lazada.vn/products/pdp-i2661026821.html
,,,,,,,Bộ đồ chơi mỹ phẩm dụng cụ trang điểm 33 món không độc hại chất liệu an toàn nhiều lựa chọn thích hợp cho bé,142 Đã bán,https://www.lazada.vn/products/pdp-i2721652746.html
,,,,,,,Bộ Trang Điểm/Bộ trang điểm Đầy Đủ Chính Hãng Cho Người Mới [Bộ 22 món E5] - Lamelia 22 Sản Phẩm Bộ E5,451 Đã bán,https://www.lazada.vn/products/pdp-i2421570043.html
,,,,,,,Xịt khoáng La Roche-Posay Eau Thermale giúp làm dịu cấp ẩm và bảo vệ da dung tích 300ml,,https://www.lazada.vn/products/pdp-i3188893456.html
,,,,,,,Chigoo Túi đựng mỹ phẩm led túi đựng đồ makeup túi đựng đồ trang điểm túi đựng mĩ phẩm có gương hộp đựng mỹ phẩm có nắp,124 Đã bán,https://www.lazada.vn/products/pdp-i2806442679.html
,,,,,,,"Kệ Đựng Mỹ Phẩm YTC Cao Cấp Nhập Khẩu, Chống Bụi Chống Nước Siêu Đẹp",2.3K Đã bán,https://www.lazada.vn/products/pdp-i1541343214.html
,,,,,,,"Túi bút cỡ lớn nhiều ngăn TB14, hộp đựng bút ngăn to màu trơn, đồ dùng cá nhân mỹ phẩm - bóp viết basic",,https://www.lazada.vn/products/pdp-i2495869686.html
,,,,,,,Bộ Trang Điểm[22 Món A2]Đầy Đủ Makeup/Trang Điểm Đi Tiệc/Trang Điểm Cá Nhân Cơ Bản 22 Món A2,388 Đã bán,https://www.lazada.vn/products/pdp-i2414792532.html
,,,,,,,[ Bộ trang điểm] 27 Món [V5] Bộ sản phẩm  trang điểm MAKEUP  gồm 27 món (V5) đa năng tiện dụng Dành cho người mới tầm makeup [chính hãng],30 Đã bán,https://www.lazada.vn/products/pdp-i2584394827.html
,,,,,,,KỆ ĐỰNG MỸ PHẨM TRONG SUỐT XOAY 360 ĐỘ CHẠM KHẮC VÂN KIM CƯƠNG SANG CHẢNH CỰC ĐẸP - TỦ ĐỰNG ĐỒ TRANG ĐIỂM HÌNH TRỤ CÓ KHAY ĐỂ SON TIỆN LỢI - KHAY ĐỰNG MỸ PHẨM ĐỂ BÀN CÓ THỂ XẾP GỌN ĐƯỢC,74 Đã bán,https://www.lazada.vn/products/pdp-i2133829845.html
,,,,,,,Xịt khoáng dưỡng da d'Alba White Truffle First Spray Serum 50ml (Vàng),,https://www.lazada.vn/products/pdp-i3189855672.html
,,,,,,,[QUÀ TẶNG KHÔNG BÁN] Bông tẩy trang 222 miếng mềm mịn thấm hút,,https://www.lazada.vn/products/pdp-i3191047635.html
,,,,,,,Tẩy Tế Bào Chết Body Săn Chắc Và Giảm Mụn Cơ Thể Exclusive Cosmetics Gel Scrub Quế Hồi Và Cà Phê 380g,,https://www.lazada.vn/products/pdp-i3187844437.html
,,,,,,,Pouch Túi Vải Nhiều Màu Chần Bông Mềm Mại Đựng Mỹ Phẩm Make Up Hộp Bút Viết Đồ Dùng Cá Nhân Xinh Xắn Pepper Clothing,32 Đã bán,https://www.lazada.vn/products/pdp-i2441432998.html
,,,,,,,"Túi đựng đồ trang điểm cá nhân nhiều ngăn, chất dày xịn loại tốt - size lớn 26x22x10cm",6 Đã bán,https://www.lazada.vn/products/pdp-i2427115371.html
,,,,,,,Túi đựng mỹ phẩm Túi đựng mỹ phẩm Túi đựng đồ tiện ích nhựa dẻo trong suốt,44 Đã bán,https://www.lazada.vn/products/pdp-i2488469341.html
,,,,,,,"Bộ Trang điểm 3 tầng đầy đủ 18 món HIH nội địa Trung hàng chính hãng, Tặng kèm túi đựng đẹp",29 Đã bán,https://www.lazada.vn/products/pdp-i2369702865.html
,,,,,,,"bộ trang điểm 10 món đầy đủ như hình ảnh, phấn mắt, phấn phủ, kẻ mắt, kẻ mày., son, dán mí, che khuyết điểm, bông",200 Đã bán,https://www.lazada.vn/products/pdp-i2595362952.html
,,,,,,,"(S- BBull) Sét Trang Điểm Nvno 8 Món cơ Bản Hàng Nội Địa ,, trang điểm , tiện lợi , sang trọng",,https://www.lazada.vn/products/pdp-i3110245217.html
,,,,,,,Nước mềm da Mỹ không cần ngâm Blue Crocs,,https://www.lazada.vn/products/pdp-i3102491549.html
,,,,,,,HOÀN TIỀN 15% - Trọn bộ 15 món trang điểm Lameila/ combo makeup/son/kem nền,884 Đã bán,https://www.lazada.vn/products/pdp-i2197672582.html
,,,,,,,"Phấn Má Hồng Mịn Màu Đơn – Lựa Chọn Màu Sắc Phong Phú, Kết Cấu Nhẹ Nhàng, Độ Bám Tốt, Tạo Vẻ Đẹp Tự Nhiên",15.1K Đã bán,https://www.lazada.vn/products/pdp-i2541285760.html
,,,,,,,Bộ Trang Điểm[12 Món Y7]Đầy Đủ Makeup/Trang Điểm Đi Tiệc/Trang Điểm Cá Nhân Cơ Bản 12 Món,13 Đã bán,https://www.lazada.vn/products/pdp-i2628280319.html
Trang điểm,Hoa Bồ Công Anh Store,99.000 ₫,-30%,69300,(544),4.9,[SALE] Set Trang Điểm PRETTY MAKEUP HANRU 4 Món set trang điểm tiện dụng đa năng cho người mới bắt đầu,1.8K Đã bán,https://www.lazada.vn/products/pdp-i2525214388.html
Trang điểm,SKINCARE_MAKEUP SHOP,230.000 ₫,-50%,115000,(1),5.0,Bộ Trang Điểm 11 Món Đầy Đủ Make Up/ Trang điểm đi tiệc/trang điểm cá nhân/ Combo makeup / Set Trang Điểm,,https://www.lazada.vn/products/pdp-i2861565230.html
,Great-King,330.000 ₫,-50%,165000,(5),5.0,"DIY Set Tự Làm / Khung tranh đính đá pha lê size 20x25 handmade quà 14/3 tặng người yêu, quà sinh nhật, quà kỉ niệm",10 Đã bán,https://www.lazada.vn/products/pdp-i2621651100.html
Trang điểm,Hoa Hướng Dương Store,130.000 ₫,-47%,68900,(1),5.0,Set Trang Điểm 4 Món Hanru Dễ Dàng Với Người Mới Make Up Set trang điểm nền Prrety Makeup 4 món bộ trang điểm đầy đủ cho người mới bắt đầu kiềm dầu kháng nước nâng tone Zentop,,https://www.lazada.vn/products/pdp-i2609636528.html
Trang điểm,LPShop01,134.000 ₫,-48%,69680,(3),5.0,"Full Box - Set Trang Điểm HANRU 4 Món Tiện Dụng, Đầy Đủ, Cơ Bản Cho Người Mới Bắt Đầu",9 Đã bán,https://www.lazada.vn/products/pdp-i2965101592.html
Trang điểm,LPTHIENYSHOP,129.800 ₫,-46%,70092,(3),5.0,Bộ Trang Điểm 4 Món Hanru Đầy Đủ Tiện Lợi Cho Người Mới Bắt Đầu,13 Đã bán,https://www.lazada.vn/products/pdp-i2959235342.html
Trang điểm,LPThienY,132.000 ₫,-47%,69960,(1),5.0,Bộ trang điểm Hanru 4 món đa năng tiện dụng,5 Đã bán,https://www.lazada.vn/products/pdp-i2963726312.html
Trang điểm,Phukienxinh14,109.000 ₫,-46%,58860,(4),5.0,Set Trang Điểm PRETTY MAKEUP MSMEESHU HANRU 4 MÓN,7 Đã bán,https://www.lazada.vn/products/pdp-i2513346987.html
Trang điểm,Tiệm Quà Của Mi,70.000 ₫,-50%,35000,,,"Bộ makeup 5 món , bộ trang điểm phấn mắt, má hồng, son môi, mascara, bộ cọ trang điểm",9 Đã bán,https://www.lazada.vn/products/pdp-i2905565289.html
quà tặng & Gói quà,THƯ STORE 99,,,,(17),5.0,"HỘP QUÀ TẶNG NGÀY LỄ, SET QUÀ KỈ NIỆM MAKEUP GỒM 3 SON + NƯỚC HOA + PHẤN MÁ + KEM NỀN + GẤU XINH",69 Đã bán,https://www.lazada.vn/products/pdp-i2540437482.html
Trang điểm,Shop Pé Heo Chuyên Sỉ,90.000 ₫,-7%,83700,(33),4.8,"(Siêu Hot) Bộ Trang Điểm ADS Đủ Bộ 40 món Full Hộp , Phấn Mắt , Phấn nền , Phấn má , Son Môi",162 Đã bán,https://www.lazada.vn/products/pdp-i2433849349.html
Dụng cụ chăm sóc Sắc đẹp,bongyeushop,,,,(1),5.0,[HCM](LOẠI ĐẸP) KỆ MỸ PHẨM TRONG SUỐT XOAY 360 ĐỘ CAO CẤP - TỦ ĐỰNG ĐỒ TRANG ĐIỂM HÌNH TRỤ CÓ KHAY ĐỂ SON TIỆN LỢI - KHAY ĐỰNG MỸ PHẨM ĐỂ BÀN CÓ THỂ XẾP GỌN ĐƯỢC,9 Đã bán,https://www.lazada.vn/products/pdp-i2341087151.html
Trang điểm,Mỹ Phẩm Thuý Hường,134.500 ₫,-14%,115670,(11),4.8,Bộ Trang Điểm Makuep Cơ Bản Đầy Đủ [12 Món Z3] Bộ Sản Phẩm Makep Của Nữ Dành Cho Người Mới Tập Trang Điểm Mỹ Phẩm Cosmetic,45 Đã bán,https://www.lazada.vn/products/pdp-i2661025733.html
Trang điểm,BeautyCN,109.000 ₫,-46%,58860,(151),4.8,Set trang điểm Hanru 4 món tiện dụng cho người mới bắt đầu,540 Đã bán,https://www.lazada.vn/products/pdp-i2513632424.html
Trang điểm,Shop Mỹ Phẩm BULL Chuyên Sỉ,,,,,,"(S- BBull) Sét Trang Điểm Nvno 8 Món cơ Bản Hàng Nội Địa ,, trang điểm , tiện lợi , sang trọng",,https://www.lazada.vn/products/pdp-i3110245217.html
Tủ chứa & Sắp xếp đồ,GIA DỤNG SỈ TPHCM,198.000 ₫,-50%,99000,(2),5.0,KỆ TỦ ĐỰNG MỸ PHẨM ĐỒ TRANG ĐIỂM MINI TRONG SUỐT 4 TẦNG TASHUAN - KỆ NHỰA ĐỰNG MỸ PHẨM 4 TẦNG NGĂN KÉO TIỆN DỤNG,20 Đã bán,https://www.lazada.vn/products/pdp-i1983027549.html
Tủ chứa & Sắp xếp đồ,Phụ Kiện Giá Tốt 24H,80.000 ₫,-46%,43200,(20),4.9,"Kệ Đựng Mỹ Phẩm, Remote , Đồ Dùng Đa Năng Cỡ To 4 Ngăn - Rổ Nhựa 4 Ngăn Đựng Đồ Tiện Ích - Khay Nhựa 4 Ngăn  - Khay Đựng Đồ - Khay Bút - Khay Tiện ích 4 Ngăn Nhựa PP Tiện Lợi",69 Đã bán,https://www.lazada.vn/products/pdp-i2418989860.html
Trang điểm,saleoffcosmetic,60.000 ₫,-33%,40200,(1),5.0,Sản phẩm trang điểm ngẫu nhiên Không chọn mẫu,8 Đã bán,https://www.lazada.vn/products/pdp-i2711471837.html
Nhập vai Phục trang & Dạ tiệc,,,,,,,Bộ đồ chơi mỹ phẩm mô phỏng bàn trang điểm nhiều màu cho bé - Sản phẩm an toàn không độc hại cho bé,606 Đã bán,https://www.lazada.vn/products/pdp-i2439229135.html
Tủ chứa & Sắp xếp đồ,,,,,,,"Hộp Đựng Đồ, Đựng Mỹ Phẩm Để Bàn Có Ngăn Kéo Màu Morandi Phiên Bản Hàn Quốc",156 Đã bán,https://www.lazada.vn/products/pdp-i2030763088.html
Nhập vai Phục trang & Dạ tiệc,,,,,,,Bộ mỹ phẩm đồ chơi trang điểm 33 món không độc hại thích hợp cho bé,54 Đã bán,https://www.lazada.vn/products/pdp-i2396004321.html
Nhập vai Phục trang & Dạ tiệc,SpeedOfficialStore,307.100 ₫,-13%,267177,(4),5.0,"Bộ Dụng Cụ Làm Đẹp Mỹ Phẩm Cho Trẻ Em 17 Chiếc, Bộ Hộp Trang Điểm Không Độc Hại Bộ Quà Tặng Sinh Nhật Cho Bé Gái, Bộ Trang Điểm Cho Trẻ Em, Bộ Trang Điểm Cho Trẻ Em, Đồ Chơi Trang Điểm Cho Bé Gái,",12 Đã bán,https://www.lazada.vn/products/pdp-i2391300572.html
Trang điểm,Mỹ Phẩm Thuý Hường,199.000 ₫,-18%,163180,(132),4.9,Bộ Trang Điểm/Bộ trang điểm Đầy Đủ Chính Hãng Cho Người Mới [Bộ 22 món E5] - Lamelia 22 Sản Phẩm Bộ E5,451 Đã bán,https://www.lazada.vn/products/pdp-i2421570043.html
Dụng cụ chăm sóc Sắc đẹp,,,,,,,Túi Vệ Sinh Da Lớn Dành Cho Du Lịch Nam Nữ Dopp Kit Treo Túi Đựng Mỹ Phẩm Thời Trang Có Dây Kéo Đựng Đồ Đi Du Lịch,361 Đã bán,https://www.lazada.vn/products/pdp-i2796068320.html
Trang điểm,,,,,,,"Bộ mỹ phẩm 18 món, phấn mắt, son môi, má hồng, mascara, bộ cọ trang điểm",,https://www.lazada.vn/products/pdp-i2839358167.html
Dụng cụ chăm sóc Sắc đẹp,,,,,,,Kệ đựng mĩ phẩm đồ trang điểm nhựa để bàn có ngăn kéo tiện lợi,168 Đã bán,https://www.lazada.vn/products/pdp-i2253318618.html
Trang điểm,,,,,,,Bộ Trang Điểm[12 Món Y5]Đầy Đủ Makeup/Trang Điểm Đi Tiệc/Trang Điểm Cá Nhân Cơ Bản 12 Món,18 Đã bán,https://www.lazada.vn/products/pdp-i2628294302.html
Tủ chứa & Sắp xếp đồ,,,,,,,Kệ Đựng Mỹ Phẩm Đồ Trang Điểm Trang Sức 4 Tầng Trong Suốt 3 Ngăn Kéo Tiện Dụng,269 Đã bán,https://www.lazada.vn/products/pdp-i2413115090.html
Dụng cụ chăm sóc Sắc đẹp,,,,,,,Túi đựng đồ makeup nhỏ gọn có chia ngăn,5 Đã bán,https://www.lazada.vn/products/pdp-i2681979743.html
Trang điểm,,,,,,,Bộ Trang Điểm Makuep Cơ Bản Đầy Đủ [22 Món S6] Bộ Sản Phẩm Makep Của Nữ Dành Cho Người Mới Tập Trang Điểm Mỹ Phẩm Cosmetic,15 Đã bán,https://www.lazada.vn/products/pdp-i2661059639.html
Trang điểm,Tiệm Quà Của Mi,78.000 ₫,-50%,39000,,,Tron bộ trang điểm 9 món đầy đủ các bước trang điểm/son/kem nền/Phấn mắt/ Má hồng/ Mascara/ Kẻ mắt/ Bấm mi/ chì mày/Bộcọ,,https://www.lazada.vn/products/pdp-i2904658402.html
Trang điểm,Makeup HN Store,235.000 ₫,-21%,185650,(1),5.0,"Bộ 20 món trang điểm make-up (HN01) gồm có: Kem nền, xịt khoáng, phấn má, phấn phủ, che khuyết điểm, chuốt mi mascara, nhũ mắt kim tuyến, kẹp mi, bộ cọ... bộ 20món như hình",,https://www.lazada.vn/products/pdp-i2726885720.html
Chăm sóc da mặt,Chuyên sỉ lẻ Tăng Giảm cân,400.000 ₫,-13%,348000,(149),4.7,[Chính Hãng] Cao mụn sâm đỏ 36 vị hủ 15g,801 Đã bán,https://www.lazada.vn/products/pdp-i805228987.html
Dụng cụ chăm sóc Sắc đẹp,A&D MaLL,130.000 ₫,-42%,75400,(3),5.0,Kệ Đựng Mỹ Phẩm Mẫu Mới Cỡ Lớn - Đồ Trang Điểm Để Bàn Xoay 360  Sang Trọng Cao Cấp - Mẫu Mới Cực Đẹp,8 Đã bán,https://www.lazada.vn/products/pdp-i2605442133.html
Trang điểm,PaNa- Store,169.000 ₫,-41%,99710,(6),5.0,Bộ Trang Điểm Cá Nhân 7 đến 9 sản phẩm/ phấn nước lameila/Maccara/son/phấn phủ,32 Đã bán,https://www.lazada.vn/products/pdp-i1968046025.html
Dụng cụ chăm sóc Sắc đẹp,Mon-Basic Túi mỹ phẩm,185.000 ₫,-43%,105450,(1),5.0,"Túi đựng đồ trang điểm cá nhân nhiều ngăn, chất dày xịn loại tốt - size lớn 26x22x10cm",6 Đã bán,https://www.lazada.vn/products/pdp-i2427115371.html
Vali và Túi du lịch đa năng,Lucy Beauty Shop,,,,(3),5.0,Bộ Chai Chiết Mỹ Phẩm 4 Trong 1 và 3 Trong 1 Tiện Lợi,10 Đã bán,https://www.lazada.vn/products/pdp-i2685375993.html
Trang điểm,Mỹ Phẩm Thuý Hường,135.000 ₫,-14%,116100,(17),4.8,Bộ Trang Điểm Đầy Đủ Chính Hãng Bộ Makeup [14 Món E2] Cho Người Mới - Lamelia 14 Sản Phẩm Bộ E2,55 Đã bán,https://www.lazada.vn/products/pdp-i2427059118.html
,Vpp.thudo,,,,(35),4.8,Bút sơn Uni paint PX 20,503 Đã bán,https://www.lazada.vn/products/pdp-i909268460.html
Trang điểm,Hangnga Beauty Store,190.000 ₫,-50%,95000,(6),4.8,"[Bộ 18sp E5] Bộ make up, mỹ phẩm trang điểm, xịt khoá make-up, Kem nền, phấn má, phấn phủ, bộ cọ, tạo khối, che khuyết điểm, kẹp bấm mi, phấn mắt, kem lót, chuốt mi mascara, kẻ mắt, kẻ mày...",27 Đã bán,https://www.lazada.vn/products/pdp-i2685257652.html
Tủ chứa & Sắp xếp đồ,PTNgoc House 3137.Selection,42.300 ₫,-29%,30033,(44),5.0,"Khay Đựng Son 24 Ô Trong Suốt, Khay Đựng Son Và Mỹ Phẩm Loại Nhỏ Cùng Cọ Trang Điểm Chất Liệu Mica",204 Đã bán,https://www.lazada.vn/products/pdp-i2703588853.html
Nhập vai Phục trang & Dạ tiệc,Kho Sỉ 247,,,,,,"Hộp đựng mỹ phẩm để bàn, dạng ngăn kéo, siêu đẹp, siêu sang",,https://www.lazada.vn/products/pdp-i2737611471.html
Dụng cụ chăm sóc Sắc đẹp,THẾ GIỚI DÉP LÔNG 1992,99.000 ₫,-20%,79200,(4),5.0,"Túi hộp đựng mỹ phẩm, đồ trang điểm hộp đứng cứng ko gấp gọn được",29 Đã bán,https://www.lazada.vn/products/pdp-i2376356125.html
Trang điểm,Mỹ Phẩm Thuý Hường,138.500 ₫,-14%,119110,(2),5.0,Bộ Trang Điểm[12 Món Y7]Đầy Đủ Makeup/Trang Điểm Đi Tiệc/Trang Điểm Cá Nhân Cơ Bản 12 Món,13 Đã bán,https://www.lazada.vn/products/pdp-i2628280319.html
Chăm sóc cá nhân,Milan shop hcm,,,,(49),5.0,SET KÍCH TRẮNG TẶNG KÈM MUỖNG TRỘN KEM,244 Đã bán,https://www.lazada.vn/products/pdp-i2259311304.html
Nhập vai Phục trang & Dạ tiệc,,,,,,,【siêu rẻ】Bộ mỹ phẩm đồ chơi trang điểm 33 món không độc hại thích hợp cho bé,,https://www.lazada.vn/products/pdp-i2663477298.html
Tủ chứa & Sắp xếp đồ,,,,,,,"Rổ Nhựa 4 Ngăn Đựng Đồ Tiện Dụng - Kệ Đựng Mỹ Phẩm, Remote , Đồ Dùng Đa Năng - Khay Nhựa - Khay Đựng Đồ 4 Ngăn - Khay Đựng Bút - Khay Tiện ích 4 Ngăn Nhựa PP Tiện Lợi",36 Đã bán,https://www.lazada.vn/products/pdp-i2419127031.html
Trang điểm,PaNa- Store,189.000 ₫,-42%,109620,(267),4.8,Bộ trang điểm 9 món/kem nền/ bấm mi/phấn phủ/son/Maccara/chì kẻ mày/phấn mắt/nhũ mắt/kẻ mắt nước,1.2K Đã bán,https://www.lazada.vn/products/pdp-i1754121167.html
Tủ chứa & Sắp xếp đồ,Gia Dụng Tiện Ích EzyHome,120.000 ₫,-50%,60000,,,"Kệ Nhựa Đựng Mỹ Phẩm 3 Tầng 2 Ngăn Kéo - Hộp Nhựa Chia Ngăn Đựng Cọ, Son, Vật Dụng Cá Nhân Nhỏ Gọn - Kệ Trang Điểm Mini Tiện Lợi Cho Bàn Trang Điểm",,https://www.lazada.vn/products/pdp-i3116906542.html
Trang điểm,SKINCARE_MAKEUP SHOP,310.000 ₫,-50%,155000,,,Bộ trang điểm cá nhân/bộ trang điểm đi tiệc/set makeup/ trọn bộ trang điểm/ bộ makeup cá nhân/ Bộ trang điểm 14 món,,https://www.lazada.vn/products/pdp-i2861534236.html
Dụng cụ chăm sóc Sắc đẹp,LAIKOU.Selection,52.700 ₫,-23%,40579,,,Bộ 3 Sản Phẩm Chăm Sóc Da Làm Sáng Tông Màu Da LAIKOU,2.2K Đã bán,https://www.lazada.vn/products/pdp-i3140890953.html
Trang điểm,Mỹ Phẩm Thuý Hường,250.000 ₫,-20%,200000,(106),4.7,Bộ Trang Điểm[22 Món A2]Đầy Đủ Makeup/Trang Điểm Đi Tiệc/Trang Điểm Cá Nhân Cơ Bản 22 Món A2,388 Đã bán,https://www.lazada.vn/products/pdp-i2414792532.html
Nhập vai Phục trang & Dạ tiệc,SpeedOfficialStore,307.100 ₫,-14%,264106,(4),5.0,🎁【siêu rẻ】Bộ mỹ phẩm đồ chơi trang điểm 33 món không độc hại thích hợp cho bé,12 Đã bán,https://www.lazada.vn/products/pdp-i2505838165.html
,Slayer,138.000 ₫,-50%,69000,,,80/48 Cây Bút màu Marker Lalunavn Touch Cool 2 Đầu tô màu dạ vẽ tranh anime - SÉT BÚT MÀU DẠ KÈM TÚI,,https://www.lazada.vn/products/pdp-i2684072108.html
Trang điểm,ThiênPhúcAnh Shop,220.000 ₫,-39%,134200,(8),5.0,Bộ Trang Điểm 8 Món Youliyoula Đầy Đủ Và Cơ Bản - Món Quà Tặng Cho Bạn Gái Siêu Sang Chảnh,16 Đã bán,https://www.lazada.vn/products/pdp-i2156401732.html
Trang điểm,PaNa- Store,189.000 ₫,-39%,115290,(76),4.8,Bộ Trang Điểm Dành Cho Người Mới Tập Make Up/Trang Điểm Cá Nhân,322 Đã bán,https://www.lazada.vn/products/pdp-i1979447362.html
Chăm sóc da mặt,COLORKEY VIETNAM,152.000 ₫,-9%,138320,(858),5.0,"1 Hộp 10 Miếng Mặt Nạ Giấy COLORKEY LUMINOUS Vitamin B5 Giúp Cấp Ẩm, Hỗ Trợ Phục Hồi Làn Da Nhiều Dưỡng Chất 25ml/miếng",3.9K Đã bán,https://www.lazada.vn/products/pdp-i2591089940.html
Trang điểm,Mỹ Phẩm Thuý Hường,129.000 ₫,-14%,110940,(6),4.8,Bộ Trang Điểm[10 Món X7]Đầy Đủ Makeup/Trang Điểm Đi Tiệc/Trang Điểm Cá Nhân Cơ Bản 10 Món X7,21 Đã bán,https://www.lazada.vn/products/pdp-i2605407088.html
Tủ chứa & Sắp xếp đồ,Nội Thất YTC,550.000 ₫,-41%,324500,(595),4.9,"Kệ Đựng Mỹ Phẩm YTC Cao Cấp Nhập Khẩu, Chống Bụi Chống Nước Siêu Đẹp",2.3K Đã bán,https://www.lazada.vn/products/pdp-i1541343214.html
Dụng cụ chăm sóc Sắc đẹp,Chigoo,528.000 ₫,-43%,300960,(20),5.0,Chigoo Túi đựng mỹ phẩm led túi đựng đồ makeup túi đựng đồ trang điểm túi đựng mĩ phẩm có gương hộp đựng mỹ phẩm có nắp,124 Đã bán,https://www.lazada.vn/products/pdp-i2806442679.html
Tủ chứa & Sắp xếp đồ,Nội Thất YTC,400.000 ₫,-30%,280000,(280),4.9,"Hộp Đựng Mỹ Phẩm Đa Năng, Kệ Đựng Đồ Trang Điểm Trong Suốt",1.0K Đã bán,https://www.lazada.vn/products/pdp-i1549138141.html
Trang điểm,,,,,,,"Bộ trang điểm 26,24 món make-up đầy đủ như hình, kem nền, xịt khoáng, phấn mắt, chuốt mi, bộ cọ....",65 Đã bán,https://www.lazada.vn/products/pdp-i2668726329.html
Trang điểm,,,,,,,Sét Trang Điểm [20 món V12] Đầy Đủ Make Up/ Trang điểm đi tiệc/trang điểm cá nhân V12,53 Đã bán,https://www.lazada.vn/products/pdp-i2414723992.html
Nhập vai Phục trang & Dạ tiệc,,,,,,,Bộ mỹ phẩm đồ chơi trang điểm 33 món không độc hại thích hợp cho bé,13 Đã bán,https://www.lazada.vn/products/pdp-i2392049140.html
Trang điểm,Mỹ Phẩm Thuý Hường,189.000 ₫,-14%,162540,(46),4.5,Bộ Trang Điểm[21 Món A1]Đầy Đủ Makeup/Trang Điểm Đi Tiệc/Trang Điểm Cá Nhân Cơ Bản Bộ 22 món A1,134 Đã bán,https://www.lazada.vn/products/pdp-i2421514401.html
Tủ chứa & Sắp xếp đồ,Gia Dụng Pk,50.000 ₫,-22%,39000,(460),4.9,"Kệ Đựng Mỹ Phẩm, Kệ Để Đồ Trang Điểm Mini 3 Tầng 2 ngăn kéo - Kệ đựng Đồ Đa Năng Nhiều Ô Tiện Ích Có Ngăn Kéo, kệ đựng đồ trang điểm, kệ để bàn mini, kệ mini, kệ đựng đồ đa năng, kệ mini để bàn",1.9K Đã bán,https://www.lazada.vn/products/pdp-i2157423106.html
Nhập vai Phục trang & Dạ tiệc,A_hoco__Store,373.830 ₫,-44%,209344,(2),5.0,【giao hàng trong vòng 24h】Bộ mỹ phẩm đồ chơi trang điểm 33 món không độc hại thích hợp cho bé,6 Đã bán,https://www.lazada.vn/products/pdp-i2664089214.html
Trang điểm,Mỹ Phẩm Thuý Hường,249.000 ₫,-14%,214140,(15),4.7,Bộ Trang Điểm[22 Món Y1 ]Đầy Đủ Makeup/Trang Điểm Đi Tiệc/Trang Điểm Cá Nhân Cơ Bản 22 Món Y1,31 Đã bán,https://www.lazada.vn/products/pdp-i2617260629.html
Dụng cụ chăm sóc Sắc đẹp,GIA DỤNG MUN SHOP,,,,(2),5.0,"Kệ đựng mỹ phẩm 2 tầng, hộp đựng đồ trang điểm, makeup bằng nhựa cao cấp, tiện sử dụng",5 Đã bán,https://www.lazada.vn/products/pdp-i2196649890.html
Dụng cụ chăm sóc Sắc đẹp,SIANDO,49.000 ₫,-19%,39690,(1),5.0,Túi đựng mỹ phẩm Washbag 3 màu 3 size đựng đồ cá nhân đồ trang điểm chống thấm nước SIANDO TCN01,,https://www.lazada.vn/products/pdp-i2956487446.html
Trang điểm,ThiênPhúcAnh Shop,,,,(25),4.9,"Bộ Kit Trang Điểm ADS Mini Nhiều Mẩu , Tiện Lợi , Phù Hợp Mọi Loại Da",120 Đã bán,https://www.lazada.vn/products/pdp-i1339274047.html
Trang điểm,Mỹ Phẩm Thuý Hường,99.000 ₫,-14%,85140,(18),4.5,Bộ Trang Điểm [8 Món ] Xinh Xắn Lameila Dành Cho Người Mới Tập Makuep(Chính Hãng) Bộ 8 món xinh xắn,57 Đã bán,https://www.lazada.vn/products/pdp-i2427027901.html
Dụng cụ chăm sóc Sắc đẹp,Cikmi store,173.714 ₫,-26%,128548,(6),5.0,Cốp Đựng Mỹ Phẩm Vật liệu Da Túi trang điểm dung tích lớn có gương LED Thông Minh Đựng Mỹ Phẩm Túi đựng đồ makeup,30 Đã bán,https://www.lazada.vn/products/pdp-i2885285884.html
Dụng cụ chăm sóc Sắc đẹp,GIA DỤNG SỈ TPHCM,132.000 ₫,-58%,55440,,,KỆ ĐỰNG MỸ PHẨM CỌ TRANG ĐIỂM 5 NGĂN XOAY 360 ĐỘ TIỆN LỢI PHONG CÁCH HÀN QUỐC XINH XẮN. ỐNG ĐỰNG BÚT ĐỒ DÙNG HỌC TẬP ĐỂ BÀN ĐA NĂNG,,https://www.lazada.vn/products/pdp-i3102607996.html
Trang điểm,Mỹ Phẩm Thuý Hường,129.000 ₫,-14%,110940,(29),4.7,Bộ Trang Điểm[12 Món C10]Đầy Đủ Makeup/Trang Điểm Đi Tiệc/Trang Điểm Cá Nhân Cơ Bản 12 Món C10,129 Đã bán,https://www.lazada.vn/products/pdp-i2428204001.html
Tủ chứa & Sắp xếp đồ,Forest Home,279.998 ₫,-36%,179198,,,"Hộp Bảo Quản Mỹ Phẩm, Hộp Đựng Mỹ Phẩm Đa Năng Dung Tích Lớn, xoay 360 Hộp đựng mỹ",,https://www.lazada.vn/products/pdp-i3179423086.html
Dụng cụ chăm sóc Sắc đẹp,Shop hàng khuyến mãi Nguyễn Quý,35.000 ₫,-46%,18900,(10),4.9,Túi đựng mỹ phẩm Túi đựng mỹ phẩm Túi đựng đồ tiện ích nhựa dẻo trong suốt,44 Đã bán,https://www.lazada.vn/products/pdp-i2488469341.html
Trang điểm,PaNa- Store,149.000 ₫,-42%,86420,(332),4.8,HOÀN TIỀN 15% - Bộ trang điểm Lameila 7 đến 8 món (Chính Hãng),1.5K Đã bán,https://www.lazada.vn/products/pdp-i1651160228.html
Dụng cụ chăm sóc Sắc đẹp,BUM STORE.,,,,(621),4.7,[HCM]Bộ Cọ Trang Điểm Fix 13 Món Hàng Cao Cấp Full Túi (Không Hộp),3.3K Đã bán,https://www.lazada.vn/products/pdp-i654422485.html
Dụng cụ chăm sóc Sắc đẹp,DUY LINH BAO BÌ SHOP,,,,(2),5.0,"Bộ cọ trang điểm 13 món Choice TTL-55, cá nhân ,mềm mại, chất liệu cao cấp Duy Linh Shop…",,https://www.lazada.vn/products/pdp-i3078048170.html
Trang điểm,Tiệm Quà Của Mi,398.000 ₫,-50%,199000,(1),5.0,"Bộ trang điểm, bộ makeup ca nhân đầy đủ cho người mới bắt đầu,  bộ quà tặng trang điểm",6 Đã bán,https://www.lazada.vn/products/pdp-i2858172591.html
Dụng cụ chăm sóc Sắc đẹp,MAANGE LOCAL STORE,152.000 ₫,-35%,98800,(32),5.0,Bộ cọ trang điểm MAANGE 14 cây mềm mại với Túi đựng cọ trang điểm da 1340,151 Đã bán,https://www.lazada.vn/products/pdp-i2847934354.html
Trang điểm,Mỹ Phẩm Thuý Hường,210.000 ₫,-14%,180600,(18),4.8,Bộ Trang Điểm[20 Món D9]Đầy Đủ Makeup/Trang Điểm Đi Tiệc/Trang Điểm Cá Nhân Cơ Bản 20 Món Bộ D9,40 Đã bán,https://www.lazada.vn/products/pdp-i2428168315.html
Dụng cụ chăm sóc Sắc đẹp,TI DO,,,,(9),4.7,"Bộ Cọ Trang Điểm Xanh Lá, Hồng, Vàng 13 cây Kèm Túi, Không Hộp Nội Địa Trung TI DO , TIDO",43 Đã bán,https://www.lazada.vn/products/pdp-i823326619.html
Dụng cụ chăm sóc Sắc đẹp,Shoponline24h.(Sơn Liễu).,,,,,,Túi đựng mỹ phẩm đồ cá nhân chia nhiều ngăn tiện lợi bằng vải khoá kéo chắc chắn thiết kế thời trang dễ dàng mang đi,,https://www.lazada.vn/products/pdp-i3139754401.html
Dụng cụ chăm sóc Sắc đẹp,Xjk9kXtt.Selection,27.100 ₫,-29%,19241,(2665),4.9,"Bộ 8 cọ trang điểm mini với cán bằng nhựa mờ, thiết kế màu macaron, dễ mang theo, lông cọ mềm mại, dụng cụ trang điểm làm đẹp",8.4K Đã bán,https://www.lazada.vn/products/pdp-i2541759880.html
Dụng cụ chăm sóc Sắc đẹp,MIGE.HOME,91.000 ₫,-30%,63700,,,"Bộ cọ trang điểm cầm tay 10 món có hộp đựng, bao gồm nhiều loại cọ trang điểm chuyên nghiệp",,https://www.lazada.vn/products/pdp-i3083815446.html
Dụng cụ chăm sóc Sắc đẹp,GIA DỤNG SỈ TPHCM,190.000 ₫,-69%,58900,(7),4.6,TỦ GỖ ĐỰNG MỸ PHẨM CÓ GƯƠNG TRANG ĐIỂM HÌNH TAI MÈO SIÊU XINH - KỆ ĐỰNG MỸ PHẨM ĐỒ MAKEUP NHIỀU NGĂN BẰNG GỖ THƠM CAO CẤP CÓ THỂ XẾP GỌN ĐƯỢC - MẪU MỚI 2022,44 Đã bán,https://www.lazada.vn/products/pdp-i1582041606.html
Trang điểm,Mỹ Phẩm Thuý Hường,350.000 ₫,-14%,301000,(12),5.0,[ Bộ trang điểm] 27 Món [V5] Bộ sản phẩm  trang điểm MAKEUP  gồm 27 món (V5) đa năng tiện dụng Dành cho người mới tầm makeup [chính hãng],30 Đã bán,https://www.lazada.vn/products/pdp-i2584394827.html
,Dư Niên Store,,,,(2),5.0,"Bút sáp bay dạng xoay hiệu con gấu Panda, bút sáp ủi bay không cần chuốt.",,https://www.lazada.vn/products/pdp-i3165318901.html
Trang điểm,EuniceTF,70.000 ₫,-50%,35000,,,Công cụ tiêu sáng cao đôi Stick Stick Natural Matte Makeup Highlighter Natural Cao mũi Đường viền Bắc đẹp Chăm sóc cá nhân Kẹp mắt cá nhân,,https://www.lazada.vn/products/pdp-i2940559793.html
Dụng cụ chăm sóc Sắc đẹp,Gia dụng Tuki248,50.000 ₫,-30%,35000,(4),5.0,"Túi đựng mỹ phẩm, đồ trang điểm chống thấm nước, họa tiết dễ thương",12 Đã bán,https://www.lazada.vn/products/pdp-i2519532094.html
Vali và Túi du lịch đa năng,KH360,24.000 ₫,-21%,18960,(3),5.0,Bộ chiết mỹ phẩm 5 món - Hàn Quốc,27 Đã bán,https://www.lazada.vn/products/pdp-i1272188816.html
Trang điểm,Shop Mỹ Phẩm BULL Chuyên Sỉ,199.000 ₫,-32%,135320,(1),5.0,Bộ Trang Điểm 8 Món Youliyoula Đầy Đủ Và Cơ Bản - Món Quà Tặng Cho Bạn Gái Siêu Sang Chảnh,7 Đã bán,https://www.lazada.vn/products/pdp-i2156196841.html
Dụng cụ chăm sóc Sắc đẹp,Akii Home,60.000 ₫,-35%,39000,(4),5.0,"Túi đựng mỹ phẩm chất liệu PVC mờ+da PU cao cấp, túi đựng đồ trang điểm di động Akii Home TD31",15 Đã bán,https://www.lazada.vn/products/pdp-i2834705110.html
Tủ chứa & Sắp xếp đồ,Gia Dụng Pk,76.000 ₫,-15%,64600,(2),5.0,"Hộp đựng cọ trang điểm 2959 - hộp đựng cọ có nắp kín chống ẩm mốc bụi bẩn, hộp dựng cọ trang điểm, hộp đựng mỹ phẩm, hộp đựng có nắp, hộp đựng trang sức",6 Đã bán,https://www.lazada.vn/products/pdp-i3027359155.html
Trang điểm,Mỹ Phẩm Thuý Hường,129.000 ₫,-14%,110940,(23),5.0,Bộ trang điểm đầy đủ [10 món X3]  cơ bản set trang điểm cá nhân bộ makeup nhẹ nhàng đi chơi cho nàng Hatola Bộ X3,96 Đã bán,https://www.lazada.vn/products/pdp-i2495571086.html
Trang điểm,PaNa- Store,190.000 ₫,-43%,108300,(34),4.9,Bộ trang điểm Lameila chuyên nghiệp 8 món,126 Đã bán,https://www.lazada.vn/products/pdp-i1772158719.html
Nhập vai Phục trang & Dạ tiệc,Toyfun-VN,88.000 ₫,-2%,86240,(23),4.6,Bộ đồ chơi mỹ phẩm dụng cụ trang điểm 33 món không độc hại chất liệu an toàn nhiều lựa chọn thích hợp cho bé,142 Đã bán,https://www.lazada.vn/products/pdp-i2721652746.html
Nhập vai Phục trang & Dạ tiệc,JOYNCLEON Shopping Mall,319.000 ₫,-49%,162690,,,"Joyncleon an toàn trẻ em Bộ trang điểm, chơi giả vờ Bộ mỹ phẩm cho trẻ em gái, món quà sinh nhật",,https://www.lazada.vn/products/pdp-i3165110390.html
Tủ chứa & Sắp xếp đồ,Bonjure Beauty,159.000 ₫,-22%,124020,(27),5.0,"YONUO  hộp lưu trữ để bàn, bàn trang điểm, hộp sắp xếp mặt nạ mỹ phẩm, hộp trong suốt, cọ trang điểm gia dụng và hộp lưu trữ phồng",84 Đã bán,https://www.lazada.vn/products/pdp-i2561586529.html
Tủ chứa & Sắp xếp đồ,VyVy.StoreVN,25.000 ₫,-28%,18000,(24),4.7,"Khay Nhựa Trong Suốt Đựng Mỹ Phẩm Có Tay Cầm, Hộp Đựng Đồ Nhựa Mỹ Phẩm Đa Năng Trang Trí Bàn",173 Đã bán,https://www.lazada.vn/products/pdp-i2398411985.html
Thực phẩm chức năng,Đồ dùng thông minh - BUM SMART,170.000 ₫,-32%,115600,(195),5.0,"[CHE TÊN SP] Kem Xóa Thâm, Làm Hồng Nhũ Hoa CHÍNH HÃNG 100%, Làm Hồng Môi, Dưỡng Trắng Da Nách, Bikini vùng kín Sexy Pink Whitening Cream",2.4K Đã bán,https://www.lazada.vn/products/pdp-i1970422072.html
Trang điểm,Mỹ Phẩm Thuý Hường,350.000 ₫,-14%,301000,(39),4.8,Bộ Trang Điểm[27 Món] W1 Đầy Đủ Makeup/Trang Điểm Đi Tiệc/Trang Điểm Cá Nhân Cơ Bản 27 Món bộ W1,97 Đã bán,https://www.lazada.vn/products/pdp-i2579482980.html
Dụng cụ chăm sóc Sắc đẹp,the gioi vali,85.000 ₫,-28%,61200,(22),5.0,"Túi đựng mỹ phẩm xách tay,Chất liệu PU chống thấm nước có móc treo nhiều ngăn,chứa được nhiều đồ dùng cá nhân và mỹ phẩm",88 Đã bán,https://www.lazada.vn/products/pdp-i2494681535.html
Dụng cụ chăm sóc Sắc đẹp,the gioi vali,95.000 ₫,-41%,56050,(15),5.0,"Túi đựng đồ vệ sinh cá nhân/túi đựng mỹ phẩm,Nhiều ngăn và sức chứa cực lớn",49 Đã bán,https://www.lazada.vn/products/pdp-i2822833479.html
Nhập vai Phục trang & Dạ tiệc,,,,,,,Bộ mỹ phẩm đồ chơi trang điểm 33 món không độc hại thích hợp cho bé,56 Đã bán,https://www.lazada.vn/products/pdp-i2394087293.html
Trang điểm,,,,,,,Bộ Trang Điểm[24 Món E3]Đầy Đủ Makeup/Trang Điểm Đi Tiệc/Trang Điểm Cá Nhân Cơ Bản 24 Món Bộ E3,91 Đã bán,https://www.lazada.vn/products/pdp-i2428111239.html
,,,,,,,Bút lông Màu Acrylic Marker / Bộ màu 12 24 36 48 60 80 màu Vẽ Được Trên Nhiều Chất Liệu - Đồ Chơi Mỹ Thuật SẴN HCM,,https://www.lazada.vn/products/pdp-i3178264593.html
Trang điểm,,,,,,,Bộ Trang Điểm[12 Món] F2 Đầy Đủ Makeup/Trang Điểm Đi Tiệc/Trang Điểm Cá Nhân Cơ Bản 12 Món Bộ F2,7 Đã bán,https://www.lazada.vn/products/pdp-i2579557561.html
Chăm sóc da mặt,,,,,,,Combo 2 kem meiduzi nhật bản ngày + đêm tem vuông ( tặng bọc đựng ) tem check BCA,8.7K Đã bán,https://www.lazada.vn/products/pdp-i1612315054.html
Chăm sóc da mặt,,,,,,,Serum Giảm & Ngừa Mụn Tuổi Dậy Thì JAMIZU Cam Thảo Nhật Bản - Giảm Nhờn Hết Mụn Mờ Thâm Trắng Da 15ml,639 Đã bán,https://www.lazada.vn/products/pdp-i1875029813.html
Trang điểm,,,,,,,Bộ trang điểm cao cấp đủ màu hàng chính hãng,20 Đã bán,https://www.lazada.vn/products/pdp-i2985779307.html
Dụng cụ chăm sóc Sắc đẹp,,,,,,,Túi đựng mỹ phẩm trong suốt Túi đựng đồ trang điểm hình thú dễ thương nhiều kích thước WASH BAG - BUMSTORE,5 Đã bán,https://www.lazada.vn/products/pdp-i2335189440.html
Dụng cụ chăm sóc Sắc đẹp,,,,,,,"Bộ Cọ Trang Điểm Du Lịch Mini 8 Món Tặng Túi Zip, Set 8 Cây Cọ Trang Điểm Lông Dày Mịn Êm",,https://www.lazada.vn/products/pdp-i3060300330.html
Dụng cụ chăm sóc Sắc đẹp,,,,,,,KỆ MỸ PHẨM MICA TRONG SUỐT XOAY 360 ĐỘ HÀNG TỐT SIÊU BỀN ĐẸP- HỘP ĐỰNG ĐỒ TRANG ĐIỂM ĐỂ BÀN KÈM KHAY SON CÓ THỂ XẾP GỌN ĐƯỢC,163 Đã bán,https://www.lazada.vn/products/pdp-i496126604.html
Dụng cụ chăm sóc Sắc đẹp,AnDat.Shop,63.000 ₫,-13%,54810,(10),5.0,"[HCM] Set 3 Túi Nhựa Trong Suốt Đựng Đồ Đa Năng, Đựng Mỹ Phẩm, Đồ Dùng Cá Nhân  Mang Theo Tiện Lợi",35 Đã bán,https://www.lazada.vn/products/pdp-i2657793681.html
Dụng cụ chăm sóc Sắc đẹp,,,,,,,Bộ cọ trang điểm cá nhân 8 cây tặng kèm túi Zip Vintage,,https://www.lazada.vn/products/pdp-i3069673254.html
Trang điểm,,,,,,,Cọ tán Màu son môi cọ che khuyết điểm đầu tròn tiện lợi,42 Đã bán,https://www.lazada.vn/products/pdp-i2267254014.html
Trang điểm,,,,,,,Bộ Trang Điểm/Sét Trang Điểm [24 Món M6] Đầy Đủ Các Món Chính Hãng Cho Người Mới - Lamelia 24 Sản Phẩm Bộ M6,105 Đã bán,https://www.lazada.vn/products/pdp-i2458616949.html
Trang điểm,,,,,,,"Bộ Trang Điểm Đầy Đủ 8 Món Set Trang Điểm Makeup Từ A-Z Đi Tiệc Đi Chơi Đi Làm MICOMI Cosmetics Kem Nền, Phấn Phủ, Phấn Mắt, Mascara, Chì Kẻ Mày, Kẻ Mắt, Son Môi",53 Đã bán,https://www.lazada.vn/products/pdp-i1906679078.html
Tủ chứa & Sắp xếp đồ,,,,,,,"Kệ Nhiều Tầng Đựng Mĩ Phẩm Đồ Makeup Sơn Móng Tay Phấn Mắt 4/5/6 tầng Trang Điểm Gọn Gàng Decor, hộp đựng bút, hộp đựng sticker, hộp đựng mỹ phẩm, hộp để bàn trang trí , hộp , tủ nhựa, kệ đựng mỹ phẩm, kệ đựng min",135 Đã bán,https://www.lazada.vn/products/pdp-i2467376714.html
Dụng cụ chăm sóc Sắc đẹp,,,,,,,"Túi Đựng Đồ Trang Điểm 4in1 Có Thể Tháo Dời, Túi Du Lịch Đa Năng Gấp Gọn Nhiều Ngăn Thiết Kế Dạng Lưới TIDO, TIDO",,https://www.lazada.vn/products/pdp-i2492390308.html
Dụng cụ chăm sóc Sắc đẹp,,,,,,,"Túi đựng đồ cá nhân , túi phụ kiên cá nhân , túi đựng đồ trang điểm DA cao cấp SHINE TORE ST-273",,https://www.lazada.vn/products/pdp-i2892794970.html
Dụng cụ chăm sóc Sắc đẹp,,,,,,,Túi đựng mỹ phẩm tiện lợi Túi Đựng Đồ Trang Điểm - BUM STORE,664 Đã bán,https://www.lazada.vn/products/pdp-i389452054.html
Dụng cụ chăm sóc Sắc đẹp,,,,,,,"Túi Đựng Mỹ Phẩm, Đồ Trang Điểm 2 Tầng Bằng Vải Lưới Nhẹ Gọn, Dễ Giặt Vệ Sinh Tiện Dụng",,https://www.lazada.vn/products/pdp-i3096516102.html
Chăm sóc da mặt,,,,,,,Bigsize Nước sen Hậu Giang Cocoon (toner) phục hồi đa nhiệm cho da rất nhạy cảm 310ml,3.6K Đã bán,https://www.lazada.vn/products/pdp-i2646551637.html
Dụng cụ chăm sóc Sắc đẹp,,,,,,,[HCM](LOẠI ĐẸP) KỆ MỸ PHẨM TRONG SUỐT XOAY 360 ĐỘ CAO CẤP - TỦ ĐỰNG ĐỒ TRANG ĐIỂM HÌNH TRỤ CÓ KHAY ĐỂ SON TIỆN LỢI - KHAY ĐỰNG MỸ PHẨM ĐỂ BÀN CÓ THỂ XẾP GỌN ĐƯỢC,317 Đã bán,https://www.lazada.vn/products/pdp-i1331133022.html
Trang điểm,,,,,,,[HCM]Bộ Kit Trang Điểm ADS Mini Nhiều Mẩu  Tiện Lợi  Phù Hợp Mọi Loại Da,109 Đã bán,https://www.lazada.vn/products/pdp-i1339105825.html
Nhập vai Phục trang & Dạ tiệc,,,,,,,bộ trang điểm,,https://www.lazada.vn/products/pdp-i2951103470.html
Trang điểm,,,,,,,Bộ Trang Điểm mặt[22 Món E5]Đầy Đủ Bộ Makeup/Trang Điểm Đi Tiệc/Trang Điểm Cá Nhân Cơ Bản 22 Món Bộ E5,128 Đã bán,https://www.lazada.vn/products/pdp-i2422362909.html
Dụng cụ chăm sóc Sắc đẹp,,,,,,,Bộ cọ trang điểm 32 món cho bạn tha hồ trang điểm 108,1.5K Đã bán,https://www.lazada.vn/products/pdp-i246289188.html
Dụng cụ chăm sóc Sắc đẹp,,,,,,,"Túi đựng đồ trang điểm cá nhân nhiều ngăn chống thấm nước, Túi mỹ phẩm du lịch nhỏ gọn đựng đồ cá nhân tiện lợi - BUMSTORE",62 Đã bán,https://www.lazada.vn/products/pdp-i2097366559.html
Trang điểm,,,,,,,HOÀN TIỀN 15% - Trọn bộ 15 món trang điểm Lameila/ combo makeup/son/kem nền,884 Đã bán,https://www.lazada.vn/products/pdp-i2197672582.html
Dụng cụ chăm sóc Sắc đẹp,,,,,,,Bộ Cọ Trang Điểm 13 Cây Đa Chức Năng – Đẹp Chuẩn Từng Nét,10.9K Đã bán,https://www.lazada.vn/products/pdp-i3140910780.html
Chăm sóc da mặt,,,,,,,"Serum Thu Nhỏ Lỗ Chân Lông Tinh chất phục hồi da mặt, làm sáng tông màu da và cải thiện tình trạng da không đều màu",,https://www.lazada.vn/products/pdp-i3187129455.html
Dụng cụ chăm sóc Sắc đẹp,,,,,,,"Khay nhựa 3 tầng đựng mỹ phẩm, đựng đồ đa năng",13 Đã bán,https://www.lazada.vn/products/pdp-i2517774664.html
Dụng cụ chăm sóc Sắc đẹp,,,,,,,"Túi Đựng Mỹ Phẩm, Đồ Trang Điểm Túi Đựng Đồ Cá Nhân Du Lịch Chống Thấm Nước",,https://www.lazada.vn/products/pdp-i2988709050.html
Trang điểm,,,,,,,Bộ Trang Điểm Makuep Cơ Bản Đầy Đủ [12 Món Y8] Bộ Sản Phẩm Makep Của Nữ Dành Cho Người Mới Tập Trang Điểm Mỹ Phẩm Cosmetic,172 Đã bán,https://www.lazada.vn/products/pdp-i2661069588.html
Nhập vai Phục trang & Dạ tiệc,,,,,,,"Bộ đồ chơi trang điểm cho trẻ em – Cô gái mỹ phẩm công chúa xách tay, quà tặng trang sức và thay đồ vui chơi",38 Đã bán,https://www.lazada.vn/products/pdp-i2440766192.html
Trang điểm,,,,,,,( Tặng bộ cọ 8 món)Trọn bộ trang điểm 12 món đầy đủ cho người mới/ set trang điểm đầy đủ/ bộ makeup cá nhân,7 Đã bán,https://www.lazada.vn/products/pdp-i2861587268.html
Tủ chứa & Sắp xếp đồ,,,,,,,"YONUO  Kệ đựng mỹ phẩm Hộp lưu trữ máy tính để bàn, ngăn kéo lưu trữ, Tủ lưu trữ nhiều lớp, lưu trữ mỹ phẩm, hộp trang sức, hộp sắp xếp đa chức năng, hộp lưu trữ văn phòng phẩm, Kệ mỹ phẩm",99 Đã bán,https://www.lazada.vn/products/pdp-i2549394533.html
Phụ kiện,,,,,,,Túi nhiều ngăn đa năng mỹ phẩm đi du lịch vintlook cho đồ vệ sinh cá nhân và trang điểm với nhãn không thấm nước,21 Đã bán,https://www.lazada.vn/products/pdp-i3060197149.html
Dụng cụ chăm sóc Sắc đẹp,,,,,,,SHNGki Hoa Túi mỹ phẩm Túi Oxford vải đàn hồi tự đóng Túi Đồng Xu ví cho trang điểm son môi Tai nghe đồ trang sức tổ chức,12 Đã bán,https://www.lazada.vn/products/pdp-i2759470968.html
Dụng cụ chăm sóc Sắc đẹp,,,,,,,Túi makeup hello kitty/ đựng đồ make hello kitty dễ thương vải hottrend Saka,,https://www.lazada.vn/products/pdp-i3093232012.html
Dụng cụ chăm sóc Sắc đẹp,,,,,,,"[HCM] Hộp đựng mỹ phẩm để bàn đa năng, hộp để đồ đa năng trong suốt chất liệu nhựa Acrylic -GL314",111 Đã bán,https://www.lazada.vn/products/pdp-i2726362207.html
Nhập vai Phục trang & Dạ tiệc,,,,,,,HENGHOME 1 bộ không độc hại cô gái trang điểm đạo cụ trẻ em giả vờ chơi mô phỏng mỹ phẩm đồ chơi Kit với Eyeshadow Palette và son môi Applicator,7 Đã bán,https://www.lazada.vn/products/pdp-i3066444242.html
Trang điểm,,,,,,,"(LL) Bộ Trang Điểm ADS Đủ Bộ 40 món Full Hộp , Tiện Lợi , Kiểu dáng thanh lịch, thiết kế nhỏ gọn, dễ dàng mang theo.",,https://www.lazada.vn/products/pdp-i2768447264.html
Tủ chứa & Sắp xếp đồ,,,,,,,"Kệ Đựng Mỹ Phẩm, Đồ Trang Điểm, Kệ Nhựa Đựng Đồ Đa Năng Nhiều Tầng loại ngăn kéo Hộp đựng mỹ phẩm",,https://www.lazada.vn/products/pdp-i3179343536.html
Dụng cụ chăm sóc Sắc đẹp,,,,,,,"Túi Lưới Đựng Mỹ Phẩm, Đồ Trang Điểm 2 Tầng, Nhỏ Gọn Tiện Dụng Dễ Giặt Vệ Sinh",,https://www.lazada.vn/products/pdp-i3096539062.html
,,,,,,,Văn phòng phẩm dành cho sinh viên Bộ Hộp Quà Tặng Sanrio phim hoạt hình văn phòng phẩm 6 bộ chi tiết đồ dùng học tập wj619,59 Đã bán,https://www.lazada.vn/products/pdp-i2807320068.html
Dụng cụ chăm sóc Sắc đẹp,,,,,,,"Bộ cọ trang điểm gốm 8 món Vintage, bộ cọ trang điểm cá nhân, Túi Zip, Lông Mềm Mịn, Hàng Cao Cấp.",24 Đã bán,https://www.lazada.vn/products/pdp-i2284462425.html
Dụng cụ chăm sóc Sắc đẹp,,,,,,,"Kệ Mỹ Phẩm Để Đồ Trang Điểm xoay 360 Độ, Chất Liệu Nhựa Cao Cấp, Chia Nhiều Ngăn Lớn Đựng Đồ Tiện Lợi",,https://www.lazada.vn/products/pdp-i2952841432.html
Trường học & văn phòng,,,,,,,"Túi đựng mỹ phẩm, đồ cá nhân, hộp bút học sinh có khoá kéo, tay cầm, đeo tay, hai lớp dày dặn chất liệu da lộn (nhung), canvas dày dặn, polys mềm mại, bông in bông cam đẹp mềm mại trẻ trung Size 22-12-9 Kapun Bag Fashion",16 Đã bán,https://www.lazada.vn/products/pdp-i3138912648.html
Dụng cụ chăm sóc Sắc đẹp,Alice Mart,8.000 ₫,-44%,4480,(59),4.7,[ Freeship ] Set 4 Bông Mút Trang Điểm Kèm Hộp Đựng Xinh Xắn - Hộp 4 mút tán kem nền mút trang điểm mềm mại hình giọt nước siêu tiện dụng,247 Đã bán,https://www.lazada.vn/products/pdp-i2015542005.html
Dụng cụ chăm sóc Sắc đẹp,,,,,,,HNKMP 3G Hộp đựng phấn bột rỗng siêu mỏng hộp đựng đồ trang điểm hộp đựng rây gương,,https://www.lazada.vn/products/pdp-i3091707834.html
Tủ chứa & Sắp xếp đồ,,,,,,,Kệ đựng mỹ phẩm nhựa nhiều tầng để bàn trong suốt Deli kệ đưng đồ trang điểm hộp lưu trữ văn phòng phẩm VS,58 Đã bán,https://www.lazada.vn/products/pdp-i2223652863.html
Chăm sóc da mặt,,,,,,,Bộ Mỹ Phẩm Maris Cao Cấp Nhật Bản 6in1 Dưỡng Trắng Da Nám Tàn Nhan Chuyên Sâu,,https://www.lazada.vn/products/pdp-i2547666535.html
Tủ chứa & Sắp xếp đồ,,,,,,,"Hộp đựng mỹ phẩm để bàn đa năng, hộp để đồ trong suốt chất liệu nhựa Acrylic-HAUSE",8 Đã bán,https://www.lazada.vn/products/pdp-i2732337739.html
Trường học & văn phòng,,,,,,,"Kệ Nhựa 6 Ngăn Đựng Bút, Mỹ Phẩm, Đồ Trang Điểm, Hộp Ống Cắm Bút 6 Ngăn,Tặng Kèm Sticker Dễ Thương-HAUSE",422 Đã bán,https://www.lazada.vn/products/pdp-i2484110740.html
Dụng cụ chăm sóc Sắc đẹp,,,,,,,"Túi Đựng Mỹ Phẩm - Đựng Đồ Cá Nhân Gấp Gọn DA SẦN 4 NGĂN Chất Liệu Da Sang Trọng, túi đựng mỹ phẩm, túi da, túi, hộp đựng mỹ phẩm, túi đựng cọ ,túi gấp gọn,",13 Đã bán,https://www.lazada.vn/products/pdp-i3048412060.html
Chăm sóc cá nhân,,,,,,,GIADUNGHOANGMAI Bộ 6 món chiết mỹ phẩm (TẶNG MUỖNG CHIẾT - LOẠI CÓ VÒI),,https://www.lazada.vn/products/pdp-i2361516635.html
Dụng cụ chăm sóc Sắc đẹp,,,,,,,HNKMP Hộp đựng bút chì nơ đen đơn giản phong cách Ins Túi đựng bút chì dung tích lớn Túi đựng mỹ phẩm túi đựng văn phòng phẩm đồ dùng học tập,,https://www.lazada.vn/products/pdp-i3176537297.html
Dụng cụ chăm sóc Sắc đẹp,,,,,,,"Túi Xách Nữ RIBHVU, Túi Lưới Đựng Đồ Có Khóa Kéo Túi Du Lịch Túi Đựng Mỹ Phẩm, Trang Điểm Pouch",216 Đã bán,https://www.lazada.vn/products/pdp-i1478601540.html
Dụng cụ chăm sóc Sắc đẹp,,,,,,,"Lớn 3 Lớp Hộp Đựng Mỹ Phẩm Vải Oxford Chống Thấm Nước Hình Xăm/Làm Móng Tay/Trang Điểm Hộp Dụng Cụ, Đồ Lót Du Lịch Hộp Bảo Quản",84 Đã bán,https://www.lazada.vn/products/pdp-i2622706014.html
Dụng cụ chăm sóc Sắc đẹp,,,,,,,Dung lượng lớn Hộp đựng mỹ phẩm cầm tay Da PU Di động Túi đựng mỹ phẩm hình gối Thời trang Đa chức năng Túi đựng đồ vệ sinh du lịch Phụ nữ,,https://www.lazada.vn/products/pdp-i3178106834.html
Dụng cụ chăm sóc Sắc đẹp,Thế Giới Hộp Đựng Đồng Hồ - Mỹ Phẩm - BOXSW,,,,(5),5.0,"Cốp - Túi Trang Điểm Cá Nhân Du Lịch Chuyên Nghiệp - Cốp Để Đồ Phun Xăm, Make Up, Nối Mi - BH 12T",21 Đã bán,https://www.lazada.vn/products/pdp-i1761323569.html
,LIM ART,,,,(92),4.9,"Cọ vẽ lông thỏ cán gỗ chuyên dụng vẽ tranh sơn dầu, acrylic, màu nước, vẽ gốm, đồ thủ công,...",1.7K Đã bán,https://www.lazada.vn/products/pdp-i1899998380.html
Tủ chứa & Sắp xếp đồ,Global Merch Park,133.000 ₫,-31%,91770,(104),5.0,Hộp Đựng Mỹ Phẩm Trong Suốt Acrylic Hộp Đựng Đồ Trang Điểm Có 3 Ngăn Cho Tăm Bông & Miếng Đệm Để Bàn Nhựa Thân Thiện Với Môi Trường,67 Đã bán,https://www.lazada.vn/products/pdp-i2562415377.html
Chăm sóc da mặt,Hada Labo,85.500 ₫,-19%,69255,(4851),4.9,[ MUA 1 TẶNG 1] Sữa rửa mặt dưỡng ẩm tối ưu Hada Labo Advanced Nourish Cleanser 80g,28.2K Đã bán,https://www.lazada.vn/products/pdp-i1463381499.html
Nhập vai Phục trang & Dạ tiệc,,,,,,,Combo Sách trang điểm công chúa (5 cuốn) (Tô màu và bóc dán hơn 500+ sticker trang điểm) cho bé gái,,https://www.lazada.vn/products/pdp-i3061009614.html
Nhập vai Phục trang & Dạ tiệc,,,,,,,Sách Trang điểm Lily - Công chúa cổ tích (Tô màu và bóc dán hơn 100+ stickers sáng tạo) cho bé gái,,https://www.lazada.vn/products/pdp-i3060957358.html
Dụng cụ chăm sóc Sắc đẹp,,,,,,,"Set 7 Bông Mút Trang Điểm Kèm Hộp Đựng Xinh Xắn - Mút tán kem nền mút trang điểm mềm mại loại dày siêu tiện dụng - Bông tán che khuyết điểm - Cọ mắt, cọ tán cushion",630 Đã bán,https://www.lazada.vn/products/pdp-i2026992350.html
Nhập vai Phục trang & Dạ tiệc,,,,,,,Sách Trang điểm Công chúa Hàn Quốc Yuna (Tô màu và bóc dán hơn 100+ stickers sáng tạo) cho bé gái,6 Đã bán,https://www.lazada.vn/products/pdp-i3061023023.html
Chăm sóc da mặt,,,,,,,[MUA LÀ CÓ QUÀ] Sữa Rửa Mặt Cerave Sạch Sâu Hasaki Sản Phẩm Chính Hãng,6.3K Đã bán,https://www.lazada.vn/products/pdp-i2063275861.html
Dụng cụ chăm sóc Sắc đẹp,Kho Sỉ Homynaco,,,,,,Set 4 mút trang điểm kèm hộp đựng trong suốt - Bộ bông tán kem nền makeup hồng tím xanh vàng,,https://www.lazada.vn/products/pdp-i3147995762.html
Chăm sóc da mặt,,,,,,,LAIKOU Bộ Chăm Sóc Da Sakura Sữa Rửa Mặt Serum Kích Thước Du Lịch Toner Mặt Nạ Đất Sét Kem Mặt Dưỡng Ẩm 7 Món,6 Đã bán,https://www.lazada.vn/products/pdp-i1957217072.html
Dụng cụ chăm sóc Sắc đẹp,,,,,,,"Kệ Mỹ Phẩm Để Đồ Trang Điểm xoay 360 Độ, Chất Liệu Nhựa Cao Cấp, Chia Nhiều Ngăn Lớn Đựng Đồ Tiện Lợi, Đa Năng Dieulinhshop",36 Đã bán,https://www.lazada.vn/products/pdp-i2605924547.html
Dụng cụ chăm sóc Sắc đẹp,BUM BI,,,,(2),5.0,"Túi Đựng Đồ Trang Điểm Makeup Đính Hoa Tulip Dễ Thương, Túi Vải Mỹ Phẩm Có Quai Xách Tiện Lợi Khi Đi Du Lịch Nhiều Màu",,https://www.lazada.vn/products/pdp-i3028176047.html
Dụng cụ chăm sóc Sắc đẹp,,,,,,,"Kệ đựng mỹ phẩm, Kệ để đồ đa năng 3 Tầng 2 ngăn kéo để bàn ô tiện ích, Chất liệu nhựa ABS an toàn khi sử dụng",259 Đã bán,https://www.lazada.vn/products/pdp-i2067585727.html
Nhập vai Phục trang & Dạ tiệc,,,,,,,JOYNCLEON đồ chơi cho bé gái trẻ em trang điểm cô gái mỹ phẩm nhà vui chơi xách tay công chúa quà tặng trang sức Bộ đồ chơi thay đồ,274 Đã bán,https://www.lazada.vn/products/pdp-i2287373576.html
,,,,,,,Bút Màu Acrylic 12/24/36/48/60/80 Màu Sắc Tươi Sáng - Bút Màu Nước Acrylic Vẽ Trên Mọi Chất Liệu Đồ Chơi Cho Trẻ Em / Người Lớn Chirita,83 Đã bán,https://www.lazada.vn/products/pdp-i2593086617.html
Trường học & văn phòng,,,,,,,bóp viết túi đựng bút 铅笔盒 笔袋 MMLUCK Hộp Sắp Xếp Di Động Vui Nhộn Túi Đựng Đồ Rửa Túi Đựng Mỹ Phẩm Túi Đựng Mỹ Phẩm Hoạt Hình Túi Đựng Bút Chì Bánh Mì Hộp Văn Phòng Phẩm Học Sinh Hộp Đựng Bút Chì Bánh Mì Nướng,347 Đã bán,https://www.lazada.vn/products/pdp-i1937244056.html
Tủ chứa & Sắp xếp đồ,Gia Dụng Pk,64.000 ₫,-11%,56960,(33),4.9,"Kệ Đựng Mỹ Phẩm Để Bàn NHIỀU NGĂN LỚN Bằng Nhựa - Khay Đựng Bút Phụ Kiện Học Tập Đa Năng Có Ngăn Kéo Tiện Lợi, hộp nhựa, hộp đựng mỹ phẩm, hộp đựng bút , hộp đựng dồ cá nhân, hộp nhựa mini, hộp để bàn, hộp đựng",,https://www.lazada.vn/products/pdp-i2234903746.html
Dụng cụ chăm sóc Sắc đẹp,the gioi vali,80.000 ₫,-18%,65600,(10),5.0,"Túi đựng mỹ phẩm dành cho bé gái dễ thương, Túi hoạt hình trong suốt chống thấm nước đựng đồ cá nhân",,https://www.lazada.vn/products/pdp-i2822773664.html
Trang điểm,PaNa- Store,179.000 ₫,-45%,98450,(317),4.9,Bộ trang điểm Lameila 6 đến 8 món có kèm hình ảnh,,https://www.lazada.vn/products/pdp-i1760765522.html
Trang điểm,Mỹ Phẩm Thuý Hường,132.500 ₫,-7%,123225,(55),5.0,Bộ Trang Điểm Makuep Cơ Bản Đầy Đủ [12 Món Y8] Bộ Sản Phẩm Makep Của Nữ Dành Cho Người Mới Tập Trang Điểm Mỹ Phẩm Cosmetic,173 Đã bán,https://www.lazada.vn/products/pdp-i2661069588.html
Trang điểm,CHINH HÃNG - SIÊU THỊ SỨC KHỎE VẺ ĐẸP,150.000 ₫,-53%,70500,(44),5.0,Phấn Nước BB Che Khuyết Điểm Kiềm Dầu Cho Da Trắng Đều Màu Giữ Lớp Trang Điểm Lâu Trôi IMAGES 15G,140 Đã bán,https://www.lazada.vn/products/pdp-i2592286209.html
Trang điểm,HASAKI BEAUTY,329.000 ₫,-7%,305970,,,"Phấn Nước Judydoll Mịn Lì, Che Phủ Cao 12.5g Fresh Matte Cushion Hasaki Sản Phẩm Chính Hãng",,https://www.lazada.vn/products/pdp-i3192158762.html
Dụng cụ chăm sóc Sắc đẹp,BeautyBloomM,33.568 ₫,-71%,9734,,,Eshylala Dày Bông Kẹo Mỹ Phẩm Phun Siêu Mềm Miếng Bọt Biển Đệm Không Khí Bột Phồng Nền Tảng Che Khuyết Điểm Khô Và Ướt Trang Điểm Vẻ Đẹp,,https://www.lazada.vn/products/pdp-i3187163380.html
Chăm sóc da mặt,MỸ PHẨM CHÍNH HÃNG GIÁ TỐT RUBY,,,,(15),5.0,COMBO KEM FACE T&T KEM DƯỠNG VÀ TONER SIÊU CẤP,108 Đã bán,https://www.lazada.vn/products/pdp-i2748381734.html
Chăm sóc cá nhân,HoangUyen Cosmetics (HCM),200.000 ₫,-21%,158000,(1186),4.9,Lốc 8 Cục Xà Bông Coast Của Mỹ (Phân Loại),2.8K Đã bán,https://www.lazada.vn/products/pdp-i2239057879.html
Trang điểm,Huyền Anh Shop 3,,,,(10),5.0,Set mỹ phẩm trang điểm Hanru 4 món tiện dụng,32 Đã bán,https://www.lazada.vn/products/pdp-i2812788555.html
Trang điểm,MICOMI Cosmetics,258.000 ₫,-50%,129000,(43),4.8,"Bộ Trang Điểm Đầy Đủ 15 Món Set Trang Điểm Makeup Từ A-Z Đi Tiệc Đi Chơi Đi Làm MICOMI Cosmetics Kem Nền, Phấn Phủ, Phấn Mắt, Mascara, Chì Kẻ Mày, Kẻ Mắt, Son Môi",179 Đã bán,https://www.lazada.vn/products/pdp-i1549223017.html
Chăm sóc da mặt,Shop Mỹ Phẩm BULL Chuyên Sỉ,60.000 ₫,-32%,40800,(5),5.0,"(S- BBull) Kem lười nâng tone VC trang điểm lớp makeup dưỡng trắng , nâng tone , chống lão hóa",29 Đã bán,https://www.lazada.vn/products/pdp-i2978123547.html
Chăm sóc da mặt,CHINH HÃNG - SIÊU THỊ SỨC KHỎE VẺ ĐẸP,100.000 ₫,-49%,51000,(92),5.0,Serum Dưỡng Ẩm Trắng Da Xóa Sạch Thâm Nám Tàn Nhang Ngăn Ngừa Mụn Quay Trở Lại 50ml,340 Đã bán,https://www.lazada.vn/products/pdp-i2541765873.html
Trang điểm,Herorange Official Store,56.000 ₫,-50%,28000,,,Môi mỹ Stick Stick Lip và Face Dual Sử dụng Chất chống mồ hôi Blusher Stick cho khuôn mặt trang điểm mỹ phẩm S1-9LA-HOS-VN,,https://www.lazada.vn/products/pdp-i3083155865.html
Trang điểm,LPThienY,132.000 ₫,-47%,69960,(1),5.0,Bộ trang điểm Hanru 4 món đa năng tiện dụng,5 Đã bán,https://www.lazada.vn/products/pdp-i2963726312.html
Chăm sóc cá nhân,Cami Cosmetic (Mỹ phẩm Cami),189.000 ₫,-19%,153090,(14),4.9,BỘT TẮM TRẮNG THẢO MỘC CAMI COSMETIC,95 Đã bán,https://www.lazada.vn/products/pdp-i2594372752.html
Chăm sóc da mặt,Eifini Fashion,103.640 ₫,-48%,53892,(1),1.0,Kem Giảm Mụn Trứng Cá Mờ Thâm Mờ Rỗ Lỗ Chân Lông To Giúp Căng Bóng Trẻ Hoá Làn Da/25g,8 Đã bán,https://www.lazada.vn/products/pdp-i2661488557.html
Dụng cụ chăm sóc Sắc đẹp,Thảo Dược Thiên Nhiên 1,315.000 ₫,-40%,189000,,,Cream Vip Japan Kem Dưỡng Ẩm Dành Cho Nam tuýp 20g,,https://www.lazada.vn/products/pdp-i3189046900.html
Dụng cụ chăm sóc Sắc đẹp,p22eom.Selection,21.700 ₫,-29%,15407,(259),4.9,"Bộ 8 cọ trang điểm, set 8 cọ trang điểm có túi khóa kéo xịn xò",1.6K Đã bán,https://www.lazada.vn/products/pdp-i2921143823.html
Trang điểm,PaNa- Store,110.000 ₫,-37%,69300,,,Bộ trang điểm 4 món/ kem nền / kem lót/ phấn phủ/ mút,,https://www.lazada.vn/products/pdp-i3166530812.html
,,,,,,,[Cam Kết Hết Mụn Thâm Trong 7 Ngày] Kem Giảm Mụn Cấp Tốc Loại Bỏ Mụn và Vết Thâm Hoàn Toàn Thu Nhỏ Lỗ Chân Lông CYSTIC Acne Giúp Da Láng Mịn Khít Lỗ Chân Lông Kiểm Soát Dầu/25g,154 Đã bán,https://www.lazada.vn/products/pdp-i2661521706.html
Nhập vai Phục trang & Dạ tiệc,ForesightOfficialStore,339.200 ₫,-33%,227264,(26),5.0,Bộ mỹ phẩm đồ chơi trang điểm 33 món không độc hại thích hợp cho bé,108 Đã bán,https://www.lazada.vn/products/pdp-i2395342022.html
Nhập vai Phục trang & Dạ tiệc,Toyfun-VN,163.000 ₫,-11%,145070,(35),5.0,Bộ đồ chơi mỹ phẩm dụng cụ trang điểm 33 món không độc hại chất liệu an toàn thích hợp cho bé,128 Đã bán,https://www.lazada.vn/products/pdp-i2721530947.html
Chăm sóc cá nhân,ZHK Store,164.900 ₫,-42%,95642,(1),5.0,"Kem đánh răng SP10 làm trắng răng, làm sạch mạnh mẽ loại bỏ vết ố vàng bảo vệ men răng vượt trội",,https://www.lazada.vn/products/pdp-i3190145400.html
Trang điểm,Ladymagic,117.700 ₫,-43%,67089,(29),4.9,Rắn trang điểm nền dính không thấm nước tự nhiên nền mờ dính lâu dài dầu-kiểm soát trọng lượng nhẹ mịn Kem trang điểm dính,48 Đã bán,https://www.lazada.vn/products/pdp-i2733618399.html
Chăm sóc cá nhân,Tuyết An Shop 1989,,,,,,Nước rửa chén Mỹ Hảo 1.5 kg trà xanh và chanh,,https://www.lazada.vn/products/pdp-i2641698306.html
Trang điểm,807Txb21-2.Selection,26.500 ₫,-29%,18815,,,"Bút chì kẻ mắt lấp lánh với miếng bọt biển kim loại nhòe sáng bóng lâu trôi, mỹ phẩm trang điểm phấn mắt ngọc trai sáng bóng",7.1K Đã bán,https://www.lazada.vn/products/pdp-i3140955373.html
Dụng cụ chăm sóc Sắc đẹp,Khánh BossBaBy Kun,159.000 ₫,-38%,98580,(83),4.8,Kệ Mỹ Phẩm ?? Freeship ?? Kệ Đựng Mỹ Phẩm ?? Kệ để mỹ phẩm ?? Kệ đựng đồ trang điểm Trong Suốt Xoay 360 Độ,322 Đã bán,https://www.lazada.vn/products/pdp-i1437321396.html
Dụng cụ chăm sóc Sắc đẹp,MAANGE LOCAL STORE,40.000 ₫,-50%,20000,(7),4.4,Bộ dụng cụ làm sạch cọ trang điểm MAANGE hỗ trợ rửa và phơi khô tiện lợi 4477,32 Đã bán,https://www.lazada.vn/products/pdp-i2847857108.html
Trang điểm,Sức Sống Mới - Vẻ Đẹp Và Sức Khỏe,100.000 ₫,-70%,30000,(133),4.8,"Bút Kẻ Chân Mày Dạng Cream Bền Màu, Không Thấm Nước, Không Thấm Mồ Hôi, Mịn Và Lâu trôi",4.9K Đã bán,https://www.lazada.vn/products/pdp-i2127174904.html
Dụng cụ chăm sóc Sắc đẹp,Mon-Basic Túi mỹ phẩm,300.000 ₫,-22%,234000,(9),5.0,Túi đựng đồ trang điểm sức chứa lớn chống thấm nước,34 Đã bán,https://www.lazada.vn/products/pdp-i2412324488.html
Trang điểm,Mỹ Phẩm Thuý Hường,134.500 ₫,-14%,115670,(11),4.8,Bộ Trang Điểm Makuep Cơ Bản Đầy Đủ [12 Món Z3] Bộ Sản Phẩm Makep Của Nữ Dành Cho Người Mới Tập Trang Điểm Mỹ Phẩm Cosmetic,45 Đã bán,https://www.lazada.vn/products/pdp-i2661025733.html
Chăm sóc da mặt,Mỹ phẩm làm đẹp beauty,,,,,,căng bóng da hyaron,5 Đã bán,https://www.lazada.vn/products/pdp-i1919058345.html
Tủ chứa & Sắp xếp đồ,Gia Dụng Tiện Ích EzyHome,120.000 ₫,-50%,60000,,,"Kệ Nhựa Đựng Mỹ Phẩm 3 Tầng 2 Ngăn Kéo - Hộp Nhựa Chia Ngăn Đựng Cọ, Son, Vật Dụng Cá Nhân Nhỏ Gọn - Kệ Trang Điểm Mini Tiện Lợi Cho Bàn Trang Điểm",,https://www.lazada.vn/products/pdp-i3116906542.html
Chăm sóc cá nhân,Rubee Shop,,,,(3),5.0,Bộ nám 5 món Thái Lan,37 Đã bán,https://www.lazada.vn/products/pdp-i462268780.html
Nhập vai Phục trang & Dạ tiệc,hoco_ SUPERSTAR _store,368.200 ₫,-38%,228284,(3),4.0,【🔥siêu rẻ】Bộ mỹ phẩm đồ chơi trang điểm 33 món không độc hại thích hợp cho bé,15 Đã bán,https://www.lazada.vn/products/pdp-i2496153432.html
Nhập vai Phục trang & Dạ tiệc,CleverOfficial Store,373.830 ₫,-41%,220559,(21),5.0,⚡Miễn Phí Vận Chuyển⚡Bộ mỹ phẩm đồ chơi trang điểm 33 món không độc hại thích hợp cho bé,94 Đã bán,https://www.lazada.vn/products/pdp-i2424717349.html
Dụng cụ chăm sóc Sắc đẹp,BUM BI,,,,(2),5.0,"Túi Đựng Đồ Trang Điểm Makeup Đính Hoa Tulip Dễ Thương, Túi Vải Mỹ Phẩm Có Quai Xách Tiện Lợi Khi Đi Du Lịch Nhiều Màu",,https://www.lazada.vn/products/pdp-i3028176047.html
Nhập vai Phục trang & Dạ tiệc,Hoa Hướng Dương Store,140.000 ₫,-46%,75600,(9),5.0,Bộ Phấn Trang Điểm Make Up Kit A.D.S - Trang Điểm Bột Hộp Trang Điểm Bộ Sinh Viên Trang Điểm Set Full,39 Đã bán,https://www.lazada.vn/products/pdp-i2607865903.html
Dụng cụ chăm sóc Sắc đẹp,Kho Sỉ 247,,,,(20),4.9,Kệ Đựng MỸ Phẩm Mẫu Mới Cỡ Lớn (K62) - Đồ Trang Điểm Để Bàn Xoay 980 Sang Trọng Cao Cấp - Mẫu Mới 2024 Cực Đẹp,71 Đã bán,https://www.lazada.vn/products/pdp-i2823425496.html
Trang điểm,Tiệm Quà Của Mi,398.000 ₫,-50%,199000,(1),5.0,"Bộ trang điểm, bộ makeup ca nhân đầy đủ cho người mới bắt đầu,  bộ quà tặng trang điểm",6 Đã bán,https://www.lazada.vn/products/pdp-i2858172591.html
Nhập vai Phục trang & Dạ tiệc,Toy-VN,269.000 ₫,-34%,177540,(191),4.9,Bộ đồ chơi mỹ phẩm mô phỏng bàn trang điểm nhiều màu cho bé - Sản phẩm an toàn không độc hại cho bé,606 Đã bán,https://www.lazada.vn/products/pdp-i2439229135.html
Trang điểm,Mỹ Phẩm Thuý Hường,289.000 ₫,-14%,248540,(23),4.7,Bộ Trang Điểm Makuep Cơ Bản Đầy Đủ [24 Món S4] Bộ Sản Phẩm Makep Của Nữ Dành Cho Người Mới Tập Trang Điểm Mỹ Phẩm Cosmetic,85 Đã bán,https://www.lazada.vn/products/pdp-i2661137010.html
Dụng cụ chăm sóc Sắc đẹp,ACB phát,220.000 ₫,-34%,145200,(13),4.6,"Cốp Vải Chống Thấm Nước_Cốp Vali LV Mini Đựng Dụng Cụ Phun Xăm, Spa, Nail, Túi Đựng Đồ Makeup Cốp Trang Điểm Cá Nhân_Túi đồ dùng cá nhân & mỹ phẩm",44 Đã bán,https://www.lazada.vn/products/pdp-i2235256831.html
Trang điểm,Phukienxinh14,,,,,,"Kem lười nâng tone VC trang điểm lớp makeup nền mịn màng, chống thấm nước làm săn chắc da chứa vitamin C nội địa Trung",,https://www.lazada.vn/products/pdp-i3004347727.html
Chăm sóc cá nhân,thành phố lớn cửa hàng tình yêu nhỏ,176.000 ₫,-50%,88000,(5),5.0,"Mặt nạ chân gừng  hoa oải hương dưỡng ẩm, tẩy tế bào chết, nuôi dưỡng, làm mềm gót chân, bàn chân, dưỡng ẩm trắng da chân, phù hợp với mọi loại da 40g",5 Đã bán,https://www.lazada.vn/products/pdp-i3187238722.html
Chăm sóc da mặt,Skinfa,860.000 ₫,-15%,731000,,,LaCabine 2% Prebiotic Complex Serum Cream Giúp Dưỡng Ẩm Kiểm Soát Dầu,,https://www.lazada.vn/products/pdp-i3192195759.html
Chăm sóc da mặt,Mikasa Pharmacy Store,250.000 ₫,-28%,180000,(3),5.0,"Kem Dưỡng Sáng Trẻ Hóa Da MMEIR 377 Whitening Lady Cream - Tinh Chất Dưỡng MméiR Làm Mờ Nám, Sạm, Tàn Nhang",23 Đã bán,https://www.lazada.vn/products/pdp-i3185270419.html
Chăm sóc da mặt,VIAGGIO,,,,,,"Serum Collagen Mắt VIAGGIO (15ml) Dạng Thanh Lăn mɑssage – Giảm Nhăn, Mờ Thâm, Giảm Bọng , Trẻ Hóa",,https://www.lazada.vn/products/pdp-i3192099427.html
Trang điểm,Alyssa Store Trung Hoa,1.500.000 ₫,-17%,1245000,(6),5.0,Bộ Trang Điểm Quà Tặng 4 tầng MEIYU hồng trái tim cao cấp và sang trọng đầy đủ 14 kèm Gương LED cảm ứng,36 Đã bán,https://www.lazada.vn/products/pdp-i2538691872.html
,,,,,,,Bộ trang điểm chính hãng cao cấp chính hãng đủ các màu phấn và son,29 Đã bán,https://www.lazada.vn/products/pdp-i3022712214.html
Trang điểm,Shop Lu Lu,95.000 ₫,-12%,83600,,,"(LL) Bộ Trang Điểm ADS Đủ Bộ 40 món Full Hộp , Tiện Lợi , Kiểu dáng thanh lịch, thiết kế nhỏ gọn, dễ dàng mang theo.",,https://www.lazada.vn/products/pdp-i2768447264.html
Trang điểm,Shop Mỹ Phẩm BULL Chuyên Sỉ,,,,,,"(S- BBull) Sét Trang Điểm Nvno 8 Món cơ Bản Hàng Nội Địa ,, trang điểm , tiện lợi , sang trọng",,https://www.lazada.vn/products/pdp-i3110245217.html
Dụng cụ chăm sóc Sắc đẹp,BOSS BIG SHOP,29.000 ₫,-37%,18270,(80),4.8,"Kệ đựng mỹ phẩm, Kệ để đồ đa năng 3 Tầng 2 ngăn kéo để bàn ô tiện ích, Chất liệu nhựa ABS an toàn khi sử dụng",259 Đã bán,https://www.lazada.vn/products/pdp-i2067585727.html
Trang điểm,LPTHIENYSHOP,129.800 ₫,-46%,70092,(3),5.0,Bộ Trang Điểm 4 Món Hanru Đầy Đủ Tiện Lợi Cho Người Mới Bắt Đầu,13 Đã bán,https://www.lazada.vn/products/pdp-i2959235342.html
Thực phẩm chức năng,Đồ dùng thông minh - BUM SMART,170.000 ₫,-32%,115600,(195),5.0,"[CHE TÊN SP] Kem Xóa Thâm, Làm Hồng Nhũ Hoa CHÍNH HÃNG 100%, Làm Hồng Môi, Dưỡng Trắng Da Nách, Bikini vùng kín Sexy Pink Whitening Cream",2.4K Đã bán,https://www.lazada.vn/products/pdp-i1970422072.html
Tủ chứa & Sắp xếp đồ,Phụ Kiện Giá Tốt 24H,80.000 ₫,-46%,43200,(20),4.9,"Kệ Đựng Mỹ Phẩm, Remote , Đồ Dùng Đa Năng Cỡ To 4 Ngăn - Rổ Nhựa 4 Ngăn Đựng Đồ Tiện Ích - Khay Nhựa 4 Ngăn  - Khay Đựng Đồ - Khay Bút - Khay Tiện ích 4 Ngăn Nhựa PP Tiện Lợi",69 Đã bán,https://www.lazada.vn/products/pdp-i2418989860.html
Trang điểm,Mỹ Phẩm Thuý Hường,239.500 ₫,-14%,205970,,,Bộ Trang Điểm Makuep Cơ Bản Đầy Đủ 22 Món Z4 Bộ Sản Phẩm Makep Của Nữ Dành Cho Người Mới Tập Trang Điểm Mỹ Phẩm Cosmetic,,https://www.lazada.vn/products/pdp-i2661112253.html
Dụng cụ chăm sóc Sắc đẹp,An Nhiên.2702,130.000 ₫,-48%,67600,(26),4.9,Kệ Đựng Mỹ Phẩm Mẫu Mới Cỡ Lớn - Đồ Trang Điểm Để Bàn Xoay 360  Sang Trọng Cao Cấp - Mẫu Mới Cực Đẹp,101 Đã bán,https://www.lazada.vn/products/pdp-i2603121554.html
Dụng cụ chăm sóc Sắc đẹp,Queen Global Home,95.000 ₫,-32%,64600,(159),4.9,Túi Đựng Mỹ Phẩm Đồ Trang Điểm Nhiều Ngăn Có Móc Treo - Đựng Đồ Du Lịch Cá Nhân Chống Thấm Nước Tiện Lợi,1.3K Đã bán,https://www.lazada.vn/products/pdp-i1257665183.html
Trang điểm,Mê hàng Trung Hoa,1.190.000 ₫,-19%,963900,(8),5.0,"Bộ Trang điểm 3 tầng đầy đủ 18 món HIH nội địa Trung hàng chính hãng, Tặng kèm túi đựng đẹp",29 Đã bán,https://www.lazada.vn/products/pdp-i2369702865.html
Trang điểm,BeautyCN,109.000 ₫,-46%,58860,(151),4.8,Set trang điểm Hanru 4 món tiện dụng cho người mới bắt đầu,540 Đã bán,https://www.lazada.vn/products/pdp-i2513632424.html
Dụng cụ chăm sóc Sắc đẹp,Mon-Basic Túi mỹ phẩm,165.000 ₫,-12%,145200,(4),5.0,Túi đựng đồ trang điểm du lịch 2 ngăn kéo -size lớn,9 Đã bán,https://www.lazada.vn/products/pdp-i2682220610.html
Trang điểm,Hoa Bồ Công Anh Store,99.000 ₫,-30%,69300,(544),4.9,[SALE] Set Trang Điểm PRETTY MAKEUP HANRU 4 Món set trang điểm tiện dụng đa năng cho người mới bắt đầu,1.8K Đã bán,https://www.lazada.vn/products/pdp-i2525214388.html
Trang điểm,Tiệm Quà Của Mi,538.000 ₫,-50%,269000,,,"Bộ mỹ phẩm 18 món, phấn mắt, son môi, má hồng, mascara, bộ cọ trang điểm",,https://www.lazada.vn/products/pdp-i2839358167.html
Trang điểm,Huyền Anh Shop 3,,,,(18),4.7,"Phấn Nước L-DA Air Cushion BB Kiềm Dầu, Che Phủ Mịn Màng, Se Khít Lỗ Chân Lông 30ml",181 Đã bán,https://www.lazada.vn/products/pdp-i2812798531.html
Trang điểm,Tiệm Quà Của Mi,78.000 ₫,-50%,39000,,,Tron bộ trang điểm 9 món đầy đủ các bước trang điểm/son/kem nền/Phấn mắt/ Má hồng/ Mascara/ Kẻ mắt/ Bấm mi/ chì mày/Bộcọ,,https://www.lazada.vn/products/pdp-i2904658402.html
Trang điểm,Mỹ Phẩm Thuý Hường,241.500 ₫,-14%,207690,(2),4.5,Bộ Trang Điểm Makuep Cơ Bản Đầy Đủ [22 Món S6] Bộ Sản Phẩm Makep Của Nữ Dành Cho Người Mới Tập Trang Điểm Mỹ Phẩm Cosmetic,15 Đã bán,https://www.lazada.vn/products/pdp-i2661059639.html
Trang điểm,LECARO STORE,69.000 ₫,-20%,55200,(23),4.7,"[HOT TREND 2021] Bộ Cọ Trang Điểm FIX 13 Món, Mẫu Mới, Màu Mới, Màu Hot, Chính Hãng Mẫu Mới, Kết Hợp Cùng Kem Che Khuyết Điểm, Phấn Trang Điểm, Son Môi, Kẻ Mắt, Chì Kẻ Mày Mỹ Phẩm Nội Địa Trung, Lecaro",73 Đã bán,https://www.lazada.vn/products/pdp-i1152486085.html
Trang điểm,,,,,,,Bộ Trang Điểm Cá Nhân 7 đến 9 sản phẩm/ phấn nước lameila/Maccara/son/phấn phủ,32 Đã bán,https://www.lazada.vn/products/pdp-i1968046025.html
Dụng cụ chăm sóc Sắc đẹp,,,,,,,Túi đựng đồ makeup nhỏ gọn có chia ngăn,5 Đã bán,https://www.lazada.vn/products/pdp-i2681979743.html
Trang điểm,,,,,,,Set Mỹ Phẩm Mini Hot 2025,,https://www.lazada.vn/products/pdp-i2942653784.html
Dụng cụ chăm sóc Sắc đẹp,,,,,,,Túi đựng mỹ phẩm đồ trang điểm du lịch nhiều ngăn tiện dụng,,https://www.lazada.vn/products/pdp-i2412238842.html
Trang điểm,,,,,,,Set Trang Điểm PRETTY MAKEUP MSMEESHU HANRU 4 MÓN,7 Đã bán,https://www.lazada.vn/products/pdp-i2513346987.html
Trang điểm,,,,,,,Phấn Nước Che Khuyết Điểm SUNISA Chính Hãng Tặng Kèm Chổi Tản Nền - Nội Địa Trung,597 Đã bán,https://www.lazada.vn/products/pdp-i2079108035.html
Nhập vai Phục trang & Dạ tiệc,,,,,,,"Bộ Dụng Cụ Làm Đẹp Mỹ Phẩm Cho Trẻ Em 17 Chiếc, Bộ Hộp Trang Điểm Không Độc Hại Bộ Quà Tặng Sinh Nhật Cho Bé Gái, Bộ Trang Điểm Cho Trẻ Em, Bộ Trang Điểm Cho Trẻ Em, Đồ Chơi Trang Điểm Cho Bé Gái,",12 Đã bán,https://www.lazada.vn/products/pdp-i2391300572.html
Trang điểm,,,,,,,"Bộ trang điểm Nội địa Trung đầy đủ 10 món KAQILI, Phong cách cổ trang + Tặng kèm túi đựng đẹp - Quà tặng nữ",33 Đã bán,https://www.lazada.vn/products/pdp-i2419044393.html
Trang điểm,,,,,,,"Bộ Trang Điểm Đầy Đủ Bộ Makeup/Trang Điểm Cá Nhân /Trang Điểm Đi Tiệc Phấn phủ, Kem nền, Chì Mày, Bông mút, Son Môi",,https://www.lazada.vn/products/pdp-i2952220840.html
Tủ chứa & Sắp xếp đồ,,,,,,,"Hộp Đựng Mỹ Phẩm Đa Năng, Kệ Đựng Đồ Trang Điểm Trong Suốt",1.0K Đã bán,https://www.lazada.vn/products/pdp-i1549138141.html
Nhập vai Phục trang & Dạ tiệc,,,,,,,"Bộ đồ chơi trang điểm cho bé gái, hộp trang điểm 3 tầng chất liệu tự nhiên an toàn tuyệt đối, cho bé phát triển tư duy Biacare",30 Đã bán,https://www.lazada.vn/products/pdp-i2365137892.html
Trang điểm,,,,,,,"(Siêu Hot) Bộ Trang Điểm ADS Đủ Bộ 40 món Full Hộp , Phấn Mắt , Phấn nền , Phấn má , Son Môi",162 Đã bán,https://www.lazada.vn/products/pdp-i2433849349.html
Dụng cụ chăm sóc Sắc đẹp,,,,,,,"Túi đựng mỹ phẩm WASHBAG , đựng đồ trang điểm đồ cá nhân chống thấm nước",,https://www.lazada.vn/products/pdp-i2478771670.html
Dụng cụ chăm sóc Sắc đẹp,,,,,,,Túi Đựng Mỹ Phẩm Đồ Trang Điểm Trang Sức JYoohome Túi Đựng Đồ Dùng Du Lịch Trong Suốt Chống Thấm Nước,147 Đã bán,https://www.lazada.vn/products/pdp-i2486921387.html
Trang điểm,,,,,,,"Full Box - Set Trang Điểm HANRU 4 Món Tiện Dụng, Đầy Đủ, Cơ Bản Cho Người Mới Bắt Đầu",9 Đã bán,https://www.lazada.vn/products/pdp-i2965101592.html
Vali và Túi du lịch đa năng,Amalife Việt Nam,150.000 ₫,-34%,99000,(57),4.9,"Túi Đựng Đồ Mỹ Phẩm, Túi Đựng Đồ Trang Điểm, Túi Đựng Đồ Cá Nhân Đi Du Lịch Nhiều Ngăn Chống Nước Chính Hãng Amalife",217 Đã bán,https://www.lazada.vn/products/pdp-i2135512955.html
Trang điểm,Huyền Anh Shop 3,,,,(10),5.0,Set mỹ phẩm trang điểm Hanru 4 món tiện dụng,32 Đã bán,https://www.lazada.vn/products/pdp-i2812788555.html
Vali và Túi du lịch đa năng,An Nhiên.2702,112.000 ₫,-50%,56000,(29),4.8,Túi Đựng Đồ Lót Du Lịch Đa Năng Tiện Dụng Sức Chứa Lớn - Túi Đựng Mỹ Phẩm Du Lịch,132 Đã bán,https://www.lazada.vn/products/pdp-i2602055952.html
Dụng cụ chăm sóc Sắc đẹp,THƯ STORE 99,180.000 ₫,-47%,95400,(72),4.4,Combo mỹ phẩm phụ kiện siêu tiết kiệm nhiều loại 9-13 món,332 Đã bán,https://www.lazada.vn/products/pdp-i2095203747.html
Chăm sóc da mặt,THỎ TÂY BEAUTY SHOP,175.000 ₫,-40%,105000,(68),4.5,"Combo Tái tạo da Phương Anh Yody White - sạch mụn, nám tàn nhang sẹo rỗ",391 Đã bán,https://www.lazada.vn/products/pdp-i1716797197.html
Trang điểm,MICOMI Cosmetics,258.000 ₫,-50%,129000,(43),4.8,"Bộ Trang Điểm Đầy Đủ 15 Món Set Trang Điểm Makeup Từ A-Z Đi Tiệc Đi Chơi Đi Làm MICOMI Cosmetics Kem Nền, Phấn Phủ, Phấn Mắt, Mascara, Chì Kẻ Mày, Kẻ Mắt, Son Môi",179 Đã bán,https://www.lazada.vn/products/pdp-i1549223017.html
Chăm sóc da mặt,CHINH HÃNG - SIÊU THỊ SỨC KHỎE VẺ ĐẸP,100.000 ₫,-49%,51000,(92),5.0,Serum Dưỡng Ẩm Trắng Da Xóa Sạch Thâm Nám Tàn Nhang Ngăn Ngừa Mụn Quay Trở Lại 50ml,340 Đã bán,https://www.lazada.vn/products/pdp-i2541765873.html
Vali và Túi du lịch đa năng,An An Nguyễn Store,250.000 ₫,-41%,147500,(21),5.0,"Túi đựng mỹ phẩm , túi đựng đồ du lịch chống nước ( nhiều mẫu )",142 Đã bán,https://www.lazada.vn/products/pdp-i2043143374.html
Nhập vai Phục trang & Dạ tiệc,ForesightOfficialStore,339.200 ₫,-33%,227264,(26),5.0,Bộ mỹ phẩm đồ chơi trang điểm 33 món không độc hại thích hợp cho bé,108 Đã bán,https://www.lazada.vn/products/pdp-i2395342022.html
Nhập vai Phục trang & Dạ tiệc,CleverOfficial Store,373.830 ₫,-41%,220559,(21),5.0,⚡Miễn Phí Vận Chuyển⚡Bộ mỹ phẩm đồ chơi trang điểm 33 món không độc hại thích hợp cho bé,94 Đã bán,https://www.lazada.vn/products/pdp-i2424717349.html
Vali và Túi du lịch đa năng,SUKA HOUSE 999,,,,(50),4.9,Túi Đựng Mỹ Phẩm Đồ Trang Điểm WASHBAG Túi Đựng Đồ Cá Nhân Du Lịch Chống Thấm Nước A2421,238 Đã bán,https://www.lazada.vn/products/pdp-i2527457921.html
Vali và Túi du lịch đa năng,Hala Thế Giới Gia Dụng,85.000 ₫,-6%,79900,(13),4.7,"Túi Đựng Mỹ Phẩm Da PU Living C Không Thấm Nước, Túi đựng Đồ Trang Điểm Phụ Nữ Cầm Tay",45 Đã bán,https://www.lazada.vn/products/pdp-i2687697437.html
Chăm sóc cá nhân,Mỹ phẩm Hồng Vân 01,150.000 ₫,-27%,109500,(62),4.9,[HCM]viên uống giảm cân baschi cam Vip Slim lọ 30v,586 Đã bán,https://www.lazada.vn/products/pdp-i478202246.html
Trang điểm,LPThienY,132.000 ₫,-47%,69960,(1),5.0,Bộ trang điểm Hanru 4 món đa năng tiện dụng,5 Đã bán,https://www.lazada.vn/products/pdp-i2963726312.html
Nhập vai Phục trang & Dạ tiệc,hoco_ SUPERSTAR _store,368.200 ₫,-38%,228284,(3),4.0,【🔥siêu rẻ】Bộ mỹ phẩm đồ chơi trang điểm 33 món không độc hại thích hợp cho bé,15 Đã bán,https://www.lazada.vn/products/pdp-i2496153432.html
Vali và Túi du lịch đa năng,SOHOGO,,,,(1),5.0,"Túi lưới đựng đồ cá nhân mini -Túi đựng mỹ phẩm, phụ kiện mini gọn nhẹ Túi vải lưới đựng đồ đa năng có quai xách -Túi du lịch nhỏ chống ẩm, siêu nhẹ -Túi đựng đồ lưới siêu mỏng – gập gọn tiện lợi -Túi mini đựng đồ tiện dụng",,https://www.lazada.vn/products/pdp-i2897958602.html
Vali và Túi du lịch đa năng,Big Bang 001,,,,,,"Túi Ví Đựng Băng Vệ Sinh, Son Môi, Mỹ Phẩm - Túi Mini Đựng Đồ Cá Nhân Chống Thấm Nước - BIGBA",,https://www.lazada.vn/products/pdp-i3050200901.html
Vali và Túi du lịch đa năng,Lazy-Life Store,,,,(3),5.0,"Túi Ví Đựng Băng Vệ Sinh, Son Môi, Mỹ Phẩm - Túi Mini Đựng Đồ Cá Nhân Chống Thấm Nước - LAZYL",11 Đã bán,https://www.lazada.vn/products/pdp-i3050220729.html
Trang điểm,Mỹ Phẩm Thuý Hường,149.000 ₫,-9%,135590,(480),4.8,Bộ Trang Điểm[12 Món X4]Đầy Đủ Makeup/Trang Điểm Đi Tiệc/Trang Điểm Cá Nhân Cơ Bản [12 Món X4],1.6K Đã bán,https://www.lazada.vn/products/pdp-i2495559111.html
Vali và Túi du lịch đa năng,Mom Mie,71.000 ₫,-25%,53250,(14),5.0,"[HCM]Túi đựng mỹ phẩm đồ trang điểm chống thấm nhiều kích cỡ - T016, K089",115 Đã bán,https://www.lazada.vn/products/pdp-i211742434.html
Tủ chứa & Sắp xếp đồ,PTNgoc House 3137.Selection,42.300 ₫,-29%,30033,(44),5.0,"Khay Đựng Son 24 Ô Trong Suốt, Khay Đựng Son Và Mỹ Phẩm Loại Nhỏ Cùng Cọ Trang Điểm Chất Liệu Mica",205 Đã bán,https://www.lazada.vn/products/pdp-i2703588853.html
Nước hoa,Hoá mỹ phẩm+ hàng gia dụng,,,,(4),5.0,Nước Hoa Sài Gòn Kẻ,45 Đã bán,https://www.lazada.vn/products/pdp-i2416410770.html
Vali và Túi du lịch đa năng,the gioi vali,80.068 ₫,-18%,65655,(962),5.0,Túi Đựng Mỹ Phẩm Hoạt hình 6 Màu phong cách Nhật Bản đồ trang điểm du lịch Túi giặt/Hộp lưu trữ/Túi lưu trữ,3.1K Đã bán,https://www.lazada.vn/products/pdp-i2494571851.html
Vali và Túi du lịch đa năng,Hala Thế Giới Gia Dụng,80.000 ₫,-12%,70400,(5),4.6,"Túi Đựng Mỹ Phẩm Du Lịch Cao Cấp Living C, Túi Đựng Đồ Trang Điểm Khóa Chéo Chất Lượng Cao Tiện Lợi",48 Đã bán,https://www.lazada.vn/products/pdp-i2687706575.html
Trang điểm,LPTHIENYSHOP,129.800 ₫,-46%,70092,(3),5.0,Bộ Trang Điểm 4 Món Hanru Đầy Đủ Tiện Lợi Cho Người Mới Bắt Đầu,13 Đã bán,https://www.lazada.vn/products/pdp-i2959235342.html
Chăm sóc da mặt,Eifini Fashion,103.640 ₫,-48%,53892,(1),1.0,Kem Giảm Mụn Trứng Cá Mờ Thâm Mờ Rỗ Lỗ Chân Lông To Giúp Căng Bóng Trẻ Hoá Làn Da/25g,8 Đã bán,https://www.lazada.vn/products/pdp-i2661488557.html
Vali và Túi du lịch đa năng,An An Nguyễn Store,75.000 ₫,-25%,56250,(41),5.0,"Túi Lưới Đựng Mỹ Phẩm Trang Điểm , Đồ Dùng Du Lịch Hình Hộp (Nhiều Kích Cỡ)",154 Đã bán,https://www.lazada.vn/products/pdp-i2309771080.html
Trang điểm,LPShop01,134.000 ₫,-48%,69680,(3),5.0,"Full Box - Set Trang Điểm HANRU 4 Món Tiện Dụng, Đầy Đủ, Cơ Bản Cho Người Mới Bắt Đầu",9 Đã bán,https://www.lazada.vn/products/pdp-i2965101592.html
Trang điểm,BeautyCN,109.000 ₫,-46%,58860,(151),4.8,Set trang điểm Hanru 4 món tiện dụng cho người mới bắt đầu,540 Đã bán,https://www.lazada.vn/products/pdp-i2513632424.html
Nhập vai Phục trang & Dạ tiệc,SpeedOfficialStore,307.100 ₫,-13%,267177,(4),5.0,"Bộ Dụng Cụ Làm Đẹp Mỹ Phẩm Cho Trẻ Em 17 Chiếc, Bộ Hộp Trang Điểm Không Độc Hại Bộ Quà Tặng Sinh Nhật Cho Bé Gái, Bộ Trang Điểm Cho Trẻ Em, Bộ Trang Điểm Cho Trẻ Em, Đồ Chơi Trang Điểm Cho Bé Gái,",12 Đã bán,https://www.lazada.vn/products/pdp-i2391300572.html
Trang điểm,Mỹ Phẩm Thuý Hường,135.000 ₫,-14%,116100,(17),4.8,Bộ Trang Điểm Đầy Đủ Chính Hãng Bộ Makeup [14 Món E2] Cho Người Mới - Lamelia 14 Sản Phẩm Bộ E2,55 Đã bán,https://www.lazada.vn/products/pdp-i2427059118.html
Tủ chứa & Sắp xếp đồ,PTNgoc House 3137,92.000 ₫,-50%,46000,(11),4.7,"Hộp Đựng Đồ, Đựng Mỹ Phẩm Để Bàn Có Ngăn Kéo Màu Morandi Phiên Bản Hàn Quốc",160 Đã bán,https://www.lazada.vn/products/pdp-i2030763088.html
Nhập vai Phục trang & Dạ tiệc,HENGHOME Vietnam,170.190 ₫,-44%,95306,(1),5.0,HENGHOME 1 bộ không độc hại cô gái trang điểm đạo cụ trẻ em giả vờ chơi mô phỏng mỹ phẩm đồ chơi Kit với Eyeshadow Palette và son môi Applicator,7 Đã bán,https://www.lazada.vn/products/pdp-i3066444242.html
Trang điểm,,,,,,,Bộ Trang Điểm Makuep Cơ Bản Đầy Đủ [12 Món Z3] Bộ Sản Phẩm Makep Của Nữ Dành Cho Người Mới Tập Trang Điểm Mỹ Phẩm Cosmetic,45 Đã bán,https://www.lazada.vn/products/pdp-i2661025733.html
Nhập vai Phục trang & Dạ tiệc,,,,,,,【siêu rẻ】Bộ mỹ phẩm đồ chơi trang điểm 33 món không độc hại thích hợp cho bé,,https://www.lazada.vn/products/pdp-i2663477298.html
Trang điểm,Mỹ Phẩm Thuý Hường,350.000 ₫,-14%,301000,(12),5.0,[ Bộ trang điểm] 27 Món [V5] Bộ sản phẩm  trang điểm MAKEUP  gồm 27 món (V5) đa năng tiện dụng Dành cho người mới tầm makeup [chính hãng],30 Đã bán,https://www.lazada.vn/products/pdp-i2584394827.html
Vali và Túi du lịch đa năng,,,,,,,"Túi đựng mỹ phẩm sức chứa lớn, túi đựng đồ du lịch mẫu mới, chống thấm nước và dễ dàng mang theo",342 Đã bán,https://www.lazada.vn/products/pdp-i2653332557.html
Dụng cụ chăm sóc Sắc đẹp,,,,,,,Túi Vệ Sinh Da Lớn Dành Cho Du Lịch Nam Nữ Dopp Kit Treo Túi Đựng Mỹ Phẩm Thời Trang Có Dây Kéo Đựng Đồ Đi Du Lịch,361 Đã bán,https://www.lazada.vn/products/pdp-i2796068320.html
Tủ chứa & Sắp xếp đồ,,,,,,,"Kệ Nhựa Đựng Mỹ Phẩm 3 Tầng 2 Ngăn Kéo - Hộp Nhựa Chia Ngăn Đựng Cọ, Son, Vật Dụng Cá Nhân Nhỏ Gọn - Kệ Trang Điểm Mini Tiện Lợi Cho Bàn Trang Điểm",,https://www.lazada.vn/products/pdp-i3116906542.html
Nhập vai Phục trang & Dạ tiệc,,,,,,,【giao hàng trong vòng 24h】Bộ mỹ phẩm đồ chơi trang điểm 33 món không độc hại thích hợp cho bé,6 Đã bán,https://www.lazada.vn/products/pdp-i2664089214.html
Dụng cụ chăm sóc Sắc đẹp,,,,,,,Kệ đựng mĩ phẩm đồ trang điểm nhựa để bàn có ngăn kéo tiện lợi,168 Đã bán,https://www.lazada.vn/products/pdp-i2253318618.html
Trang điểm,,,,,,,"Bộ trang điểm, bộ makeup ca nhân đầy đủ cho người mới bắt đầu,  bộ quà tặng trang điểm",6 Đã bán,https://www.lazada.vn/products/pdp-i2858172591.html
Vali và Túi du lịch đa năng,,,,,,,Bộ 11 Lọ Chiết Mỹ Phẩm Du Lịch Tiện Dụng Kèm Túi Đựng 11 Món BEAU4,32 Đã bán,https://www.lazada.vn/products/pdp-i2885265865.html
Trang điểm,,,,,,,"(S- BBull) Sét Trang Điểm Nvno 8 Món cơ Bản Hàng Nội Địa ,, trang điểm , tiện lợi , sang trọng",,https://www.lazada.vn/products/pdp-i3110245217.html
Trang điểm,,,,,,,Bộ Trang Điểm Makuep Cơ Bản Đầy Đủ [22 Món S6] Bộ Sản Phẩm Makep Của Nữ Dành Cho Người Mới Tập Trang Điểm Mỹ Phẩm Cosmetic,15 Đã bán,https://www.lazada.vn/products/pdp-i2661059639.html
Trang điểm,,,,,,,Tron bộ trang điểm 9 món đầy đủ các bước trang điểm/son/kem nền/Phấn mắt/ Má hồng/ Mascara/ Kẻ mắt/ Bấm mi/ chì mày/Bộcọ,,https://www.lazada.vn/products/pdp-i2904658402.html
Nhập vai Phục trang & Dạ tiệc,,,,,,,bộ trang điểm,,https://www.lazada.vn/products/pdp-i2951103470.html
Chăm sóc cá nhân,,,,,,,Nước rửa chén Mỹ Hảo 1.5 kg trà xanh và chanh,,https://www.lazada.vn/products/pdp-i2641698306.html
Nhập vai Phục trang & Dạ tiệc,,,,,,,"Hộp đựng mỹ phẩm để bàn, dạng ngăn kéo, siêu đẹp, siêu sang",,https://www.lazada.vn/products/pdp-i2737611471.html
Trang điểm,,,,,,,"Bộ makeup 5 món , bộ trang điểm phấn mắt, má hồng, son môi, mascara, bộ cọ trang điểm",9 Đã bán,https://www.lazada.vn/products/pdp-i2905565289.html
Vali và Túi du lịch đa năng,,,,,,,"Túi nhựa trong suốt đựng đồ , mỹ phẩm tiện dụng nhỏ gọn ( nhiều màu )",163 Đã bán,https://www.lazada.vn/products/pdp-i1872564767.html
Vali và Túi du lịch đa năng,,,,,,,Bộ Chai Chiết Mỹ Phẩm 4 Trong 1 và 3 Trong 1 Tiện Lợi,10 Đã bán,https://www.lazada.vn/products/pdp-i2685375993.html
Trang điểm,,,,,,,Set Trang Điểm PRETTY MAKEUP MSMEESHU HANRU 4 MÓN,7 Đã bán,https://www.lazada.vn/products/pdp-i2513346987.html
Tủ chứa & Sắp xếp đồ,Cửa hàng gia dụng tiện ích HCM,129.000 ₫,-26%,95460,(84),4.8,Kệ Đựng Mỹ Phẩm Đồ Trang Điểm Trang Sức 4 Tầng Trong Suốt 3 Ngăn Kéo Tiện Dụng,269 Đã bán,https://www.lazada.vn/products/pdp-i2413115090.html
Trang điểm,,,,,,,Bộ Trang Điểm Cá Nhân 7 đến 9 sản phẩm/ phấn nước lameila/Maccara/son/phấn phủ,32 Đã bán,https://www.lazada.vn/products/pdp-i1968046025.html
Chăm sóc da mặt,,,,,,,[Cam Kết Hết Mụn Thâm Trong 7 Ngày] Kem Giảm Mụn Cấp Tốc Loại Bỏ Mụn và Vết Thâm Hoàn Toàn Thu Nhỏ Lỗ Chân Lông CYSTIC Acne Giúp Da Láng Mịn Khít Lỗ Chân Lông Kiểm Soát Dầu/25g,154 Đã bán,https://www.lazada.vn/products/pdp-i2661521706.html
Vali và Túi du lịch đa năng,,,,,,,"Túi Lưới Đựng Mỹ Phẩm Trang Điểm , Đồ Dùng Du Lịch Tiện Dụng (Nhiều Kích Cỡ)",159 Đã bán,https://www.lazada.vn/products/pdp-i2043119654.html
Tủ chứa & Sắp xếp đồ,,,,,,,"Kệ Đựng Mỹ Phẩm, Remote , Đồ Dùng Đa Năng Cỡ To 4 Ngăn - Rổ Nhựa 4 Ngăn Đựng Đồ Tiện Ích - Khay Nhựa 4 Ngăn  - Khay Đựng Đồ - Khay Bút - Khay Tiện ích 4 Ngăn Nhựa PP Tiện Lợi",69 Đã bán,https://www.lazada.vn/products/pdp-i2418989860.html
,,,,,,,"DIY Set Tự Làm / Khung tranh đính đá pha lê size 20x25 handmade quà 14/3 tặng người yêu, quà sinh nhật, quà kỉ niệm",10 Đã bán,https://www.lazada.vn/products/pdp-i2621651100.html
Tủ chứa & Sắp xếp đồ,,,,,,,"Rổ Nhựa 4 Ngăn Đựng Đồ Tiện Dụng - Kệ Đựng Mỹ Phẩm, Remote , Đồ Dùng Đa Năng - Khay Nhựa - Khay Đựng Đồ 4 Ngăn - Khay Đựng Bút - Khay Tiện ích 4 Ngăn Nhựa PP Tiện Lợi",36 Đã bán,https://www.lazada.vn/products/pdp-i2419127031.html
Trang điểm,SKINCARE_MAKEUP SHOP,290.000 ₫,-50%,145000,(3),3.7,( Tặng bộ cọ 8 món)Trọn bộ trang điểm 12 món đầy đủ cho người mới/ set trang điểm đầy đủ/ bộ makeup cá nhân,7 Đã bán,https://www.lazada.vn/products/pdp-i2861587268.html
Trang điểm,,,,,,,Bộ Trang Điểm[12 Món Y7]Đầy Đủ Makeup/Trang Điểm Đi Tiệc/Trang Điểm Cá Nhân Cơ Bản 12 Món,13 Đã bán,https://www.lazada.vn/products/pdp-i2628280319.html
Vali và Túi du lịch đa năng,,,,,,,"Túi Đựng Mỹ Phẩm, Đồ Vệ Sinh Cầm Tay Có Khóa Kéo Tiện Lợi Đa Năng",618 Đã bán,https://www.lazada.vn/products/pdp-i2136831264.html
Nước hoa,,,,,,,ĐỦ 5 MÀU Nước hoa Pinky Sweet Cindy Classic Trẻ Trung Tinh Tế Trang Nhã Nhẹ Nhàng Lôi Cuốn 50ml,73 Đã bán,https://www.lazada.vn/products/pdp-i2421184463.html
,,,,,,,Bút Màu Acrylic Marker bảng nâng cấp 12/24/36/48/60/80 tăng thêm 50% lượng mưc,100 Đã bán,https://www.lazada.vn/products/pdp-i2576812409.html
Dụng cụ chăm sóc Sắc đẹp,,,,,,,"Khay nhựa 3 tầng đựng mỹ phẩm, đựng đồ đa năng",13 Đã bán,https://www.lazada.vn/products/pdp-i2517774664.html
Đồ châu báu,,,,,,,"Hàng bom quốc tế, kiện hàng bom ngẫu nhiên, mỹ phẩm đồ dùng",9 Đã bán,https://www.lazada.vn/products/pdp-i2652200608.html
Tủ chứa & Sắp xếp đồ,,,,,,,KỆ TỦ ĐỰNG MỸ PHẨM ĐỒ TRANG ĐIỂM MINI TRONG SUỐT 4 TẦNG TASHUAN - KỆ NHỰA ĐỰNG MỸ PHẨM 4 TẦNG NGĂN KÉO TIỆN DỤNG,20 Đã bán,https://www.lazada.vn/products/pdp-i1983027549.html
Trang điểm,,,,,,,[SALE] Set Trang Điểm PRETTY MAKEUP HANRU 4 Món set trang điểm tiện dụng đa năng cho người mới bắt đầu,1.8K Đã bán,https://www.lazada.vn/products/pdp-i2525214388.html
Dụng cụ chăm sóc Sắc đẹp,,,,,,,"Túi hộp đựng mỹ phẩm, đồ trang điểm hộp đứng cứng ko gấp gọn được",29 Đã bán,https://www.lazada.vn/products/pdp-i2376356125.html
Dụng cụ chăm sóc Sắc đẹp,GIA DỤNG AN NHIÊN .2702,130.000 ₫,-48%,67600,(13),4.9,Kệ Đựng Mỹ Phẩm Mẫu Mới Cỡ Lớn - Đồ Trang Điểm Để Bàn Xoay 360  Sang Trọng Cao Cấp - Mẫu Mới Cực Đẹp,,https://www.lazada.vn/products/pdp-i2603139437.html
Dụng cụ chăm sóc Sắc đẹp,Chigoo,528.000 ₫,-51%,258720,(20),5.0,Chigoo Túi đựng mỹ phẩm led túi đựng đồ makeup túi đựng đồ trang điểm túi đựng mĩ phẩm có gương hộp đựng mỹ phẩm có nắp,,https://www.lazada.vn/products/pdp-i2806442679.html
,Đồ chơi thông minh Alice,100.000 ₫,-15%,85000,(22),5.0,Bút màu Acrylic Marker 12 24 36 48 60 80 cao cấp màu sắc tươi sáng không lem - Bút lông màu,,https://www.lazada.vn/products/pdp-i2603084748.html
Nhập vai Phục trang & Dạ tiệc,Toyfun-VN,88.000 ₫,-2%,86240,(23),4.6,Bộ đồ chơi mỹ phẩm dụng cụ trang điểm 33 món không độc hại chất liệu an toàn nhiều lựa chọn thích hợp cho bé,,https://www.lazada.vn/products/pdp-i2721652746.html
Trang điểm,Mỹ Phẩm Thuý Hường,199.000 ₫,-18%,163180,(132),4.9,Bộ Trang Điểm/Bộ trang điểm Đầy Đủ Chính Hãng Cho Người Mới [Bộ 22 món E5] - Lamelia 22 Sản Phẩm Bộ E5,451 Đã bán,https://www.lazada.vn/products/pdp-i2421570043.html
Vali và Túi du lịch đa năng,Tín Phong Shop,,,,(73),4.9,"Túi đựng mỹ phẩm,đồ du lịch bằng nhựa chống thấm Washbag (1 cái)",362 Đã bán,https://www.lazada.vn/products/pdp-i1869535696.html
Dụng cụ chăm sóc Sắc đẹp,FUNGLA HOUSE,198.000 ₫,-50%,99000,(49),4.8,KỆ MỸ PHẨM MICA TRONG SUỐT XOAY 360 ĐỘ HÀNG TỐT SIÊU BỀN ĐẸP- HỘP ĐỰNG ĐỒ TRANG ĐIỂM ĐỂ BÀN KÈM KHAY SON CÓ THỂ XẾP GỌN ĐƯỢC,163 Đã bán,https://www.lazada.vn/products/pdp-i496126604.html
,Xương Rồng Nhỏ - Đồ chơi trẻ em,161.000 ₫,-49%,82110,(8),4.9,"Bộ Bút Màu  ACRYLIC MARKER Không Phai Mực Vẽ Trên Mọi Chất Liệu ( Vẽ Vải, Giày Dép, Thủy Tinh) Xương Rồng Nhỏ",22 Đã bán,https://www.lazada.vn/products/pdp-i2415515300.html
Vali và Túi du lịch đa năng,ELACCENT BAG MALL,134.000 ₫,-50%,67000,(26),4.9,ELACCENT túi đựng đồ makeup túi đựng đồ trang điểm túi mỹ phẩm Túi đựng đồ vệ sinh cá nhân du lịch nhỏ gọn  với móc treo để tổ chức dễ dàng,75 Đã bán,https://www.lazada.vn/products/pdp-i2966782778.html
Trang điểm,Mỹ Phẩm Thuý Hường,239.500 ₫,-14%,205970,,,Bộ Trang Điểm Makuep Cơ Bản Đầy Đủ 22 Món Z4 Bộ Sản Phẩm Makep Của Nữ Dành Cho Người Mới Tập Trang Điểm Mỹ Phẩm Cosmetic,,https://www.lazada.vn/products/pdp-i2661112253.html
Trang điểm,Mỹ Phẩm Thuý Hường,210.000 ₫,-14%,180600,(18),4.8,Bộ Trang Điểm[20 Món D9]Đầy Đủ Makeup/Trang Điểm Đi Tiệc/Trang Điểm Cá Nhân Cơ Bản 20 Món Bộ D9,40 Đã bán,https://www.lazada.vn/products/pdp-i2428168315.html
Vali và Túi du lịch đa năng,Lumbley,,,,,,"Túi Đựng Mỹ Phẩm, Trang Điểm, Du Lịch, Đồ Dùng Cá Nhân Du Lịch Nhỏ Gọn Có Móc Treo Cao Cấp -Lumbley",,https://www.lazada.vn/products/pdp-i2466497934.html
Vali và Túi du lịch đa năng,Coleen Decor bàn học,80.000 ₫,-38%,49600,(1),5.0,Túi Da Đủ Màu Đựng Mỹ Phẩm Đồ Makeup Mang Đi Du Lịch Sức Chứa Lớn COLEEN,,https://www.lazada.vn/products/pdp-i2764027969.html
Vali và Túi du lịch đa năng,Tuidonghang.hcm,15.000 ₫,-20%,12000,(7),5.0,Túi Đựng Mỹ phẩm và đồ cá nhân du lịch,23 Đã bán,https://www.lazada.vn/products/pdp-i2556734405.html
Dụng cụ chăm sóc Sắc đẹp,GIA DỤNG SỈ TPHCM,190.000 ₫,-69%,58900,(7),4.6,TỦ GỖ ĐỰNG MỸ PHẨM CÓ GƯƠNG TRANG ĐIỂM HÌNH TAI MÈO SIÊU XINH - KỆ ĐỰNG MỸ PHẨM ĐỒ MAKEUP NHIỀU NGĂN BẰNG GỖ THƠM CAO CẤP CÓ THỂ XẾP GỌN ĐƯỢC - MẪU MỚI 2022,44 Đã bán,https://www.lazada.vn/products/pdp-i1582041606.html
Dụng cụ chăm sóc Sắc đẹp,SIANDO,49.000 ₫,-19%,39690,(1),5.0,Túi đựng mỹ phẩm Washbag 3 màu 3 size đựng đồ cá nhân đồ trang điểm chống thấm nước SIANDO TCN01,5 Đã bán,https://www.lazada.vn/products/pdp-i2956487446.html
Dụng cụ chăm sóc Sắc đẹp,BUM BI,,,,(2),5.0,Túi đựng mỹ phẩm trong suốt Túi đựng đồ trang điểm hình thú dễ thương nhiều kích thước WASH BAG - BUMSTORE,5 Đã bán,https://www.lazada.vn/products/pdp-i2335189440.html
Trang điểm,PaNa- Store,189.000 ₫,-39%,115290,(76),4.8,Bộ Trang Điểm Dành Cho Người Mới Tập Make Up/Trang Điểm Cá Nhân,322 Đã bán,https://www.lazada.vn/products/pdp-i1979447362.html
Tủ chứa & Sắp xếp đồ,Gia Dụng Pk,76.000 ₫,-15%,64600,(2),5.0,"Hộp đựng cọ trang điểm 2959 - hộp đựng cọ có nắp kín chống ẩm mốc bụi bẩn, hộp dựng cọ trang điểm, hộp đựng mỹ phẩm, hộp đựng có nắp, hộp đựng trang sức",6 Đã bán,https://www.lazada.vn/products/pdp-i3027359155.html
,Shop đồ chơi trẻ em Kim Long,,,,,,Bút lông Màu Acrylic Marker / Bộ màu 12 24 36 48 60 80 màu Vẽ Được Trên Nhiều Chất Liệu - Đồ Chơi Mỹ Thuật SẴN HCM,,https://www.lazada.vn/products/pdp-i3178264593.html
Tủ chứa & Sắp xếp đồ,Gia Dụng Pk,50.000 ₫,-22%,39000,(460),4.9,"Kệ Đựng Mỹ Phẩm, Kệ Để Đồ Trang Điểm Mini 3 Tầng 2 ngăn kéo - Kệ đựng Đồ Đa Năng Nhiều Ô Tiện Ích Có Ngăn Kéo, kệ đựng đồ trang điểm, kệ để bàn mini, kệ mini, kệ đựng đồ đa năng, kệ mini để bàn",1.9K Đã bán,https://www.lazada.vn/products/pdp-i2157423106.html
Vali và Túi du lịch đa năng,BÁN GÌ RẺ THẾ,140.000 ₫,-46%,75600,(19),4.7,"Bộ 6 Túi Du Lịch Đựng Quần Áo, Mỹ Phẩm, Giày Dép, Tất , Vớ Xếp Gọn Chống Thấm - COMBO 6 TÚI TIỆN ÍCH ĐỰNG ĐỒ DU LỊCH CÁ NHÂN NHIỀU SIZE",49 Đã bán,https://www.lazada.vn/products/pdp-i2501463446.html
Vali và Túi du lịch đa năng,Store4men - Tjll Tjll Shop,120.000 ₫,-37%,75600,,,"SET 6 Túi Đựng Quần Áo, Mỹ Phẩm, Giày Dép, Vớ Mang Du Lịch Tiện Lợi - Combo 6 Đựng Đồ Du Lịch Xếp Gọn , Chống Thấm / Túi Du Lịch - Túi Đựng Đồ Trang Điểm , Mỹ Phẩm Đồ Dùng Du Lịch Chống Thấm Nước Cao Cấp",8 Đã bán,https://www.lazada.vn/products/pdp-i2501401709.html
Trang điểm,PaNa- Store,189.000 ₫,-42%,109620,(267),4.8,Bộ trang điểm 9 món/kem nền/ bấm mi/phấn phủ/son/Maccara/chì kẻ mày/phấn mắt/nhũ mắt/kẻ mắt nước,1.2K Đã bán,https://www.lazada.vn/products/pdp-i1754121167.html
Giặt ủi,Mỹ Phẩm Heyxi,40.000 ₫,-50%,20000,(26),5.0,Nước Giặt Đồ Lót Heyxi (Giá Sỉ) Loại Bỏ Vệt Ố Vàng Khử Mùi Hôi Khó Chịu Lữu Giữ Hương Thơm 24 Giờ,169 Đã bán,https://www.lazada.vn/products/pdp-i2067281861.html
Trang điểm,Mỹ Phẩm Thuý Hường,99.000 ₫,-14%,85140,(18),4.5,Bộ Trang Điểm [8 Món ] Xinh Xắn Lameila Dành Cho Người Mới Tập Makuep(Chính Hãng) Bộ 8 món xinh xắn,57 Đã bán,https://www.lazada.vn/products/pdp-i2427027901.html
Dụng cụ chăm sóc Sắc đẹp,Akii Home,60.000 ₫,-35%,39000,(4),5.0,"Túi đựng mỹ phẩm chất liệu PVC mờ+da PU cao cấp, túi đựng đồ trang điểm di động Akii Home TD31",15 Đã bán,https://www.lazada.vn/products/pdp-i2834705110.html
Dụng cụ chăm sóc Sắc đẹp,GIA DỤNG SỈ TPHCM,132.000 ₫,-58%,55440,,,KỆ ĐỰNG MỸ PHẨM CỌ TRANG ĐIỂM 5 NGĂN XOAY 360 ĐỘ TIỆN LỢI PHONG CÁCH HÀN QUỐC XINH XẮN. ỐNG ĐỰNG BÚT ĐỒ DÙNG HỌC TẬP ĐỂ BÀN ĐA NĂNG,,https://www.lazada.vn/products/pdp-i3102607996.html
Trang điểm,SKINCARE_MAKEUP SHOP,310.000 ₫,-50%,155000,,,Bộ trang điểm cá nhân/bộ trang điểm đi tiệc/set makeup/ trọn bộ trang điểm/ bộ makeup cá nhân/ Bộ trang điểm 14 món,,https://www.lazada.vn/products/pdp-i2861534236.html
Trang điểm,PaNa- Store,149.000 ₫,-42%,86420,(332),4.8,HOÀN TIỀN 15% - Bộ trang điểm Lameila 7 đến 8 món (Chính Hãng),1.5K Đã bán,https://www.lazada.vn/products/pdp-i1651160228.html
Vali và Túi du lịch đa năng,Techsshop,130.000 ₫,-24%,98800,(11),5.0,"Túi đựng mỹ phẩm, đồ trang điểm, Túi du lịch đựng đồ dùng cá nhân đa năng nhỏ",36 Đã bán,https://www.lazada.vn/products/pdp-i2295845075.html
Vali và Túi du lịch đa năng,Kho Sỉ 247,,,,(12),4.7,"Túi Ví Đựng Băng Vệ Sinh, Son Môi, Mỹ Phẩm - Túi Mini Đựng Đồ Cá Nhân Chống Thấm Nước",48 Đã bán,https://www.lazada.vn/products/pdp-i2491265780.html
Vali và Túi du lịch đa năng,TAO Tidy Life,321.000 ₫,-11%,285690,(23),5.0,Túi Đựng Cọ Trang Điểm Du Lịch Dung Tích Lớn Túi Đựng Mỹ Phẩm Lưới Túi Đựng Đồ Dùng Cá Nhân Túi Đựng Son Môi Air Cushion Cọ Trang Điểm,830 Đã bán,https://www.lazada.vn/products/pdp-i1890037376.html
Tủ chứa & Sắp xếp đồ,Gia Dụng Pk,140.000 ₫,-22%,109200,(37),4.7,"Kệ Nhiều Tầng Đựng Mĩ Phẩm Đồ Makeup Sơn Móng Tay Phấn Mắt 4/5/6 tầng Trang Điểm Gọn Gàng Decor, hộp đựng bút, hộp đựng sticker, hộp đựng mỹ phẩm, hộp để bàn trang trí , hộp , tủ nhựa, kệ đựng mỹ phẩm, kệ đựng min",135 Đã bán,https://www.lazada.vn/products/pdp-i2467376714.html
Trang điểm,Mỹ Phẩm Thuý Hường,137.500 ₫,-14%,118250,(6),4.8,Bộ Trang Điểm[12 Món Y5]Đầy Đủ Makeup/Trang Điểm Đi Tiệc/Trang Điểm Cá Nhân Cơ Bản 12 Món,18 Đã bán,https://www.lazada.vn/products/pdp-i2628294302.html
Trang điểm,Mỹ Phẩm Thuý Hường,129.000 ₫,-14%,110940,(6),4.8,Bộ Trang Điểm[10 Món X7]Đầy Đủ Makeup/Trang Điểm Đi Tiệc/Trang Điểm Cá Nhân Cơ Bản 10 Món X7,21 Đã bán,https://www.lazada.vn/products/pdp-i2605407088.html
Vali và Túi du lịch đa năng,Băng Keo Nam Việt,65.000 ₫,-20%,52000,(19),5.0,(Có Ngăn Đựng Cọ Riêng) Túi Đựng Đồ Trang Điểm Chống Thấm Nước Túi Mỹ Phẩm Túi Xách Du Lịch Nhiều Hoa Văn,84 Đã bán,https://www.lazada.vn/products/pdp-i1248540754.html
Vali và Túi du lịch đa năng,PTNgoc House 3137,14.000 ₫,-39%,8540,(148),4.9,Túi Nhựa Đựng Mỹ Phẩm - Bao ĐỰNG ĐỒ ƯỚT - Đựng Bàn Chải Và Kem Đánh Răng Du Lịch,1.2K Đã bán,https://www.lazada.vn/products/pdp-i2040239365.html
Đồ ăn nhẹ & bánh kẹo,Hoá Mỹ Phẩm Mỹ Phương,51.450 ₫,-19%,41674,(15),5.0,Kẹo Ngậm Mentos Pure Fresh 50 Viên không đường,80 Đã bán,https://www.lazada.vn/products/pdp-i3107272066.html
Trang điểm,Mỹ Phẩm Thuý Hường,189.000 ₫,-14%,162540,(46),4.5,Bộ Trang Điểm[21 Món A1]Đầy Đủ Makeup/Trang Điểm Đi Tiệc/Trang Điểm Cá Nhân Cơ Bản Bộ 22 món A1,134 Đã bán,https://www.lazada.vn/products/pdp-i2421514401.html
Vali và Túi du lịch đa năng,Mi Hà,220.000 ₫,-34%,145200,(2),5.0,"Cốp Makeup Cá Nhân Szie 26_Hộp Đựng Đồ Trang Điểm_Cốp Vải Thanh Cứng_Cốp Vali LV Mini Đựng Dụng Cụ Phun Xăm, Spa, Nail_Túi đựng mỹ phẩm",13 Đã bán,https://www.lazada.vn/products/pdp-i2084155851.html
Vali và Túi du lịch đa năng,HyHy Store Gia Dụng,110.000 ₫,-45%,60500,(144),4.9,"[VOUCHER 12% | MEGA 05.06 - 10.06] Túi Đựng Mỹ Phẩm đẹp Túi Du Lịch, túi Gấu Dâu Losto, túi đựng đồ trang điểm Cỡ Lớn Bằng Vải Nỉ Họa Tiết Hoạt Hình Dễ Thương Cho Nữ",539 Đã bán,https://www.lazada.vn/products/pdp-i2434467481.html
Tủ chứa & Sắp xếp đồ,Nội Thất YTC,550.000 ₫,-41%,324500,(595),4.9,"Kệ Đựng Mỹ Phẩm YTC Cao Cấp Nhập Khẩu, Chống Bụi Chống Nước Siêu Đẹp",2.3K Đã bán,https://www.lazada.vn/products/pdp-i1541343214.html
Dụng cụ chăm sóc Sắc đẹp,the gioi vali,85.000 ₫,-28%,61200,(22),5.0,"Túi đựng mỹ phẩm xách tay,Chất liệu PU chống thấm nước có móc treo nhiều ngăn,chứa được nhiều đồ dùng cá nhân và mỹ phẩm",88 Đã bán,https://www.lazada.vn/products/pdp-i2494681535.html
Vali và Túi du lịch đa năng,Tiệm TACAO,43.500 ₫,-45%,23925,(23),5.0,"Túi đựng mỹ phẩm đồ du lịch trong suốt, túi mĩ phẩm WASHBAG chống nước cỡ mini và lớn",85 Đã bán,https://www.lazada.vn/products/pdp-i1984141001.html
Trang điểm,Mỹ Phẩm Thuý Hường,220.000 ₫,-14%,189200,(14),5.0,Sét Trang Điểm [20 món V12] Đầy Đủ Make Up/ Trang điểm đi tiệc/trang điểm cá nhân V12,53 Đã bán,https://www.lazada.vn/products/pdp-i2414723992.html
Vali và Túi du lịch đa năng,the gioi vali,50.000 ₫,-26%,37000,(1399),4.9,Túi Đựng Mỹ Phẩm WASHBAG Túi giặt ngăn khô ướt riêng biệt /Đồ Trang Điểm Du Lịch Túi lưu trữ Túi giặt,4.5K Đã bán,https://www.lazada.vn/products/pdp-i2494612633.html
Đồ nội thất,Gia Dụng PINGS,197.000 ₫,-26%,145780,(12),4.7,Kệ Trang Điểm Có Gương (Loại Lớn 40 x 33 x 20 cm) - Kệ Đựng Mỹ Phẩm Có Gương Hình Mèo Dễ Thương,60 Đã bán,https://www.lazada.vn/products/pdp-i2230626110.html
Vali và Túi du lịch đa năng,Hala Thế Giới Gia Dụng,230.000 ₫,-17%,190900,(22),5.0,"Túi đựng mỹ phẩm LivingC, túi đựng đồ cá nhân, cọ trang điểm tiện lợi mang đi du lịch",75 Đã bán,https://www.lazada.vn/products/pdp-i2025922169.html
Dụng cụ chăm sóc Sắc đẹp,BUM STORE.,,,,(142),4.8,Túi đựng mỹ phẩm tiện lợi Túi Đựng Đồ Trang Điểm - BUM STORE,664 Đã bán,https://www.lazada.vn/products/pdp-i389452054.html
,Slayer,138.000 ₫,-50%,69000,,,80/48 Cây Bút màu Marker Lalunavn Touch Cool 2 Đầu tô màu dạ vẽ tranh anime - SÉT BÚT MÀU DẠ KÈM TÚI,,https://www.lazada.vn/products/pdp-i2684072108.html
Dụng cụ chăm sóc Sắc đẹp,,,,,,,"Túi đựng mỹ phẩm, đồ trang điểm chống thấm nước, họa tiết dễ thương",12 Đã bán,https://www.lazada.vn/products/pdp-i2519532094.html
,,,,,,,Bút sơn Uni paint PX 20,503 Đã bán,https://www.lazada.vn/products/pdp-i909268460.html
Đồ nội thất,,,,,,,Kệ Để Đồ Trang Điểm Có Kèm Gương Tai Mèo Dễ Thương - Kệ Mỹ Phẩm Mini 2 Tầng - Bàn Trang Điểm Mini Có 2 Ngăn Kéo Kèm Gương Tai Mèo Dễ Thương - Tủ Để Đồ Trang Điểm Mini - Kệ 2 Tầng Đựng Mỹ Phẩm Để Bàn,6 Đã bán,https://www.lazada.vn/products/pdp-i2307183861.html
Trang điểm,,,,,,,Bộ trang điểm đầy đủ [10 món X3]  cơ bản set trang điểm cá nhân bộ makeup nhẹ nhàng đi chơi cho nàng Hatola Bộ X3,96 Đã bán,https://www.lazada.vn/products/pdp-i2495571086.html
Dụng cụ chăm sóc Sắc đẹp,,,,,,,"Túi Đựng Mỹ Phẩm, Đồ Trang Điểm 2 Tầng Bằng Vải Lưới Nhẹ Gọn, Dễ Giặt Vệ Sinh Tiện Dụng",,https://www.lazada.vn/products/pdp-i3096516102.html
Vali và Túi du lịch đa năng,,,,,,,"Lọ chiết serum 3ml, 5ml, 10ml, 20ml, 30ml, 50ml chiết serum, mỹ phẩm",1.9K Đã bán,https://www.lazada.vn/products/pdp-i2252963492.html
Dụng cụ chăm sóc Sắc đẹp,,,,,,,"Bộ cọ trang điểm cầm tay 10 món có hộp đựng, bao gồm nhiều loại cọ trang điểm chuyên nghiệp",,https://www.lazada.vn/products/pdp-i3083815446.html
Dụng cụ chăm sóc Sắc đẹp,,,,,,,"Túi Đựng Đồ Trang Điểm 4in1 Có Thể Tháo Dời, Túi Du Lịch Đa Năng Gấp Gọn Nhiều Ngăn Thiết Kế Dạng Lưới TIDO, TIDO",,https://www.lazada.vn/products/pdp-i2492390308.html
Giặt ủi,,,,,,,CMinYP Trong Suốt Túi Mỹ Phẩm PVC Phụ Nữ Dây Kéo Rõ Ràng Trang Điểm Túi Vẻ Đẹp Trường Hợp Du Lịch Make Up Tổ Chức Lưu Trữ Tắm Vệ Sinh Cá Nhân Rửa Túi,13 Đã bán,https://www.lazada.vn/products/pdp-i3057294984.html
Trang điểm,,,,,,,Bộ Trang Điểm[22 Món A2]Đầy Đủ Makeup/Trang Điểm Đi Tiệc/Trang Điểm Cá Nhân Cơ Bản 22 Món A2,388 Đã bán,https://www.lazada.vn/products/pdp-i2414792532.html
Trang điểm,,,,,,,Bộ Trang Điểm[12 Món C10]Đầy Đủ Makeup/Trang Điểm Đi Tiệc/Trang Điểm Cá Nhân Cơ Bản 12 Món C10,129 Đã bán,https://www.lazada.vn/products/pdp-i2428204001.html
Vali và Túi du lịch đa năng,,,,,,,"[HÀNG CÓ SẴN] Túi Đựng Mỹ Phẩm, Đồ Trang Điểm Du Lịch Chống Thấm Nước Washbag",8 Đã bán,https://www.lazada.vn/products/pdp-i2033418061.html
Vali và Túi du lịch đa năng,,,,,,,Bộ chiết mỹ phẩm 5 món - Hàn Quốc,27 Đã bán,https://www.lazada.vn/products/pdp-i1272188816.html
Vali và Túi du lịch đa năng,,,,,,,Túi đựng mỹ phẩm đồ trang điểm đồ du lịch cá nhân chống thấm nước thiết kế hiện đại WASHBAG,277 Đã bán,https://www.lazada.vn/products/pdp-i2385624260.html
Vali và Túi du lịch đa năng,,,,,,,"Túi du lịch đựng mỹ phẩm, đồ trang điểm, Túi đựng đồ dùng cá nhân đa năng chất liệu vải Polyster dòng mẫu lớn nhiều màu đa dạng",8 Đã bán,https://www.lazada.vn/products/pdp-i2294415006.html
Dụng cụ chăm sóc Sắc đẹp,,,,,,,"Túi Đựng Mỹ Phẩm - Đựng Đồ Cá Nhân Gấp Gọn DA SẦN 4 NGĂN Chất Liệu Da Sang Trọng, túi đựng mỹ phẩm, túi da, túi, hộp đựng mỹ phẩm, túi đựng cọ ,túi gấp gọn,",13 Đã bán,https://www.lazada.vn/products/pdp-i3048412060.html
Phụ kiện thể thao,,,,,,,"Vớ Thể Thao Nam Nữ Vải Cotton 4 Chiều Thoáng Khí, Tất Trơn Cổ Ngắn Màu Sắn Đơn Giản Chống Thấm Hút Mồ Hôi",68 Đã bán,https://www.lazada.vn/products/pdp-i2740442775.html
Dụng cụ chăm sóc Sắc đẹp,,,,,,,Dung lượng lớn Hộp đựng mỹ phẩm cầm tay Da PU Di động Túi đựng mỹ phẩm hình gối Thời trang Đa chức năng Túi đựng đồ vệ sinh du lịch Phụ nữ,,https://www.lazada.vn/products/pdp-i3178106834.html
,Hoá mỹ phẩm+ hàng gia dụng,,,,,,Sữa tắm nước hoa Cindy Bloom Aroma mẫu mới 2025,,https://www.lazada.vn/products/pdp-i3174443384.html
Vali và Túi du lịch đa năng,KUNBE Official Store,140.000 ₫,-18%,114800,(4),5.0,"Túi Du Lịch Đựng Mỹ Phẩm Đồ Trang Điểm Cá Nhân KUNBE Kiểu Dáng Năng Động, Trẻ Trung Có Móc Treo Tiện Lợi",19 Đã bán,https://www.lazada.vn/products/pdp-i2202867150.html
Dụng cụ chăm sóc Sắc đẹp,SHI WORKSHOP,310.000 ₫,-68%,99200,(63),4.9,[HCM](LOẠI ĐẸP) KỆ MỸ PHẨM TRONG SUỐT XOAY 360 ĐỘ CAO CẤP - TỦ ĐỰNG ĐỒ TRANG ĐIỂM HÌNH TRỤ CÓ KHAY ĐỂ SON TIỆN LỢI - KHAY ĐỰNG MỸ PHẨM ĐỂ BÀN CÓ THỂ XẾP GỌN ĐƯỢC,317 Đã bán,https://www.lazada.vn/products/pdp-i1331133022.html
quà tặng & Gói quà,THƯ STORE 99,,,,(17),5.0,"HỘP QUÀ TẶNG NGÀY LỄ, SET QUÀ KỈ NIỆM MAKEUP GỒM 3 SON + NƯỚC HOA + PHẤN MÁ + KEM NỀN + GẤU XINH",69 Đã bán,https://www.lazada.vn/products/pdp-i2540437482.html
Dụng cụ chăm sóc Sắc đẹp,SHINE TORE SHOP,90.000 ₫,-50%,45000,(1),5.0,"Túi đựng đồ cá nhân , túi phụ kiên cá nhân , túi đựng đồ trang điểm DA cao cấp SHINE TORE ST-273",,https://www.lazada.vn/products/pdp-i2892794970.html
Dụng cụ chăm sóc Sắc đẹp,AnDat.Shop,63.000 ₫,-13%,54810,(10),5.0,"[HCM] Set 3 Túi Nhựa Trong Suốt Đựng Đồ Đa Năng, Đựng Mỹ Phẩm, Đồ Dùng Cá Nhân  Mang Theo Tiện Lợi",35 Đã bán,https://www.lazada.vn/products/pdp-i2657793681.html
Trang điểm,PaNa- Store,190.000 ₫,-43%,108300,(34),4.9,Bộ trang điểm Lameila chuyên nghiệp 8 món,126 Đã bán,https://www.lazada.vn/products/pdp-i1772158719.html
Vali và Túi du lịch đa năng,100styles,70.000 ₫,-14%,60200,(1),5.0,Túi Đựng Đồ Trang Điểm Cá Nhân Dây Rút Du Lịch - 100style,5 Đã bán,https://www.lazada.vn/products/pdp-i2467106895.html
Trang điểm,Mỹ Phẩm Thuý Hường,249.000 ₫,-14%,214140,(15),4.7,Bộ Trang Điểm[22 Món Y1 ]Đầy Đủ Makeup/Trang Điểm Đi Tiệc/Trang Điểm Cá Nhân Cơ Bản 22 Món Y1,31 Đã bán,https://www.lazada.vn/products/pdp-i2617260629.html
Vali và Túi du lịch đa năng,Bon Store Nhà Cửa Đời Sống,14.800 ₫,-45%,8140,(26),4.9,[FREESHIP] Túi Nhựa Đựng Mỹ Phẩm Đồ Trang Điểm Trong Suốt Có Khóa Kéo Nhiều Màu Sắc,158 Đã bán,https://www.lazada.vn/products/pdp-i2637754538.html
Vali và Túi du lịch đa năng,JUNHONG-YQ,122.280 ₫,-45%,67254,(40),5.0,Túi Đựng Mỹ Phẩm Có Thể Tháo Rời 4 Trong 1 Di Động Nữ Túi Đựng Đồ Du Lịch Gấp Gọn Dung Tích Lớn Túi Đựng Mỹ Phẩm,104 Đã bán,https://www.lazada.vn/products/pdp-i2357533625.html
Trang điểm,CHINH HÃNG - SIÊU THỊ SỨC KHỎE VẺ ĐẸP,190.000 ₫,-32%,129200,(8),5.0,Bộ trang điểm cao cấp đủ màu hàng chính hãng,20 Đã bán,https://www.lazada.vn/products/pdp-i2985779307.html
Vali và Túi du lịch đa năng,Polo R&L,48.000 ₫,-6%,45120,(52),5.0,ARCTIC HUNTER túi đựng đồ makeup túi đựng đồ trang điểm túi mỹ phẩm Túi đựng đồ vệ sinh cá nhân du lịch Túi lưu trữ PVC trang điểm không thấm nước Túi xách tay ổ lưu trữ di động,380 Đã bán,https://www.lazada.vn/products/pdp-i2281083769.html
Tủ chứa & Sắp xếp đồ,Bonjure Beauty,159.000 ₫,-22%,124020,(27),5.0,"YONUO  hộp lưu trữ để bàn, bàn trang điểm, hộp sắp xếp mặt nạ mỹ phẩm, hộp trong suốt, cọ trang điểm gia dụng và hộp lưu trữ phồng",84 Đã bán,https://www.lazada.vn/products/pdp-i2561586529.html
Vali và Túi du lịch đa năng,FashionHere,88.600 ₫,-51%,43414,(68),4.9,Túi Đựng Đồ Vệ Sinh Cá Nhân Dung Tích Lớn Trang Điểm Không Thấm Nước Mỹ Phẩm Đi Du Lịch Túi Bao Tiện Dụng Thường Ngày Túi Có Khóa Kéo,186 Đã bán,https://www.lazada.vn/products/pdp-i2205233149.html
Tủ chứa & Sắp xếp đồ,Global Merch Park,133.000 ₫,-31%,91770,(104),5.0,Hộp Đựng Mỹ Phẩm Trong Suốt Acrylic Hộp Đựng Đồ Trang Điểm Có 3 Ngăn Cho Tăm Bông & Miếng Đệm Để Bàn Nhựa Thân Thiện Với Môi Trường,67 Đã bán,https://www.lazada.vn/products/pdp-i2562415377.html
Thực phẩm chức năng,Đồ dùng thông minh - BUM SMART,170.000 ₫,-32%,115600,(195),5.0,"[CHE TÊN SP] Kem Xóa Thâm, Làm Hồng Nhũ Hoa CHÍNH HÃNG 100%, Làm Hồng Môi, Dưỡng Trắng Da Nách, Bikini vùng kín Sexy Pink Whitening Cream",2.4K Đã bán,https://www.lazada.vn/products/pdp-i1970422072.html
Dụng cụ chăm sóc Sắc đẹp,Glory YH314,63.700 ₫,-8%,58604,(27),5.0,"[HCM] Hộp đựng mỹ phẩm để bàn đa năng, hộp để đồ đa năng trong suốt chất liệu nhựa Acrylic -GL314",112 Đã bán,https://www.lazada.vn/products/pdp-i2726362207.html
Vali và Túi du lịch đa năng,Global Merch Park,148.000 ₫,-35%,96200,(140),4.9,Di Động Dung Tích Lớn Túi Đựng Mỹ Phẩm Có Thể Tháo Rời 4 Trong 1 Nylon Du Lịch Trang Điểm Bảo Quản Hộp Đựng Đồ Vệ Sinh Có Khóa Kéo Thời Trang Hoa Văn Chắc Chắn,196 Đã bán,https://www.lazada.vn/products/pdp-i2562841184.html
Trang điểm,Mỹ Phẩm Thuý Hường,350.000 ₫,-14%,301000,(39),4.8,Bộ Trang Điểm[27 Món] W1 Đầy Đủ Makeup/Trang Điểm Đi Tiệc/Trang Điểm Cá Nhân Cơ Bản 27 Món bộ W1,98 Đã bán,https://www.lazada.vn/products/pdp-i2579482980.html
Dụng cụ chăm sóc Sắc đẹp,the gioi vali,95.000 ₫,-41%,56050,(15),5.0,"Túi đựng đồ vệ sinh cá nhân/túi đựng mỹ phẩm,Nhiều ngăn và sức chứa cực lớn",49 Đã bán,https://www.lazada.vn/products/pdp-i2822833479.html
Vali và Túi du lịch đa năng,the gioi vali,99.903 ₫,-51%,48952,(247),4.9,Túi đựng mỹ phẩm Mẫu mới Ins phong cách hàn quốc Túi lưu trữ/Hộp lưu trữ/Túi giặt Túi Đựng Đồ Cá Nhân Du Lịch Chống Thấm,812 Đã bán,https://www.lazada.vn/products/pdp-i2494547971.html
Chăm sóc da mặt,Xưởng Đồ Bộ Store,95.000 ₫,-48%,49400,(1),5.0,Kem chống nắng Hemia nâng tone trắng da kiềm dầu cho da dầu mụn da khô da nhạy cảm chính hãng Hàn Quốc 50ml .!a.,,https://www.lazada.vn/products/pdp-i3001958561.html
Vali và Túi du lịch đa năng,the gioi vali,84.906 ₫,-32%,57736,(90),4.9,"Túi đựng Mỹ phẩm,đồ trang điểm du lịch chống nước Thiết kế đơn giản Khả năng lưu trữ túi hộp Túi lưu trữ/Túi giặt",314 Đã bán,https://www.lazada.vn/products/pdp-i2494640861.html
Tủ chứa & Sắp xếp đồ,Gia Dụng Pk,64.000 ₫,-11%,56960,(33),4.9,"Kệ Đựng Mỹ Phẩm Để Bàn NHIỀU NGĂN LỚN Bằng Nhựa - Khay Đựng Bút Phụ Kiện Học Tập Đa Năng Có Ngăn Kéo Tiện Lợi, hộp nhựa, hộp đựng mỹ phẩm, hộp đựng bút , hộp đựng dồ cá nhân, hộp nhựa mini, hộp để bàn, hộp đựng",102 Đã bán,https://www.lazada.vn/products/pdp-i2234903746.html
Vali và Túi du lịch đa năng,Polo R&L,89.000 ₫,-36%,56960,(6),5.0,ARCTIC HUNTER túi đựng đồ makeup túi đựng đồ trang điểm túi mỹ phẩm Túi trang điểm xách tay in Tarp du lịch của phụ nữ zippered Túi đựng đồ vệ sinh cá nhân Túi lưu trữ đa chức năng,17 Đã bán,https://www.lazada.vn/products/pdp-i2977707564.html
Dụng cụ chăm sóc Sắc đẹp,Shop hàng khuyến mãi Nguyễn Quý,35.000 ₫,-46%,18900,(10),4.9,Túi đựng mỹ phẩm Túi đựng mỹ phẩm Túi đựng đồ tiện ích nhựa dẻo trong suốt,44 Đã bán,https://www.lazada.vn/products/pdp-i2488469341.html
Dụng cụ chăm sóc Sắc đẹp,HNKMP Vietnam,43.861 ₫,-44%,24562,,,HNKMP Hộp đựng bút chì nơ đen đơn giản phong cách Ins Túi đựng bút chì dung tích lớn Túi đựng mỹ phẩm túi đựng văn phòng phẩm đồ dùng học tập,,https://www.lazada.vn/products/pdp-i3176537297.html
Dụng cụ chăm sóc Sắc đẹp,Mymy20.shop,32.000 ₫,-25%,24000,(4),5.0,"Túi xách nữ đựng đồ dùng cá nhân, mỹ phẩm, bóp viết 22*11*4.5cm",40 Đã bán,https://www.lazada.vn/products/pdp-i3005750396.html
Trang điểm,PaNa- Store,319.000 ₫,-48%,165880,(296),4.9,HOÀN TIỀN 15% - Trọn bộ 15 món trang điểm Lameila/ combo makeup/son/kem nền,885 Đã bán,https://www.lazada.vn/products/pdp-i2197672582.html
Vali và Túi du lịch đa năng,GlobalWonderShop,74.000 ₫,-41%,43660,,,Nữ Dung Tích Lớn Túi Đựng Mỹ Phẩm Du Lịch Cầm Tay Đơn Giản Di Động Trang Điểm Bảo Quản Lưới Hộp Đựng Đồ Vệ Sinh,245 Đã bán,https://www.lazada.vn/products/pdp-i3175132822.html
Dụng cụ chăm sóc Sắc đẹp,VirginiaTF,54.000 ₫,-50%,27000,(1),5.0,"Công chúa Mengduo Hoa hướng dương M-55 mười hàng lông mi trên dày và rộng tự nhiên, lông mi giả hoa hướng dương ba lớp tinh khiết và lười biếng TF-Irg-VN",6 Đã bán,https://www.lazada.vn/products/pdp-i2935192068.html
Dụng cụ chăm sóc Sắc đẹp,Thế Giới Hộp Đựng Đồng Hồ - Mỹ Phẩm - BOXSW,,,,(5),5.0,"Cốp - Túi Trang Điểm Cá Nhân Du Lịch Chuyên Nghiệp - Cốp Để Đồ Phun Xăm, Make Up, Nối Mi - BH 12T",21 Đã bán,https://www.lazada.vn/products/pdp-i1761323569.html
Đồ gia dụng chăm sóc cá nhân,Hoá Mỹ Phẩm Mỹ Phương,309.750 ₫,-17%,257092,(11),5.0,Máy sấy tóc Panasonic EH-ND11 1000W - Hàng chính hãng (giao màu ngẫu nhiên),22 Đã bán,https://www.lazada.vn/products/pdp-i3121349190.html
Vali và Túi du lịch đa năng,the gioi vali,84.906 ₫,-29%,60283,(286),5.0,"Túi đựng mỹ phẩm có móc treo, túi đựng du lịch có thể gấp gọn, nhiều ngăn, chứa được nhiều đồ dùng cá nhân và mỹ phẩm",906 Đã bán,https://www.lazada.vn/products/pdp-i2494618647.html
,HUGI KIDS - ĐỒ XINH CHO BÉ,200.000 ₫,-23%,154000,(143),5.0,Bút Lông Màu Acrylic Marker (Loại tốt) vẽ lên mọi chất liệu mực tươi đều và đậm,548 Đã bán,https://www.lazada.vn/products/pdp-i2557417530.html
Trường học & văn phòng,Kapmit`S,95.000 ₫,-42%,55100,(1),5.0,"Túi đựng mỹ phẩm, đồ cá nhân, hộp bút học sinh có khoá kéo, tay cầm, đeo tay, hai lớp dày dặn chất liệu da lộn (nhung), canvas dày dặn, polys mềm mại, bông in bông cam đẹp mềm mại trẻ trung Size 22-12-9 Kapun Bag Fashion",16 Đã bán,https://www.lazada.vn/products/pdp-i3138912648.html
Dụng cụ chăm sóc Sắc đẹp,Thảo Phương gia dụng thông minh,85.000 ₫,-9%,77350,,,"Kệ Mỹ Phẩm Để Đồ Trang Điểm xoay 360 Độ, Chất Liệu Nhựa Cao Cấp, Chia Nhiều Ngăn Lớn Đựng Đồ Tiện Lợi",,https://www.lazada.vn/products/pdp-i2952841432.html
Vali và Túi du lịch đa năng,TROSTAR,131.864 ₫,-50%,65932,,,Túi Đựng Mỹ Phẩm Hoạt hình 6 Màu phong cách Nhật Bản đồ trang điểm du lịch Túi giặt/Hộp lưu trữ,,https://www.lazada.vn/products/pdp-i3193060261.html
Đồ dùng phòng tắm,Kho chai lọ,,,,(3),5.0,"Hũ chiết mỹ phẩm thuỷ tinh mờ nắp vàng , bạc , đen ,trắng 5g,10g,15g,20g,30g,50g",59 Đã bán,https://www.lazada.vn/products/pdp-i2113648027.html
Chăm sóc da mặt,Dược Mỹ Phẩm  CVI Pharma,75.000 ₫,-20%,60000,(1689),4.9,Gel Nghệ Nano sạch mụn sáng da làm mờ thâm Decumar New 20gr,8.4K Đã bán,https://www.lazada.vn/products/pdp-i597364548.html
Vali và Túi du lịch đa năng,LaGanic,,,,(13),4.9,"Túi đựng mỹ phẩm đồ du lịch Different Populations chống nước, trong suốt, đựng đồ cá nhân trang điểm PVC cao cấp",102 Đã bán,https://www.lazada.vn/products/pdp-i845758493.html
Nhập vai Phục trang & Dạ tiệc,DoQuyenBooks,,,,(1),5.0,Sách Trang điểm Công chúa Hàn Quốc Yuna (Tô màu và bóc dán hơn 100+ stickers sáng tạo) cho bé gái,6 Đã bán,https://www.lazada.vn/products/pdp-i3061023023.html
Trang điểm,Mỹ Phẩm Thuý Hường,299.000 ₫,-14%,257140,(36),4.8,Bộ Trang Điểm[24 Món E3]Đầy Đủ Makeup/Trang Điểm Đi Tiệc/Trang Điểm Cá Nhân Cơ Bản 24 Món Bộ E3,91 Đã bán,https://www.lazada.vn/products/pdp-i2428111239.html
Vali và Túi du lịch đa năng,bongyeushop,,,,(1),5.0,"Túi Ví Đựng Băng Vệ Sinh, Son Môi, Mỹ Phẩm - Túi Mini Đựng Đồ Cá Nhân Chống Thấm Nước",,https://www.lazada.vn/products/pdp-i2896388717.html
Tủ chứa & Sắp xếp đồ,DELI LIFESTYLE VIETNAM,260.750 ₫,-43%,148627,(13),4.9,Kệ đựng mỹ phẩm nhựa nhiều tầng để bàn trong suốt Deli kệ đưng đồ trang điểm hộp lưu trữ văn phòng phẩm VS,59 Đã bán,https://www.lazada.vn/products/pdp-i2223652863.html
Vali và Túi du lịch đa năng,Hush Puppy,49.000 ₫,-47%,25970,(551),4.9,C & K⚡Miễn Phí Vận Chuyển⚡ Túi đựng mỹ phẩm WASHBAG 3 size 3 màu đựng đồ trang điểm đồ cá nhân chống thấm nước,1.8K Đã bán,https://www.lazada.vn/products/pdp-i2261608182.html
,LIM ART,,,,(92),4.9,"Cọ vẽ lông thỏ cán gỗ chuyên dụng vẽ tranh sơn dầu, acrylic, màu nước, vẽ gốm, đồ thủ công,...",1.7K Đã bán,https://www.lazada.vn/products/pdp-i1899998380.html
Vali và Túi du lịch đa năng,PTNgoc House 3137,70.000 ₫,-42%,40600,(19),4.8,Túi Đựng Mỹ Phẩm/ Đồ Cá Nhân TRAVEL Trong Suốt Chống Thấm Nước Tiện Dụng - Túi Mỹ Phẩm Nhựa PVC Trong Suốt,76 Đã bán,https://www.lazada.vn/products/pdp-i2033397153.html
Dụng cụ chăm sóc Sắc đẹp,Alice Mart,8.000 ₫,-44%,4480,(59),4.7,[ Freeship ] Set 4 Bông Mút Trang Điểm Kèm Hộp Đựng Xinh Xắn - Hộp 4 mút tán kem nền mút trang điểm mềm mại hình giọt nước siêu tiện dụng,247 Đã bán,https://www.lazada.vn/products/pdp-i2015542005.html
,MK ART,259.000 ₫,-12%,227920,(3),5.0,Màu Sáp dầu Giorgione 12/24/36/48 Soft Oil Pastels Hạng Hoạ Sĩ Vẽ tranh nổi,18 Đã bán,https://www.lazada.vn/products/pdp-i2423212705.html
Trang điểm,sunstore17,15.000 ₫,-14%,12900,(16),4.9,Cọ tán Màu son môi cọ che khuyết điểm đầu tròn tiện lợi,42 Đã bán,https://www.lazada.vn/products/pdp-i2267254014.html
Vali và Túi du lịch đa năng,Gia Dụng Pk,77.000 ₫,-40%,46200,(201),4.9,"Túi Đựng Mỹ Phẩm Du Lịch Gấu Dâu Cỡ Lớn Bằng Vải Nỉ Họa Tiết Hoạt Hình Dễ Thương Cho NữTúi đựng đồ Trang điểm du lịch chống nước mẫu mới, túi đựng mỹ phẩm, túi da, túi du lịch, túi đựng đồ dùng cá nhân,",662 Đã bán,https://www.lazada.vn/products/pdp-i2434454929.html
,CHIRITA,129.000 ₫,-31%,89010,(14),5.0,Bút Màu Acrylic 12/24/36/48/60/80 Màu Sắc Tươi Sáng - Bút Màu Nước Acrylic Vẽ Trên Mọi Chất Liệu Đồ Chơi Cho Trẻ Em / Người Lớn Chirita,83 Đã bán,https://www.lazada.vn/products/pdp-i2593086617.html
Dụng cụ chăm sóc Sắc đẹp,SHNGki Beauty Store,22.844 ₫,-44%,12792,(4),4.3,SHNGki Hoa Túi mỹ phẩm Túi Oxford vải đàn hồi tự đóng Túi Đồng Xu ví cho trang điểm son môi Tai nghe đồ trang sức tổ chức,12 Đã bán,https://www.lazada.vn/products/pdp-i2759470968.html
Phụ kiện,VINTLOOK MALL,17.000 ₫,-35%,11050,(6),5.0,Túi nhiều ngăn đa năng mỹ phẩm đi du lịch vintlook cho đồ vệ sinh cá nhân và trang điểm với nhãn không thấm nước,21 Đã bán,https://www.lazada.vn/products/pdp-i3060197149.html
Tủ chứa & Sắp xếp đồ,Bonjure Beauty,222.000 ₫,-47%,117660,(35),4.8,"YONUO  Kệ đựng mỹ phẩm Hộp lưu trữ máy tính để bàn, ngăn kéo lưu trữ, Tủ lưu trữ nhiều lớp, lưu trữ mỹ phẩm, hộp trang sức, hộp sắp xếp đa chức năng, hộp lưu trữ văn phòng phẩm, Kệ mỹ phẩm",99 Đã bán,https://www.lazada.vn/products/pdp-i2549394533.html
Vali và Túi du lịch đa năng,Global Merch Park,337.000 ₫,-23%,259490,(114),4.9,Túi Đựng Mỹ Phẩm Bằng Da PU Dành Cho Nữ Hộp Đựng Đồ Trang Điểm Du Lịch Di Động Đa Chức Năng Có Khóa Kéo - Hộp Đựng Đồ,1.3K Đã bán,https://www.lazada.vn/products/pdp-i2616085151.html
Vali và Túi du lịch đa năng,Lectluxshop.vn,164.105 ₫,-35%,106668,,,"Mẫu Mới PC Túi Đựng Mỹ Phẩm Vỏ Cứng Mini, Túi Đựng Đồ Du Lịch, Túi Đựng Đồ Xách Tay Xách Tay",,https://www.lazada.vn/products/pdp-i3169719689.html
Trang điểm,Hangnga Beauty Store,456.000 ₫,-50%,228000,(28),4.8,"Bộ trang điểm 26,24 món make-up đầy đủ như hình, kem nền, xịt khoáng, phấn mắt, chuốt mi, bộ cọ....",65 Đã bán,https://www.lazada.vn/products/pdp-i2668726329.html
Túi xách nữ,BeloveShop,,,,(1),5.0,"Túi Ví Đựng Băng Vệ Sinh, Son Môi, Mỹ Phẩm - Túi Mini Đựng Đồ Cá Nhân Chống Thấm Nước",,https://www.lazada.vn/products/pdp-i3056995007.html
Dụng cụ chăm sóc Sắc đẹp,the gioi vali,80.000 ₫,-18%,65600,(9),5.0,"Túi đựng mỹ phẩm dành cho bé gái dễ thương, Túi hoạt hình trong suốt chống thấm nước đựng đồ cá nhân",54 Đã bán,https://www.lazada.vn/products/pdp-i2822773664.html
Chăm sóc cá nhân,Milan shop hcm,,,,(49),5.0,SET KÍCH TRẮNG TẶNG KÈM MUỖNG TRỘN KEM,244 Đã bán,https://www.lazada.vn/products/pdp-i2259311304.html
Dụng cụ chăm sóc Sắc đẹp,LPThienY,21.800 ₫,-50%,10900,,,Bộ cọ trang điểm cá nhân 8 cây tặng kèm túi Zip Vintage,,https://www.lazada.vn/products/pdp-i3069673254.html
Trang điểm,MICOMI Cosmetics,158.000 ₫,-50%,79000,(8),4.1,"Bộ Trang Điểm Đầy Đủ 8 Món Set Trang Điểm Makeup Từ A-Z Đi Tiệc Đi Chơi Đi Làm MICOMI Cosmetics Kem Nền, Phấn Phủ, Phấn Mắt, Mascara, Chì Kẻ Mày, Kẻ Mắt, Son Môi",53 Đã bán,https://www.lazada.vn/products/pdp-i1906679078.html
Vali và Túi du lịch đa năng,ELACCENT BAG MALL,68.000 ₫,-19%,55080,(8),5.0,ELACCENT  túi đựng đồ makeup túi đựng đồ trang điểm túi mỹ phẩm Túi trang điểm kẻ sọc ô vuông Túi trang điểm Túi xách nữ xách tay sức chứa lớn Túi lưu trữ du lịch nhỏ gọn đồ vệ sinh cá nhân,24 Đã bán,https://www.lazada.vn/products/pdp-i2842004950.html
Vali và Túi du lịch đa năng,Diệu Linh Gia Dụng Thông Minh - Hot Trend,102.000 ₫,-45%,56100,,,"Túi Đựng Mỹ Phẩm, Đồ Trang Điểm - Túi Đựng Đồ Cá Nhân Du Lịch Chống Thấm Nước Dieulinhshop",,https://www.lazada.vn/products/pdp-i2861452925.html
Phụ kiện túi xách,EverToner,224.000 ₫,-39%,136640,(127),4.4,EverToner Túi Đựng Đồ Trang Điểm Cho Nữ Longchamp Túi Vải Nỉ Bên Trong Túi Đựng Đồ Du Lịch Túi Đựng Mỹ Phẩm Cầm Tay Định Hình,,https://www.lazada.vn/products/pdp-i1784767500.html
Vali và Túi du lịch đa năng,TB FASHION STORE,43.000 ₫,-37%,27090,,,Túi Đựng Mỹ Phẩm Dung Tích Lớn Di Động Cho Nam Du Lịch Túi Đựng Đồ Dùng Cá Nhân Đa Năng Túi Đựng Mỹ Phẩm Cầm Tay,15 Đã bán,https://www.lazada.vn/products/pdp-i2724802376.html
Trang điểm,BUM STORE.,,,,(5),4.4,"Kem Nền Trang Điểm Lameila BB Cream 30ml Mỏng Nhẹ Tự Nhiên, Kem Nền Kiềm Dầu Dạng Lỏng Dưỡng Ẩm Che Khuyết Điểm Chống Thấm",27 Đã bán,https://www.lazada.vn/products/pdp-i2351539628.html
Dụng cụ chăm sóc Sắc đẹp,G01 GIA DỤNG THÔNG MINH,106.596 ₫,-26%,78881,,,"Kệ Mỹ Phẩm Hình Trụ Xoay Mini 360° Để Đựng Đồ Trang Điểm Nhỏ Gọn, Thiết Thực Và Thẩm Mỹ",,https://www.lazada.vn/products/pdp-i3010158680.html
Vali và Túi du lịch đa năng,MiSu House,58.000 ₫,-50%,29000,,,"Túi Đựng Mỹ Phẩm, Đồ Trang Điểm Đi Du Lịch Luxury Washbag Trong Suốt Chống Thấm Nước Tiện Lợi WB02",,https://www.lazada.vn/products/pdp-i2921156482.html
Trường học & văn phòng,Hauser,,,,(126),5.0,"Kệ Nhựa 6 Ngăn Đựng Bút, Mỹ Phẩm, Đồ Trang Điểm, Hộp Ống Cắm Bút 6 Ngăn,Tặng Kèm Sticker Dễ Thương-HAUSE",426 Đã bán,https://www.lazada.vn/products/pdp-i2484110740.html
Dụng cụ chăm sóc Sắc đẹp,BUM BI,,,,(14),4.9,"Túi đựng đồ trang điểm cá nhân nhiều ngăn chống thấm nước, Túi mỹ phẩm du lịch nhỏ gọn đựng đồ cá nhân tiện lợi - BUMSTORE",62 Đã bán,https://www.lazada.vn/products/pdp-i2097366559.html
Dụng cụ chăm sóc Sắc đẹp,PRAZA,99.000 ₫,-30%,69300,(39),5.0,"Túi Hộp Đựng Phụ Kiện, Đồ Trang Điểm, Đồ Dùng Cá Nhân PRAZA - V08",151 Đã bán,https://www.lazada.vn/products/pdp-i2234379158.html
Vali và Túi du lịch đa năng,ELACCENT BAG MALL,90.000 ₫,-41%,53100,(134),4.9,ELACCENT ⚡túi đựng đồ makeup túi đựng đồ trang điểm túi mỹ phẩm Túi Đựng Đồ Trang Điểm Chống Nước Sức Chứa Lớn PVC Trong Suốt Túi Đựng Đồ Vệ Sinh Du Lịch Tiện Dụng Túi Đựng Túi Xách,179 Đã bán,https://www.lazada.vn/products/pdp-i2135490006.html
Dụng cụ chăm sóc Sắc đẹp,Beauty Girl Ghop,65.000 ₫,-34%,42900,(35),5.0,"Túi Xách Nữ RIBHVU, Túi Lưới Đựng Đồ Có Khóa Kéo Túi Du Lịch Túi Đựng Mỹ Phẩm, Trang Điểm Pouch",216 Đã bán,https://www.lazada.vn/products/pdp-i1478601540.html
Vali và Túi du lịch đa năng,ILOVEDIY Finding Store,347.000 ₫,-87%,45110,(107),4.3,3Pcs Trong Suốt PVC Lưu Trữ Túi túi xếp đồ du lịch túi đồ trang điểm trong suốt Túi đựng mỹ phẩm Vẻ Đẹp Trường Hợp Túi đựng đồ vệ sinh cá nhân Túi đựng đồ vệ sinh,14 Đã bán,https://www.lazada.vn/products/pdp-i2563169507.html
Tủ chứa & Sắp xếp đồ,Store4men - Tjll Tjll Shop,52.000 ₫,-48%,27040,(91),5.0,"Khay Để Mỹ Phẩm , Khay Nhựa Chia 4 Ngăn Tiện Ích Mẫu Mới _ Rổ Tiện Ích Để Bàn 4 Ngăn Đựng Mỹ Phẩm , Đựng Đồ Đa Năng",434 Đã bán,https://www.lazada.vn/products/pdp-i2265614069.html
Dụng cụ chăm sóc Sắc đẹp,Saka Home,60.000 ₫,-13%,52200,,,Túi makeup hello kitty/ đựng đồ make hello kitty dễ thương vải hottrend Saka,,https://www.lazada.vn/products/pdp-i3093232012.html
,LantuMall,22.000 ₫,-32%,14960,(13),5.0,Văn phòng phẩm dành cho sinh viên Bộ Hộp Quà Tặng Sanrio phim hoạt hình văn phòng phẩm 6 bộ chi tiết đồ dùng học tập wj619,59 Đã bán,https://www.lazada.vn/products/pdp-i2807320068.html
Dụng cụ chăm sóc Sắc đẹp,Diệu Linh Gia Dụng Thông Minh - Hot Trend,134.000 ₫,-50%,67000,(3),5.0,"Kệ Mỹ Phẩm Để Đồ Trang Điểm xoay 360 Độ, Chất Liệu Nhựa Cao Cấp, Chia Nhiều Ngăn Lớn Đựng Đồ Tiện Lợi, Đa Năng Dieulinhshop",37 Đã bán,https://www.lazada.vn/products/pdp-i2605924547.html
Dụng cụ chăm sóc Sắc đẹp,Global Merch Park,99.000 ₫,-23%,76230,(144),4.8,Dung Tích Lớn Hộp Bảo Quản Mỹ Phẩm Để Bàn Trang Điểm Tổ Chức Trang Sức Sơn Móng Tay Hộp Đựng Có Ngăn Kéo Cho Đồ Lặt Vặt,7.0K Đã bán,https://www.lazada.vn/products/pdp-i2436007479.html
,HUGI KIDS - ĐỒ XINH CHO BÉ,200.000 ₫,-23%,154000,(1797),5.0,Bút lông màu Acrylic Marker LEX MK (Loại tốt) vẽ lên mọi chất liệu mực tươi đều và đậm,6.9K Đã bán,https://www.lazada.vn/products/pdp-i2546964382.html
Chăm sóc da mặt,JAMIZU - Mỹ phẩm Cam Thảo Nhật Bản,222.000 ₫,-42%,128760,(180),5.0,Serum Giảm & Ngừa Mụn Tuổi Dậy Thì JAMIZU Cam Thảo Nhật Bản - Giảm Nhờn Hết Mụn Mờ Thâm Trắng Da 15ml,640 Đã bán,https://www.lazada.vn/products/pdp-i1875029813.html
Chăm sóc cá nhân,Bách hoá mỹ phẩm thái,20.000 ₫,-50%,10000,(14),5.0,[HCM]Viên Kích Trắng Kyra Alpha Arbutin Thái Mới (Lẻ 1 cốc nhỏ),269 Đã bán,https://www.lazada.vn/products/pdp-i539320148.html
,Dư Niên Store,,,,(4),5.0,Phấn May Nhiều Màu Hiệu PANDA hộp 20 viên.,19 Đã bán,https://www.lazada.vn/products/pdp-i2675528521.html
Chăm sóc da mặt,ALPHA COFFEE,103.680 ₫,-48%,53913,(49),4.9,[Cam Kết Hết Mụn Thâm Trong 7 Ngày] Kem Giảm Mụn Cấp Tốc Loại Bỏ Mụn và Vết Thâm Hoàn Toàn Thu Nhỏ Lỗ Chân Lông CYSTIC Acne Giúp Da Láng Mịn Khít Lỗ Chân Lông Kiểm Soát Dầu/25g,154 Đã bán,https://www.lazada.vn/products/pdp-i2661521706.html
Trang điểm,BUM STORE.,,,,(5),4.4,"Kem Nền Trang Điểm Lameila BB Cream 30ml Mỏng Nhẹ Tự Nhiên, Kem Nền Kiềm Dầu Dạng Lỏng Dưỡng Ẩm Che Khuyết Điểm Chống Thấm",27 Đã bán,https://www.lazada.vn/products/pdp-i2351539628.html
Trang điểm,Hoa Bồ Công Anh Store,99.000 ₫,-30%,69300,(544),4.9,[SALE] Set Trang Điểm PRETTY MAKEUP HANRU 4 Món set trang điểm tiện dụng đa năng cho người mới bắt đầu,1.8K Đã bán,https://www.lazada.vn/products/pdp-i2525214388.html
,Shop đồ chơi trẻ em Kim Long,,,,,,Bút lông Màu Acrylic Marker / Bộ màu 12 24 36 48 60 80 màu Vẽ Được Trên Nhiều Chất Liệu - Đồ Chơi Mỹ Thuật SẴN HCM,,https://www.lazada.vn/products/pdp-i3178264593.html
Trang điểm,Mỹ Phẩm Thuý Hường,149.000 ₫,-9%,135590,(480),4.8,Bộ Trang Điểm[12 Món X4]Đầy Đủ Makeup/Trang Điểm Đi Tiệc/Trang Điểm Cá Nhân Cơ Bản [12 Món X4],1.6K Đã bán,https://www.lazada.vn/products/pdp-i2495559111.html
Dụng cụ chăm sóc Sắc đẹp,the gioi vali,110.000 ₫,-37%,69300,(43),5.0,"Túi đựng mỹ phẩm thời trang cao cấp,Tùy chỉnh các ngăn đựng đồ,Chất liệu PU chống thấm nước",166 Đã bán,https://www.lazada.vn/products/pdp-i2494753121.html
Nhập vai Phục trang & Dạ tiệc,SpeedOfficialStore,307.100 ₫,-13%,267177,(4),5.0,"Bộ Dụng Cụ Làm Đẹp Mỹ Phẩm Cho Trẻ Em 17 Chiếc, Bộ Hộp Trang Điểm Không Độc Hại Bộ Quà Tặng Sinh Nhật Cho Bé Gái, Bộ Trang Điểm Cho Trẻ Em, Bộ Trang Điểm Cho Trẻ Em, Đồ Chơi Trang Điểm Cho Bé Gái,",12 Đã bán,https://www.lazada.vn/products/pdp-i2391300572.html
Dụng cụ chăm sóc Sắc đẹp,FUNGLA HOUSE,198.000 ₫,-50%,99000,(49),4.8,KỆ MỸ PHẨM MICA TRONG SUỐT XOAY 360 ĐỘ HÀNG TỐT SIÊU BỀN ĐẸP- HỘP ĐỰNG ĐỒ TRANG ĐIỂM ĐỂ BÀN KÈM KHAY SON CÓ THỂ XẾP GỌN ĐƯỢC,163 Đã bán,https://www.lazada.vn/products/pdp-i496126604.html
Dụng cụ chăm sóc Sắc đẹp,Global Merch Park,241.000 ₫,-23%,185570,(102),5.0,Túi Vệ Sinh Da Lớn Dành Cho Du Lịch Nam Nữ Dopp Kit Treo Túi Đựng Mỹ Phẩm Thời Trang Có Dây Kéo Đựng Đồ Đi Du Lịch,361 Đã bán,https://www.lazada.vn/products/pdp-i2796068320.html
Trang điểm,Hangnga Beauty Store,190.000 ₫,-50%,95000,(6),4.8,"[Bộ 18sp E5] Bộ make up, mỹ phẩm trang điểm, xịt khoá make-up, Kem nền, phấn má, phấn phủ, bộ cọ, tạo khối, che khuyết điểm, kẹp bấm mi, phấn mắt, kem lót, chuốt mi mascara, kẻ mắt, kẻ mày...",27 Đã bán,https://www.lazada.vn/products/pdp-i2685257652.html
Dụng cụ chăm sóc Sắc đẹp,Tuidonghang.hcm,79.000 ₫,-30%,55300,(47),4.6,Kệ đựng mĩ phẩm đồ trang điểm nhựa để bàn có ngăn kéo tiện lợi,168 Đã bán,https://www.lazada.vn/products/pdp-i2253318618.html
Tủ chứa & Sắp xếp đồ,PTNgoc House 3137.Selection,42.300 ₫,-29%,30033,(44),5.0,"Khay Đựng Son 24 Ô Trong Suốt, Khay Đựng Son Và Mỹ Phẩm Loại Nhỏ Cùng Cọ Trang Điểm Chất Liệu Mica",205 Đã bán,https://www.lazada.vn/products/pdp-i2703588853.html
Trang điểm,Mỹ Phẩm Thuý Hường,135.000 ₫,-14%,116100,(17),4.8,Bộ Trang Điểm Đầy Đủ Chính Hãng Bộ Makeup [14 Món E2] Cho Người Mới - Lamelia 14 Sản Phẩm Bộ E2,55 Đã bán,https://www.lazada.vn/products/pdp-i2427059118.html
Tủ chứa & Sắp xếp đồ,Gia Dụng Pk,50.000 ₫,-22%,39000,(460),4.9,"Kệ Đựng Mỹ Phẩm, Kệ Để Đồ Trang Điểm Mini 3 Tầng 2 ngăn kéo - Kệ đựng Đồ Đa Năng Nhiều Ô Tiện Ích Có Ngăn Kéo, kệ đựng đồ trang điểm, kệ để bàn mini, kệ mini, kệ đựng đồ đa năng, kệ mini để bàn",1.9K Đã bán,https://www.lazada.vn/products/pdp-i2157423106.html
Trang điểm,SKINCARE_MAKEUP SHOP,290.000 ₫,-50%,145000,(3),3.7,( Tặng bộ cọ 8 món)Trọn bộ trang điểm 12 món đầy đủ cho người mới/ set trang điểm đầy đủ/ bộ makeup cá nhân,7 Đã bán,https://www.lazada.vn/products/pdp-i2861587268.html
Nhập vai Phục trang & Dạ tiệc,Kho Sỉ 247,,,,,,"Hộp đựng mỹ phẩm để bàn, dạng ngăn kéo, siêu đẹp, siêu sang",,https://www.lazada.vn/products/pdp-i2737611471.html
Trang điểm,Tiệm Quà Của Mi,398.000 ₫,-50%,199000,(1),5.0,"Bộ trang điểm, bộ makeup ca nhân đầy đủ cho người mới bắt đầu,  bộ quà tặng trang điểm",6 Đã bán,https://www.lazada.vn/products/pdp-i2858172591.html
Trang điểm,Mỹ Phẩm Thuý Hường,138.500 ₫,-14%,119110,(2),5.0,Bộ Trang Điểm[12 Món Y7]Đầy Đủ Makeup/Trang Điểm Đi Tiệc/Trang Điểm Cá Nhân Cơ Bản 12 Món,13 Đã bán,https://www.lazada.vn/products/pdp-i2628280319.html
Trang điểm,SKINCARE_MAKEUP SHOP,310.000 ₫,-50%,155000,,,Bộ trang điểm cá nhân/bộ trang điểm đi tiệc/set makeup/ trọn bộ trang điểm/ bộ makeup cá nhân/ Bộ trang điểm 14 món,,https://www.lazada.vn/products/pdp-i2861534236.html
Trang điểm,Mỹ Phẩm Thuý Hường,350.000 ₫,-14%,301000,(12),5.0,[ Bộ trang điểm] 27 Món [V5] Bộ sản phẩm  trang điểm MAKEUP  gồm 27 món (V5) đa năng tiện dụng Dành cho người mới tầm makeup [chính hãng],30 Đã bán,https://www.lazada.vn/products/pdp-i2584394827.html
Tủ chứa & Sắp xếp đồ,GIA DỤNG SỈ TPHCM,198.000 ₫,-50%,99000,(2),5.0,KỆ TỦ ĐỰNG MỸ PHẨM ĐỒ TRANG ĐIỂM MINI TRONG SUỐT 4 TẦNG TASHUAN - KỆ NHỰA ĐỰNG MỸ PHẨM 4 TẦNG NGĂN KÉO TIỆN DỤNG,20 Đã bán,https://www.lazada.vn/products/pdp-i1983027549.html
Nhập vai Phục trang & Dạ tiệc,Kho Sỉ 247,,,,(1),5.0,Kệ đựng mỹ phẩm trong suốt 3 ngăn 5 ngăn siêu xinh,,https://www.lazada.vn/products/pdp-i2412089904.html
Dụng cụ chăm sóc Sắc đẹp,GIA DỤNG AN NHIÊN .2702,130.000 ₫,-48%,67600,(13),4.9,Kệ Đựng Mỹ Phẩm Mẫu Mới Cỡ Lớn - Đồ Trang Điểm Để Bàn Xoay 360  Sang Trọng Cao Cấp - Mẫu Mới Cực Đẹp,69 Đã bán,https://www.lazada.vn/products/pdp-i2603139437.html
Trang điểm,Mỹ Phẩm Thuý Hường,129.000 ₫,-14%,110940,(6),4.8,Bộ Trang Điểm[10 Món X7]Đầy Đủ Makeup/Trang Điểm Đi Tiệc/Trang Điểm Cá Nhân Cơ Bản 10 Món X7,21 Đã bán,https://www.lazada.vn/products/pdp-i2605407088.html
,Vpp.thudo,,,,(35),4.8,Bút sơn Uni paint PX 20,503 Đã bán,https://www.lazada.vn/products/pdp-i909268460.html
Dụng cụ chăm sóc Sắc đẹp,GIA DỤNG SỈ TPHCM,190.000 ₫,-69%,58900,(7),4.6,TỦ GỖ ĐỰNG MỸ PHẨM CÓ GƯƠNG TRANG ĐIỂM HÌNH TAI MÈO SIÊU XINH - KỆ ĐỰNG MỸ PHẨM ĐỒ MAKEUP NHIỀU NGĂN BẰNG GỖ THƠM CAO CẤP CÓ THỂ XẾP GỌN ĐƯỢC - MẪU MỚI 2022,44 Đã bán,https://www.lazada.vn/products/pdp-i1582041606.html
Trang điểm,Tiệm Quà Của Mi,70.000 ₫,-50%,35000,,,"Bộ makeup 5 món , bộ trang điểm phấn mắt, má hồng, son môi, mascara, bộ cọ trang điểm",9 Đã bán,https://www.lazada.vn/products/pdp-i2905565289.html
Dụng cụ chăm sóc Sắc đẹp,THẾ GIỚI DÉP LÔNG 1992,99.000 ₫,-20%,79200,(4),5.0,"Túi hộp đựng mỹ phẩm, đồ trang điểm hộp đứng cứng ko gấp gọn được",29 Đã bán,https://www.lazada.vn/products/pdp-i2376356125.html
Dụng cụ chăm sóc Sắc đẹp,Akii Home,110.000 ₫,-41%,64900,(3),5.0,"Túi đựng mỹ phẩm da PU, đồ trang điểm đi du lịch, chống thấm nước, nhiều ngăn, cầm tay tiện lợi Akii Home TD106",12 Đã bán,https://www.lazada.vn/products/pdp-i2664830600.html
Chăm sóc da mặt,Xưởng Đồ Bộ Store,95.000 ₫,-48%,49400,(1),5.0,Kem chống nắng Hemia nâng tone trắng da kiềm dầu cho da dầu mụn da khô da nhạy cảm chính hãng Hàn Quốc 50ml .!a.,,https://www.lazada.vn/products/pdp-i3001958561.html
Trang điểm,BeautyCN,109.000 ₫,-46%,58860,(151),4.8,Set trang điểm Hanru 4 món tiện dụng cho người mới bắt đầu,542 Đã bán,https://www.lazada.vn/products/pdp-i2513632424.html
Trang điểm,Hoa Bồ Công Anh Store,99.000 ₫,-30%,69300,(544),4.9,[SALE] Set Trang Điểm PRETTY MAKEUP HANRU 4 Món set trang điểm tiện dụng đa năng cho người mới bắt đầu,1.8K Đã bán,https://www.lazada.vn/products/pdp-i2525214388.html
Chăm sóc da mặt,ALPHA COFFEE,103.680 ₫,-48%,53913,(49),4.9,[Cam Kết Hết Mụn Thâm Trong 7 Ngày] Kem Giảm Mụn Cấp Tốc Loại Bỏ Mụn và Vết Thâm Hoàn Toàn Thu Nhỏ Lỗ Chân Lông CYSTIC Acne Giúp Da Láng Mịn Khít Lỗ Chân Lông Kiểm Soát Dầu/25g,154 Đã bán,https://www.lazada.vn/products/pdp-i2661521706.html
Tủ chứa & Sắp xếp đồ,Gia Dụng Tiện Ích EzyHome,120.000 ₫,-50%,60000,,,"Kệ Nhựa Đựng Mỹ Phẩm 3 Tầng 2 Ngăn Kéo - Hộp Nhựa Chia Ngăn Đựng Cọ, Son, Vật Dụng Cá Nhân Nhỏ Gọn - Kệ Trang Điểm Mini Tiện Lợi Cho Bàn Trang Điểm",,https://www.lazada.vn/products/pdp-i3116906542.html
Dụng cụ chăm sóc Sắc đẹp,A&D MaLL,130.000 ₫,-42%,75400,(3),5.0,Kệ Đựng Mỹ Phẩm Mẫu Mới Cỡ Lớn - Đồ Trang Điểm Để Bàn Xoay 360  Sang Trọng Cao Cấp - Mẫu Mới Cực Đẹp,8 Đã bán,https://www.lazada.vn/products/pdp-i2605442133.html
Trang điểm,PaNa- Store,169.000 ₫,-41%,99710,(6),5.0,Bộ Trang Điểm Cá Nhân 7 đến 9 sản phẩm/ phấn nước lameila/Maccara/son/phấn phủ,32 Đã bán,https://www.lazada.vn/products/pdp-i1968046025.html
Trang điểm,Phukienxinh14,109.000 ₫,-46%,58860,(4),5.0,Set Trang Điểm PRETTY MAKEUP MSMEESHU HANRU 4 MÓN,7 Đã bán,https://www.lazada.vn/products/pdp-i2513346987.html
Chăm sóc da mặt,Eifini Fashion,103.640 ₫,-48%,53892,(1),1.0,Kem Giảm Mụn Trứng Cá Mờ Thâm Mờ Rỗ Lỗ Chân Lông To Giúp Căng Bóng Trẻ Hoá Làn Da/25g,8 Đã bán,https://www.lazada.vn/products/pdp-i2661488557.html
Trang điểm,Mỹ Phẩm Thuý Hường,,,,(11),4.8,Bộ Trang Điểm Makuep Cơ Bản Đầy Đủ [12 Món Z3] Bộ Sản Phẩm Makep Của Nữ Dành Cho Người Mới Tập Trang Điểm Mỹ Phẩm Cosmetic,45 Đã bán,https://www.lazada.vn/products/pdp-i2661025733.html
Chăm sóc da mặt,Mỹ Phẩm Như Ý,124.500 ₫,-21%,98355,(68),4.6,[HCM]Kem mụn trắng da xóa thâm liền sẹo se khít lỗ chân lông OHIO Ốc Sên New Day (20g),415 Đã bán,https://www.lazada.vn/products/pdp-i209224110.html
Trang điểm,SKINCARE_MAKEUP SHOP,230.000 ₫,-50%,115000,(1),5.0,Bộ Trang Điểm 11 Món Đầy Đủ Make Up/ Trang điểm đi tiệc/trang điểm cá nhân/ Combo makeup / Set Trang Điểm,,https://www.lazada.vn/products/pdp-i2861565230.html
Trang điểm,Shop Mỹ Phẩm BULL Chuyên Sỉ,,,,,,"(S- BBull) Sét Trang Điểm Nvno 8 Món cơ Bản Hàng Nội Địa ,, trang điểm , tiện lợi , sang trọng",,https://www.lazada.vn/products/pdp-i3110245217.html
Dụng cụ chăm sóc Sắc đẹp,GIA DỤNG AN NHIÊN .2702,,,,,,"Tủ Đựng Mỹ Phẩm 4 Tầng HOKORI Cao Cấp Nhựa Việt Nhật, Kệ Đựng Mỹ Phẩm, Đồ Trang Điểm",,https://www.lazada.vn/products/pdp-i2542625046.html
Tủ chứa & Sắp xếp đồ,Cửa hàng gia dụng tiện ích HCM,129.000 ₫,-26%,95460,(84),4.8,Kệ Đựng Mỹ Phẩm Đồ Trang Điểm Trang Sức 4 Tầng Trong Suốt 3 Ngăn Kéo Tiện Dụng,269 Đã bán,https://www.lazada.vn/products/pdp-i2413115090.html
Tủ chứa & Sắp xếp đồ,GIA DỤNG SỈ TPHCM,198.000 ₫,-50%,99000,(2),5.0,KỆ TỦ ĐỰNG MỸ PHẨM ĐỒ TRANG ĐIỂM MINI TRONG SUỐT 4 TẦNG TASHUAN - KỆ NHỰA ĐỰNG MỸ PHẨM 4 TẦNG NGĂN KÉO TIỆN DỤNG,20 Đã bán,https://www.lazada.vn/products/pdp-i1983027549.html
Dụng cụ chăm sóc Sắc đẹp,the gioi vali,110.000 ₫,-27%,80300,(43),5.0,"Túi đựng mỹ phẩm thời trang cao cấp,Tùy chỉnh các ngăn đựng đồ,Chất liệu PU chống thấm nước",166 Đã bán,https://www.lazada.vn/products/pdp-i2494753121.html
,Đồ chơi thông minh Alice,100.000 ₫,-15%,85000,(22),5.0,Bút màu Acrylic Marker 12 24 36 48 60 80 cao cấp màu sắc tươi sáng không lem - Bút lông màu,81 Đã bán,https://www.lazada.vn/products/pdp-i2603084748.html
Nhập vai Phục trang & Dạ tiệc,SpeedOfficialStore,307.100 ₫,-13%,267177,(4),5.0,"Bộ Dụng Cụ Làm Đẹp Mỹ Phẩm Cho Trẻ Em 17 Chiếc, Bộ Hộp Trang Điểm Không Độc Hại Bộ Quà Tặng Sinh Nhật Cho Bé Gái, Bộ Trang Điểm Cho Trẻ Em, Bộ Trang Điểm Cho Trẻ Em, Đồ Chơi Trang Điểm Cho Bé Gái,",12 Đã bán,https://www.lazada.vn/products/pdp-i2391300572.html
Nhập vai Phục trang & Dạ tiệc,homeappliancescollectionstore,351.400 ₫,-33%,235438,(18),5.0,Bộ mỹ phẩm đồ chơi trang điểm 33 món không độc hại thích hợp cho bé,56 Đã bán,https://www.lazada.vn/products/pdp-i2394087293.html
Nhập vai Phục trang & Dạ tiệc,smart family store,373.830 ₫,-47%,198129,,,【siêu rẻ】Bộ mỹ phẩm đồ chơi trang điểm 33 món không độc hại thích hợp cho bé,,https://www.lazada.vn/products/pdp-i2663477298.html
Nhập vai Phục trang & Dạ tiệc,A_hoco__Store,373.830 ₫,-44%,209344,(2),5.0,【giao hàng trong vòng 24h】Bộ mỹ phẩm đồ chơi trang điểm 33 món không độc hại thích hợp cho bé,6 Đã bán,https://www.lazada.vn/products/pdp-i2664089214.html
Dụng cụ chăm sóc Sắc đẹp,Tuidonghang.hcm,79.000 ₫,-30%,55300,(47),4.6,Kệ đựng mĩ phẩm đồ trang điểm nhựa để bàn có ngăn kéo tiện lợi,168 Đã bán,https://www.lazada.vn/products/pdp-i2253318618.html
Trang điểm,Mỹ Phẩm Thuý Hường,,,,(17),4.8,Bộ Trang Điểm Đầy Đủ Chính Hãng Bộ Makeup [14 Món E2] Cho Người Mới - Lamelia 14 Sản Phẩm Bộ E2,55 Đã bán,https://www.lazada.vn/products/pdp-i2427059118.html
Tủ chứa & Sắp xếp đồ,PTNgoc House 3137.Selection,42.300 ₫,-29%,30033,(44),5.0,"Khay Đựng Son 24 Ô Trong Suốt, Khay Đựng Son Và Mỹ Phẩm Loại Nhỏ Cùng Cọ Trang Điểm Chất Liệu Mica",205 Đã bán,https://www.lazada.vn/products/pdp-i2703588853.html
Nhập vai Phục trang & Dạ tiệc,Samebeauty,395.167 ₫,-40%,237100,(5),5.0,Bộ mỹ phẩm đồ chơi trang điểm 33 món không độc hại thích hợp cho bé,13 Đã bán,https://www.lazada.vn/products/pdp-i2392049140.html
Dụng cụ chăm sóc Sắc đẹp,bongyeushop,,,,(1),5.0,[HCM](LOẠI ĐẸP) KỆ MỸ PHẨM TRONG SUỐT XOAY 360 ĐỘ CAO CẤP - TỦ ĐỰNG ĐỒ TRANG ĐIỂM HÌNH TRỤ CÓ KHAY ĐỂ SON TIỆN LỢI - KHAY ĐỰNG MỸ PHẨM ĐỂ BÀN CÓ THỂ XẾP GỌN ĐƯỢC,9 Đã bán,https://www.lazada.vn/products/pdp-i2341087151.html
Nhập vai Phục trang & Dạ tiệc,Kho Sỉ 247,,,,(1),5.0,Kệ đựng mỹ phẩm trong suốt 3 ngăn 5 ngăn siêu xinh,,https://www.lazada.vn/products/pdp-i2412089904.html
Trang điểm,Mỹ Phẩm Thuý Hường,,,,(2),4.5,Bộ Trang Điểm Makuep Cơ Bản Đầy Đủ [22 Món S6] Bộ Sản Phẩm Makep Của Nữ Dành Cho Người Mới Tập Trang Điểm Mỹ Phẩm Cosmetic,15 Đã bán,https://www.lazada.vn/products/pdp-i2661059639.html
Tủ chứa & Sắp xếp đồ,VyVy.StoreVN,25.000 ₫,-28%,18000,(24),4.7,"Khay Nhựa Trong Suốt Đựng Mỹ Phẩm Có Tay Cầm, Hộp Đựng Đồ Nhựa Mỹ Phẩm Đa Năng Trang Trí Bàn",173 Đã bán,https://www.lazada.vn/products/pdp-i2398411985.html
Trang điểm,BUM STORE.,,,,(5),4.4,"Kem Nền Trang Điểm Lameila BB Cream 30ml Mỏng Nhẹ Tự Nhiên, Kem Nền Kiềm Dầu Dạng Lỏng Dưỡng Ẩm Che Khuyết Điểm Chống Thấm",27 Đã bán,https://www.lazada.vn/products/pdp-i2351539628.html
Dụng cụ chăm sóc Sắc đẹp,GIA DỤNG AN NHIÊN .2702,130.000 ₫,-48%,67600,(13),4.9,Kệ Đựng Mỹ Phẩm Mẫu Mới Cỡ Lớn - Đồ Trang Điểm Để Bàn Xoay 360  Sang Trọng Cao Cấp - Mẫu Mới Cực Đẹp,69 Đã bán,https://www.lazada.vn/products/pdp-i2603139437.html
Trang điểm,Tiệm Quà Của Mi,398.000 ₫,-50%,199000,(1),5.0,"Bộ trang điểm, bộ makeup ca nhân đầy đủ cho người mới bắt đầu,  bộ quà tặng trang điểm",6 Đã bán,https://www.lazada.vn/products/pdp-i2858172591.html
Trang điểm,Tiệm Quà Của Mi,70.000 ₫,-50%,35000,,,"Bộ makeup 5 món , bộ trang điểm phấn mắt, má hồng, son môi, mascara, bộ cọ trang điểm",9 Đã bán,https://www.lazada.vn/products/pdp-i2905565289.html
Dụng cụ chăm sóc Sắc đẹp,Shoponline24h.(Sơn Liễu).,,,,,,Túi đựng mỹ phẩm đồ cá nhân chia nhiều ngăn tiện lợi bằng vải khoá kéo chắc chắn thiết kế thời trang dễ dàng mang đi,,https://www.lazada.vn/products/pdp-i3139754401.html
Nhập vai Phục trang & Dạ tiệc,Kho Sỉ 247,,,,,,"Hộp đựng mỹ phẩm để bàn, dạng ngăn kéo, siêu đẹp, siêu sang",,https://www.lazada.vn/products/pdp-i2737611471.html
Trang điểm,Tiệm Quà Của Mi,78.000 ₫,-50%,39000,,,Tron bộ trang điểm 9 món đầy đủ các bước trang điểm/son/kem nền/Phấn mắt/ Má hồng/ Mascara/ Kẻ mắt/ Bấm mi/ chì mày/Bộcọ,,https://www.lazada.vn/products/pdp-i2904658402.html
Nhập vai Phục trang & Dạ tiệc,HENGHOME Vietnam,170.190 ₫,-44%,95306,(1),5.0,HENGHOME 1 bộ không độc hại cô gái trang điểm đạo cụ trẻ em giả vờ chơi mô phỏng mỹ phẩm đồ chơi Kit với Eyeshadow Palette và son môi Applicator,7 Đã bán,https://www.lazada.vn/products/pdp-i3066444242.html
Trang điểm,SKINCARE_MAKEUP SHOP,310.000 ₫,-50%,155000,,,Bộ trang điểm cá nhân/bộ trang điểm đi tiệc/set makeup/ trọn bộ trang điểm/ bộ makeup cá nhân/ Bộ trang điểm 14 món,,https://www.lazada.vn/products/pdp-i2861534236.html
Dụng cụ chăm sóc Sắc đẹp,THẾ GIỚI DÉP LÔNG 1992,99.000 ₫,-20%,79200,(4),5.0,"Túi hộp đựng mỹ phẩm, đồ trang điểm hộp đứng cứng ko gấp gọn được",29 Đã bán,https://www.lazada.vn/products/pdp-i2376356125.html
quà tặng & Gói quà,THƯ STORE 99,,,,(17),5.0,"HỘP QUÀ TẶNG NGÀY LỄ, SET QUÀ KỈ NIỆM MAKEUP GỒM 3 SON + NƯỚC HOA + PHẤN MÁ + KEM NỀN + GẤU XINH",69 Đã bán,https://www.lazada.vn/products/pdp-i2540437482.html
Dụng cụ chăm sóc Sắc đẹp,Global Merch Park,241.000 ₫,-23%,185570,(102),5.0,Túi Vệ Sinh Da Lớn Dành Cho Du Lịch Nam Nữ Dopp Kit Treo Túi Đựng Mỹ Phẩm Thời Trang Có Dây Kéo Đựng Đồ Đi Du Lịch,361 Đã bán,https://www.lazada.vn/products/pdp-i2796068320.html
Dụng cụ chăm sóc Sắc đẹp,Mon-Basic Túi mỹ phẩm,185.000 ₫,-43%,105450,(1),5.0,"Túi đựng đồ trang điểm cá nhân nhiều ngăn, chất dày xịn loại tốt - size lớn 26x22x10cm",6 Đã bán,https://www.lazada.vn/products/pdp-i2427115371.html
Nhập vai Phục trang & Dạ tiệc,SpeedOfficialStore,307.100 ₫,-14%,264106,(4),5.0,🎁【siêu rẻ】Bộ mỹ phẩm đồ chơi trang điểm 33 món không độc hại thích hợp cho bé,12 Đã bán,https://www.lazada.vn/products/pdp-i2505838165.html
,Shop đồ chơi trẻ em Kim Long,,,,,,Bút lông Màu Acrylic Marker / Bộ màu 12 24 36 48 60 80 màu Vẽ Được Trên Nhiều Chất Liệu - Đồ Chơi Mỹ Thuật SẴN HCM,,https://www.lazada.vn/products/pdp-i3178264593.html
Tủ chứa & Sắp xếp đồ,Forest Home,252.199 ₫,-23%,194193,,,"Kệ Đựng Mỹ Phẩm, Đồ Trang Điểm, Kệ Nhựa Đựng Đồ Đa Năng Nhiều Tầng loại ngăn kéo Hộp đựng mỹ phẩm",,https://www.lazada.vn/products/pdp-i3179343536.html
Trang điểm,Mỹ Phẩm Thuý Hường,,,,(2),5.0,Bộ Trang Điểm[12 Món Y7]Đầy Đủ Makeup/Trang Điểm Đi Tiệc/Trang Điểm Cá Nhân Cơ Bản 12 Món,13 Đã bán,https://www.lazada.vn/products/pdp-i2628280319.html
Trang điểm,PaNa- Store,189.000 ₫,-39%,115290,(76),4.8,Bộ Trang Điểm Dành Cho Người Mới Tập Make Up/Trang Điểm Cá Nhân,322 Đã bán,https://www.lazada.vn/products/pdp-i1979447362.html
Dụng cụ chăm sóc Sắc đẹp,BUM BI,,,,(2),5.0,Túi đựng mỹ phẩm trong suốt Túi đựng đồ trang điểm hình thú dễ thương nhiều kích thước WASH BAG - BUMSTORE,5 Đã bán,https://www.lazada.vn/products/pdp-i2335189440.html
Tủ chứa & Sắp xếp đồ,Phụ Kiện Giá Tốt 24H,80.000 ₫,-46%,43200,(20),4.9,"Kệ Đựng Mỹ Phẩm, Remote , Đồ Dùng Đa Năng Cỡ To 4 Ngăn - Rổ Nhựa 4 Ngăn Đựng Đồ Tiện Ích - Khay Nhựa 4 Ngăn  - Khay Đựng Đồ - Khay Bút - Khay Tiện ích 4 Ngăn Nhựa PP Tiện Lợi",69 Đã bán,https://www.lazada.vn/products/pdp-i2418989860.html
Dụng cụ chăm sóc Sắc đẹp,Global Merch Park,267.000 ₫,-23%,205590,(4),5.0,Hộp Đựng Đồ Trang Điểm Dung Tích Lớn 3 Lớp - Hộp Đựng Mỹ Phẩm Bằng Nhựa Để Chăm Sóc Da Bảng Phấn Mắt Son Môi,45 Đã bán,https://www.lazada.vn/products/pdp-i2750700680.html
Tủ chứa & Sắp xếp đồ,Gia Dụng Pk,76.000 ₫,-15%,64600,(2),5.0,"Hộp đựng cọ trang điểm 2959 - hộp đựng cọ có nắp kín chống ẩm mốc bụi bẩn, hộp dựng cọ trang điểm, hộp đựng mỹ phẩm, hộp đựng có nắp, hộp đựng trang sức",6 Đã bán,https://www.lazada.vn/products/pdp-i3027359155.html
Dụng cụ chăm sóc Sắc đẹp,Gia dụng Tuki248,50.000 ₫,-30%,35000,(4),5.0,"Túi đựng mỹ phẩm, đồ trang điểm chống thấm nước, họa tiết dễ thương",12 Đã bán,https://www.lazada.vn/products/pdp-i2519532094.html
Dụng cụ chăm sóc Sắc đẹp,GIA DỤNG SỈ TPHCM,132.000 ₫,-50%,66000,,,KỆ ĐỰNG MỸ PHẨM CỌ TRANG ĐIỂM 5 NGĂN XOAY 360 ĐỘ TIỆN LỢI PHONG CÁCH HÀN QUỐC XINH XẮN. ỐNG ĐỰNG BÚT ĐỒ DÙNG HỌC TẬP ĐỂ BÀN ĐA NĂNG,,https://www.lazada.vn/products/pdp-i3102607996.html
Dụng cụ chăm sóc Sắc đẹp,BUM BI,,,,(8),5.0,Túi mỹ phẩm đa năng có ngăn lưới tiện dụng WASH BAG Túi du lịch đựng đồ nhiều màu chống thấm nước - BUMSTORE,29 Đã bán,https://www.lazada.vn/products/pdp-i2344803313.html
Dụng cụ chăm sóc Sắc đẹp,Zest Shop,77.000 ₫,-44%,43120,,,Dung lượng lớn Hộp đựng mỹ phẩm cầm tay Da PU Di động Túi đựng mỹ phẩm hình gối Thời trang Đa chức năng Túi đựng đồ vệ sinh du lịch Phụ nữ,,https://www.lazada.vn/products/pdp-i3178106834.html
Tủ chứa & Sắp xếp đồ,Nội Thất YTC,550.000 ₫,-41%,324500,(595),4.9,"Kệ Đựng Mỹ Phẩm YTC Cao Cấp Nhập Khẩu, Chống Bụi Chống Nước Siêu Đẹp",2.3K Đã bán,https://www.lazada.vn/products/pdp-i1541343214.html
Dụng cụ chăm sóc Sắc đẹp,the gioi vali,85.000 ₫,-24%,64600,(22),5.0,"Túi đựng mỹ phẩm xách tay,Chất liệu PU chống thấm nước có móc treo nhiều ngăn,chứa được nhiều đồ dùng cá nhân và mỹ phẩm",90 Đã bán,https://www.lazada.vn/products/pdp-i2494681535.html
Nhập vai Phục trang & Dạ tiệc,cosmetics.beauty,382.419 ₫,-47%,202682,(16),5.0,Bộ mỹ phẩm đồ chơi trang điểm 33 món không độc hại thích hợp cho bé,54 Đã bán,https://www.lazada.vn/products/pdp-i2396004321.html
Trang điểm,Mỹ Phẩm Thuý Hường,,,,(132),4.9,Bộ Trang Điểm/Bộ trang điểm Đầy Đủ Chính Hãng Cho Người Mới [Bộ 22 món E5] - Lamelia 22 Sản Phẩm Bộ E5,451 Đã bán,https://www.lazada.vn/products/pdp-i2421570043.html
Dụng cụ chăm sóc Sắc đẹp,ListonX Vietnam,260.000 ₫,-50%,130000,(13),5.0,(MUA 2 TẶNG 1) Cốp Đựng Mỹ Phẩm/ Cốp Trang Điểm/ Cốp Makeup cao cấp | Tặng 1 bông mút trang điểm khi mua 2 sản phẩm bất kỳ,63 Đã bán,https://www.lazada.vn/products/pdp-i2970375943.html
Trang điểm,Mỹ Phẩm Thuý Hường,,,,(6),4.8,Bộ Trang Điểm[12 Món Y5]Đầy Đủ Makeup/Trang Điểm Đi Tiệc/Trang Điểm Cá Nhân Cơ Bản 12 Món,18 Đã bán,https://www.lazada.vn/products/pdp-i2628294302.html
Tủ chứa & Sắp xếp đồ,Gia Dụng Pk,260.000 ₫,-21%,205400,(4),5.0,"Tủ đựng mỹ phẩm nắp 3T Hokori 3639-3, đồ trang điểm Việt Nhật cao cấp, Tủ đựng mỹ phẩm trong suốt hiện đại",13 Đã bán,https://www.lazada.vn/products/pdp-i2662426956.html
Dụng cụ chăm sóc Sắc đẹp,Akii Home,60.000 ₫,-35%,39000,(4),5.0,"Túi đựng mỹ phẩm chất liệu PVC mờ+da PU cao cấp, túi đựng đồ trang điểm di động Akii Home TD31",15 Đã bán,https://www.lazada.vn/products/pdp-i2834705110.html
Tủ chứa & Sắp xếp đồ,PTNgoc House 3137,92.000 ₫,-50%,46000,(11),4.7,"Hộp Đựng Đồ, Đựng Mỹ Phẩm Để Bàn Có Ngăn Kéo Màu Morandi Phiên Bản Hàn Quốc",160 Đã bán,https://www.lazada.vn/products/pdp-i2030763088.html
Trang điểm,Mỹ Phẩm Thuý Hường,,,,(18),4.8,Bộ Trang Điểm[20 Món D9]Đầy Đủ Makeup/Trang Điểm Đi Tiệc/Trang Điểm Cá Nhân Cơ Bản 20 Món Bộ D9,40 Đã bán,https://www.lazada.vn/products/pdp-i2428168315.html
,Vpp.thudo,,,,(35),4.8,Bút sơn Uni paint PX 20,503 Đã bán,https://www.lazada.vn/products/pdp-i909268460.html
Dụng cụ chăm sóc Sắc đẹp,TI DO,,,,(141),4.9,HOÀN TIỀN 20% - Khay Kệ Đựng Mỹ Phẩm Trang Điểm Trong Suốt Để Bàn Cao Cấp Loại Dày TI DO,558 Đã bán,https://www.lazada.vn/products/pdp-i250052812.html
Dụng cụ chăm sóc Sắc đẹp,SIANDO,49.000 ₫,-19%,39690,(1),5.0,Túi đựng mỹ phẩm Washbag 3 màu 3 size đựng đồ cá nhân đồ trang điểm chống thấm nước SIANDO TCN01,5 Đã bán,https://www.lazada.vn/products/pdp-i2956487446.html
Trang điểm,Hangnga Beauty Store,190.000 ₫,-47%,100700,(6),4.8,"[Bộ 18sp E5] Bộ make up, mỹ phẩm trang điểm, xịt khoá make-up, Kem nền, phấn má, phấn phủ, bộ cọ, tạo khối, che khuyết điểm, kẹp bấm mi, phấn mắt, kem lót, chuốt mi mascara, kẻ mắt, kẻ mày...",27 Đã bán,https://www.lazada.vn/products/pdp-i2685257652.html
Tủ chứa & Sắp xếp đồ,Forest Home,279.998 ₫,-36%,179198,,,"Hộp Bảo Quản Mỹ Phẩm, Hộp Đựng Mỹ Phẩm Đa Năng Dung Tích Lớn, xoay 360 Hộp đựng mỹ",,https://www.lazada.vn/products/pdp-i3179423086.html
Trang điểm,PaNa- Store,189.000 ₫,-42%,109620,(267),4.8,Bộ trang điểm 9 món/kem nền/ bấm mi/phấn phủ/son/Maccara/chì kẻ mày/phấn mắt/nhũ mắt/kẻ mắt nước,1.2K Đã bán,https://www.lazada.vn/products/pdp-i1754121167.html
Dụng cụ chăm sóc Sắc đẹp,MIGE.HOME,91.000 ₫,-30%,63700,,,"Bộ cọ trang điểm cầm tay 10 món có hộp đựng, bao gồm nhiều loại cọ trang điểm chuyên nghiệp",,https://www.lazada.vn/products/pdp-i3083815446.html
Dụng cụ chăm sóc Sắc đẹp,Thế Giới Hộp Đựng Đồng Hồ - Mỹ Phẩm - BOXSW,,,,(5),5.0,"Cốp - Túi Trang Điểm Cá Nhân Du Lịch Chuyên Nghiệp - Cốp Để Đồ Phun Xăm, Make Up, Nối Mi - BH 12T",22 Đã bán,https://www.lazada.vn/products/pdp-i1761323569.html
Trang điểm,Mỹ Phẩm Thuý Hường,,,,(29),4.7,Bộ Trang Điểm[12 Món C10]Đầy Đủ Makeup/Trang Điểm Đi Tiệc/Trang Điểm Cá Nhân Cơ Bản 12 Món C10,129 Đã bán,https://www.lazada.vn/products/pdp-i2428204001.html
Trang điểm,Mỹ Phẩm Thuý Hường,,,,(12),5.0,[ Bộ trang điểm] 27 Món [V5] Bộ sản phẩm  trang điểm MAKEUP  gồm 27 món (V5) đa năng tiện dụng Dành cho người mới tầm makeup [chính hãng],30 Đã bán,https://www.lazada.vn/products/pdp-i2584394827.html
Dụng cụ chăm sóc Sắc đẹp,GIA DỤNG SỈ TPHCM,190.000 ₫,-50%,95000,(7),4.6,TỦ GỖ ĐỰNG MỸ PHẨM CÓ GƯƠNG TRANG ĐIỂM HÌNH TAI MÈO SIÊU XINH - KỆ ĐỰNG MỸ PHẨM ĐỒ MAKEUP NHIỀU NGĂN BẰNG GỖ THƠM CAO CẤP CÓ THỂ XẾP GỌN ĐƯỢC - MẪU MỚI 2022,44 Đã bán,https://www.lazada.vn/products/pdp-i1582041606.html
Chăm sóc cá nhân,Milan shop hcm,,,,(49),5.0,SET KÍCH TRẮNG TẶNG KÈM MUỖNG TRỘN KEM,244 Đã bán,https://www.lazada.vn/products/pdp-i2259311304.html
,Công ty Gấu con,,,,(159),4.9,"[đồ dùng học tập]Màu nước vẽ tranh cho bé  An toàn - không độc hại màu đẹp, mịn, sáng dùng vẽ trên giấy, tô tượng",827 Đã bán,https://www.lazada.vn/products/pdp-i1404636198.html
Trang điểm,Mỹ Phẩm Thuý Hường,,,,(3),5.0,Bộ Trang Điểm[12 Món] F2 Đầy Đủ Makeup/Trang Điểm Đi Tiệc/Trang Điểm Cá Nhân Cơ Bản 12 Món Bộ F2,7 Đã bán,https://www.lazada.vn/products/pdp-i2579557561.html
Dụng cụ chăm sóc Sắc đẹp,Vega365,75.000 ₫,-27%,54750,,,"Túi Đựng Mỹ Phẩm, Đồ Trang Điểm 2 Tầng Bằng Vải Lưới Nhẹ Gọn, Dễ Giặt Vệ Sinh Tiện Dụng",,https://www.lazada.vn/products/pdp-i3096516102.html
Trang điểm,PaNa- Store,149.000 ₫,-42%,86420,(332),4.8,HOÀN TIỀN 15% - Bộ trang điểm Lameila 7 đến 8 món (Chính Hãng),1.5K Đã bán,https://www.lazada.vn/products/pdp-i1651160228.html
Dụng cụ chăm sóc Sắc đẹp,TI DO,,,,(1),5.0,"Túi Đựng Đồ Trang Điểm 4in1 Có Thể Tháo Dời, Túi Du Lịch Đa Năng Gấp Gọn Nhiều Ngăn Thiết Kế Dạng Lưới TIDO, TIDO",,https://www.lazada.vn/products/pdp-i2492390308.html
Trang điểm,Mỹ Phẩm Thuý Hường,,,,(6),4.8,Bộ Trang Điểm[10 Món X7]Đầy Đủ Makeup/Trang Điểm Đi Tiệc/Trang Điểm Cá Nhân Cơ Bản 10 Món X7,21 Đã bán,https://www.lazada.vn/products/pdp-i2605407088.html
Trang điểm,Mỹ Phẩm Thuý Hường,,,,(18),4.5,Bộ Trang Điểm [8 Món ] Xinh Xắn Lameila Dành Cho Người Mới Tập Makuep(Chính Hãng) Bộ 8 món xinh xắn,57 Đã bán,https://www.lazada.vn/products/pdp-i2427027901.html
,Happy Babys - Đồ chơi cho bé,150.000 ₫,-34%,99000,(26),5.0,Bút Màu Acrylic Marker bảng nâng cấp 12/24/36/48/60/80 tăng thêm 50% lượng mưc,100 Đã bán,https://www.lazada.vn/products/pdp-i2576812409.html
Dụng cụ chăm sóc Sắc đẹp,Gia Dụng Pk,158.000 ₫,-22%,123240,(1),5.0,"Túi Đựng Mỹ Phẩm - Đựng Đồ Cá Nhân Gấp Gọn DA SẦN 4 NGĂN Chất Liệu Da Sang Trọng, túi đựng mỹ phẩm, túi da, túi, hộp đựng mỹ phẩm, túi đựng cọ ,túi gấp gọn,",13 Đã bán,https://www.lazada.vn/products/pdp-i3048412060.html
Tủ chứa & Sắp xếp đồ,Phụ Kiện Giá Tốt 24H,52.000 ₫,-39%,31720,(8),4.9,"Rổ Nhựa 4 Ngăn Đựng Đồ Tiện Dụng - Kệ Đựng Mỹ Phẩm, Remote , Đồ Dùng Đa Năng - Khay Nhựa - Khay Đựng Đồ 4 Ngăn - Khay Đựng Bút - Khay Tiện ích 4 Ngăn Nhựa PP Tiện Lợi",36 Đã bán,https://www.lazada.vn/products/pdp-i2419127031.html
Trang điểm,PaNa- Store,319.000 ₫,-48%,165880,(296),4.9,HOÀN TIỀN 15% - Trọn bộ 15 món trang điểm Lameila/ combo makeup/son/kem nền,885 Đã bán,https://www.lazada.vn/products/pdp-i2197672582.html
,Xương Rồng Nhỏ - Đồ chơi trẻ em,161.000 ₫,-49%,82110,(8),4.9,"Bộ Bút Màu  ACRYLIC MARKER Không Phai Mực Vẽ Trên Mọi Chất Liệu ( Vẽ Vải, Giày Dép, Thủy Tinh) Xương Rồng Nhỏ",22 Đã bán,https://www.lazada.vn/products/pdp-i2415515300.html
Tủ chứa & Sắp xếp đồ,Hauser,,,,(3),5.0,"Hộp đựng mỹ phẩm để bàn đa năng, hộp để đồ trong suốt chất liệu nhựa Acrylic-HAUSE",8 Đã bán,https://www.lazada.vn/products/pdp-i2732337739.html
Dụng cụ chăm sóc Sắc đẹp,Qiyue.STORY,90.300 ₫,-28%,65016,(6),5.0,"Túi đựng đồ trang điểm lưới thanh lịch Túi đựng mỹ phẩm trong suốt - Túi đựng đồ trang điểm nhẹ, thoáng khí và di động để đựng son môi và đồ dùng vệ sinh cá nhân",20 Đã bán,https://www.lazada.vn/products/pdp-i3013872263.html
Dụng cụ chăm sóc Sắc đẹp,Lâm Khải Phong_shop,,,,,,"Kệ Mỹ Phẩm Xoay. Kệ Mỹ Phẩm, Trang điểm Xoay 360 Độ Mica. Kệ mỹ phẩm xoay 360 độ để đồ trang điểm",9 Đã bán,https://www.lazada.vn/products/pdp-i2842169729.html
Trang điểm,Mỹ Phẩm Thuý Hường,,,,(23),5.0,Bộ trang điểm đầy đủ [10 món X3]  cơ bản set trang điểm cá nhân bộ makeup nhẹ nhàng đi chơi cho nàng Hatola Bộ X3,96 Đã bán,https://www.lazada.vn/products/pdp-i2495571086.html
Dụng cụ chăm sóc Sắc đẹp,X-DECOR HCM,30.000 ₫,-47%,15900,,,"Bộ Cọ Trang Điểm Du Lịch Mini 8 Món Tặng Túi Zip, Set 8 Cây Cọ Trang Điểm Lông Dày Mịn Êm",,https://www.lazada.vn/products/pdp-i3060300330.html
Dụng cụ chăm sóc Sắc đẹp,BUM STORE.,,,,(142),4.8,Túi đựng mỹ phẩm tiện lợi Túi Đựng Đồ Trang Điểm - BUM STORE,664 Đã bán,https://www.lazada.vn/products/pdp-i389452054.html
Nhập vai Phục trang & Dạ tiệc,Toyfun-VN,88.000 ₫,-2%,86240,(23),4.6,Bộ đồ chơi mỹ phẩm dụng cụ trang điểm 33 món không độc hại chất liệu an toàn nhiều lựa chọn thích hợp cho bé,142 Đã bán,https://www.lazada.vn/products/pdp-i2721652746.html
Trang điểm,SKINCARE_MAKEUP SHOP,290.000 ₫,-50%,145000,(3),3.7,( Tặng bộ cọ 8 món)Trọn bộ trang điểm 12 món đầy đủ cho người mới/ set trang điểm đầy đủ/ bộ makeup cá nhân,7 Đã bán,https://www.lazada.vn/products/pdp-i2861587268.html
Tủ chứa & Sắp xếp đồ,Bonjure Beauty,159.000 ₫,-22%,124020,(27),5.0,"YONUO  hộp lưu trữ để bàn, bàn trang điểm, hộp sắp xếp mặt nạ mỹ phẩm, hộp trong suốt, cọ trang điểm gia dụng và hộp lưu trữ phồng",90 Đã bán,https://www.lazada.vn/products/pdp-i2561586529.html
Tủ chứa & Sắp xếp đồ,Bonjure Beauty,222.000 ₫,-47%,117660,(35),4.8,"YONUO  Kệ đựng mỹ phẩm Hộp lưu trữ máy tính để bàn, ngăn kéo lưu trữ, Tủ lưu trữ nhiều lớp, lưu trữ mỹ phẩm, hộp trang sức, hộp sắp xếp đa chức năng, hộp lưu trữ văn phòng phẩm, Kệ mỹ phẩm",99 Đã bán,https://www.lazada.vn/products/pdp-i2549394533.html
Dụng cụ chăm sóc Sắc đẹp,Lâm Khải Phong_shop,,,,,,Kệ/Tủ Mỹ Phẩm Có Gương Tai Mèo 2 Ngăn Kéo. Kệ mỹ phẩm tai mèo màu trắng 2 ngăn kéo - Tủ đựng đồ trang điểm mini có gương,7 Đã bán,https://www.lazada.vn/products/pdp-i2791794167.html
Tủ chứa & Sắp xếp đồ,Global Merch Park,133.000 ₫,-31%,91770,(104),5.0,Hộp Đựng Mỹ Phẩm Trong Suốt Acrylic Hộp Đựng Đồ Trang Điểm Có 3 Ngăn Cho Tăm Bông & Miếng Đệm Để Bàn Nhựa Thân Thiện Với Môi Trường,67 Đã bán,https://www.lazada.vn/products/pdp-i2562415377.html
Trang điểm,Mỹ Phẩm Thuý Hường,,,,(39),4.8,Bộ Trang Điểm[27 Món] W1 Đầy Đủ Makeup/Trang Điểm Đi Tiệc/Trang Điểm Cá Nhân Cơ Bản 27 Món bộ W1,98 Đã bán,https://www.lazada.vn/products/pdp-i2579482980.html
Dụng cụ chăm sóc Sắc đẹp,SHNGki Beauty Store,22.844 ₫,-44%,12792,(4),4.3,SHNGki Hoa Túi mỹ phẩm Túi Oxford vải đàn hồi tự đóng Túi Đồng Xu ví cho trang điểm son môi Tai nghe đồ trang sức tổ chức,12 Đã bán,https://www.lazada.vn/products/pdp-i2759470968.html
Trang điểm,Hangnga Beauty Store,456.000 ₫,-47%,241680,(28),4.8,"Bộ trang điểm 26,24 món make-up đầy đủ như hình, kem nền, xịt khoáng, phấn mắt, chuốt mi, bộ cọ....",65 Đã bán,https://www.lazada.vn/products/pdp-i2668726329.html
Dụng cụ chăm sóc Sắc đẹp,Shop hàng khuyến mãi Nguyễn Quý,35.000 ₫,-46%,18900,(10),4.9,Túi đựng mỹ phẩm Túi đựng mỹ phẩm Túi đựng đồ tiện ích nhựa dẻo trong suốt,44 Đã bán,https://www.lazada.vn/products/pdp-i2488469341.html
Chăm sóc da mặt,Xưởng Đồ Bộ Store,95.000 ₫,-48%,49400,(1),5.0,Kem chống nắng Hemia nâng tone trắng da kiềm dầu cho da dầu mụn da khô da nhạy cảm chính hãng Hàn Quốc 50ml .!a.,,https://www.lazada.vn/products/pdp-i3001958561.html
Dụng cụ chăm sóc Sắc đẹp,Gia dụng Thông Minh HCG,,,,(8),4.4,Kệ Đựng Mỹ Phẩm Hai Tầng Cỡ Lớn Trong Suốt Chống Thấm Nước - Acrylic Trong Suốt Xe Đẩy Mỹ Phẩm Tầng Đứng Nhiều Lớp Ăn Nhẹ Kệ Bảo Quản Phòng Tắm Làm Đẹp Di Động Có Giá Để Đồ,22 Đã bán,https://www.lazada.vn/products/pdp-i2607228161.html
Dụng cụ chăm sóc Sắc đẹp,- GIÁ RẺ NHẤT -,55.000 ₫,-20%,44000,(45),4.9,"Kệ đựng mỹ phẩm, Kệ để đồ đa năng 3 Tầng 2 ngăn kéo để bàn ô tiện ích, Chất liệu nhựa ABS an toàn khi sử dụng",150 Đã bán,https://www.lazada.vn/products/pdp-i2067654275.html
Dụng cụ chăm sóc Sắc đẹp,SHINE TORE SHOP,90.000 ₫,-50%,45000,(1),5.0,"Túi đựng đồ cá nhân , túi phụ kiên cá nhân , túi đựng đồ trang điểm DA cao cấp SHINE TORE ST-273",,https://www.lazada.vn/products/pdp-i2892794970.html
Tủ chứa & Sắp xếp đồ,Gia Dụng Pk,140.000 ₫,-22%,109200,(37),4.7,"Kệ Nhiều Tầng Đựng Mĩ Phẩm Đồ Makeup Sơn Móng Tay Phấn Mắt 4/5/6 tầng Trang Điểm Gọn Gàng Decor, hộp đựng bút, hộp đựng sticker, hộp đựng mỹ phẩm, hộp để bàn trang trí , hộp , tủ nhựa, kệ đựng mỹ phẩm, kệ đựng min",135 Đã bán,https://www.lazada.vn/products/pdp-i2467376714.html
Dụng cụ chăm sóc Sắc đẹp,Qiyue.STORY,231.845 ₫,-36%,148380,(19),5.0,"Lớn 3 Lớp Hộp Đựng Mỹ Phẩm Vải Oxford Chống Thấm Nước Hình Xăm/Làm Móng Tay/Trang Điểm Hộp Dụng Cụ, Đồ Lót Du Lịch Hộp Bảo Quản",84 Đã bán,https://www.lazada.vn/products/pdp-i2622706014.html
Dụng cụ chăm sóc Sắc đẹp,kittenBaby Vietnam,109.904 ₫,-44%,61546,(3),5.0,kittenBaby 3 lớp công suất lớn hộp lưu trữ có thể gập lại đa chức năng nhựa xách tay trang điểm kẹp tóc Organizer Nail Art hộp đồ trang sức,15 Đã bán,https://www.lazada.vn/products/pdp-i2928683989.html
Trang điểm,CHINH HÃNG - SIÊU THỊ SỨC KHỎE VẺ ĐẸP,190.000 ₫,-21%,150100,(8),5.0,Bộ trang điểm cao cấp đủ màu hàng chính hãng,20 Đã bán,https://www.lazada.vn/products/pdp-i2985779307.html
Vali và Túi du lịch đa năng,KH360,24.000 ₫,-21%,18960,(3),5.0,Bộ chiết mỹ phẩm 5 món - Hàn Quốc,27 Đã bán,https://www.lazada.vn/products/pdp-i1272188816.html
Trang điểm,Mỹ Phẩm Thuý Hường,,,,(29),5.0,Bộ Trang Điểm/Sét Trang Điểm [24 Món M6] Đầy Đủ Các Món Chính Hãng Cho Người Mới - Lamelia 24 Sản Phẩm Bộ M6,105 Đã bán,https://www.lazada.vn/products/pdp-i2458616949.html
Dụng cụ chăm sóc Sắc đẹp,HNKMP Vietnam,43.861 ₫,-44%,24562,,,HNKMP Hộp đựng bút chì nơ đen đơn giản phong cách Ins Túi đựng bút chì dung tích lớn Túi đựng mỹ phẩm túi đựng văn phòng phẩm đồ dùng học tập,,https://www.lazada.vn/products/pdp-i3176537297.html
Trang điểm,Mỹ Phẩm Thuý Hường,,,,(46),4.5,Bộ Trang Điểm[21 Món A1]Đầy Đủ Makeup/Trang Điểm Đi Tiệc/Trang Điểm Cá Nhân Cơ Bản Bộ 22 món A1,134 Đã bán,https://www.lazada.vn/products/pdp-i2421514401.html
Dụng cụ chăm sóc Sắc đẹp,LPThienY,21.800 ₫,-50%,10900,,,Bộ cọ trang điểm cá nhân 8 cây tặng kèm túi Zip Vintage,,https://www.lazada.vn/products/pdp-i3069673254.html
Tủ chứa & Sắp xếp đồ,Phụ Kiện Vinh Nguyễn,90.000 ₫,-31%,62100,,,Kệ Đựng Mỹ Phẩm Nhựa 4 Tầng Trong Suốt Để Bàn Trang Trí Decor Xinh Xắn - Khay Đựng Đồ Trang Điểm Nhiều Ngăn Chắc Chắn - Kệ Để Đồ Đa Năng - Khay Đựng Son Cao Cấp,7 Đã bán,https://www.lazada.vn/products/pdp-i2492764015.html
Chăm sóc da mặt,JAMIZU - Mỹ phẩm Cam Thảo Nhật Bản,222.000 ₫,-37%,139860,(180),5.0,Serum Giảm & Ngừa Mụn Tuổi Dậy Thì JAMIZU Cam Thảo Nhật Bản - Giảm Nhờn Hết Mụn Mờ Thâm Trắng Da 15ml,640 Đã bán,https://www.lazada.vn/products/pdp-i1875029813.html
Trang điểm,Mỹ Phẩm Thuý Hường,,,,(55),4.7,Bộ Trang Điểm mặt[22 Món E5]Đầy Đủ Bộ Makeup/Trang Điểm Đi Tiệc/Trang Điểm Cá Nhân Cơ Bản 22 Món Bộ E5,128 Đã bán,https://www.lazada.vn/products/pdp-i2422362909.html
Vali và Túi du lịch đa năng,Bách Hóa ADN.Shop,35.000 ₫,-36%,22400,(9),4.8,Bộ chiếc mỹ phẩm 7 món du lịch - Bộ 5 chai lọ chiết kem mỹ phẩm đa năng nhỏ gọn bằng silicon dẻo trong suốt,52 Đã bán,https://www.lazada.vn/products/pdp-i2137597409.html
,Slayer,138.000 ₫,-50%,69000,,,80/48 Cây Bút màu Marker Lalunavn Touch Cool 2 Đầu tô màu dạ vẽ tranh anime - SÉT BÚT MÀU DẠ KÈM TÚI,,https://www.lazada.vn/products/pdp-i2684072108.html
Tủ chứa & Sắp xếp đồ,BÁN GÌ RẺ THẾ,120.000 ₫,-49%,61200,(41),4.7,"Kệ Nhựa Đựng Mỹ Phẩm Có 2 Ngăn Kéo 3 Tầng Bền Đẹp / Kệ Đựng Mỹ Phẩm , Kệ Để Đồ Trang Điểm Mini 3 Tầng Đa Năng Nhiều Ô Tiện Ích Có Ngăn Kéo",140 Đã bán,https://www.lazada.vn/products/pdp-i2215549169.html
Trang điểm,Mỹ Phẩm Thuý Hường,,,,(15),4.7,Bộ Trang Điểm[22 Món Y1 ]Đầy Đủ Makeup/Trang Điểm Đi Tiệc/Trang Điểm Cá Nhân Cơ Bản 22 Món Y1,31 Đã bán,https://www.lazada.vn/products/pdp-i2617260629.html
Dụng cụ chăm sóc Sắc đẹp,AnDat.Shop,63.000 ₫,-13%,54810,(10),5.0,"[HCM] Set 3 Túi Nhựa Trong Suốt Đựng Đồ Đa Năng, Đựng Mỹ Phẩm, Đồ Dùng Cá Nhân  Mang Theo Tiện Lợi",35 Đã bán,https://www.lazada.vn/products/pdp-i2657793681.html
Trang điểm,Mỹ Phẩm Thuý Hường,,,,(106),4.7,Bộ Trang Điểm[22 Món A2]Đầy Đủ Makeup/Trang Điểm Đi Tiệc/Trang Điểm Cá Nhân Cơ Bản 22 Món A2,388 Đã bán,https://www.lazada.vn/products/pdp-i2414792532.html
Trang điểm,PaNa- Store,190.000 ₫,-43%,108300,(34),4.9,Bộ trang điểm Lameila chuyên nghiệp 8 món,126 Đã bán,https://www.lazada.vn/products/pdp-i1772158719.html
Dụng cụ chăm sóc Sắc đẹp,the gioi vali,130.000 ₫,-24%,98800,,,"Túi đựng đồ makeup da PU mẫu sang trọng,Túi đựng trang điểm đa chức năng,dung tích lớn,tiện dụng với nhiều ngăn",,https://www.lazada.vn/products/pdp-i3062519952.html
Trang điểm,Mỹ Phẩm Thuý Hường,,,,(14),5.0,Sét Trang Điểm [20 món V12] Đầy Đủ Make Up/ Trang điểm đi tiệc/trang điểm cá nhân V12,53 Đã bán,https://www.lazada.vn/products/pdp-i2414723992.html
Dụng cụ chăm sóc Sắc đẹp,Beauty Girl Ghop,65.000 ₫,-34%,42900,(35),5.0,"Túi Xách Nữ RIBHVU, Túi Lưới Đựng Đồ Có Khóa Kéo Túi Du Lịch Túi Đựng Mỹ Phẩm, Trang Điểm Pouch",216 Đã bán,https://www.lazada.vn/products/pdp-i1478601540.html
Dụng cụ chăm sóc Sắc đẹp,PRAZA,99.000 ₫,-30%,69300,(39),5.0,"Túi Hộp Đựng Phụ Kiện, Đồ Trang Điểm, Đồ Dùng Cá Nhân PRAZA - V08",151 Đã bán,https://www.lazada.vn/products/pdp-i2234379158.html
Trường học & văn phòng,Kapmit`S,95.000 ₫,-42%,55100,(1),5.0,"Túi đựng mỹ phẩm, đồ cá nhân, hộp bút học sinh có khoá kéo, tay cầm, đeo tay, hai lớp dày dặn chất liệu da lộn (nhung), canvas dày dặn, polys mềm mại, bông in bông cam đẹp mềm mại trẻ trung Size 22-12-9 Kapun Bag Fashion",16 Đã bán,https://www.lazada.vn/products/pdp-i3138912648.html
Đồ gia dụng chăm sóc cá nhân,Hoá Mỹ Phẩm Mỹ Phương,309.750 ₫,-17%,257092,(11),5.0,Máy sấy tóc Panasonic EH-ND11 1000W - Hàng chính hãng (giao màu ngẫu nhiên),22 Đã bán,https://www.lazada.vn/products/pdp-i3121349190.html
Tủ chứa & Sắp xếp đồ,Nội Thất YTC,590.000 ₫,-25%,442500,(57),5.0,"Hộp Đựng Mỹ Phẩm YTC, Tủ Nhựa Đựng Sản Phẩm Chăm Sóc Da, Khay đựng son, Kệ Mỹ phẩm dụng cụ làm đẹp để bàn trang điểm",203 Đã bán,https://www.lazada.vn/products/pdp-i2278334636.html
Nhập vai Phục trang & Dạ tiệc,Super Toy,198.000 ₫,-49%,100980,(13),5.0,"Bộ đồ chơi trang điểm cho trẻ em – Cô gái mỹ phẩm công chúa xách tay, quà tặng trang sức và thay đồ vui chơi",40 Đã bán,https://www.lazada.vn/products/pdp-i2440766192.html
,CHIRITA,169.000 ₫,-27%,123370,(14),5.0,Bút Màu Acrylic 12/24/36/48/60/80 Màu Sắc Tươi Sáng - Bút Màu Nước Acrylic Vẽ Trên Mọi Chất Liệu Đồ Chơi Cho Trẻ Em / Người Lớn Chirita,,https://www.lazada.vn/products/pdp-i2593086617.html
Phụ kiện,VINTLOOK MALL,17.000 ₫,-35%,11050,(6),5.0,Túi nhiều ngăn đa năng mỹ phẩm đi du lịch vintlook cho đồ vệ sinh cá nhân và trang điểm với nhãn không thấm nước,,https://www.lazada.vn/products/pdp-i3060197149.html
Dụng cụ chăm sóc Sắc đẹp,the gioi vali,95.000 ₫,-41%,56050,(18),5.0,"Túi đựng đồ vệ sinh cá nhân/túi đựng mỹ phẩm,Nhiều ngăn và sức chứa cực lớn",,https://www.lazada.vn/products/pdp-i2822833479.html
Dụng cụ chăm sóc Sắc đẹp,Glory YH314,63.700 ₫,-8%,58604,(27),5.0,"[HCM] Hộp đựng mỹ phẩm để bàn đa năng, hộp để đồ đa năng trong suốt chất liệu nhựa Acrylic -GL314",112 Đã bán,https://www.lazada.vn/products/pdp-i2726362207.html
Dụng cụ chăm sóc Sắc đẹp,Nội Thất YTC,550.000 ₫,-25%,412500,(34),4.9,"Hộp Đựng Mỹ Phẩm YTC 2, 3 tầng bản Cao Cấp -Bộ đựng đồ trang điểm mỹ phẩm không thể thiếu cho Phái Đẹp mới nhất 2024",127 Đã bán,https://www.lazada.vn/products/pdp-i2518144926.html
Tủ chứa & Sắp xếp đồ,Gia Dụng Pk,64.000 ₫,-11%,56960,(33),4.9,"Kệ Đựng Mỹ Phẩm Để Bàn NHIỀU NGĂN LỚN Bằng Nhựa - Khay Đựng Bút Phụ Kiện Học Tập Đa Năng Có Ngăn Kéo Tiện Lợi, hộp nhựa, hộp đựng mỹ phẩm, hộp đựng bút , hộp đựng dồ cá nhân, hộp nhựa mini, hộp để bàn, hộp đựng",102 Đã bán,https://www.lazada.vn/products/pdp-i2234903746.html
Trang điểm,Mỹ Phẩm Thuý Hường,299.000 ₫,-1%,296010,(36),4.8,Bộ Trang Điểm[24 Món E3]Đầy Đủ Makeup/Trang Điểm Đi Tiệc/Trang Điểm Cá Nhân Cơ Bản 24 Món Bộ E3,,https://www.lazada.vn/products/pdp-i2428111239.html
Tủ chứa & Sắp xếp đồ,Nội Thất YTC,400.000 ₫,-30%,280000,(282),4.9,"Hộp Đựng Mỹ Phẩm Đa Năng, Kệ Đựng Đồ Trang Điểm Trong Suốt",1.0K Đã bán,https://www.lazada.vn/products/pdp-i1549138141.html
,Đồ chơi thông minh Alice,100.000 ₫,-15%,85000,(22),5.0,Bút màu Acrylic Marker 12 24 36 48 60 80 cao cấp màu sắc tươi sáng không lem - Bút lông màu,81 Đã bán,https://www.lazada.vn/products/pdp-i2603084748.html
Chăm sóc da mặt,ALPHA COFFEE,103.680 ₫,-48%,53913,(49),4.9,[Cam Kết Hết Mụn Thâm Trong 7 Ngày] Kem Giảm Mụn Cấp Tốc Loại Bỏ Mụn và Vết Thâm Hoàn Toàn Thu Nhỏ Lỗ Chân Lông CYSTIC Acne Giúp Da Láng Mịn Khít Lỗ Chân Lông Kiểm Soát Dầu/25g,154 Đã bán,https://www.lazada.vn/products/pdp-i2661521706.html
Dụng cụ chăm sóc Sắc đẹp,THƯ STORE 99,180.000 ₫,-47%,95400,(72),4.4,Combo mỹ phẩm phụ kiện siêu tiết kiệm nhiều loại 9-13 món,332 Đã bán,https://www.lazada.vn/products/pdp-i2095203747.html
Đồ lót định hình,Mỹ Phẩm Tân Hải,119.000 ₫,-17%,98770,,,Đai dán nịt bụng siết eo định hình giảm mỡ thừa T5,,https://www.lazada.vn/products/pdp-i1919420503.html
Chăm sóc cá nhân,Tuyết An Shop 1989,,,,,,Nước rửa chén Mỹ Hảo 1.5 kg trà xanh và chanh,,https://www.lazada.vn/products/pdp-i2641698306.html
Chăm sóc da mặt,Eifini Fashion,103.640 ₫,-48%,53892,(1),1.0,Kem Giảm Mụn Trứng Cá Mờ Thâm Mờ Rỗ Lỗ Chân Lông To Giúp Căng Bóng Trẻ Hoá Làn Da/25g,8 Đã bán,https://www.lazada.vn/products/pdp-i2661488557.html
Chăm sóc da mặt,CHINH HÃNG - SIÊU THỊ SỨC KHỎE VẺ ĐẸP,100.000 ₫,-45%,55000,(92),5.0,Serum Dưỡng Ẩm Trắng Da Xóa Sạch Thâm Nám Tàn Nhang Ngăn Ngừa Mụn Quay Trở Lại 50ml,342 Đã bán,https://www.lazada.vn/products/pdp-i2541765873.html
Nhập vai Phục trang & Dạ tiệc,ForesightOfficialStore,339.200 ₫,-33%,227264,(26),5.0,Bộ mỹ phẩm đồ chơi trang điểm 33 món không độc hại thích hợp cho bé,108 Đã bán,https://www.lazada.vn/products/pdp-i2395342022.html
Trang điểm,Mỹ Phẩm Thuý Hường,,,,,,Bộ Trang Điểm Makuep Cơ Bản Đầy Đủ 22 Món Z4 Bộ Sản Phẩm Makep Của Nữ Dành Cho Người Mới Tập Trang Điểm Mỹ Phẩm Cosmetic,,https://www.lazada.vn/products/pdp-i2661112253.html
,Great-King,330.000 ₫,-50%,165000,(5),5.0,"DIY Set Tự Làm / Khung tranh đính đá pha lê size 20x25 handmade quà 14/3 tặng người yêu, quà sinh nhật, quà kỉ niệm",10 Đã bán,https://www.lazada.vn/products/pdp-i2621651100.html
Trang điểm,LPTHIENYSHOP,129.800 ₫,-46%,70092,(3),5.0,Bộ Trang Điểm 4 Món Hanru Đầy Đủ Tiện Lợi Cho Người Mới Bắt Đầu,13 Đã bán,https://www.lazada.vn/products/pdp-i2959235342.html
Nhập vai Phục trang & Dạ tiệc,CleverOfficial Store,373.830 ₫,-41%,220559,(21),5.0,⚡Miễn Phí Vận Chuyển⚡Bộ mỹ phẩm đồ chơi trang điểm 33 món không độc hại thích hợp cho bé,94 Đã bán,https://www.lazada.vn/products/pdp-i2424717349.html
Trang điểm,Mỹ Phẩm Thuý Hường,,,,(8),4.3,Bộ Trang Điểm Makuep Cơ Bản Đầy Đủ [12 Món Z5] Bộ Sản Phẩm Makep Của Nữ Dành Cho Người Mới Tập Trang Điểm Mỹ Phẩm Cosmetic,33 Đã bán,https://www.lazada.vn/products/pdp-i2661005914.html
Trang điểm,Hoa Bồ Công Anh Store,99.000 ₫,-30%,69300,(544),4.9,[SALE] Set Trang Điểm PRETTY MAKEUP HANRU 4 Món set trang điểm tiện dụng đa năng cho người mới bắt đầu,1.8K Đã bán,https://www.lazada.vn/products/pdp-i2525214388.html
Trang điểm,LPThienY,132.000 ₫,-47%,69960,(1),5.0,Bộ trang điểm Hanru 4 món đa năng tiện dụng,5 Đã bán,https://www.lazada.vn/products/pdp-i2963726312.html
Trang điểm,Phukienxinh14,109.000 ₫,-46%,58860,(4),5.0,Set Trang Điểm PRETTY MAKEUP MSMEESHU HANRU 4 MÓN,7 Đã bán,https://www.lazada.vn/products/pdp-i2513346987.html
Nhập vai Phục trang & Dạ tiệc,Kho Sỉ 247,,,,,,"Hộp đựng mỹ phẩm để bàn, dạng ngăn kéo, siêu đẹp, siêu sang",,https://www.lazada.vn/products/pdp-i2737611471.html
Chăm sóc da mặt,JAMIZU - Mỹ phẩm Cam Thảo Nhật Bản,222.000 ₫,-37%,139860,(180),5.0,Serum Giảm & Ngừa Mụn Tuổi Dậy Thì JAMIZU Cam Thảo Nhật Bản - Giảm Nhờn Hết Mụn Mờ Thâm Trắng Da 15ml,640 Đã bán,https://www.lazada.vn/products/pdp-i1875029813.html
,Xương Rồng Nhỏ - Đồ chơi trẻ em,161.000 ₫,-49%,82110,(8),4.9,"Bộ Bút Màu  ACRYLIC MARKER Không Phai Mực Vẽ Trên Mọi Chất Liệu ( Vẽ Vải, Giày Dép, Thủy Tinh) Xương Rồng Nhỏ",22 Đã bán,https://www.lazada.vn/products/pdp-i2415515300.html
Trang điểm,Tiệm Quà Của Mi,78.000 ₫,-50%,39000,,,Tron bộ trang điểm 9 món đầy đủ các bước trang điểm/son/kem nền/Phấn mắt/ Má hồng/ Mascara/ Kẻ mắt/ Bấm mi/ chì mày/Bộcọ,,https://www.lazada.vn/products/pdp-i2904658402.html
Trang điểm,EuniceTF,70.000 ₫,-50%,35000,,,Công cụ tiêu sáng cao đôi Stick Stick Natural Matte Makeup Highlighter Natural Cao mũi Đường viền Bắc đẹp Chăm sóc cá nhân Kẹp mắt cá nhân,,https://www.lazada.vn/products/pdp-i2940559793.html
Trang điểm,Shop Mỹ Phẩm BULL Chuyên Sỉ,,,,,,"(S- BBull) Sét Trang Điểm Nvno 8 Món cơ Bản Hàng Nội Địa ,, trang điểm , tiện lợi , sang trọng",,https://www.lazada.vn/products/pdp-i3110245217.html
Trang điểm,SKINCARE_MAKEUP SHOP,310.000 ₫,-50%,155000,,,Bộ trang điểm cá nhân/bộ trang điểm đi tiệc/set makeup/ trọn bộ trang điểm/ bộ makeup cá nhân/ Bộ trang điểm 14 món,,https://www.lazada.vn/products/pdp-i2861534236.html
Dụng cụ chăm sóc Sắc đẹp,LPThienY,21.800 ₫,-50%,10900,,,Bộ cọ trang điểm cá nhân 8 cây tặng kèm túi Zip Vintage,,https://www.lazada.vn/products/pdp-i3069673254.html
Nhập vai Phục trang & Dạ tiệc,hoco_ SUPERSTAR _store,368.200 ₫,-38%,228284,(3),4.0,【🔥siêu rẻ】Bộ mỹ phẩm đồ chơi trang điểm 33 món không độc hại thích hợp cho bé,15 Đã bán,https://www.lazada.vn/products/pdp-i2496153432.html
Trang điểm,SKINCARE_MAKEUP SHOP,290.000 ₫,-50%,145000,(3),3.7,( Tặng bộ cọ 8 món)Trọn bộ trang điểm 12 món đầy đủ cho người mới/ set trang điểm đầy đủ/ bộ makeup cá nhân,7 Đã bán,https://www.lazada.vn/products/pdp-i2861587268.html
Tủ chứa & Sắp xếp đồ,Phụ Kiện Giá Tốt 24H,80.000 ₫,-46%,43200,(20),4.9,"Kệ Đựng Mỹ Phẩm, Remote , Đồ Dùng Đa Năng Cỡ To 4 Ngăn - Rổ Nhựa 4 Ngăn Đựng Đồ Tiện Ích - Khay Nhựa 4 Ngăn  - Khay Đựng Đồ - Khay Bút - Khay Tiện ích 4 Ngăn Nhựa PP Tiện Lợi",69 Đã bán,https://www.lazada.vn/products/pdp-i2418989860.html
,Slayer,138.000 ₫,-50%,69000,,,80/48 Cây Bút màu Marker Lalunavn Touch Cool 2 Đầu tô màu dạ vẽ tranh anime - SÉT BÚT MÀU DẠ KÈM TÚI,,https://www.lazada.vn/products/pdp-i2684072108.html
Trang điểm,PaNa- Store,169.000 ₫,-41%,99710,(6),5.0,Bộ Trang Điểm Cá Nhân 7 đến 9 sản phẩm/ phấn nước lameila/Maccara/son/phấn phủ,32 Đã bán,https://www.lazada.vn/products/pdp-i1968046025.html
Chăm sóc cá nhân,Milan shop hcm,,,,(49),5.0,SET KÍCH TRẮNG TẶNG KÈM MUỖNG TRỘN KEM,244 Đã bán,https://www.lazada.vn/products/pdp-i2259311304.html
Trang điểm,Mỹ Phẩm Thuý Hường,,,,(2),4.5,Bộ Trang Điểm Makuep Cơ Bản Đầy Đủ [22 Món S6] Bộ Sản Phẩm Makep Của Nữ Dành Cho Người Mới Tập Trang Điểm Mỹ Phẩm Cosmetic,15 Đã bán,https://www.lazada.vn/products/pdp-i2661059639.html
Tủ chứa & Sắp xếp đồ,PTNgoc House 3137,92.000 ₫,-50%,46000,(11),4.7,"Hộp Đựng Đồ, Đựng Mỹ Phẩm Để Bàn Có Ngăn Kéo Màu Morandi Phiên Bản Hàn Quốc",160 Đã bán,https://www.lazada.vn/products/pdp-i2030763088.html
Nhập vai Phục trang & Dạ tiệc,HENGHOME Vietnam,170.190 ₫,-44%,95306,(1),5.0,HENGHOME 1 bộ không độc hại cô gái trang điểm đạo cụ trẻ em giả vờ chơi mô phỏng mỹ phẩm đồ chơi Kit với Eyeshadow Palette và son môi Applicator,7 Đã bán,https://www.lazada.vn/products/pdp-i3066444242.html
,Công ty Gấu con,,,,(159),4.9,"[đồ dùng học tập]Màu nước vẽ tranh cho bé  An toàn - không độc hại màu đẹp, mịn, sáng dùng vẽ trên giấy, tô tượng",827 Đã bán,https://www.lazada.vn/products/pdp-i1404636198.html
Tủ chứa & Sắp xếp đồ,PTNgoc House 3137.Selection,42.300 ₫,-29%,30033,(44),5.0,"Khay Đựng Son 24 Ô Trong Suốt, Khay Đựng Son Và Mỹ Phẩm Loại Nhỏ Cùng Cọ Trang Điểm Chất Liệu Mica",205 Đã bán,https://www.lazada.vn/products/pdp-i2703588853.html
Tủ chứa & Sắp xếp đồ,GIA DỤNG SỈ TPHCM,198.000 ₫,-50%,99000,(2),5.0,KỆ TỦ ĐỰNG MỸ PHẨM ĐỒ TRANG ĐIỂM MINI TRONG SUỐT 4 TẦNG TASHUAN - KỆ NHỰA ĐỰNG MỸ PHẨM 4 TẦNG NGĂN KÉO TIỆN DỤNG,20 Đã bán,https://www.lazada.vn/products/pdp-i1983027549.html
Trang điểm,Tiệm Quà Của Mi,70.000 ₫,-50%,35000,,,"Bộ makeup 5 món , bộ trang điểm phấn mắt, má hồng, son môi, mascara, bộ cọ trang điểm",9 Đã bán,https://www.lazada.vn/products/pdp-i2905565289.html
Dụng cụ chăm sóc Sắc đẹp,Tuidonghang.hcm,79.000 ₫,-30%,55300,(47),4.6,Kệ đựng mĩ phẩm đồ trang điểm nhựa để bàn có ngăn kéo tiện lợi,168 Đã bán,https://www.lazada.vn/products/pdp-i2253318618.html
Trang điểm,Hangnga Beauty Store,190.000 ₫,-47%,100700,(6),4.8,"[Bộ 18sp E5] Bộ make up, mỹ phẩm trang điểm, xịt khoá make-up, Kem nền, phấn má, phấn phủ, bộ cọ, tạo khối, che khuyết điểm, kẹp bấm mi, phấn mắt, kem lót, chuốt mi mascara, kẻ mắt, kẻ mày...",27 Đã bán,https://www.lazada.vn/products/pdp-i2685257652.html
Dụng cụ chăm sóc Sắc đẹp,the gioi vali,110.000 ₫,-27%,80300,(43),5.0,"Túi đựng mỹ phẩm thời trang cao cấp,Tùy chỉnh các ngăn đựng đồ,Chất liệu PU chống thấm nước",166 Đã bán,https://www.lazada.vn/products/pdp-i2494753121.html
Tủ chứa & Sắp xếp đồ,DELI LIFESTYLE VIETNAM,260.750 ₫,-43%,148627,(13),4.9,Kệ đựng mỹ phẩm nhựa nhiều tầng để bàn trong suốt Deli kệ đưng đồ trang điểm hộp lưu trữ văn phòng phẩm VS,59 Đã bán,https://www.lazada.vn/products/pdp-i2223652863.html
Dụng cụ chăm sóc Sắc đẹp,GIA DỤNG AN NHIÊN .2702,130.000 ₫,-48%,67600,(13),4.9,Kệ Đựng Mỹ Phẩm Mẫu Mới Cỡ Lớn - Đồ Trang Điểm Để Bàn Xoay 360  Sang Trọng Cao Cấp - Mẫu Mới Cực Đẹp,69 Đã bán,https://www.lazada.vn/products/pdp-i2603139437.html
Dụng cụ chăm sóc Sắc đẹp,A&D MaLL,130.000 ₫,-42%,75400,(3),5.0,Kệ Đựng Mỹ Phẩm Mẫu Mới Cỡ Lớn - Đồ Trang Điểm Để Bàn Xoay 360  Sang Trọng Cao Cấp - Mẫu Mới Cực Đẹp,8 Đã bán,https://www.lazada.vn/products/pdp-i2605442133.html
Tủ chứa & Sắp xếp đồ,Gia Dụng Tiện Ích EzyHome,120.000 ₫,-50%,60000,,,"Kệ Nhựa Đựng Mỹ Phẩm 3 Tầng 2 Ngăn Kéo - Hộp Nhựa Chia Ngăn Đựng Cọ, Son, Vật Dụng Cá Nhân Nhỏ Gọn - Kệ Trang Điểm Mini Tiện Lợi Cho Bàn Trang Điểm",,https://www.lazada.vn/products/pdp-i3116906542.html
Trang điểm,Mỹ Phẩm Thuý Hường,,,,(23),4.7,Bộ Trang Điểm Makuep Cơ Bản Đầy Đủ [24 Món S4] Bộ Sản Phẩm Makep Của Nữ Dành Cho Người Mới Tập Trang Điểm Mỹ Phẩm Cosmetic,85 Đã bán,https://www.lazada.vn/products/pdp-i2661137010.html
Trang điểm,Tiệm Quà Của Mi,398.000 ₫,-50%,199000,(1),5.0,"Bộ trang điểm, bộ makeup ca nhân đầy đủ cho người mới bắt đầu,  bộ quà tặng trang điểm",6 Đã bán,https://www.lazada.vn/products/pdp-i2858172591.html
Tủ chứa & Sắp xếp đồ,Cửa hàng gia dụng tiện ích HCM,129.000 ₫,-26%,95460,(84),4.8,Kệ Đựng Mỹ Phẩm Đồ Trang Điểm Trang Sức 4 Tầng Trong Suốt 3 Ngăn Kéo Tiện Dụng,269 Đã bán,https://www.lazada.vn/products/pdp-i2413115090.html
Dụng cụ chăm sóc Sắc đẹp,Global Merch Park,241.000 ₫,-23%,185570,(102),5.0,Túi Vệ Sinh Da Lớn Dành Cho Du Lịch Nam Nữ Dopp Kit Treo Túi Đựng Mỹ Phẩm Thời Trang Có Dây Kéo Đựng Đồ Đi Du Lịch,361 Đã bán,https://www.lazada.vn/products/pdp-i2796068320.html
Dụng cụ chăm sóc Sắc đẹp,GIA DỤNG SỈ TPHCM,132.000 ₫,-50%,66000,,,KỆ ĐỰNG MỸ PHẨM CỌ TRANG ĐIỂM 5 NGĂN XOAY 360 ĐỘ TIỆN LỢI PHONG CÁCH HÀN QUỐC XINH XẮN. ỐNG ĐỰNG BÚT ĐỒ DÙNG HỌC TẬP ĐỂ BÀN ĐA NĂNG,,https://www.lazada.vn/products/pdp-i3102607996.html
Trang điểm,PaNa- Store,189.000 ₫,-39%,115290,(76),4.8,Bộ Trang Điểm Dành Cho Người Mới Tập Make Up/Trang Điểm Cá Nhân,322 Đã bán,https://www.lazada.vn/products/pdp-i1979447362.html
Trang điểm,Mỹ Phẩm Thuý Hường,,,,(2),5.0,Bộ Trang Điểm[12 Món Y7]Đầy Đủ Makeup/Trang Điểm Đi Tiệc/Trang Điểm Cá Nhân Cơ Bản 12 Món,13 Đã bán,https://www.lazada.vn/products/pdp-i2628280319.html
Trang điểm,LPShop01,134.000 ₫,-48%,69680,(3),5.0,"Full Box - Set Trang Điểm HANRU 4 Món Tiện Dụng, Đầy Đủ, Cơ Bản Cho Người Mới Bắt Đầu",9 Đã bán,https://www.lazada.vn/products/pdp-i2965101592.html
Dụng cụ chăm sóc Sắc đẹp,THẾ GIỚI DÉP LÔNG 1992,99.000 ₫,-20%,79200,(4),5.0,"Túi hộp đựng mỹ phẩm, đồ trang điểm hộp đứng cứng ko gấp gọn được",29 Đã bán,https://www.lazada.vn/products/pdp-i2376356125.html
Dụng cụ chăm sóc Sắc đẹp,GIA DỤNG AN NHIÊN .2702,,,,,,"Tủ Đựng Mỹ Phẩm 4 Tầng HOKORI Cao Cấp Nhựa Việt Nhật, Kệ Đựng Mỹ Phẩm, Đồ Trang Điểm",,https://www.lazada.vn/products/pdp-i2542625046.html
Dụng cụ chăm sóc Sắc đẹp,SIANDO,49.000 ₫,-19%,39690,(1),5.0,Túi đựng mỹ phẩm Washbag 3 màu 3 size đựng đồ cá nhân đồ trang điểm chống thấm nước SIANDO TCN01,5 Đã bán,https://www.lazada.vn/products/pdp-i2956487446.html
Dụng cụ chăm sóc Sắc đẹp,My MiNail,,,,(15),4.7,Cốp nhôm 2 tầng đựng đồ trang điểm 32x26x21 Nail mi.phun xăm .make up,72 Đã bán,https://www.lazada.vn/products/pdp-i1468509050.html
Trang điểm,Mỹ Phẩm Thuý Hường,,,,(23),5.0,Bộ trang điểm đầy đủ [10 món X3]  cơ bản set trang điểm cá nhân bộ makeup nhẹ nhàng đi chơi cho nàng Hatola Bộ X3,96 Đã bán,https://www.lazada.vn/products/pdp-i2495571086.html
Tủ chứa & Sắp xếp đồ,Phụ Kiện Giá Tốt 24H,52.000 ₫,-39%,31720,(8),4.9,"Rổ Nhựa 4 Ngăn Đựng Đồ Tiện Dụng - Kệ Đựng Mỹ Phẩm, Remote , Đồ Dùng Đa Năng - Khay Nhựa - Khay Đựng Đồ 4 Ngăn - Khay Đựng Bút - Khay Tiện ích 4 Ngăn Nhựa PP Tiện Lợi",36 Đã bán,https://www.lazada.vn/products/pdp-i2419127031.html
,Happy Babys - Đồ chơi cho bé,150.000 ₫,-34%,99000,(26),5.0,Bút Màu Acrylic Marker bảng nâng cấp 12/24/36/48/60/80 tăng thêm 50% lượng mưc,100 Đã bán,https://www.lazada.vn/products/pdp-i2576812409.html
quà tặng & Gói quà,THƯ STORE 99,,,,(17),5.0,"HỘP QUÀ TẶNG NGÀY LỄ, SET QUÀ KỈ NIỆM MAKEUP GỒM 3 SON + NƯỚC HOA + PHẤN MÁ + KEM NỀN + GẤU XINH",69 Đã bán,https://www.lazada.vn/products/pdp-i2540437482.html
Dụng cụ chăm sóc Sắc đẹp,Global Merch Park,267.000 ₫,-23%,205590,(4),5.0,Hộp Đựng Đồ Trang Điểm Dung Tích Lớn 3 Lớp - Hộp Đựng Mỹ Phẩm Bằng Nhựa Để Chăm Sóc Da Bảng Phấn Mắt Son Môi,45 Đã bán,https://www.lazada.vn/products/pdp-i2750700680.html
Trang điểm,Mỹ Phẩm Thuý Hường,,,,(17),4.8,Bộ Trang Điểm Đầy Đủ Chính Hãng Bộ Makeup [14 Món E2] Cho Người Mới - Lamelia 14 Sản Phẩm Bộ E2,55 Đã bán,https://www.lazada.vn/products/pdp-i2427059118.html
Dụng cụ chăm sóc Sắc đẹp,Shoponline24h.(Sơn Liễu).,,,,,,Túi đựng mỹ phẩm đồ cá nhân chia nhiều ngăn tiện lợi bằng vải khoá kéo chắc chắn thiết kế thời trang dễ dàng mang đi,,https://www.lazada.vn/products/pdp-i3139754401.html
Trang điểm,PaNa- Store,319.000 ₫,-48%,165880,(296),4.9,HOÀN TIỀN 15% - Trọn bộ 15 món trang điểm Lameila/ combo makeup/son/kem nền,885 Đã bán,https://www.lazada.vn/products/pdp-i2197672582.html
Trang điểm,PaNa- Store,149.000 ₫,-42%,86420,(332),4.8,HOÀN TIỀN 15% - Bộ trang điểm Lameila 7 đến 8 món (Chính Hãng),1.5K Đã bán,https://www.lazada.vn/products/pdp-i1651160228.html
,Shop đồ chơi trẻ em Kim Long,,,,,,Bút lông Màu Acrylic Marker / Bộ màu 12 24 36 48 60 80 màu Vẽ Được Trên Nhiều Chất Liệu - Đồ Chơi Mỹ Thuật SẴN HCM,,https://www.lazada.vn/products/pdp-i3178264593.html
Trang điểm,Mỹ Phẩm Thuý Hường,,,,(12),5.0,[ Bộ trang điểm] 27 Món [V5] Bộ sản phẩm  trang điểm MAKEUP  gồm 27 món (V5) đa năng tiện dụng Dành cho người mới tầm makeup [chính hãng],30 Đã bán,https://www.lazada.vn/products/pdp-i2584394827.html
Vali và Túi du lịch đa năng,KH360,24.000 ₫,-21%,18960,(3),5.0,Bộ chiết mỹ phẩm 5 món - Hàn Quốc,27 Đã bán,https://www.lazada.vn/products/pdp-i1272188816.html
Dụng cụ chăm sóc Sắc đẹp,Cikmi store,173.714 ₫,-26%,128548,(6),5.0,Cốp Đựng Mỹ Phẩm Vật liệu Da Túi trang điểm dung tích lớn có gương LED Thông Minh Đựng Mỹ Phẩm Túi đựng đồ makeup,30 Đã bán,https://www.lazada.vn/products/pdp-i2885285884.html
Trang điểm,Mỹ Phẩm Thuý Hường,,,,(132),4.9,Bộ Trang Điểm/Bộ trang điểm Đầy Đủ Chính Hãng Cho Người Mới [Bộ 22 món E5] - Lamelia 22 Sản Phẩm Bộ E5,451 Đã bán,https://www.lazada.vn/products/pdp-i2421570043.html
Tủ chứa & Sắp xếp đồ,Gia Dụng Pk,76.000 ₫,-15%,64600,(2),5.0,"Hộp đựng cọ trang điểm 2959 - hộp đựng cọ có nắp kín chống ẩm mốc bụi bẩn, hộp dựng cọ trang điểm, hộp đựng mỹ phẩm, hộp đựng có nắp, hộp đựng trang sức",6 Đã bán,https://www.lazada.vn/products/pdp-i3027359155.html
Tủ chứa & Sắp xếp đồ,Nội Thất YTC,550.000 ₫,-41%,324500,(595),4.9,"Kệ Đựng Mỹ Phẩm YTC Cao Cấp Nhập Khẩu, Chống Bụi Chống Nước Siêu Đẹp",2.3K Đã bán,https://www.lazada.vn/products/pdp-i1541343214.html
Dụng cụ chăm sóc Sắc đẹp,Zest Shop,77.000 ₫,-44%,43120,,,Dung lượng lớn Hộp đựng mỹ phẩm cầm tay Da PU Di động Túi đựng mỹ phẩm hình gối Thời trang Đa chức năng Túi đựng đồ vệ sinh du lịch Phụ nữ,,https://www.lazada.vn/products/pdp-i3178106834.html
Tủ chứa & Sắp xếp đồ,Bonjure Beauty,159.000 ₫,-22%,124020,(27),5.0,"YONUO  hộp lưu trữ để bàn, bàn trang điểm, hộp sắp xếp mặt nạ mỹ phẩm, hộp trong suốt, cọ trang điểm gia dụng và hộp lưu trữ phồng",90 Đã bán,https://www.lazada.vn/products/pdp-i2561586529.html
Dụng cụ chăm sóc Sắc đẹp,Shop hàng khuyến mãi Nguyễn Quý,35.000 ₫,-46%,18900,(10),4.9,Túi đựng mỹ phẩm Túi đựng mỹ phẩm Túi đựng đồ tiện ích nhựa dẻo trong suốt,44 Đã bán,https://www.lazada.vn/products/pdp-i2488469341.html
Trang điểm,Mỹ Phẩm Thuý Hường,,,,(6),4.8,Bộ Trang Điểm[12 Món Y5]Đầy Đủ Makeup/Trang Điểm Đi Tiệc/Trang Điểm Cá Nhân Cơ Bản 12 Món,18 Đã bán,https://www.lazada.vn/products/pdp-i2628294302.html
Nhập vai Phục trang & Dạ tiệc,SpeedOfficialStore,307.100 ₫,-13%,267177,(4),5.0,"Bộ Dụng Cụ Làm Đẹp Mỹ Phẩm Cho Trẻ Em 17 Chiếc, Bộ Hộp Trang Điểm Không Độc Hại Bộ Quà Tặng Sinh Nhật Cho Bé Gái, Bộ Trang Điểm Cho Trẻ Em, Bộ Trang Điểm Cho Trẻ Em, Đồ Chơi Trang Điểm Cho Bé Gái,",12 Đã bán,https://www.lazada.vn/products/pdp-i2391300572.html
Tủ chứa & Sắp xếp đồ,Bonjure Beauty,222.000 ₫,-47%,117660,(35),4.8,"YONUO  Kệ đựng mỹ phẩm Hộp lưu trữ máy tính để bàn, ngăn kéo lưu trữ, Tủ lưu trữ nhiều lớp, lưu trữ mỹ phẩm, hộp trang sức, hộp sắp xếp đa chức năng, hộp lưu trữ văn phòng phẩm, Kệ mỹ phẩm",99 Đã bán,https://www.lazada.vn/products/pdp-i2549394533.html
Phụ kiện,VINTLOOK MALL,17.000 ₫,-35%,11050,(6),5.0,Túi nhiều ngăn đa năng mỹ phẩm đi du lịch vintlook cho đồ vệ sinh cá nhân và trang điểm với nhãn không thấm nước,21 Đã bán,https://www.lazada.vn/products/pdp-i3060197149.html
Tủ chứa & Sắp xếp đồ,Forest Home,279.998 ₫,-36%,179198,,,"Hộp Bảo Quản Mỹ Phẩm, Hộp Đựng Mỹ Phẩm Đa Năng Dung Tích Lớn, xoay 360 Hộp đựng mỹ",,https://www.lazada.vn/products/pdp-i3179423086.html
Dụng cụ chăm sóc Sắc đẹp,GIA DỤNG SỈ TPHCM,190.000 ₫,-50%,95000,(7),4.6,TỦ GỖ ĐỰNG MỸ PHẨM CÓ GƯƠNG TRANG ĐIỂM HÌNH TAI MÈO SIÊU XINH - KỆ ĐỰNG MỸ PHẨM ĐỒ MAKEUP NHIỀU NGĂN BẰNG GỖ THƠM CAO CẤP CÓ THỂ XẾP GỌN ĐƯỢC - MẪU MỚI 2022,44 Đã bán,https://www.lazada.vn/products/pdp-i1582041606.html
,Vpp.thudo,,,,(35),4.8,Bút sơn Uni paint PX 20,503 Đã bán,https://www.lazada.vn/products/pdp-i909268460.html
,,,,,,,bộ trang điểm,,https://www.lazada.vn/products/pdp-i2951103470.html
,,,,,,,"Bộ Trang Điểm Đầy Đủ 8 Món Set Trang Điểm Makeup Từ A-Z Đi Tiệc Đi Chơi Đi Làm MICOMI Cosmetics Kem Nền, Phấn Phủ, Phấn Mắt, Mascara, Chì Kẻ Mày, Kẻ Mắt, Son Môi",53 Đã bán,https://www.lazada.vn/products/pdp-i1906679078.html
Dụng cụ chăm sóc Sắc đẹp,X-DECOR HCM,30.000 ₫,-47%,15900,,,"Bộ Cọ Trang Điểm Du Lịch Mini 8 Món Tặng Túi Zip, Set 8 Cây Cọ Trang Điểm Lông Dày Mịn Êm",,https://www.lazada.vn/products/pdp-i3060300330.html
Dụng cụ chăm sóc Sắc đẹp,SHINE TORE SHOP,90.000 ₫,-50%,45000,(1),5.0,"Túi đựng đồ cá nhân , túi phụ kiên cá nhân , túi đựng đồ trang điểm DA cao cấp SHINE TORE ST-273",,https://www.lazada.vn/products/pdp-i2892794970.html
Dụng cụ chăm sóc Sắc đẹp,MIGE.HOME,91.000 ₫,-30%,63700,,,"Bộ cọ trang điểm cầm tay 10 món có hộp đựng, bao gồm nhiều loại cọ trang điểm chuyên nghiệp",,https://www.lazada.vn/products/pdp-i3083815446.html
Tủ chứa & Sắp xếp đồ,Forest Home,252.199 ₫,-23%,194193,,,"Kệ Đựng Mỹ Phẩm, Đồ Trang Điểm, Kệ Nhựa Đựng Đồ Đa Năng Nhiều Tầng loại ngăn kéo Hộp đựng mỹ phẩm",,https://www.lazada.vn/products/pdp-i3179343536.html
Tủ chứa & Sắp xếp đồ,Gia Dụng Pk,140.000 ₫,-22%,109200,(37),4.7,"Kệ Nhiều Tầng Đựng Mĩ Phẩm Đồ Makeup Sơn Móng Tay Phấn Mắt 4/5/6 tầng Trang Điểm Gọn Gàng Decor, hộp đựng bút, hộp đựng sticker, hộp đựng mỹ phẩm, hộp để bàn trang trí , hộp , tủ nhựa, kệ đựng mỹ phẩm, kệ đựng min",135 Đã bán,https://www.lazada.vn/products/pdp-i2467376714.html
Dụng cụ chăm sóc Sắc đẹp,Akii Home,60.000 ₫,-35%,39000,(4),5.0,"Túi đựng mỹ phẩm chất liệu PVC mờ+da PU cao cấp, túi đựng đồ trang điểm di động Akii Home TD31",15 Đã bán,https://www.lazada.vn/products/pdp-i2834705110.html
Dụng cụ chăm sóc Sắc đẹp,TI DO,,,,(1),5.0,"Túi Đựng Đồ Trang Điểm 4in1 Có Thể Tháo Dời, Túi Du Lịch Đa Năng Gấp Gọn Nhiều Ngăn Thiết Kế Dạng Lưới TIDO, TIDO",,https://www.lazada.vn/products/pdp-i2492390308.html
Dụng cụ chăm sóc Sắc đẹp,HNKMP Vietnam,43.861 ₫,-44%,24562,,,HNKMP Hộp đựng bút chì nơ đen đơn giản phong cách Ins Túi đựng bút chì dung tích lớn Túi đựng mỹ phẩm túi đựng văn phòng phẩm đồ dùng học tập,,https://www.lazada.vn/products/pdp-i3176537297.html
Đồ gia dụng chăm sóc cá nhân,Hoá Mỹ Phẩm Mỹ Phương,309.750 ₫,-17%,257092,(11),5.0,Máy sấy tóc Panasonic EH-ND11 1000W - Hàng chính hãng (giao màu ngẫu nhiên),22 Đã bán,https://www.lazada.vn/products/pdp-i3121349190.html
Dụng cụ chăm sóc Sắc đẹp,Chigoo,528.000 ₫,-43%,300960,(20),5.0,Chigoo Túi đựng mỹ phẩm led túi đựng đồ makeup túi đựng đồ trang điểm túi đựng mĩ phẩm có gương hộp đựng mỹ phẩm có nắp,124 Đã bán,https://www.lazada.vn/products/pdp-i2806442679.html
Dụng cụ chăm sóc Sắc đẹp,Gia dụng Tuki248,50.000 ₫,-30%,35000,(4),5.0,"Túi đựng mỹ phẩm, đồ trang điểm chống thấm nước, họa tiết dễ thương",12 Đã bán,https://www.lazada.vn/products/pdp-i2519532094.html
Trang điểm,PaNa- Store,190.000 ₫,-43%,108300,(34),4.9,Bộ trang điểm Lameila chuyên nghiệp 8 món,126 Đã bán,https://www.lazada.vn/products/pdp-i1772158719.html
Dụng cụ chăm sóc Sắc đẹp,Vega365,75.000 ₫,-27%,54750,,,"Túi Đựng Mỹ Phẩm, Đồ Trang Điểm 2 Tầng Bằng Vải Lưới Nhẹ Gọn, Dễ Giặt Vệ Sinh Tiện Dụng",,https://www.lazada.vn/products/pdp-i3096516102.html
Dụng cụ chăm sóc Sắc đẹp,Gia dụng Tuki248,60.000 ₫,-30%,42000,(3),5.0,"Khay nhựa 3 tầng đựng mỹ phẩm, đựng đồ đa năng",13 Đã bán,https://www.lazada.vn/products/pdp-i2517774664.html
Trang điểm,Mỹ Phẩm Thuý Hường,,,,(18),4.5,Bộ Trang Điểm [8 Món ] Xinh Xắn Lameila Dành Cho Người Mới Tập Makuep(Chính Hãng) Bộ 8 món xinh xắn,57 Đã bán,https://www.lazada.vn/products/pdp-i2427027901.html
Trang điểm,Mỹ Phẩm Thuý Hường,,,,(29),4.7,Bộ Trang Điểm[12 Món C10]Đầy Đủ Makeup/Trang Điểm Đi Tiệc/Trang Điểm Cá Nhân Cơ Bản 12 Món C10,129 Đã bán,https://www.lazada.vn/products/pdp-i2428204001.html
Trang điểm,Mỹ Phẩm Thuý Hường,,,,(6),4.8,Bộ Trang Điểm[10 Món X7]Đầy Đủ Makeup/Trang Điểm Đi Tiệc/Trang Điểm Cá Nhân Cơ Bản 10 Món X7,21 Đã bán,https://www.lazada.vn/products/pdp-i2605407088.html
Trang điểm,Mỹ Phẩm Thuý Hường,,,,(46),4.5,Bộ Trang Điểm[21 Món A1]Đầy Đủ Makeup/Trang Điểm Đi Tiệc/Trang Điểm Cá Nhân Cơ Bản Bộ 22 món A1,134 Đã bán,https://www.lazada.vn/products/pdp-i2421514401.html
Dụng cụ chăm sóc Sắc đẹp,SHI WORKSHOP,310.000 ₫,-50%,155000,(63),4.9,[HCM](LOẠI ĐẸP) KỆ MỸ PHẨM TRONG SUỐT XOAY 360 ĐỘ CAO CẤP - TỦ ĐỰNG ĐỒ TRANG ĐIỂM HÌNH TRỤ CÓ KHAY ĐỂ SON TIỆN LỢI - KHAY ĐỰNG MỸ PHẨM ĐỂ BÀN CÓ THỂ XẾP GỌN ĐƯỢC,317 Đã bán,https://www.lazada.vn/products/pdp-i1331133022.html
Trang điểm,Global Joy,82.000 ₫,-30%,57400,(53),5.0,4 Màu Phấn Má Hồng Bộ Matte Má Trang Điểm Tông Màu Ấm Áp Làm Đẹp Da Mặt Mỹ Phẩm Ngọt Hỗn Hợp Má Hồng Cho Mặt,455 Đã bán,https://www.lazada.vn/products/pdp-i2455466552.html
Trang điểm,Mỹ Phẩm Thuý Hường,,,,(106),4.7,Bộ Trang Điểm[22 Món A2]Đầy Đủ Makeup/Trang Điểm Đi Tiệc/Trang Điểm Cá Nhân Cơ Bản 22 Món A2,388 Đã bán,https://www.lazada.vn/products/pdp-i2414792532.html
,HUGI KIDS - ĐỒ XINH CHO BÉ,200.000 ₫,-23%,154000,(143),5.0,Bút Lông Màu Acrylic Marker (Loại tốt) vẽ lên mọi chất liệu mực tươi đều và đậm,548 Đã bán,https://www.lazada.vn/products/pdp-i2557417530.html
Tủ chứa & Sắp xếp đồ,Global Merch Park,133.000 ₫,-31%,91770,(104),5.0,Hộp Đựng Mỹ Phẩm Trong Suốt Acrylic Hộp Đựng Đồ Trang Điểm Có 3 Ngăn Cho Tăm Bông & Miếng Đệm Để Bàn Nhựa Thân Thiện Với Môi Trường,67 Đã bán,https://www.lazada.vn/products/pdp-i2562415377.html
Trang điểm,Mỹ Phẩm Thuý Hường,,,,(3),5.0,Bộ Trang Điểm[12 Món] F2 Đầy Đủ Makeup/Trang Điểm Đi Tiệc/Trang Điểm Cá Nhân Cơ Bản 12 Món Bộ F2,7 Đã bán,https://www.lazada.vn/products/pdp-i2579557561.html
Trang điểm,Mỹ Phẩm Thuý Hường,,,,(15),4.7,Bộ Trang Điểm[22 Món Y1 ]Đầy Đủ Makeup/Trang Điểm Đi Tiệc/Trang Điểm Cá Nhân Cơ Bản 22 Món Y1,31 Đã bán,https://www.lazada.vn/products/pdp-i2617260629.html
Dụng cụ chăm sóc Sắc đẹp,Qiyue.STORY,90.300 ₫,-28%,65016,(6),5.0,"Túi đựng đồ trang điểm lưới thanh lịch Túi đựng mỹ phẩm trong suốt - Túi đựng đồ trang điểm nhẹ, thoáng khí và di động để đựng son môi và đồ dùng vệ sinh cá nhân",20 Đã bán,https://www.lazada.vn/products/pdp-i3013872263.html
Dụng cụ chăm sóc Sắc đẹp,sfsdgui,30.000 ₫,-33%,20100,(8),5.0,Jiangzhib mỹ phẩm chuyên nghiệp ĐỆM PHỒNG dụng cụ trang điểm,49 Đã bán,https://www.lazada.vn/products/pdp-i3076638758.html
,CHIRITA,129.000 ₫,-31%,89010,(14),5.0,Bút Màu Acrylic 12/24/36/48/60/80 Màu Sắc Tươi Sáng - Bút Màu Nước Acrylic Vẽ Trên Mọi Chất Liệu Đồ Chơi Cho Trẻ Em / Người Lớn Chirita,83 Đã bán,https://www.lazada.vn/products/pdp-i2593086617.html
Trang điểm,Shop Lu Lu,95.000 ₫,-12%,83600,,,"(LL) Bộ Trang Điểm ADS Đủ Bộ 40 món Full Hộp , Tiện Lợi , Kiểu dáng thanh lịch, thiết kế nhỏ gọn, dễ dàng mang theo.",,https://www.lazada.vn/products/pdp-i2768447264.html
Nhập vai Phục trang & Dạ tiệc,JOYNCLEON Shopping Mall,319.000 ₫,-49%,162690,,,"Joyncleon an toàn trẻ em Bộ trang điểm, chơi giả vờ Bộ mỹ phẩm cho trẻ em gái, món quà sinh nhật",,https://www.lazada.vn/products/pdp-i3165110390.html
Nhập vai Phục trang & Dạ tiệc,DoQuyenBooks,,,,,,Sách Trang điểm Lily - Công chúa cổ tích (Tô màu và bóc dán hơn 100+ stickers sáng tạo) cho bé gái,,https://www.lazada.vn/products/pdp-i3060957358.html
Nhập vai Phục trang & Dạ tiệc,DoQuyenBooks,,,,(1),5.0,Sách Trang điểm Công chúa Hàn Quốc Yuna (Tô màu và bóc dán hơn 100+ stickers sáng tạo) cho bé gái,6 Đã bán,https://www.lazada.vn/products/pdp-i3061023023.html
Dụng cụ chăm sóc Sắc đẹp,Newstart Store,106.950 ₫,-35%,69517,(8),4.8,"Túi trang điểm dung lượng lớn, giá trị cao, túi đựng đồ rửa mặt du lịch tách khô và ướt đa chức năng -Newstart",51 Đã bán,https://www.lazada.vn/products/pdp-i2589166657.html
Nhập vai Phục trang & Dạ tiệc,GlobalTechMart,719.000 ₫,-23%,553630,(1),5.0,49 Chiếc Trẻ Em Trang Điểm Cho Bé Gái Có Hộp Đựng Mỹ Phẩm Có Thể Giặt Thật Trang Điểm Quà Tặng Sinh Nhật Cho Bé Gái Từ 3-12 Tuổi,118 Đã bán,https://www.lazada.vn/products/pdp-i2892456656.html
Dụng cụ chăm sóc Sắc đẹp,onuobao,45.968 ₫,-41%,27121,(75),4.9,"Onuobao Bộ 5 túi đựng mỹ phẩm trang điểm thiết kế lưới đen sức chứa lớn tiện lợi cho nữ (Sản phẩm có nhiều phiên bản lựa chọn, vui lòng chọn đúng sản phẩm cần mua) - INTL",806 Đã bán,https://www.lazada.vn/products/pdp-i1330504148.html
Trang điểm,Mỹ Phẩm Thuý Hường,,,,(480),4.8,Bộ Trang Điểm[12 Món X4]Đầy Đủ Makeup/Trang Điểm Đi Tiệc/Trang Điểm Cá Nhân Cơ Bản [12 Món X4],1.6K Đã bán,https://www.lazada.vn/products/pdp-i2495559111.html
,LantuMall,22.000 ₫,-32%,14960,(13),5.0,Văn phòng phẩm dành cho sinh viên Bộ Hộp Quà Tặng Sanrio phim hoạt hình văn phòng phẩm 6 bộ chi tiết đồ dùng học tập wj619,59 Đã bán,https://www.lazada.vn/products/pdp-i2807320068.html
Chăm sóc da mặt,Xưởng Đồ Bộ Store,95.000 ₫,-48%,49400,(1),5.0,Kem chống nắng Hemia nâng tone trắng da kiềm dầu cho da dầu mụn da khô da nhạy cảm chính hãng Hàn Quốc 50ml .!a.,,https://www.lazada.vn/products/pdp-i3001958561.html
Dụng cụ chăm sóc Sắc đẹp,kittenBaby Vietnam,109.904 ₫,-44%,61546,(3),5.0,kittenBaby 3 lớp công suất lớn hộp lưu trữ có thể gập lại đa chức năng nhựa xách tay trang điểm kẹp tóc Organizer Nail Art hộp đồ trang sức,15 Đã bán,https://www.lazada.vn/products/pdp-i2928683989.html
Tủ chứa & Sắp xếp đồ,BÁN GÌ RẺ THẾ,120.000 ₫,-49%,61200,(41),4.7,"Kệ Nhựa Đựng Mỹ Phẩm Có 2 Ngăn Kéo 3 Tầng Bền Đẹp / Kệ Đựng Mỹ Phẩm , Kệ Để Đồ Trang Điểm Mini 3 Tầng Đa Năng Nhiều Ô Tiện Ích Có Ngăn Kéo",140 Đã bán,https://www.lazada.vn/products/pdp-i2215549169.html
Dụng cụ chăm sóc Sắc đẹp,Beauty Girl Ghop,65.000 ₫,-34%,42900,(35),5.0,"Túi Xách Nữ RIBHVU, Túi Lưới Đựng Đồ Có Khóa Kéo Túi Du Lịch Túi Đựng Mỹ Phẩm, Trang Điểm Pouch",216 Đã bán,https://www.lazada.vn/products/pdp-i1478601540.html
Dụng cụ chăm sóc Sắc đẹp,Alice Mart,8.000 ₫,-44%,4480,(59),4.7,[ Freeship ] Set 4 Bông Mút Trang Điểm Kèm Hộp Đựng Xinh Xắn - Hộp 4 mút tán kem nền mút trang điểm mềm mại hình giọt nước siêu tiện dụng,247 Đã bán,https://www.lazada.vn/products/pdp-i2015542005.html
Chăm sóc da mặt,ddddVN.Selection,36.000 ₫,-44%,20160,(137),4.9,VIBRANT GLAMOUR Tinh Chất Hyaluronic Acid Chống Lão Hóa Se Khít Lỗ Chân Lông Làm Trắng Dưỡng Ẩm Giảm Nếp Nhăn 15ml,499 Đã bán,https://www.lazada.vn/products/pdp-i2472497556.html
Chăm sóc da mặt,AstarShop.Selection,37.000 ₫,-29%,26270,(28),5.0,Tinh Chất Làm Trắng Dưỡng Ẩm Kiểm Soát Dầu Se Khít Lỗ Chân Lông Chống Lão Hóa 15ml,109 Đã bán,https://www.lazada.vn/products/pdp-i2623572686.html
Đồ gia dụng chăm sóc cá nhân,Shop Mỹ Phẩm BULL Chuyên Sỉ,165.000 ₫,-18%,135300,(2),5.0,"(S- BBull) Hộp 30V Khử Tan Mỡ Detoxi Thái Lan Giảm Cân, giảm thèm ăn hiệu quả",12 Đã bán,https://www.lazada.vn/products/pdp-i3137169965.html
Chăm sóc da mặt,Unilever Chăm Sóc Vẻ Đẹp,281.000 ₫,-19%,227610,(3332),5.0,[VC 15% tối đa 80K đơn 399K] Combo 2 Sữa rửa mặt Simple lành tính sạch thoáng - cho da nhạy cảm 150ml/chai [CHÍNH HÃNG ĐỘC QUYỀN] [DIỆN MẠO MỚI],17.5K Đã bán,https://www.lazada.vn/products/pdp-i2219322659.html
Đồ dùng làm vườn,Kho Phân Thuốc Vật Tư Cây Cảnh,,,,(12),5.0,Phân bón tận chậm hạt vàng Osmocote 14-14-14 nhập khẩu Mỹ gói 200g,43 Đã bán,https://www.lazada.vn/products/pdp-i1699382852.html
Chăm sóc da mặt,ALPHA COFFEE,103.680 ₫,-48%,53913,(49),4.9,[Cam Kết Hết Mụn Thâm Trong 7 Ngày] Kem Giảm Mụn Cấp Tốc Loại Bỏ Mụn và Vết Thâm Hoàn Toàn Thu Nhỏ Lỗ Chân Lông CYSTIC Acne Giúp Da Láng Mịn Khít Lỗ Chân Lông Kiểm Soát Dầu/25g,155 Đã bán,https://www.lazada.vn/products/pdp-i2661521706.html
Chăm sóc da mặt,Landnn,,,,(26),5.0,"SERUM Trắng Da, Ngừa Mụn Senana 15ml Trẻ Hóa Da, Kiểm Soát Dầu, Dưỡng Ẩm",243 Đã bán,https://www.lazada.vn/products/pdp-i2358911037.html
Nhập vai Phục trang & Dạ tiệc,Hoa Hướng Dương Store,140.000 ₫,-46%,75600,(9),5.0,Bộ Phấn Trang Điểm Make Up Kit A.D.S - Trang Điểm Bột Hộp Trang Điểm Bộ Sinh Viên Trang Điểm Set Full,39 Đã bán,https://www.lazada.vn/products/pdp-i2607865903.html
Trang điểm,Huyền Anh Shop 3,,,,(10),5.0,Set mỹ phẩm trang điểm Hanru 4 món tiện dụng,32 Đã bán,https://www.lazada.vn/products/pdp-i2812788555.html
Thiết bị thể thao & hoạt động ngoài trời,Đồ câu chất lượng cao,,,,(45),4.7,Cước câu cá TRILENE 500M HÀNG MỸ,222 Đã bán,https://www.lazada.vn/products/pdp-i1446952665.html
,Tạp Hóa Mỹ Kỳ,200.000 ₫,-37%,126000,(17),4.9,Ba chỉ bò mỹ cuộn Sịn 500gr (giao tphc),102 Đã bán,https://www.lazada.vn/products/pdp-i1711791670.html
,ĐỒ DÙNG HỌC TẬP LEEQUEEN,39.000 ₫,-8%,35880,(202),5.0,Ống 12-18-24-36 Cây Bút Sáp Màu Hữu Cơ An Toàn Cho Bé,820 Đã bán,https://www.lazada.vn/products/pdp-i2229990331.html
Chăm sóc da mặt,YoonnaShop,58.000 ₫,-21%,45820,(1758),4.9,SERUM Trắng Da Ngừa Mụn Senana 15ml Trẻ Hóa Da Kiểm Soát Dầu Dưỡng Ẩm,10.7K Đã bán,https://www.lazada.vn/products/pdp-i1729938188.html
Chăm sóc da mặt,CHINH HÃNG - SIÊU THỊ SỨC KHỎE VẺ ĐẸP,100.000 ₫,-45%,55000,(92),5.0,Serum Dưỡng Ẩm Trắng Da Xóa Sạch Thâm Nám Tàn Nhang Ngăn Ngừa Mụn Quay Trở Lại 50ml,348 Đã bán,https://www.lazada.vn/products/pdp-i2541765873.html
Nhập vai Phục trang & Dạ tiệc,nxMNtxBu,,,,,,bộ trang điểm,,https://www.lazada.vn/products/pdp-i2951103470.html
Nhập vai Phục trang & Dạ tiệc,Toyfun-VN,163.000 ₫,-11%,145070,(35),5.0,Bộ đồ chơi mỹ phẩm dụng cụ trang điểm 33 món không độc hại chất liệu an toàn thích hợp cho bé,129 Đã bán,https://www.lazada.vn/products/pdp-i2721530947.html
Chăm sóc da mặt,TI DO,,,,(141),4.9,"Gel Nha Đam dưỡng ẩm 98% SIMU MMEI'R 300ml - Gel Lô Hội nội địa Trung dưỡng da, cấp ẩm cho da mặt TIDO",1.1K Đã bán,https://www.lazada.vn/products/pdp-i1958720265.html
Chăm sóc da mặt,Eifini Fashion,103.640 ₫,-48%,53892,(1),1.0,Kem Giảm Mụn Trứng Cá Mờ Thâm Mờ Rỗ Lỗ Chân Lông To Giúp Căng Bóng Trẻ Hoá Làn Da/25g,8 Đã bán,https://www.lazada.vn/products/pdp-i2661488557.html
Trang điểm,LPThienY,132.000 ₫,-47%,69960,(1),5.0,Bộ trang điểm Hanru 4 món đa năng tiện dụng,5 Đã bán,https://www.lazada.vn/products/pdp-i2963726312.html
Nhập vai Phục trang & Dạ tiệc,CleverOfficial Store,373.830 ₫,-41%,220559,(21),5.0,⚡Miễn Phí Vận Chuyển⚡Bộ mỹ phẩm đồ chơi trang điểm 33 món không độc hại thích hợp cho bé,94 Đã bán,https://www.lazada.vn/products/pdp-i2424717349.html
Nhập vai Phục trang & Dạ tiệc,Toy-VN,269.000 ₫,-34%,177540,(191),4.9,Bộ đồ chơi mỹ phẩm mô phỏng bàn trang điểm nhiều màu cho bé - Sản phẩm an toàn không độc hại cho bé,610 Đã bán,https://www.lazada.vn/products/pdp-i2439229135.html
Trang điểm,Makeup HN Store,155.000 ₫,-13%,134850,(49),4.8,"Bộ trang điểm đầy đủ 25 món makeup 13m,9m làm đẹp gồm xịt khoá nền, kem nền, phấn phủ, phấn mắt, phấn má, xịt chống nắng, kẻ mắt.. đầy đủ như hình",247 Đã bán,https://www.lazada.vn/products/pdp-i2687729956.html
Trang điểm,LPTHIENYSHOP,129.800 ₫,-46%,70092,(3),5.0,Bộ Trang Điểm 4 Món Hanru Đầy Đủ Tiện Lợi Cho Người Mới Bắt Đầu,13 Đã bán,https://www.lazada.vn/products/pdp-i2959235342.html
Dụng cụ chăm sóc Sắc đẹp,ListonX Vietnam,260.000 ₫,-50%,130000,(14),5.0,(MUA 2 TẶNG 1) Cốp Đựng Mỹ Phẩm/ Cốp Trang Điểm/ Cốp Makeup cao cấp | Tặng 1 bông mút trang điểm khi mua 2 sản phẩm bất kỳ,63 Đã bán,https://www.lazada.vn/products/pdp-i2970375943.html
Dụng cụ chăm sóc Sắc đẹp,LAIKOU.Selection,52.700 ₫,-23%,40579,,,Bộ 3 Sản Phẩm Chăm Sóc Da Làm Sáng Tông Màu Da LAIKOU,2.2K Đã bán,https://www.lazada.vn/products/pdp-i3140890953.html
Tủ chứa & Sắp xếp đồ,SINCE-1993,156.000 ₫,-50%,78000,(1),5.0,"Hộp Lưu Trữ Ngăn Kéo Nhiều Ngăn Đựng Đồ Văn Phòng Phẩm, Mỹ Phẩm, Kệ 2 Tầng Giúp Sắp Xếp Bàn Học",5 Đã bán,https://www.lazada.vn/products/pdp-i3093374206.html
Nhập vai Phục trang & Dạ tiệc,ForesightOfficialStore,339.200 ₫,-33%,227264,(26),5.0,Bộ mỹ phẩm đồ chơi trang điểm 33 món không độc hại thích hợp cho bé,108 Đã bán,https://www.lazada.vn/products/pdp-i2395342022.html
Dụng cụ chăm sóc Sắc đẹp,Global Merch Park,241.000 ₫,-54%,110860,(103),5.0,Túi Vệ Sinh Da Lớn Dành Cho Du Lịch Nam Nữ Dopp Kit Treo Túi Đựng Mỹ Phẩm Thời Trang Có Dây Kéo Đựng Đồ Đi Du Lịch,366 Đã bán,https://www.lazada.vn/products/pdp-i2796068320.html
Dụng cụ chăm sóc Sắc đẹp,BUM BI,,,,(2),5.0,"Túi Đựng Đồ Trang Điểm Makeup Đính Hoa Tulip Dễ Thương, Túi Vải Mỹ Phẩm Có Quai Xách Tiện Lợi Khi Đi Du Lịch Nhiều Màu",,https://www.lazada.vn/products/pdp-i3028176047.html
Chăm sóc da mặt,ViAn Beauty Shop,,,,,,Mặt Nạ Đất Sét Hobebar Làm Sạch Sâu Se Khít Lỗ Chân Lông ngừa mụn  Cho Làn Da 55g Cosmetics Women Skincare Nữ Làm Đẹp Da,,https://www.lazada.vn/products/pdp-i3189046072.html
,Phu Kien Tui Xach 247,35.000 ₫,-36%,22400,(242),4.9,Chỉ dù nylon ( sợi 1mm ),1.7K Đã bán,https://www.lazada.vn/products/pdp-i1792245699.html
Chăm sóc da mặt,MPphulieutocminhthu,,,,,,Combo Gel Lột Mụn + Mặt nạ 25 miếng _Nha Đam _Than Tre _Bùn Khoáng Kim Đô 200g,,https://www.lazada.vn/products/pdp-i3186490766.html
Nhập vai Phục trang & Dạ tiệc,hoco_ SUPERSTAR _store,368.200 ₫,-38%,228284,(3),4.0,【🔥siêu rẻ】Bộ mỹ phẩm đồ chơi trang điểm 33 món không độc hại thích hợp cho bé,15 Đã bán,https://www.lazada.vn/products/pdp-i2496153432.html
Trang điểm,Mỹ Phẩm Thuý Hường,,,,(24),4.7,Bộ Trang Điểm Makuep Cơ Bản Đầy Đủ [24 Món S4] Bộ Sản Phẩm Makep Của Nữ Dành Cho Người Mới Tập Trang Điểm Mỹ Phẩm Cosmetic,86 Đã bán,https://www.lazada.vn/products/pdp-i2661137010.html
,MEHOM - Mê nhà,150.000 ₫,-21%,118500,(6),4.2,"Thuốc Nhuộm Quần Áo Đen Phù Hợp Nhiều Loại Vải, Nhuộm Đen Quần Áo Hiệu Quả 300ml MEHOM - NQA01",28 Đã bán,https://www.lazada.vn/products/pdp-i3076679862.html
Chăm sóc da mặt,CONANG Việt Nam,445.000 ₫,-50%,222500,,,MẶT NẠ THẠCH CONANG [Hydrogel Mask CONANG] Hộp 5 Miếng,,https://www.lazada.vn/products/pdp-i3190810192.html
Thiết bị nhà bếp,Homie Shop&Store,,,,,,"Máy Ép Chậm OLIVO SJ189 - Thương Hiệu Mỹ 🇺🇸- Ép Trái Cây, Rau Củ Không Lo Kẹt Bã, Dễ Vệ Sinh, tiện lợi cho mọi gia đình, bền đẹp, sang trọng, chất lượng đảm bảo, an toàn - Homie_Homie - Homie Shop&Store.",,https://www.lazada.vn/products/pdp-i1856888811.html
Trang điểm,Mỹ Phẩm Thuý Hường,,,,(8),4.3,Bộ Trang Điểm Makuep Cơ Bản Đầy Đủ [12 Món Z5] Bộ Sản Phẩm Makep Của Nữ Dành Cho Người Mới Tập Trang Điểm Mỹ Phẩm Cosmetic,33 Đã bán,https://www.lazada.vn/products/pdp-i2661005914.html
Dụng cụ chăm sóc Sắc đẹp,Mon-Basic Túi mỹ phẩm,300.000 ₫,-22%,234000,(9),5.0,Túi đựng đồ trang điểm sức chứa lớn chống thấm nước,34 Đã bán,https://www.lazada.vn/products/pdp-i2412324488.html
Dụng cụ chăm sóc Sắc đẹp,Mon-Basic Túi mỹ phẩm,165.000 ₫,-12%,145200,(4),5.0,Túi đựng đồ trang điểm du lịch 2 ngăn kéo -size lớn,9 Đã bán,https://www.lazada.vn/products/pdp-i2682220610.html
Dụng cụ chăm sóc Sắc đẹp,Gia Dụng Giá Sỉ HĐ,69.000 ₫,-30%,48300,(1),5.0,"Kệ đựng mỹ phẩm, đồ trang điểm 4 tầng 3 ngăn kéo trong suốt",,https://www.lazada.vn/products/pdp-i2659956456.html
Chăm sóc cá nhân,Tuyết An Shop 1989,,,,,,Nước rửa chén Mỹ Hảo 1.5 kg trà xanh và chanh,,https://www.lazada.vn/products/pdp-i2641698306.html
Trang điểm,BeautyCN,109.000 ₫,-46%,58860,(151),4.8,Set trang điểm Hanru 4 món tiện dụng cho người mới bắt đầu,543 Đã bán,https://www.lazada.vn/products/pdp-i2513632424.html
Trang điểm,PaNa- Store,169.000 ₫,-41%,99710,(6),5.0,Bộ Trang Điểm Cá Nhân 7 đến 9 sản phẩm/ phấn nước lameila/Maccara/son/phấn phủ,32 Đã bán,https://www.lazada.vn/products/pdp-i1968046025.html
Trang điểm,Hoa Bồ Công Anh Store,99.000 ₫,-30%,69300,(544),4.9,[SALE] Set Trang Điểm PRETTY MAKEUP HANRU 4 Món set trang điểm tiện dụng đa năng cho người mới bắt đầu,1.8K Đã bán,https://www.lazada.vn/products/pdp-i2525214388.html
Trang điểm,Mỹ Phẩm Thuý Hường,149.000 ₫,-11%,132610,(480),4.8,Bộ Trang Điểm[12 Món X4]Đầy Đủ Makeup/Trang Điểm Đi Tiệc/Trang Điểm Cá Nhân Cơ Bản [12 Món X4],1.6K Đã bán,https://www.lazada.vn/products/pdp-i2495559111.html
Trang điểm,LPShop01,134.000 ₫,-48%,69680,(3),5.0,"Full Box - Set Trang Điểm HANRU 4 Món Tiện Dụng, Đầy Đủ, Cơ Bản Cho Người Mới Bắt Đầu",9 Đã bán,https://www.lazada.vn/products/pdp-i2965101592.html
Trang điểm,Mỹ Phẩm Thuý Hường,,,,,,Bộ Trang Điểm Makuep Cơ Bản Đầy Đủ 22 Món Z4 Bộ Sản Phẩm Makep Của Nữ Dành Cho Người Mới Tập Trang Điểm Mỹ Phẩm Cosmetic,,https://www.lazada.vn/products/pdp-i2661112253.html
Trang điểm,Phukienxinh14,109.000 ₫,-46%,58860,(4),5.0,Set Trang Điểm PRETTY MAKEUP MSMEESHU HANRU 4 MÓN,7 Đã bán,https://www.lazada.vn/products/pdp-i2513346987.html
Trang điểm,CHINH HÃNG - SIÊU THỊ SỨC KHỎE VẺ ĐẸP,350.000 ₫,-37%,220500,(11),5.0,Bộ trang điểm chính hãng cao cấp chính hãng đủ các màu phấn và son,29 Đã bán,https://www.lazada.vn/products/pdp-i3022712214.html
Trang điểm,PaNa- Store,110.000 ₫,-37%,69300,,,Bộ trang điểm 4 món/ kem nền / kem lót/ phấn phủ/ mút,,https://www.lazada.vn/products/pdp-i3166530812.html
Tủ chứa & Sắp xếp đồ,GIA DỤNG SỈ TPHCM,198.000 ₫,-50%,99000,(2),5.0,KỆ TỦ ĐỰNG MỸ PHẨM ĐỒ TRANG ĐIỂM MINI TRONG SUỐT 4 TẦNG TASHUAN - KỆ NHỰA ĐỰNG MỸ PHẨM 4 TẦNG NGĂN KÉO TIỆN DỤNG,20 Đã bán,https://www.lazada.vn/products/pdp-i1983027549.html
Tủ chứa & Sắp xếp đồ,Cửa hàng gia dụng tiện ích HCM,129.000 ₫,-26%,95460,(84),4.8,Kệ Đựng Mỹ Phẩm Đồ Trang Điểm Trang Sức 4 Tầng Trong Suốt 3 Ngăn Kéo Tiện Dụng,269 Đã bán,https://www.lazada.vn/products/pdp-i2413115090.html
Dụng cụ chăm sóc Sắc đẹp,Mon-Basic Túi mỹ phẩm,80.000 ₫,-19%,64800,(1),5.0,Túi đựng đồ makeup nhỏ gọn có chia ngăn,5 Đã bán,https://www.lazada.vn/products/pdp-i2681979743.html
Dụng cụ chăm sóc Sắc đẹp,Tạp hoá đồ dùng1102,110.000 ₫,-19%,89100,(1),5.0,"Kệ đựng mỹ phẩm nhựa 4 tầng để bàn tặng kèm sticker, khay đựng đồ trang điểm nhiều ngăn , decor bàn học, đựng bút",,https://www.lazada.vn/products/pdp-i2857928472.html
Tủ chứa & Sắp xếp đồ,Siêu Thị Tiện Ích 4.0,159.000 ₫,-40%,95400,(46),4.8,"Kệ Tủ Đựng Mỹ Phẩm Đồ Trang Điểm Trong Suốt 4 Tầng 3 Ngăn Kéo Để Bàn, Phòng Làm Việc Tiện Dụng",170 Đã bán,https://www.lazada.vn/products/pdp-i2413989390.html
,Xương Rồng Nhỏ - Đồ chơi trẻ em,161.000 ₫,-49%,82110,(8),4.9,"Bộ Bút Màu  ACRYLIC MARKER Không Phai Mực Vẽ Trên Mọi Chất Liệu ( Vẽ Vải, Giày Dép, Thủy Tinh) Xương Rồng Nhỏ",22 Đã bán,https://www.lazada.vn/products/pdp-i2415515300.html
Trang điểm,Hoa Hướng Dương Store,130.000 ₫,-47%,68900,(1),5.0,Set Trang Điểm 4 Món Hanru Dễ Dàng Với Người Mới Make Up Set trang điểm nền Prrety Makeup 4 món bộ trang điểm đầy đủ cho người mới bắt đầu kiềm dầu kháng nước nâng tone Zentop,,https://www.lazada.vn/products/pdp-i2609636528.html
Trang điểm,Hangnga Beauty Store,190.000 ₫,-50%,95000,(7),4.9,"[Bộ 18sp E5] Bộ make up, mỹ phẩm trang điểm, xịt khoá make-up, Kem nền, phấn má, phấn phủ, bộ cọ, tạo khối, che khuyết điểm, kẹp bấm mi, phấn mắt, kem lót, chuốt mi mascara, kẻ mắt, kẻ mày...",,https://www.lazada.vn/products/pdp-i2685257652.html
Trang điểm,Shop Mỹ Phẩm BULL Chuyên Sỉ,,,,(1),5.0,"(S- BBull) Sét Trang Điểm Nvno 8 Món cơ Bản Hàng Nội Địa ,, trang điểm , tiện lợi , sang trọng",,https://www.lazada.vn/products/pdp-i3110245217.html
Trang điểm,Shop Pé Heo Chuyên Sỉ,90.000 ₫,-7%,83700,(33),4.8,"(Siêu Hot) Bộ Trang Điểm ADS Đủ Bộ 40 món Full Hộp , Phấn Mắt , Phấn nền , Phấn má , Son Môi",162 Đã bán,https://www.lazada.vn/products/pdp-i2433849349.html
Dụng cụ chăm sóc Sắc đẹp,FUNGLA HOUSE,198.000 ₫,-50%,99000,(49),4.8,KỆ MỸ PHẨM MICA TRONG SUỐT XOAY 360 ĐỘ HÀNG TỐT SIÊU BỀN ĐẸP- HỘP ĐỰNG ĐỒ TRANG ĐIỂM ĐỂ BÀN KÈM KHAY SON CÓ THỂ XẾP GỌN ĐƯỢC,163 Đã bán,https://www.lazada.vn/products/pdp-i496126604.html
Dụng cụ chăm sóc Sắc đẹp,GIA DỤNG SỈ TPHCM,250.000 ₫,-50%,125000,(21),4.8,KỆ ĐỰNG MỸ PHẨM TRONG SUỐT XOAY 360 ĐỘ CHẠM KHẮC VÂN KIM CƯƠNG SANG CHẢNH CỰC ĐẸP - TỦ ĐỰNG ĐỒ TRANG ĐIỂM HÌNH TRỤ CÓ KHAY ĐỂ SON TIỆN LỢI - KHAY ĐỰNG MỸ PHẨM ĐỂ BÀN CÓ THỂ XẾP GỌN ĐƯỢC,75 Đã bán,https://www.lazada.vn/products/pdp-i2133829845.html
Dụng cụ chăm sóc Sắc đẹp,Xjk9kXtt.Selection,27.100 ₫,-29%,19241,(2665),4.9,"Bộ 8 cọ trang điểm mini với cán bằng nhựa mờ, thiết kế màu macaron, dễ mang theo, lông cọ mềm mại, dụng cụ trang điểm làm đẹp",8.4K Đã bán,https://www.lazada.vn/products/pdp-i2541759880.html
Trang điểm,PaNa- Store,189.000 ₫,-39%,115290,(76),4.8,Bộ Trang Điểm Dành Cho Người Mới Tập Make Up/Trang Điểm Cá Nhân,322 Đã bán,https://www.lazada.vn/products/pdp-i1979447362.html
Chăm sóc da mặt,ngôi sao thẩm mỹ viện,90.000 ₫,-34%,59400,,,"Sữa Rửa Mặt Dưỡng Trắng Da Loại bỏ mụn nhanh chóng, Làm Trắng Da Dưỡng Ẩm Thành phần tự nhiêndesigned for men",,https://www.lazada.vn/products/pdp-i3192039898.html
Thực phẩm chức năng,Đồ dùng thông minh - BUM SMART,170.000 ₫,-32%,115600,(195),5.0,"[CHE TÊN SP] Kem Xóa Thâm, Làm Hồng Nhũ Hoa CHÍNH HÃNG 100%, Làm Hồng Môi, Dưỡng Trắng Da Nách, Bikini vùng kín Sexy Pink Whitening Cream",2.4K Đã bán,https://www.lazada.vn/products/pdp-i1970422072.html
Trang điểm,Tiệm Quà Của Mi,70.000 ₫,-50%,35000,,,"Bộ makeup 5 món , bộ trang điểm phấn mắt, má hồng, son môi, mascara, bộ cọ trang điểm",9 Đã bán,https://www.lazada.vn/products/pdp-i2905565289.html
,ĐỒ DÙNG HỌC TẬP LEEQUEEN,49.000 ₫,-15%,41650,(38),4.9,Ống 12-18-24-36 Cây Bút Chì Màu lên màu đẹp Loại Tốt ( Nắp Kèm Chuốt Gọt),136 Đã bán,https://www.lazada.vn/products/pdp-i2229878680.html
Dụng cụ chăm sóc Sắc đẹp,Chigoo,528.000 ₫,-43%,300960,(20),5.0,Chigoo Túi đựng mỹ phẩm led túi đựng đồ makeup túi đựng đồ trang điểm túi đựng mĩ phẩm có gương hộp đựng mỹ phẩm có nắp,124 Đã bán,https://www.lazada.vn/products/pdp-i2806442679.html
Nhập vai Phục trang & Dạ tiệc,SpeedOfficialStore,307.100 ₫,-13%,267177,(4),5.0,"Bộ Dụng Cụ Làm Đẹp Mỹ Phẩm Cho Trẻ Em 17 Chiếc, Bộ Hộp Trang Điểm Không Độc Hại Bộ Quà Tặng Sinh Nhật Cho Bé Gái, Bộ Trang Điểm Cho Trẻ Em, Bộ Trang Điểm Cho Trẻ Em, Đồ Chơi Trang Điểm Cho Bé Gái,",12 Đã bán,https://www.lazada.vn/products/pdp-i2391300572.html
Dụng cụ chăm sóc Sắc đẹp,My MiNail,,,,(15),4.7,Cốp nhôm 2 tầng đựng đồ trang điểm 32x26x21 Nail mi.phun xăm .make up,72 Đã bán,https://www.lazada.vn/products/pdp-i1468509050.html
Dụng cụ chăm sóc Sắc đẹp,yến sàoo,60.000 ₫,-40%,36000,,,"Túi đựng mỹ phẩm WASHBAG , đựng đồ trang điểm đồ cá nhân chống thấm nước",,https://www.lazada.vn/products/pdp-i2478771670.html
,Kho Sỉ Nhang Đèn,16.000 ₫,-44%,8960,(5),5.0,Tiền đô la Mỹ âm phủ/Giấy cúng tiền đô Mỹ cục 10 xấp,48 Đã bán,https://www.lazada.vn/products/pdp-i2434375826.html
Chăm sóc da mặt,Cuộc sống sạch sẽ,90.000 ₫,-34%,59400,,,"Sữa rửa mặt trắng da 100G Sửa rửa mặt ngăn ngừa mụn,Mờ Thâm Nám Làm Sạch Sâu Se Khít Lỗ Chân Lông Tuýp 100g",,https://www.lazada.vn/products/pdp-i3191961964.html
Chăm sóc da mặt,TROSTAR,110.114 ₫,-50%,55057,,,"✨✨✨ Serum trắng da tinh chất niacinamide,Chống nhăn, xóa vết thâm, thu nhỏ lỗ chân lông 50ml",,https://www.lazada.vn/products/pdp-i3192340153.html
Chăm sóc da mặt,VIAGGIO,,,,,,"Serum Collagen Mắt VIAGGIO (15ml) Dạng Thanh Lăn mɑssage – Giảm Nhăn, Mờ Thâm, Giảm Bọng , Trẻ Hóa",,https://www.lazada.vn/products/pdp-i3192099427.html
Dụng cụ chăm sóc Sắc đẹp,Tuidonghang.hcm,79.000 ₫,-30%,55300,(47),4.6,Kệ đựng mĩ phẩm đồ trang điểm nhựa để bàn có ngăn kéo tiện lợi,168 Đã bán,https://www.lazada.vn/products/pdp-i2253318618.html
Tủ chứa & Sắp xếp đồ,Gia Dụng Pk,150.000 ₫,-34%,99000,(107),4.8,[HCM] Kệ tủ đựng mỹ phẩm đồ trang điểm trong suốt 4 tầng Tashuan TS-5338 - Hàng Việt Nam,415 Đã bán,https://www.lazada.vn/products/pdp-i380442236.html
Trang điểm,Mỹ Phẩm Thuý Hường,,,,(2),4.5,Bộ Trang Điểm Makuep Cơ Bản Đầy Đủ [22 Món S6] Bộ Sản Phẩm Makep Của Nữ Dành Cho Người Mới Tập Trang Điểm Mỹ Phẩm Cosmetic,15 Đã bán,https://www.lazada.vn/products/pdp-i2661059639.html
Dụng cụ chăm sóc Sắc đẹp,the gioi vali,110.000 ₫,-27%,80300,(43),5.0,"Túi đựng mỹ phẩm thời trang cao cấp,Tùy chỉnh các ngăn đựng đồ,Chất liệu PU chống thấm nước",166 Đã bán,https://www.lazada.vn/products/pdp-i2494753121.html
Tủ chứa & Sắp xếp đồ,Gia Dụng Tiện Ích EzyHome,120.000 ₫,-50%,60000,,,"Kệ Nhựa Đựng Mỹ Phẩm 3 Tầng 2 Ngăn Kéo - Hộp Nhựa Chia Ngăn Đựng Cọ, Son, Vật Dụng Cá Nhân Nhỏ Gọn - Kệ Trang Điểm Mini Tiện Lợi Cho Bàn Trang Điểm",,https://www.lazada.vn/products/pdp-i3116906542.html
Dụng cụ chăm sóc Sắc đẹp,Akii Home,110.000 ₫,-41%,64900,(3),5.0,"Túi đựng mỹ phẩm da PU, đồ trang điểm đi du lịch, chống thấm nước, nhiều ngăn, cầm tay tiện lợi Akii Home TD106",12 Đã bán,https://www.lazada.vn/products/pdp-i2664830600.html
Tủ chứa & Sắp xếp đồ,Gia Dụng Pk,50.000 ₫,-22%,39000,(460),4.9,"Kệ Đựng Mỹ Phẩm, Kệ Để Đồ Trang Điểm Mini 3 Tầng 2 ngăn kéo - Kệ đựng Đồ Đa Năng Nhiều Ô Tiện Ích Có Ngăn Kéo, kệ đựng đồ trang điểm, kệ để bàn mini, kệ mini, kệ đựng đồ đa năng, kệ mini để bàn",1.9K Đã bán,https://www.lazada.vn/products/pdp-i2157423106.html
Tủ chứa & Sắp xếp đồ,Nội Thất YTC,550.000 ₫,-41%,324500,(595),4.9,"Kệ Đựng Mỹ Phẩm YTC Cao Cấp Nhập Khẩu, Chống Bụi Chống Nước Siêu Đẹp",2.3K Đã bán,https://www.lazada.vn/products/pdp-i1541343214.html
,Đồ chơi thông minh Alice,100.000 ₫,-15%,85000,(22),5.0,Bút màu Acrylic Marker 12 24 36 48 60 80 cao cấp màu sắc tươi sáng không lem - Bút lông màu,81 Đã bán,https://www.lazada.vn/products/pdp-i2603084748.html
Chăm sóc da mặt,DERMALUXE VIỆT NAM,5.750.000 ₫,-24%,4370000,,,PEPTIDYAL 115 - Tinh chất dưỡng da căng bóng,,https://www.lazada.vn/products/pdp-i3188970078.html
Nhập vai Phục trang & Dạ tiệc,Kho Sỉ 247,,,,(1),5.0,Kệ đựng mỹ phẩm trong suốt 3 ngăn 5 ngăn siêu xinh,,https://www.lazada.vn/products/pdp-i2412089904.html
Trang điểm,Mỹ Phẩm Thuý Hường,,,,(2),5.0,Bộ Trang Điểm[12 Món Y7]Đầy Đủ Makeup/Trang Điểm Đi Tiệc/Trang Điểm Cá Nhân Cơ Bản 12 Món,13 Đã bán,https://www.lazada.vn/products/pdp-i2628280319.html
Trang điểm,BUM STORE.,,,,(5),4.4,"Kem Nền Trang Điểm Lameila BB Cream 30ml Mỏng Nhẹ Tự Nhiên, Kem Nền Kiềm Dầu Dạng Lỏng Dưỡng Ẩm Che Khuyết Điểm Chống Thấm",27 Đã bán,https://www.lazada.vn/products/pdp-i2351539628.html
Dụng cụ chăm sóc Sắc đẹp,BUM BI,,,,(2),5.0,"Túi Đựng Mỹ Phẩm Washbag 1 Ngăn Nhiều Màu Đủ Kích Thước, Túi Đựng Đồ Make Up Du Lịch Cá Nhân Chất Liệu Pu Chống Nước",12 Đã bán,https://www.lazada.vn/products/pdp-i2641228492.html
Dụng cụ chăm sóc Sắc đẹp,Mon-Basic Túi mỹ phẩm,185.000 ₫,-43%,105450,(1),5.0,"Túi đựng đồ trang điểm cá nhân nhiều ngăn, chất dày xịn loại tốt - size lớn 26x22x10cm",6 Đã bán,https://www.lazada.vn/products/pdp-i2427115371.html
Trang điểm,Mỹ Phẩm Thuý Hường,,,,(17),4.8,Bộ Trang Điểm Đầy Đủ Chính Hãng Bộ Makeup [14 Món E2] Cho Người Mới - Lamelia 14 Sản Phẩm Bộ E2,55 Đã bán,https://www.lazada.vn/products/pdp-i2427059118.html
Trang điểm,PaNa- Store,149.000 ₫,-42%,86420,(332),4.8,HOÀN TIỀN 15% - Bộ trang điểm Lameila 7 đến 8 món (Chính Hãng),1.5K Đã bán,https://www.lazada.vn/products/pdp-i1651160228.html
Trang điểm,PaNa- Store,189.000 ₫,-42%,109620,(267),4.8,Bộ trang điểm 9 món/kem nền/ bấm mi/phấn phủ/son/Maccara/chì kẻ mày/phấn mắt/nhũ mắt/kẻ mắt nước,1.2K Đã bán,https://www.lazada.vn/products/pdp-i1754121167.html
Dụng cụ chăm sóc Sắc đẹp,Cikmi store,173.714 ₫,-26%,128548,(6),5.0,Cốp Đựng Mỹ Phẩm Vật liệu Da Túi trang điểm dung tích lớn có gương LED Thông Minh Đựng Mỹ Phẩm Túi đựng đồ makeup,30 Đã bán,https://www.lazada.vn/products/pdp-i2885285884.html
,NomDIYStore,55.000 ₫,-29%,39050,(40),5.0,Sơn Cạnh Da Thuộc 30ml Phủ Viền Túi Ví Bóp Phụ Kiện Làm Đồ Da Thủ Công Handmade,258 Đã bán,https://www.lazada.vn/products/pdp-i2222998131.html
Dụng cụ chăm sóc Sắc đẹp,7B2Nei.Selection,54.600 ₫,-23%,42042,,,"Túi Đựng Mỹ Phẩm/Đồ Trang Điểm WashBag Trong Suốt Chống Thấm Nước – Tiện Lợi, Thời Trang & Đa Năng - Nhiều Size",26.2K Đã bán,https://www.lazada.vn/products/pdp-i3140943611.html
Trang điểm,SKINCARE_MAKEUP SHOP,310.000 ₫,-50%,155000,,,Bộ trang điểm cá nhân/bộ trang điểm đi tiệc/set makeup/ trọn bộ trang điểm/ bộ makeup cá nhân/ Bộ trang điểm 14 món,,https://www.lazada.vn/products/pdp-i2861534236.html
Chăm sóc da mặt,Shopđẹp24h chuyên hàng chính hãng,340.000 ₫,-43%,193800,(1499),4.9,Combo 2 kem meiduzi nhật bản ngày + đêm tem vuông ( tặng bọc đựng ) tem check BCA,8.7K Đã bán,https://www.lazada.vn/products/pdp-i1612315054.html
Trang điểm,Tiệm Quà Của Mi,398.000 ₫,-50%,199000,(1),5.0,"Bộ trang điểm, bộ makeup ca nhân đầy đủ cho người mới bắt đầu,  bộ quà tặng trang điểm",6 Đã bán,https://www.lazada.vn/products/pdp-i2858172591.html
Vali và Túi du lịch đa năng,KH360,24.000 ₫,-21%,18960,(3),5.0,Bộ chiết mỹ phẩm 5 món - Hàn Quốc,27 Đã bán,https://www.lazada.vn/products/pdp-i1272188816.html
Dụng cụ chăm sóc Sắc đẹp,Akii Home,60.000 ₫,-35%,39000,(4),5.0,"Túi đựng mỹ phẩm chất liệu PVC mờ+da PU cao cấp, túi đựng đồ trang điểm di động Akii Home TD31",15 Đã bán,https://www.lazada.vn/products/pdp-i2834705110.html
Dụng cụ chăm sóc Sắc đẹp,Gia dụng Tuki248,50.000 ₫,-30%,35000,(4),5.0,"Túi đựng mỹ phẩm, đồ trang điểm chống thấm nước, họa tiết dễ thương",12 Đã bán,https://www.lazada.vn/products/pdp-i2519532094.html
Dụng cụ chăm sóc Sắc đẹp,shopmymy VN111KL,58.000 ₫,-50%,29000,(7),5.0,"Túi Đựng Mỹ Phẩm, Đồ Trang Điểm Đi Du Lịch Luxury Washbag Trong Suốt Chống Thấm Nước Tiện Lợi WB02",35 Đã bán,https://www.lazada.vn/products/pdp-i2912602475.html
Bao bì & Các tông,BAO BÌ MINH NHẬT,,,,(49),4.9,"Túi nilong đựng hàng hột xoài có quai xách PE bóng dẻo, túi nilong đựng đồ shop quần áo, mỹ phẩm, phu kiện màu đỏ",199 Đã bán,https://www.lazada.vn/products/pdp-i1729873461.html
,Cây kim tiền,22.000 ₫,-9%,20020,(90),5.0,"100 gr nhũ kim tuyến loại nhỏ dùng trong trang trí, chấm đầu hoa sáp hoa voan,....",955 Đã bán,https://www.lazada.vn/products/pdp-i1881713369.html
Dụng cụ chăm sóc Sắc đẹp,GIA DỤNG MUN SHOP,,,,(2),5.0,"Kệ đựng mỹ phẩm 2 tầng, hộp đựng đồ trang điểm, makeup bằng nhựa cao cấp, tiện sử dụng",5 Đã bán,https://www.lazada.vn/products/pdp-i2196649890.html
Chăm sóc da mặt,THỎ TÂY BEAUTY SHOP,175.000 ₫,-40%,105000,(68),4.5,"Combo Tái tạo da Phương Anh Yody White - sạch mụn, nám tàn nhang sẹo rỗ",391 Đã bán,https://www.lazada.vn/products/pdp-i1716797197.html
Nhập vai Phục trang & Dạ tiệc,DoQuyenBooks,,,,(1),5.0,Sách Trang điểm Công chúa Hàn Quốc Yuna (Tô màu và bóc dán hơn 100+ stickers sáng tạo) cho bé gái,6 Đã bán,https://www.lazada.vn/products/pdp-i3061023023.html
,Happy Babys - Đồ chơi cho bé,150.000 ₫,-34%,99000,(26),5.0,Bút Màu Acrylic Marker bảng nâng cấp 12/24/36/48/60/80 tăng thêm 50% lượng mưc,100 Đã bán,https://www.lazada.vn/products/pdp-i2576812409.html
Trang điểm,Hangnga Beauty Store,437.000 ₫,-47%,231610,(74),4.8,"Bộ Trang Điểm 24 món, bộ 18 món, Bảng phấn mắt, Kem nền, Kẻ mắt, Kẻ mày, Kẹp cong mi, Gương, Bộ khuôn vẽ mày và Bông mút",214 Đã bán,https://www.lazada.vn/products/pdp-i2545593978.html
,CÁ KOI KHẮC NGHI,,,,,,CÁ TAI TƯỢNG ABINO 2-3N,,https://www.lazada.vn/products/pdp-i3179184144.html
Trang điểm,Mỹ Phẩm Thuý Hường,,,,(6),4.8,Bộ Trang Điểm[12 Món Y5]Đầy Đủ Makeup/Trang Điểm Đi Tiệc/Trang Điểm Cá Nhân Cơ Bản 12 Món,18 Đã bán,https://www.lazada.vn/products/pdp-i2628294302.html
Nhập vai Phục trang & Dạ tiệc,Toyfun-VN,88.000 ₫,-2%,86240,(23),4.6,Bộ đồ chơi mỹ phẩm dụng cụ trang điểm 33 món không độc hại chất liệu an toàn nhiều lựa chọn thích hợp cho bé,142 Đã bán,https://www.lazada.vn/products/pdp-i2721652746.html
Chăm sóc da mặt,AiniVietNam,159.000 ₫,-38%,98580,,,[AINI] Sữa Rửa Mặt Tạo Bọt Tea Tree Daily Balencing Foam Cleanser 100ml,,https://www.lazada.vn/products/pdp-i3192119100.html
Chăm sóc da mặt,MARTIDERM OFFICIAL STORE,,,,,,Tinh chất tái tạo và chống lão hoá MartiDerm Platinum Krono-Age Serum 30ml,,https://www.lazada.vn/products/pdp-i3192372579.html
Trang điểm,Hangnga Beauty Store,228.000 ₫,-47%,120840,(48),4.8,"bộ trang điểm 10 món đầy đủ như hình ảnh, phấn mắt, phấn phủ, kẻ mắt, kẻ mày., son, dán mí, che khuyết điểm, bông",201 Đã bán,https://www.lazada.vn/products/pdp-i2595362952.html
"Quần, váy",Shop Quần Lót Nữ,60.000 ₫,-25%,45000,(15),4.7,[HCM]Quần Lót Nữ Siêu Mịn Thể Thao Đai Lưng Không Đường May Chọn Màu Chọn Size QL15,78 Đã bán,https://www.lazada.vn/products/pdp-i1389334333.html
Dụng cụ chăm sóc Sắc đẹp,BUM BI,,,,(19),4.9,Túi đựng mỹ phẩm tiện lợi,148 Đã bán,https://www.lazada.vn/products/pdp-i258549228.html
Dụng cụ chăm sóc Sắc đẹp,Gia Dụng Pk,49.000 ₫,-14%,42140,,,"Kệ Nhiều Tầng Bậc Thang Đựng Mĩ Phẩm Đồ Makeup Phấn Mắt 3 tầng Trang Điểm Gọn Gàng Decor, kệ mỹ phẩm, kệ , kệ để bàn kệ mỹ phẩm để bàn, kệ , nhiều tầng",15 Đã bán,https://www.lazada.vn/products/pdp-i3100933046.html
Trang điểm,MICOMI Cosmetics,158.000 ₫,-50%,79000,(8),4.1,"Bộ Trang Điểm Đầy Đủ 8 Món Set Trang Điểm Makeup Từ A-Z Đi Tiệc Đi Chơi Đi Làm MICOMI Cosmetics Kem Nền, Phấn Phủ, Phấn Mắt, Mascara, Chì Kẻ Mày, Kẻ Mắt, Son Môi",53 Đã bán,https://www.lazada.vn/products/pdp-i1906679078.html
Tủ chứa & Sắp xếp đồ,Store4men - Tjll Tjll Shop,20.000 ₫,-46%,10800,(29),4.9,"Kệ Đựng Mỹ Phẩm Mini , Kệ Để Đồ Trang Điểm Đồ Trang Trí Decor Bàn Học Xinh Xắn Bằng Nhựa 3 Tầng 2 Ngăn Kéo Nhiều Màu",392 Đã bán,https://www.lazada.vn/products/pdp-i2215273186.html
,Shop đồ chơi trẻ em Kim Long,,,,,,Bút lông Màu Acrylic Marker / Bộ màu 12 24 36 48 60 80 màu Vẽ Được Trên Nhiều Chất Liệu - Đồ Chơi Mỹ Thuật SẴN HCM,,https://www.lazada.vn/products/pdp-i3178264593.html
Trang điểm,Mỹ Phẩm Thuý Hường,,,,(23),5.0,Bộ trang điểm đầy đủ [10 món X3]  cơ bản set trang điểm cá nhân bộ makeup nhẹ nhàng đi chơi cho nàng Hatola Bộ X3,96 Đã bán,https://www.lazada.vn/products/pdp-i2495571086.html
Dụng cụ chăm sóc Sắc đẹp,X-DECOR HCM,30.000 ₫,-47%,15900,,,"Bộ Cọ Trang Điểm Du Lịch Mini 8 Món Tặng Túi Zip, Set 8 Cây Cọ Trang Điểm Lông Dày Mịn Êm",,https://www.lazada.vn/products/pdp-i3060300330.html
Dụng cụ chăm sóc Sắc đẹp,BUM BI,,,,(13),4.8,[HCM]Túi đựng mỹ phẩm tiện lợi Túi Đựng Đồ Trang Điểm - BUMSTORE,,https://www.lazada.vn/products/pdp-i453164779.html
Dụng cụ chăm sóc Sắc đẹp,MIGE.HOME,91.000 ₫,-30%,63700,,,"Bộ cọ trang điểm cầm tay 10 món có hộp đựng, bao gồm nhiều loại cọ trang điểm chuyên nghiệp",,https://www.lazada.vn/products/pdp-i3083815446.html
Đồ dùng phòng ngủ,Chăn Mền Mỹ Phẩm TháiLan,,,,(59),4.9,"CÓ VIDEO.{GIÁ SINH VIÊN} 100 MẪU CHĂN MỀN NỈ COTTON THÁI LAN văn phòng, đi học, du lịch",249 Đã bán,https://www.lazada.vn/products/pdp-i245336057.html
Chăm sóc da mặt,LUCKY STAR PHARMA,82.000 ₫,-33%,54940,(859),4.9,Gel Lột Mụn Trắng Da Lucky Star,3.1K Đã bán,https://www.lazada.vn/products/pdp-i2143040256.html
Dụng cụ chăm sóc Sắc đẹp,TI DO,,,,(9),4.7,"Bộ Cọ Trang Điểm Xanh Lá, Hồng, Vàng 13 cây Kèm Túi, Không Hộp Nội Địa Trung TI DO , TIDO",43 Đã bán,https://www.lazada.vn/products/pdp-i823326619.html
Trang điểm,PaNa- Store,190.000 ₫,-43%,108300,(34),4.9,Bộ trang điểm Lameila chuyên nghiệp 8 món,126 Đã bán,https://www.lazada.vn/products/pdp-i1772158719.html
Dụng cụ chăm sóc Sắc đẹp,BUM STORE.,,,,(149),4.7,Túi đựng mỹ phẩm tiện lợi,860 Đã bán,https://www.lazada.vn/products/pdp-i248591378.html
Tủ chứa & Sắp xếp đồ,Phụ Kiện Vinh Nguyễn,90.000 ₫,-31%,62100,,,Kệ Đựng Mỹ Phẩm Nhựa 4 Tầng Trong Suốt Để Bàn Trang Trí Decor Xinh Xắn - Khay Đựng Đồ Trang Điểm Nhiều Ngăn Chắc Chắn - Kệ Để Đồ Đa Năng - Khay Đựng Son Cao Cấp,7 Đã bán,https://www.lazada.vn/products/pdp-i2492764015.html
Trang điểm,Mỹ Phẩm Thuý Hường,,,,(18),4.8,Bộ Trang Điểm[20 Món D9]Đầy Đủ Makeup/Trang Điểm Đi Tiệc/Trang Điểm Cá Nhân Cơ Bản 20 Món Bộ D9,40 Đã bán,https://www.lazada.vn/products/pdp-i2428168315.html
Trang điểm,Mỹ Phẩm Thuý Hường,,,,(18),4.5,Bộ Trang Điểm [8 Món ] Xinh Xắn Lameila Dành Cho Người Mới Tập Makuep(Chính Hãng) Bộ 8 món xinh xắn,57 Đã bán,https://www.lazada.vn/products/pdp-i2427027901.html
quà tặng & Gói quà,THƯ STORE 99,,,,(17),5.0,"HỘP QUÀ TẶNG NGÀY LỄ, SET QUÀ KỈ NIỆM MAKEUP GỒM 3 SON + NƯỚC HOA + PHẤN MÁ + KEM NỀN + GẤU XINH",70 Đã bán,https://www.lazada.vn/products/pdp-i2540437482.html
Tủ chứa & Sắp xếp đồ,,,,,,,"[Tặng sticker]Kệ đựng mỹ phẩm nhựa dày loại 1 nhiều tầng để bàn Deli, khay đựng đồ trang điểm đa năng có hộp ngăn kéo tiện lợi",85 Đã bán,https://www.lazada.vn/products/pdp-i2223719077.html
Dụng cụ chăm sóc Sắc đẹp,,,,,,,Túi đựng mỹ phẩm Túi đựng mỹ phẩm Túi đựng đồ tiện ích nhựa dẻo trong suốt,44 Đã bán,https://www.lazada.vn/products/pdp-i2488469341.html
Chăm sóc da mặt,,,,,,,Bigsize Nước sen Hậu Giang Cocoon (toner) phục hồi đa nhiệm cho da rất nhạy cảm 310ml,3.7K Đã bán,https://www.lazada.vn/products/pdp-i2646551637.html
Trang điểm,,,,,,,HOÀN TIỀN 15% - Trọn bộ 15 món trang điểm Lameila/ combo makeup/son/kem nền,885 Đã bán,https://www.lazada.vn/products/pdp-i2197672582.html
Dụng cụ chăm sóc Sắc đẹp,,,,,,,Túi đựng mỹ phẩm tiện lợi Túi Đựng Đồ Trang Điểm - BUM STORE,664 Đã bán,https://www.lazada.vn/products/pdp-i389452054.html
Thực phẩm chức năng,Hong1008,346.000 ₫,-26%,256040,(305),5.0,Viên uống Omega 3 Fish Oil 1000mg Pharmekal 100 viên - Dầu Cá Mỹ - Shop Hong1008,1.4K Đã bán,https://www.lazada.vn/products/pdp-i288726984.html
Dụng cụ chăm sóc Sắc đẹp,BUM STORE.,,,,(621),4.7,[HCM]Bộ Cọ Trang Điểm Fix 13 Món Hàng Cao Cấp Full Túi (Không Hộp),3.3K Đã bán,https://www.lazada.vn/products/pdp-i654422485.html
Trang điểm,Mỹ Phẩm Thuý Hường,,,,(6),4.8,Bộ Trang Điểm[10 Món X7]Đầy Đủ Makeup/Trang Điểm Đi Tiệc/Trang Điểm Cá Nhân Cơ Bản 10 Món X7,21 Đã bán,https://www.lazada.vn/products/pdp-i2605407088.html
Chăm sóc da mặt,Chang.skincare,130.000 ₫,-8%,119600,(114),5.0,Gel A rrett dưỡng da ban đêm 20g,1.1K Đã bán,https://www.lazada.vn/products/pdp-i2885600907.html
Trang điểm,Tiệm Quà Của Mi,78.000 ₫,-50%,39000,,,Tron bộ trang điểm 9 món đầy đủ các bước trang điểm/son/kem nền/Phấn mắt/ Má hồng/ Mascara/ Kẻ mắt/ Bấm mi/ chì mày/Bộcọ,,https://www.lazada.vn/products/pdp-i2904658402.html
Nhập vai Phục trang & Dạ tiệc,Super Toy,198.000 ₫,-49%,100980,(13),5.0,"Bộ đồ chơi trang điểm cho trẻ em – Cô gái mỹ phẩm công chúa xách tay, quà tặng trang sức và thay đồ vui chơi",40 Đã bán,https://www.lazada.vn/products/pdp-i2440766192.html
,Winlink Stationery & Gifts,100.000 ₫,-45%,55000,(745),5.0,"Set 120/80/60/48/36/24 Bút màu ACRYLIC Marker Đầu NHỌN CHỐNG THẤM NƯỚC Không Bị Nhoè Có Thể Vẽ Lên Đồ Vật Nhẵn, lau được khi dính lên da",2.7K Đã bán,https://www.lazada.vn/products/pdp-i2491817581.html
Dụng cụ chăm sóc Sắc đẹp,Chigoo,279.000 ₫,-50%,139500,(9),4.6,[BH5 năm] Cốp đựng đồ trang điểm chống nước chống sốc kích thước 26x23x10 cm Rosslyn Cosmetic,18 Đã bán,https://www.lazada.vn/products/pdp-i3076004517.html
Trang điểm,Mỹ Phẩm Thuý Hường,,,,(39),4.8,Bộ Trang Điểm[27 Món] W1 Đầy Đủ Makeup/Trang Điểm Đi Tiệc/Trang Điểm Cá Nhân Cơ Bản 27 Món bộ W1,98 Đã bán,https://www.lazada.vn/products/pdp-i2579482980.html
,Nhang Đèn Nga Nguyễn,850.000 ₫,-32%,578000,(2),5.0,(Bao 100 cục) Giá sỉ tiền đô la Mỹ 2 màu hàng mã/Giấy cúng bao tiền đô âm phủ,,https://www.lazada.vn/products/pdp-i2923649625.html
Trang điểm,Mỹ Phẩm Thuý Hường,,,,(132),4.9,Bộ Trang Điểm/Bộ trang điểm Đầy Đủ Chính Hãng Cho Người Mới [Bộ 22 món E5] - Lamelia 22 Sản Phẩm Bộ E5,451 Đã bán,https://www.lazada.vn/products/pdp-i2421570043.html
Tủ chứa & Sắp xếp đồ,Forest Home,252.199 ₫,-23%,194193,,,"Kệ Đựng Mỹ Phẩm, Đồ Trang Điểm, Kệ Nhựa Đựng Đồ Đa Năng Nhiều Tầng loại ngăn kéo Hộp đựng mỹ phẩm",,https://www.lazada.vn/products/pdp-i3179343536.html
Nhập vai Phục trang & Dạ tiệc,DoQuyenBooks,,,,(2),5.0,Combo Sách trang điểm công chúa (5 cuốn) (Tô màu và bóc dán hơn 500+ sticker trang điểm) cho bé gái,,https://www.lazada.vn/products/pdp-i3061009614.html
Đồ dùng làm vườn,Kho Phân Thuốc Vật Tư Cây Cảnh,50.000 ₫,-10%,45000,(8),5.0,Keo Liền Da Cây - Keo Liền Sẹo Mỹ Tiến hũ 235g,47 Đã bán,https://www.lazada.vn/products/pdp-i1699366913.html
Trường học & văn phòng,LORDWEY Office,1.407.876 ₫,-44%,788410,,,Lordwey & enmy 24/80 Màu Sắc Trực Tiếp Chất Lỏng Acrylic Đánh Dấu Đầu Mềm Không-Trong Suốt blendable bút lông mỹ thuật đồ dùng học tập Văn Phòng Phẩm,,https://www.lazada.vn/products/pdp-i3186325901.html
Trang điểm,Global Joy,82.000 ₫,-30%,57400,(53),5.0,4 Màu Phấn Má Hồng Bộ Matte Má Trang Điểm Tông Màu Ấm Áp Làm Đẹp Da Mặt Mỹ Phẩm Ngọt Hỗn Hợp Má Hồng Cho Mặt,455 Đã bán,https://www.lazada.vn/products/pdp-i2455466552.html
Tủ chứa & Sắp xếp đồ,DELI LIFESTYLE VIETNAM,260.750 ₫,-43%,148627,(13),4.9,Kệ đựng mỹ phẩm nhựa nhiều tầng để bàn trong suốt Deli kệ đưng đồ trang điểm hộp lưu trữ văn phòng phẩm VS,59 Đã bán,https://www.lazada.vn/products/pdp-i2223652863.html
Dụng cụ chăm sóc Sắc đẹp,LPThienY,21.800 ₫,-50%,10900,,,Bộ cọ trang điểm cá nhân 8 cây tặng kèm túi Zip Vintage,,https://www.lazada.vn/products/pdp-i3069673254.html
,HK-BOOKS,,,,,,Sach Mĩ  Thuật  Lớp 1,,https://www.lazada.vn/products/pdp-i3088289424.html
Tủ chứa & Sắp xếp đồ,Ecoco Mall,470.000 ₫,-36%,300800,(6),5.0,"TỦ ĐỰNG MỸ PHẨM, TỦ ĐỰNG ĐỒ ECOCO 3 NGĂN CAO CẤP MẪU MỚI 2024",28 Đã bán,https://www.lazada.vn/products/pdp-i2602026474.html
Dụng cụ chăm sóc Sắc đẹp,GlobalTechMart,82.000 ₫,-31%,56580,(3),3.7,Chuyên Nghiệp 22 Bộ Cọ Trang Điểm Tóc Tổng Hợp Phấn Mắt Bút Kẻ Mắt Mỹ Phẩm Bộ Dụng Cụ Cho Mặt Cơ Thể Du Lịch & Pro Sử Dụng,649 Đã bán,https://www.lazada.vn/products/pdp-i2832208510.html
Trang điểm,Mỹ Phẩm Thuý Hường,,,,(29),4.7,Bộ Trang Điểm[12 Món C10]Đầy Đủ Makeup/Trang Điểm Đi Tiệc/Trang Điểm Cá Nhân Cơ Bản 12 Món C10,129 Đã bán,https://www.lazada.vn/products/pdp-i2428204001.html
Trang điểm,EuniceTF,70.000 ₫,-50%,35000,,,Công cụ tiêu sáng cao đôi Stick Stick Natural Matte Makeup Highlighter Natural Cao mũi Đường viền Bắc đẹp Chăm sóc cá nhân Kẹp mắt cá nhân,,https://www.lazada.vn/products/pdp-i2940559793.html
Trang điểm,Mỹ Phẩm Thuý Hường,,,,(12),5.0,[ Bộ trang điểm] 27 Món [V5] Bộ sản phẩm  trang điểm MAKEUP  gồm 27 món (V5) đa năng tiện dụng Dành cho người mới tầm makeup [chính hãng],30 Đã bán,https://www.lazada.vn/products/pdp-i2584394827.html
Trang điểm,Mỹ Phẩm Thuý Hường,,,,(106),4.7,Bộ Trang Điểm[22 Món A2]Đầy Đủ Makeup/Trang Điểm Đi Tiệc/Trang Điểm Cá Nhân Cơ Bản 22 Món A2,389 Đã bán,https://www.lazada.vn/products/pdp-i2414792532.html
Trường học & văn phòng,LORDWEY Office,91.660 ₫,-42%,53162,,,Lordwey & enmy 1 PC enmy 60 Màu Sắc Trực Tiếp Chất Lỏng Acrylic Đánh Dấu blendable Đầu Mềm Không-Trong Suốt bút lông mỹ thuật đồ dùng học tập Văn Phòng Phẩm,,https://www.lazada.vn/products/pdp-i3186463367.html
Tủ chứa & Sắp xếp đồ,Gia Dụng Pk,260.000 ₫,-21%,205400,(4),5.0,"Tủ đựng mỹ phẩm nắp 3T Hokori 3639-3, đồ trang điểm Việt Nhật cao cấp, Tủ đựng mỹ phẩm trong suốt hiện đại",13 Đã bán,https://www.lazada.vn/products/pdp-i2662426956.html
Trang điểm,Mỹ Phẩm Thuý Hường,,,,(29),5.0,Bộ Trang Điểm/Sét Trang Điểm [24 Món M6] Đầy Đủ Các Món Chính Hãng Cho Người Mới - Lamelia 24 Sản Phẩm Bộ M6,105 Đã bán,https://www.lazada.vn/products/pdp-i2458616949.html
Dụng cụ chăm sóc Sắc đẹp,DUY LINH BAO BÌ SHOP,,,,(2),5.0,"Bộ cọ trang điểm 13 món Choice TTL-55, cá nhân ,mềm mại, chất liệu cao cấp Duy Linh Shop…",,https://www.lazada.vn/products/pdp-i3078048170.html
Dụng cụ chăm sóc Sắc đẹp,Beauty Girl Ghop,65.000 ₫,-34%,42900,(35),5.0,"Túi Xách Nữ RIBHVU, Túi Lưới Đựng Đồ Có Khóa Kéo Túi Du Lịch Túi Đựng Mỹ Phẩm, Trang Điểm Pouch",216 Đã bán,https://www.lazada.vn/products/pdp-i1478601540.html
Dụng cụ chăm sóc Sắc đẹp,fourtech,209.000 ₫,-43%,119130,(293),4.6,Bộ cọ trang điểm 32 món cho bạn tha hồ trang điểm 108,1.5K Đã bán,https://www.lazada.vn/products/pdp-i246289188.html
Trang điểm,Mỹ Phẩm Thuý Hường,,,,(46),4.5,Bộ Trang Điểm[21 Món A1]Đầy Đủ Makeup/Trang Điểm Đi Tiệc/Trang Điểm Cá Nhân Cơ Bản Bộ 22 món A1,134 Đã bán,https://www.lazada.vn/products/pdp-i2421514401.html
Chăm sóc da mặt,Summer Breeze,620.000 ₫,-50%,310000,(15),5.0,"kem xóa nám, kem collagen, kem xóa nám chống lão hóa, xóa nám hiệu quả, làm mờ vết thâm nám tàn nhang, đồi mồi, săn chắc dưỡng ẩm da mặt",55 Đã bán,https://www.lazada.vn/products/pdp-i3012422264.html
Chăm sóc da mặt,Skin Heritage,245.000 ₫,-19%,198450,(14),5.0,"Toner Sơn Đoòng Dưỡng Ẩm Da, Làm Dịu Và Cân Bằng Độ Ẩm Cho Da Dầu Mụn SKIN HERITAGE cung cấp đến 60 lợi khuẩn 55ml & 273ml",45 Đã bán,https://www.lazada.vn/products/pdp-i3075532814.html
Trang điểm,Mỹ Phẩm Thuý Hường,,,,(15),4.7,Bộ Trang Điểm[22 Món Y1 ]Đầy Đủ Makeup/Trang Điểm Đi Tiệc/Trang Điểm Cá Nhân Cơ Bản 22 Món Y1,31 Đã bán,https://www.lazada.vn/products/pdp-i2617260629.html
Chăm sóc da mặt,MON BEAUTY SHOP 89,,,,,,Kem face sữa non femmiu,,https://www.lazada.vn/products/pdp-i3187573281.html
Trang điểm,PaNa- Store,179.000 ₫,-45%,98450,(317),4.9,Bộ trang điểm Lameila 6 đến 8 món có kèm hình ảnh,1.2K Đã bán,https://www.lazada.vn/products/pdp-i1760765522.html
Dụng cụ chăm sóc Sắc đẹp,p22eom.Selection,32.200 ₫,-29%,22862,,,Bộ Cọ Trang Điểm 13 Cây Đa Chức Năng – Đẹp Chuẩn Từng Nét,10.9K Đã bán,https://www.lazada.vn/products/pdp-i3140910780.html
Dụng cụ chăm sóc Sắc đẹp,MAANGE LOCAL STORE,152.000 ₫,-35%,98800,(32),5.0,Bộ cọ trang điểm MAANGE 14 cây mềm mại với Túi đựng cọ trang điểm da 1340,153 Đã bán,https://www.lazada.vn/products/pdp-i2847934354.html
Trang điểm,CHINH HÃNG - SIÊU THỊ SỨC KHỎE VẺ ĐẸP,190.000 ₫,-21%,150100,(8),5.0,Bộ trang điểm cao cấp đủ màu hàng chính hãng,20 Đã bán,https://www.lazada.vn/products/pdp-i2985779307.html
Đồ dùng làm vườn,PHÂN BÓN HỮU CƠ SINH HỌC NHẬP KHẨU,142.000 ₫,-8%,130640,(25),5.0,"phân bón hữu cơ NUTRI TURF siêu vọt đọt, bung đọt đồng loạt, mập đọt, xanh lá, dày lá, ra rễ mạnh, nhập khẩu từ mỹ (chai 500 ML)",148 Đã bán,https://www.lazada.vn/products/pdp-i745304509.html
Dụng cụ chăm sóc Sắc đẹp,DOTI Plus,25.000 ₫,-40%,15000,(7),4.7,"Bộ cọ trang điểm gốm 8 món Vintage, bộ cọ trang điểm cá nhân, Túi Zip, Lông Mềm Mịn, Hàng Cao Cấp.",24 Đã bán,https://www.lazada.vn/products/pdp-i2284462425.html
Trang điểm,Hangnga Beauty Store,456.000 ₫,-47%,241680,(28),4.8,"Bộ trang điểm 26,24 món make-up đầy đủ như hình, kem nền, xịt khoáng, phấn mắt, chuốt mi, bộ cọ....",65 Đã bán,https://www.lazada.vn/products/pdp-i2668726329.html
Trang điểm,Mỹ Phẩm Thuý Hường,,,,(22),5.0,Bộ trang điểm đầy đủ chính hãng-27 món E4 LAMEILA Lip Glaze Lipstick+Mascara +chì kẻ mày+kẻ mắt+kem che khuyết điểm trọn bộ 27 món E4,68 Đã bán,https://www.lazada.vn/products/pdp-i2421491749.html
Trang điểm,Mỹ Phẩm Thuý Hường,,,,(36),4.8,Bộ Trang Điểm[24 Món E3]Đầy Đủ Makeup/Trang Điểm Đi Tiệc/Trang Điểm Cá Nhân Cơ Bản 24 Món Bộ E3,91 Đã bán,https://www.lazada.vn/products/pdp-i2428111239.html
,Ướt DIY,20.000 ₫,-17%,16600,,,Chỉ Sáp Tròn Khâu May Da 0.45mm Dài 35m - Dụng Cụ Làm Da Handmade DIY,5 Đã bán,https://www.lazada.vn/products/pdp-i2785892973.html
Nhập vai Phục trang & Dạ tiệc,Mỹ phẩm làm đẹp 870,,,,(12),5.0,Bộ trang điểm đầy đủ _ Combo set makeup trang điểm mĩ phẩm nội địa trung Set son quà tặng 20/10 cho bạn gái cao cấp,33 Đã bán,https://www.lazada.vn/products/pdp-i2034166233.html
Trang điểm,Mỹ Phẩm Thuý Hường,,,,(14),5.0,Sét Trang Điểm [20 món V12] Đầy Đủ Make Up/ Trang điểm đi tiệc/trang điểm cá nhân V12,53 Đã bán,https://www.lazada.vn/products/pdp-i2414723992.html
Dụng cụ chăm sóc Sắc đẹp,Saka Home,60.000 ₫,-13%,52200,,,Túi makeup hello kitty/ đựng đồ make hello kitty dễ thương vải hottrend Saka,,https://www.lazada.vn/products/pdp-i3093232012.html
Chăm sóc da mặt,Lature Store,1.225.000 ₫,-34%,808500,,,Bộ Mỹ Phẩm Maris Cao Cấp Nhật Bản 6in1 Dưỡng Trắng Da Nám Tàn Nhan Chuyên Sâu,,https://www.lazada.vn/products/pdp-i2547666535.html
,NHÀ.SÁCH.01,,,,(8),4.6,Lẻ quà phụ kiện goods truyện tranh Hanako cậu ma nhà xí,36 Đã bán,https://www.lazada.vn/products/pdp-i2810092512.html
,MK ART,259.000 ₫,-12%,227920,(3),5.0,Màu Sáp dầu Giorgione 12/24/36/48 Soft Oil Pastels Hạng Hoạ Sĩ Vẽ tranh nổi,18 Đã bán,https://www.lazada.vn/products/pdp-i2423212705.html
,Rubik Land,144.000 ₫,-50%,72000,(2),5.0,Bút Màu Acrylic Marker Cao Cấp Chống Nước Bộ 12/24/36/48/60 Màu Vẽ Trên Mọi Bề Mặt Chất Liệu Vải Chai Lọ Đồ Chơi Trẻ Em,14 Đã bán,https://www.lazada.vn/products/pdp-i2599226579.html
Dụng cụ chăm sóc Sắc đẹp,Phụ Kiện Giá Tốt 24H,100.000 ₫,-41%,59000,(1),5.0,"Túi Đựng Mỹ Phẩm Da PU Khóa Chéo Cao Cấp - Túi Đựng Mỹ Phẩm , Đồ Trang Điểm , Đồ Du Lịch Cá Nhân Gam Màu Pastel Sức Chứa Lớn Phong Cách Mới - Túi Đựng Đồ Trang Điểm Du Lịch",,https://www.lazada.vn/products/pdp-i2452376320.html
,CHIRITA,129.000 ₫,-31%,89010,(14),5.0,Bút Màu Acrylic 12/24/36/48/60/80 Màu Sắc Tươi Sáng - Bút Màu Nước Acrylic Vẽ Trên Mọi Chất Liệu Đồ Chơi Cho Trẻ Em / Người Lớn Chirita,83 Đã bán,https://www.lazada.vn/products/pdp-i2593086617.html
Dụng cụ chăm sóc Sắc đẹp,Sức Sống Mới - Vẻ Đẹp Và Sức Khỏe,24.000 ₫,-50%,12000,(52),4.9,"Mút Trang Điểm Chuyên Nghiệp, Đa Chức Năng Cho Ướt Và Khô, Siêu Mềm Mịn, Đàn Hồi Tốt, Dễ Dàng Che Phủ Toàn Khuôn Mặt",173 Đã bán,https://www.lazada.vn/products/pdp-i2507140493.html
Chăm sóc da mặt,Watsons,295.000 ₫,-50%,147500,(176),4.8,Serum Balance Active Formula Niacinamide 15% Blemish Recovery Ngừa Mụn Mờ Thâm 30ml,2.1K Đã bán,https://www.lazada.vn/products/pdp-i1384226721.html
,HUGI KIDS - ĐỒ XINH CHO BÉ,45.000 ₫,-26%,33300,(5),5.0,Hộp 12/24 cây bút sáp màu vặn thân ngắn màu sắc tươi sáng sinh động (hộp nhựa bền đẹp),16 Đã bán,https://www.lazada.vn/products/pdp-i2874164315.html
Dụng cụ chăm sóc Sắc đẹp,Leego shop,136.000 ₫,-50%,68000,(14),5.0,Leego kệ đựng mỹ phẩm để bàn 2 tầng，Kệ đựng Đồ Đa Năng Nhiều Ô Tiện Ích Có Ngăn Kéo,15 Đã bán,https://www.lazada.vn/products/pdp-i3164527036.html
Chăm sóc da mặt,Dược Mỹ Phẩm  CVI Pharma,150.000 ₫,-34%,99000,(170),4.9,Gel Ngừa Mụn 02 tuýp Decumar New 20gr Hết mụn viêm Hết thâm sẹo,633 Đã bán,https://www.lazada.vn/products/pdp-i735374071.html
Trang điểm,Shop Mỹ Phẩm BULL Chuyên Sỉ,199.000 ₫,-32%,135320,(1),5.0,Bộ Trang Điểm 8 Món Youliyoula Đầy Đủ Và Cơ Bản - Món Quà Tặng Cho Bạn Gái Siêu Sang Chảnh,7 Đã bán,https://www.lazada.vn/products/pdp-i2156196841.html
Trang điểm,Mỹ Phẩm Kun Chuyên Sỉ,,,,(12),4.3,[HCM]Bộ Kit Trang Điểm ADS Mini Nhiều Mẩu  Tiện Lợi  Phù Hợp Mọi Loại Da,109 Đã bán,https://www.lazada.vn/products/pdp-i1339105825.html
Dụng cụ chăm sóc Sắc đẹp,Alice Mart,8.000 ₫,-44%,4480,(59),4.7,[ Freeship ] Set 4 Bông Mút Trang Điểm Kèm Hộp Đựng Xinh Xắn - Hộp 4 mút tán kem nền mút trang điểm mềm mại hình giọt nước siêu tiện dụng,247 Đã bán,https://www.lazada.vn/products/pdp-i2015542005.html
,Hạt cườm Phi Hương,,,,,,"Gói 10gr hạt bẹt, hạt trai 3mm có lỗ nhiều màu trang trí thủ công handmade",,https://www.lazada.vn/products/pdp-i3146651060.html
Dụng cụ chăm sóc Sắc đẹp,Thế Giới Hộp Đựng Đồng Hồ - Mỹ Phẩm - BOXSW,,,,(5),5.0,"Cốp - Túi Trang Điểm Cá Nhân Du Lịch Chuyên Nghiệp - Cốp Để Đồ Phun Xăm, Make Up, Nối Mi - BH 12T",22 Đã bán,https://www.lazada.vn/products/pdp-i1761323569.html
Dụng cụ chăm sóc Sắc đẹp,BUM BI,,,,(14),4.9,"Túi đựng đồ trang điểm cá nhân nhiều ngăn chống thấm nước, Túi mỹ phẩm du lịch nhỏ gọn đựng đồ cá nhân tiện lợi - BUMSTORE",62 Đã bán,https://www.lazada.vn/products/pdp-i2097366559.html
Chăm sóc da mặt,Hada Labo,85.500 ₫,-10%,76950,(4858),4.9,[ MUA 1 TẶNG 1] Sữa rửa mặt dưỡng ẩm tối ưu Hada Labo Advanced Nourish Cleanser 80g,28.3K Đã bán,https://www.lazada.vn/products/pdp-i1463381499.html
Trang điểm,SKINCARE_MAKEUP SHOP,290.000 ₫,-50%,145000,(3),3.7,( Tặng bộ cọ 8 món)Trọn bộ trang điểm 12 món đầy đủ cho người mới/ set trang điểm đầy đủ/ bộ makeup cá nhân,7 Đã bán,https://www.lazada.vn/products/pdp-i2861587268.html
Chăm sóc da mặt,JAMIZU - Mỹ phẩm Cam Thảo Nhật Bản,222.000 ₫,-37%,139860,(180),5.0,Serum Giảm & Ngừa Mụn Tuổi Dậy Thì JAMIZU Cam Thảo Nhật Bản - Giảm Nhờn Hết Mụn Mờ Thâm Trắng Da 15ml,640 Đã bán,https://www.lazada.vn/products/pdp-i1875029813.html
Chăm sóc da mặt,Cuộc sống sạch sẽ,270.000 ₫,-34%,178200,,,"Serum Thu Nhỏ Lỗ Chân Lông Tinh chất phục hồi da mặt, làm sáng tông màu da và cải thiện tình trạng da không đều màu",,https://www.lazada.vn/products/pdp-i3187129455.html
,Thiết bị phụ kiện nghành may,,,,,,"Bút sáp bay thương hiệu Panda hàn quốc con gấu dùng trong ngành may, tự bay màu hoặc ủi bay",,https://www.lazada.vn/products/pdp-i3125254196.html
Nguyên liệu nấu ăn & làm bánh,Ăn Vặt 68,230.000 ₫,-13%,200100,(8),5.0,"[HÀNG LOẠI 1] Hạt dẻ cười Mỹ không tẩy trắng hạt được chọn lọc kỹ to,mẩy. Hạt dinh dưỡng đồ ăn vặt",23 Đã bán,https://www.lazada.vn/products/pdp-i2355613266.html
Chăm sóc da mặt,COLORKEY VIETNAM,152.000 ₫,-2%,148960,(865),5.0,"1 Hộp 10 Miếng Mặt Nạ Giấy COLORKEY LUMINOUS Vitamin B5 Giúp Cấp Ẩm, Hỗ Trợ Phục Hồi Làn Da Nhiều Dưỡng Chất 25ml/miếng",3.9K Đã bán,https://www.lazada.vn/products/pdp-i2591089940.html
Dụng cụ chăm sóc Sắc đẹp,Sức Sống Mới - Vẻ Đẹp Và Sức Khỏe,154.000 ₫,-50%,77000,(294),4.8,Bộ 5 Món Cọ Trang Điểm Kèm Gương Cao Cấp Ming Xizhi Màu Hồng Vintage Nhỏ Gọn Tiện Dụng,8.8K Đã bán,https://www.lazada.vn/products/pdp-i2312760839.html
,Toy Land,80.000 ₫,-50%,40000,(16),5.0,Bút Màu Acrylic Marker Cao Cấp Chống Nước Bộ 12/24/36/48/60 Màu Vẽ Trên Mọi Bề Mặt Chất Liệu Vải Chai Lọ Đồ Chơi Trẻ Em,69 Đã bán,https://www.lazada.vn/products/pdp-i2599235091.html
Dụng cụ chăm sóc Sắc đẹp,p22eom.Selection,61.500 ₫,-23%,47355,,,Bộ cọ trang điểm 10-12 cây dành cho trang điểm,2.0K Đã bán,https://www.lazada.vn/products/pdp-i3140945576.html
Trang điểm,LPTHIENYSHOP,129.800 ₫,-46%,70092,(3),5.0,Bộ Trang Điểm 4 Món Hanru Đầy Đủ Tiện Lợi Cho Người Mới Bắt Đầu,13 Đã bán,https://www.lazada.vn/products/pdp-i2959235342.html
Dụng cụ chăm sóc Sắc đẹp,Mon-Basic Túi mỹ phẩm,80.000 ₫,-19%,64800,(1),5.0,Túi đựng đồ makeup nhỏ gọn có chia ngăn,5 Đã bán,https://www.lazada.vn/products/pdp-i2681979743.html
Tủ chứa & Sắp xếp đồ,Phụ Kiện Giá Tốt 24H,80.000 ₫,-46%,43200,(20),4.9,"Kệ Đựng Mỹ Phẩm, Remote , Đồ Dùng Đa Năng Cỡ To 4 Ngăn - Rổ Nhựa 4 Ngăn Đựng Đồ Tiện Ích - Khay Nhựa 4 Ngăn  - Khay Đựng Đồ - Khay Bút - Khay Tiện ích 4 Ngăn Nhựa PP Tiện Lợi",69 Đã bán,https://www.lazada.vn/products/pdp-i2418989860.html
Trang điểm,Mỹ Phẩm Thuý Hường,,,,,,Bộ Trang Điểm Makuep Cơ Bản Đầy Đủ [22 Món S7] Bộ Sản Phẩm Makep Của Nữ Dành Cho Người Mới Tập Trang Điểm Mỹ Phẩm Cosmetic,,https://www.lazada.vn/products/pdp-i2661090348.html
Trang điểm,Phukienxinh14,109.000 ₫,-46%,58860,(4),5.0,Set Trang Điểm PRETTY MAKEUP MSMEESHU HANRU 4 MÓN,7 Đã bán,https://www.lazada.vn/products/pdp-i2513346987.html
Dụng cụ chăm sóc Sắc đẹp,SUKA HOUSE 999,,,,(2),5.0,"Kệ Mỹ Phẩm Có Gương Size Đơn, Kể Tủ Đựng Mỹ Phẩm Mini, Kệ Đựng Đồ Trang Điểm",12 Đã bán,https://www.lazada.vn/products/pdp-i2825553573.html
Dụng cụ chăm sóc Sắc đẹp,Akii Home,110.000 ₫,-41%,64900,(3),5.0,"Túi đựng mỹ phẩm da PU, đồ trang điểm đi du lịch, chống thấm nước, nhiều ngăn, cầm tay tiện lợi Akii Home TD106",12 Đã bán,https://www.lazada.vn/products/pdp-i2664830600.html
Nhập vai Phục trang & Dạ tiệc,ForesightOfficialStore,339.200 ₫,-33%,227264,(26),5.0,Bộ mỹ phẩm đồ chơi trang điểm 33 món không độc hại thích hợp cho bé,108 Đã bán,https://www.lazada.vn/products/pdp-i2395342022.html
Nhập vai Phục trang & Dạ tiệc,SpeedOfficialStore,307.100 ₫,-13%,267177,(4),5.0,"Bộ Dụng Cụ Làm Đẹp Mỹ Phẩm Cho Trẻ Em 17 Chiếc, Bộ Hộp Trang Điểm Không Độc Hại Bộ Quà Tặng Sinh Nhật Cho Bé Gái, Bộ Trang Điểm Cho Trẻ Em, Bộ Trang Điểm Cho Trẻ Em, Đồ Chơi Trang Điểm Cho Bé Gái,",12 Đã bán,https://www.lazada.vn/products/pdp-i2391300572.html
Dụng cụ chăm sóc Sắc đẹp,Bách Hóa ADN.Shop,63.000 ₫,-19%,51030,(25),4.8,"[HCM] Set 3 Túi Nhựa Trong Suốt Đựng Đồ Đa Năng, Đựng Mỹ Phẩm, Đồ Dùng Cá Nhân  Mang Theo Tiện Lợi",95 Đã bán,https://www.lazada.vn/products/pdp-i2657844431.html
Tủ chứa & Sắp xếp đồ,Cửa hàng gia dụng tiện ích HCM,129.000 ₫,-26%,95460,(84),4.8,Kệ Đựng Mỹ Phẩm Đồ Trang Điểm Trang Sức 4 Tầng Trong Suốt 3 Ngăn Kéo Tiện Dụng,269 Đã bán,https://www.lazada.vn/products/pdp-i2413115090.html
Tủ chứa & Sắp xếp đồ,SUKA HOUSE 999,,,,,,"Khay Đựng Nhựa Mỹ Phẩm, Khay Đựng Đồ Trong Suốt Có Quai, Khay Đựng Đồ Đa Năng",,https://www.lazada.vn/products/pdp-i2825888222.html
Dụng cụ chăm sóc Sắc đẹp,FUNGLA HOUSE,198.000 ₫,-50%,99000,(49),4.8,KỆ MỸ PHẨM MICA TRONG SUỐT XOAY 360 ĐỘ HÀNG TỐT SIÊU BỀN ĐẸP- HỘP ĐỰNG ĐỒ TRANG ĐIỂM ĐỂ BÀN KÈM KHAY SON CÓ THỂ XẾP GỌN ĐƯỢC,163 Đã bán,https://www.lazada.vn/products/pdp-i496126604.html
Tủ chứa & Sắp xếp đồ,GIA DỤNG SỈ TPHCM,198.000 ₫,-50%,99000,(2),5.0,KỆ TỦ ĐỰNG MỸ PHẨM ĐỒ TRANG ĐIỂM MINI TRONG SUỐT 4 TẦNG TASHUAN - KỆ NHỰA ĐỰNG MỸ PHẨM 4 TẦNG NGĂN KÉO TIỆN DỤNG,20 Đã bán,https://www.lazada.vn/products/pdp-i1983027549.html
Trang điểm,SKINCARE_MAKEUP SHOP,290.000 ₫,-50%,145000,(3),3.7,( Tặng bộ cọ 8 món)Trọn bộ trang điểm 12 món đầy đủ cho người mới/ set trang điểm đầy đủ/ bộ makeup cá nhân,7 Đã bán,https://www.lazada.vn/products/pdp-i2861587268.html
Dụng cụ chăm sóc Sắc đẹp,Tuidonghang.hcm,79.000 ₫,-30%,55300,(47),4.6,Kệ đựng mĩ phẩm đồ trang điểm nhựa để bàn có ngăn kéo tiện lợi,168 Đã bán,https://www.lazada.vn/products/pdp-i2253318618.html
Trang điểm,Mỹ Phẩm Thuý Hường,,,,(6),4.8,Bộ Trang Điểm[12 Món Y5]Đầy Đủ Makeup/Trang Điểm Đi Tiệc/Trang Điểm Cá Nhân Cơ Bản 12 Món,18 Đã bán,https://www.lazada.vn/products/pdp-i2628294302.html
Nhập vai Phục trang & Dạ tiệc,nxMNtxBu,,,,,,bộ trang điểm,,https://www.lazada.vn/products/pdp-i2951103470.html
Tủ chứa & Sắp xếp đồ,Gia Dụng Pk,45.000 ₫,-27%,32850,(6),5.0,"Hộp đựng bông tẩy trang trong suốt 252 - Hộp đựng mỹ phẩm phòng tắm - Hộp đựng bông tẩy trang tròn, hộp đưng bông tẩy trang , hộp đưng bông tăm, ống đựng bông tẩy trang",19 Đã bán,https://www.lazada.vn/products/pdp-i3022792548.html
Dụng cụ chăm sóc Sắc đẹp,GIA DỤNG MUN SHOP,,,,(2),5.0,"Kệ đựng mỹ phẩm 2 tầng, hộp đựng đồ trang điểm, makeup bằng nhựa cao cấp, tiện sử dụng",5 Đã bán,https://www.lazada.vn/products/pdp-i2196649890.html
Trang điểm,Mỹ Phẩm Thuý Hường,,,,(2),4.5,Bộ Trang Điểm Makuep Cơ Bản Đầy Đủ [22 Món S6] Bộ Sản Phẩm Makep Của Nữ Dành Cho Người Mới Tập Trang Điểm Mỹ Phẩm Cosmetic,15 Đã bán,https://www.lazada.vn/products/pdp-i2661059639.html
Trang điểm,Mỹ Phẩm Thuý Hường,,,,,,Bộ Trang Điểm Makuep Cơ Bản Đầy Đủ [12 Món Z2] Bộ Sản Phẩm Makep Của Nữ Dành Cho Người Mới Tập Trang Điểm Mỹ Phẩm Cosmetic,,https://www.lazada.vn/products/pdp-i2661009925.html
Dụng cụ chăm sóc Sắc đẹp,Tạp hoá đồ dùng1102,110.000 ₫,-19%,89100,(1),5.0,"Kệ đựng mỹ phẩm nhựa 4 tầng để bàn tặng kèm sticker, khay đựng đồ trang điểm nhiều ngăn , decor bàn học, đựng bút",,https://www.lazada.vn/products/pdp-i2857928472.html
Dụng cụ chăm sóc Sắc đẹp,GIA DỤNG AN NHIÊN .2702,130.000 ₫,-48%,67600,(13),4.9,Kệ Đựng Mỹ Phẩm Mẫu Mới Cỡ Lớn - Đồ Trang Điểm Để Bàn Xoay 360  Sang Trọng Cao Cấp - Mẫu Mới Cực Đẹp,69 Đã bán,https://www.lazada.vn/products/pdp-i2603139437.html
Dụng cụ chăm sóc Sắc đẹp,ROSE.Hi,,,,,,Cốp vải đựng đồ makeup đồ nail size to. Cốp vải có dây đeo đựng đồ makeup chuyên nghiệp SIZE đại MS 00027,,https://www.lazada.vn/products/pdp-i3123359441.html
Dụng cụ chăm sóc Sắc đẹp,My MiNail,,,,(15),4.7,Cốp nhôm 2 tầng đựng đồ trang điểm 32x26x21 Nail mi.phun xăm .make up,72 Đã bán,https://www.lazada.vn/products/pdp-i1468509050.html
Dụng cụ chăm sóc Sắc đẹp,OCE-giadungtienich,105.000 ₫,-36%,67200,(28),4.9,Túi Đựng Mỹ Phẩm Đồ Trang Điểm Trang Sức JYoohome Túi Đựng Đồ Dùng Du Lịch Trong Suốt Chống Thấm Nước,147 Đã bán,https://www.lazada.vn/products/pdp-i2486921387.html
Trang điểm,Shop Mỹ Phẩm BULL Chuyên Sỉ,,,,,,"(S- BBull) Sét Trang Điểm Nvno 8 Món cơ Bản Hàng Nội Địa ,, trang điểm , tiện lợi , sang trọng",,https://www.lazada.vn/products/pdp-i3110245217.html
Dụng cụ chăm sóc Sắc đẹp,BUM BI,,,,(2),5.0,"Túi Đựng Đồ Trang Điểm Makeup Đính Hoa Tulip Dễ Thương, Túi Vải Mỹ Phẩm Có Quai Xách Tiện Lợi Khi Đi Du Lịch Nhiều Màu",,https://www.lazada.vn/products/pdp-i3028176047.html
Trang điểm,Tiệm Quà Của Mi,78.000 ₫,-50%,39000,,,Tron bộ trang điểm 9 món đầy đủ các bước trang điểm/son/kem nền/Phấn mắt/ Má hồng/ Mascara/ Kẻ mắt/ Bấm mi/ chì mày/Bộcọ,,https://www.lazada.vn/products/pdp-i2904658402.html
Dụng cụ chăm sóc Sắc đẹp,Gia dụng Tuki248,50.000 ₫,-30%,35000,(4),5.0,"Túi đựng mỹ phẩm, đồ trang điểm chống thấm nước, họa tiết dễ thương",12 Đã bán,https://www.lazada.vn/products/pdp-i2519532094.html
Dụng cụ chăm sóc Sắc đẹp,Gia dụng Tuki248,60.000 ₫,-30%,42000,(3),5.0,"Khay nhựa 3 tầng đựng mỹ phẩm, đựng đồ đa năng",14 Đã bán,https://www.lazada.vn/products/pdp-i2517774664.html
Dụng cụ chăm sóc Sắc đẹp,Vega365,75.000 ₫,-27%,54750,,,"Túi Đựng Mỹ Phẩm, Đồ Trang Điểm 2 Tầng Bằng Vải Lưới Nhẹ Gọn, Dễ Giặt Vệ Sinh Tiện Dụng",,https://www.lazada.vn/products/pdp-i3096516102.html
Dụng cụ chăm sóc Sắc đẹp,ROSE.Hi,,,,,,Cốp vải đựng đồ makeup đồ nail size to. Cốp vải dây đeo makeup đa năng chuyên nghiệp SIZE đại MS 388 [ ROSE ],,https://www.lazada.vn/products/pdp-i3123291794.html
Dụng cụ chăm sóc Sắc đẹp,MIGE.HOME,91.000 ₫,-30%,63700,,,"Bộ cọ trang điểm cầm tay 10 món có hộp đựng, bao gồm nhiều loại cọ trang điểm chuyên nghiệp",,https://www.lazada.vn/products/pdp-i3083815446.html
Trang điểm,Mỹ Phẩm Thuý Hường,,,,(4),5.0,Bộ Trang Điểm Makuep Cơ Bản Đầy Đủ [24 Món S5] Bộ Sản Phẩm Makep Của Nữ Dành Cho Người Mới Tập Trang Điểm Mỹ Phẩm Cosmetic,6 Đã bán,https://www.lazada.vn/products/pdp-i2661134092.html
Trường học & văn phòng,Tuidonghang.hcm,23.000 ₫,-17%,19090,(23),4.8,"Túi Đựng Bút Viết Trong Suốt - Túi Đựng Đồ, Mỹ Phẩm  Họa Tiết Dễ Thương",110 Đã bán,https://www.lazada.vn/products/pdp-i2333098459.html
Dụng cụ chăm sóc Sắc đẹp,GIA DỤNG AN NHIÊN .2702,,,,,,"Tủ Đựng Mỹ Phẩm 4 Tầng HOKORI Cao Cấp Nhựa Việt Nhật, Kệ Đựng Mỹ Phẩm, Đồ Trang Điểm",,https://www.lazada.vn/products/pdp-i2542625046.html
Dụng cụ chăm sóc Sắc đẹp,ACB phát,220.000 ₫,-34%,145200,(13),4.6,"Cốp Vải Chống Thấm Nước_Cốp Vali LV Mini Đựng Dụng Cụ Phun Xăm, Spa, Nail, Túi Đựng Đồ Makeup Cốp Trang Điểm Cá Nhân_Túi đồ dùng cá nhân & mỹ phẩm",44 Đã bán,https://www.lazada.vn/products/pdp-i2235256831.html
Dụng cụ chăm sóc Sắc đẹp,THẾ GIỚI DÉP LÔNG 1992,99.000 ₫,-20%,79200,(4),5.0,"Túi hộp đựng mỹ phẩm, đồ trang điểm hộp đứng cứng ko gấp gọn được",29 Đã bán,https://www.lazada.vn/products/pdp-i2376356125.html
Dụng cụ chăm sóc Sắc đẹp,TI DO,,,,(141),4.9,HOÀN TIỀN 20% - Khay Kệ Đựng Mỹ Phẩm Trang Điểm Trong Suốt Để Bàn Cao Cấp Loại Dày TI DO,558 Đã bán,https://www.lazada.vn/products/pdp-i250052812.html
Dụng cụ chăm sóc Sắc đẹp,BUM BI,,,,(2),5.0,Túi đựng mỹ phẩm trong suốt Túi đựng đồ trang điểm hình thú dễ thương nhiều kích thước WASH BAG - BUMSTORE,5 Đã bán,https://www.lazada.vn/products/pdp-i2335189440.html
Trang điểm,Mỹ Phẩm Thuý Hường,,,,(2),5.0,Bộ Trang Điểm[12 Món Y7]Đầy Đủ Makeup/Trang Điểm Đi Tiệc/Trang Điểm Cá Nhân Cơ Bản 12 Món,13 Đã bán,https://www.lazada.vn/products/pdp-i2628280319.html
Dụng cụ chăm sóc Sắc đẹp,Shoponline24h.(Sơn Liễu).,,,,,,Túi đựng mỹ phẩm đồ cá nhân chia nhiều ngăn tiện lợi bằng vải khoá kéo chắc chắn thiết kế thời trang dễ dàng mang đi,,https://www.lazada.vn/products/pdp-i3139754401.html
Dụng cụ chăm sóc Sắc đẹp,BUM BI,,,,(13),4.8,[HCM]Túi đựng mỹ phẩm tiện lợi Túi Đựng Đồ Trang Điểm - BUMSTORE,85 Đã bán,https://www.lazada.vn/products/pdp-i453164779.html
,Xương Rồng Nhỏ - Đồ chơi trẻ em,83.100 ₫,-48%,43212,(2),3.0,"Bút Sáp dầu siêu mềm Giorgione 12/24/36/48 Soft Oil Pastels Màu sáp dầu cho Học sinh, Hoạ Sĩ Vẽ tranh nổi",14 Đã bán,https://www.lazada.vn/products/pdp-i2478635031.html
Dụng cụ chăm sóc Sắc đẹp,GIA DỤNG SỈ TPHCM,132.000 ₫,-50%,66000,,,KỆ ĐỰNG MỸ PHẨM CỌ TRANG ĐIỂM 5 NGĂN XOAY 360 ĐỘ TIỆN LỢI PHONG CÁCH HÀN QUỐC XINH XẮN. ỐNG ĐỰNG BÚT ĐỒ DÙNG HỌC TẬP ĐỂ BÀN ĐA NĂNG,,https://www.lazada.vn/products/pdp-i3102607996.html
Nhập vai Phục trang & Dạ tiệc,HENGHOME Vietnam,170.190 ₫,-44%,95306,(1),5.0,HENGHOME 1 bộ không độc hại cô gái trang điểm đạo cụ trẻ em giả vờ chơi mô phỏng mỹ phẩm đồ chơi Kit với Eyeshadow Palette và son môi Applicator,7 Đã bán,https://www.lazada.vn/products/pdp-i3066444242.html
Dụng cụ chăm sóc Sắc đẹp,BUM STORE.,,,,(142),4.8,Túi đựng mỹ phẩm tiện lợi Túi Đựng Đồ Trang Điểm - BUM STORE,664 Đã bán,https://www.lazada.vn/products/pdp-i389452054.html
Dụng cụ chăm sóc Sắc đẹp,Chigoo,528.000 ₫,-43%,300960,(20),5.0,Chigoo Túi đựng mỹ phẩm led túi đựng đồ makeup túi đựng đồ trang điểm túi đựng mĩ phẩm có gương hộp đựng mỹ phẩm có nắp,124 Đã bán,https://www.lazada.vn/products/pdp-i2806442679.html
Tủ chứa & Sắp xếp đồ,TomHouseVN,79.000 ₫,-14%,67940,(1),5.0,"Kệ Đựng Mỹ Phẩm, Đồ Trang Điểm 3 Tầng Nhiều Ngăn - Kệ Nhựa Đa Năng - Khay Để Đồ, Dụng Cụ Học Tập Có Ngăn Kéo",7 Đã bán,https://www.lazada.vn/products/pdp-i2062230190.html
Tủ chứa & Sắp xếp đồ,Phụ Kiện Giá Tốt 24H,80.000 ₫,-46%,43200,(8),4.9,"Rổ Nhựa 4 Ngăn Đựng Đồ Tiện Dụng - Kệ Đựng Mỹ Phẩm, Remote , Đồ Dùng Đa Năng - Khay Nhựa - Khay Đựng Đồ 4 Ngăn - Khay Đựng Bút - Khay Tiện ích 4 Ngăn Nhựa PP Tiện Lợi",36 Đã bán,https://www.lazada.vn/products/pdp-i2419127031.html
Dụng cụ chăm sóc Sắc đẹp,Mymy20.shop,32.000 ₫,-25%,24000,(4),5.0,"Túi xách nữ đựng đồ dùng cá nhân, mỹ phẩm, bóp viết 22*11*4.5cm",40 Đã bán,https://www.lazada.vn/products/pdp-i3005750396.html
Tủ chứa & Sắp xếp đồ,DELI LIFESTYLE VIETNAM,260.750 ₫,-43%,148627,(13),4.9,Kệ đựng mỹ phẩm nhựa nhiều tầng để bàn trong suốt Deli kệ đưng đồ trang điểm hộp lưu trữ văn phòng phẩm VS,59 Đã bán,https://www.lazada.vn/products/pdp-i2223652863.html
Tủ chứa & Sắp xếp đồ,Gia Dụng Pk,140.000 ₫,-22%,109200,(37),4.7,"Kệ Nhiều Tầng Đựng Mĩ Phẩm Đồ Makeup Sơn Móng Tay Phấn Mắt 4/5/6 tầng Trang Điểm Gọn Gàng Decor, hộp đựng bút, hộp đựng sticker, hộp đựng mỹ phẩm, hộp để bàn trang trí , hộp , tủ nhựa, kệ đựng mỹ phẩm, kệ đựng min",135 Đã bán,https://www.lazada.vn/products/pdp-i2467376714.html
Dụng cụ chăm sóc Sắc đẹp,Akii Home,60.000 ₫,-35%,39000,(4),5.0,"Túi đựng mỹ phẩm chất liệu PVC mờ+da PU cao cấp, túi đựng đồ trang điểm di động Akii Home TD31",15 Đã bán,https://www.lazada.vn/products/pdp-i2834705110.html
Dụng cụ chăm sóc Sắc đẹp,Shop hàng khuyến mãi Nguyễn Quý,35.000 ₫,-46%,18900,(10),4.9,Túi đựng mỹ phẩm Túi đựng mỹ phẩm Túi đựng đồ tiện ích nhựa dẻo trong suốt,44 Đã bán,https://www.lazada.vn/products/pdp-i2488469341.html
Dụng cụ chăm sóc Sắc đẹp,- GIÁ RẺ NHẤT -,55.000 ₫,-20%,44000,(45),4.9,"Kệ đựng mỹ phẩm, Kệ để đồ đa năng 3 Tầng 2 ngăn kéo để bàn ô tiện ích, Chất liệu nhựa ABS an toàn khi sử dụng",150 Đã bán,https://www.lazada.vn/products/pdp-i2067654275.html
Trang điểm,Hangnga Beauty Store,190.000 ₫,-47%,100700,(6),4.8,"[Bộ 18sp E5] Bộ make up, mỹ phẩm trang điểm, xịt khoá make-up, Kem nền, phấn má, phấn phủ, bộ cọ, tạo khối, che khuyết điểm, kẹp bấm mi, phấn mắt, kem lót, chuốt mi mascara, kẻ mắt, kẻ mày...",27 Đã bán,https://www.lazada.vn/products/pdp-i2685257652.html
Dụng cụ chăm sóc Sắc đẹp,BUM BI,,,,(2),5.0,"Túi Đựng Mỹ Phẩm Washbag 1 Ngăn Nhiều Màu Đủ Kích Thước, Túi Đựng Đồ Make Up Du Lịch Cá Nhân Chất Liệu Pu Chống Nước",12 Đã bán,https://www.lazada.vn/products/pdp-i2641228492.html
Vali và Túi du lịch đa năng,Bách Hóa ADN.Shop,35.000 ₫,-36%,22400,(9),4.8,Bộ chiếc mỹ phẩm 7 món du lịch - Bộ 5 chai lọ chiết kem mỹ phẩm đa năng nhỏ gọn bằng silicon dẻo trong suốt,52 Đã bán,https://www.lazada.vn/products/pdp-i2137597409.html
Dụng cụ chăm sóc Sắc đẹp,BUM STORE.,,,,(149),4.7,Túi đựng mỹ phẩm tiện lợi,860 Đã bán,https://www.lazada.vn/products/pdp-i248591378.html
Trang điểm,Mỹ Phẩm Thuý Hường,,,,(12),5.0,[ Bộ trang điểm] 27 Món [V5] Bộ sản phẩm  trang điểm MAKEUP  gồm 27 món (V5) đa năng tiện dụng Dành cho người mới tầm makeup [chính hãng],30 Đã bán,https://www.lazada.vn/products/pdp-i2584394827.html
Trang điểm,Mỹ Phẩm Thuý Hường,,,,(17),4.8,Bộ Trang Điểm Đầy Đủ Chính Hãng Bộ Makeup [14 Món E2] Cho Người Mới - Lamelia 14 Sản Phẩm Bộ E2,55 Đã bán,https://www.lazada.vn/products/pdp-i2427059118.html
Tủ chứa & Sắp xếp đồ,Forest Home,279.998 ₫,-36%,179198,,,"Hộp Bảo Quản Mỹ Phẩm, Hộp Đựng Mỹ Phẩm Đa Năng Dung Tích Lớn, xoay 360 Hộp đựng mỹ",,https://www.lazada.vn/products/pdp-i3179423086.html
Tủ chứa & Sắp xếp đồ,Gia Dụng Pk,76.000 ₫,-15%,64600,(2),5.0,"Hộp đựng cọ trang điểm 2959 - hộp đựng cọ có nắp kín chống ẩm mốc bụi bẩn, hộp dựng cọ trang điểm, hộp đựng mỹ phẩm, hộp đựng có nắp, hộp đựng trang sức",6 Đã bán,https://www.lazada.vn/products/pdp-i3027359155.html
Dụng cụ chăm sóc Sắc đẹp,YTFSHOP,,,,,,"Tủ đựng đồ trang điểm DEMI màu trắng kem đẹp và sang trọng, Kệ Đựng Mĩ Phẩm Để Bàn Bằng Nhựa Cao Cấp",,https://www.lazada.vn/products/pdp-i2852931400.html
Dụng cụ chăm sóc Sắc đẹp,shopmymy VN111KL,58.000 ₫,-50%,29000,(7),5.0,"Túi Đựng Mỹ Phẩm, Đồ Trang Điểm Đi Du Lịch Luxury Washbag Trong Suốt Chống Thấm Nước Tiện Lợi WB02",35 Đã bán,https://www.lazada.vn/products/pdp-i2912602475.html
Dụng cụ chăm sóc Sắc đẹp,BUM BI,,,,,,Túi đựng mỹ phẩm tiện lợi,148 Đã bán,https://www.lazada.vn/products/pdp-i258549228.html
Chăm sóc da mặt,Giá Sỉ Thủ Đức,159.000 ₫,-13%,138330,(3),4.7,[Sét 7 Món] Bộ Dưỡng Trắng Da Nội Địa Trung Chính hãng( quà tặng 8/3 ),6 Đã bán,https://www.lazada.vn/products/pdp-i2088928491.html
Trang điểm,PaNa- Store,319.000 ₫,-48%,165880,(296),4.9,HOÀN TIỀN 15% - Trọn bộ 15 món trang điểm Lameila/ combo makeup/son/kem nền,885 Đã bán,https://www.lazada.vn/products/pdp-i2197672582.html
Trang điểm,PaNa- Store,169.000 ₫,-41%,99710,(6),5.0,Bộ Trang Điểm Cá Nhân 7 đến 9 sản phẩm/ phấn nước lameila/Maccara/son/phấn phủ,32 Đã bán,https://www.lazada.vn/products/pdp-i1968046025.html
Dụng cụ chăm sóc Sắc đẹp,BUM BI,,,,(8),5.0,Túi mỹ phẩm đa năng có ngăn lưới tiện dụng WASH BAG Túi du lịch đựng đồ nhiều màu chống thấm nước - BUMSTORE,29 Đã bán,https://www.lazada.vn/products/pdp-i2344803313.html
Trang điểm,Tiệm Quà Của Mi,70.000 ₫,-50%,35000,,,"Bộ makeup 5 món , bộ trang điểm phấn mắt, má hồng, son môi, mascara, bộ cọ trang điểm",9 Đã bán,https://www.lazada.vn/products/pdp-i2905565289.html
Dụng cụ chăm sóc Sắc đẹp,Màn Chụp Tự Bung Kiều Phi,100.000 ₫,-50%,50000,,,Set bộ cọ trang điểm manke up cá nhân- cọ trang điể 5 món kèm hộp đựng nội địa trung tiện dụng,,https://www.lazada.vn/products/pdp-i2675683195.html
Trang điểm,SKINCARE_MAKEUP SHOP,310.000 ₫,-50%,155000,,,Bộ trang điểm cá nhân/bộ trang điểm đi tiệc/set makeup/ trọn bộ trang điểm/ bộ makeup cá nhân/ Bộ trang điểm 14 món,,https://www.lazada.vn/products/pdp-i2861534236.html
Dụng cụ chăm sóc Sắc đẹp,Gia Dụng Pk,158.000 ₫,-22%,123240,(1),5.0,"Túi Đựng Mỹ Phẩm - Đựng Đồ Cá Nhân Gấp Gọn DA SẦN 4 NGĂN Chất Liệu Da Sang Trọng, túi đựng mỹ phẩm, túi da, túi, hộp đựng mỹ phẩm, túi đựng cọ ,túi gấp gọn,",13 Đã bán,https://www.lazada.vn/products/pdp-i3048412060.html
Dụng cụ chăm sóc Sắc đẹp,Cikmi store,173.714 ₫,-26%,128548,(6),5.0,Cốp Đựng Mỹ Phẩm Vật liệu Da Túi trang điểm dung tích lớn có gương LED Thông Minh Đựng Mỹ Phẩm Túi đựng đồ makeup,30 Đã bán,https://www.lazada.vn/products/pdp-i2885285884.html
Trang điểm,Hoa Bồ Công Anh Store,64.000 ₫,-50%,32000,(19),5.0,"[COMBO] Bộ cọ trang điểm Hello Kitty 7 cây trong hộp xinh xắn, lông cọ mềm với màu hồng cực dễ thương. Hộp cọ thiết kế nhỏ gon dễ dàng bỏ túi mang theo đi học, đi làm, đi chơi, du lịch,",55 Đã bán,https://www.lazada.vn/products/pdp-i713894506.html
Tủ chứa & Sắp xếp đồ,Hauser,,,,(3),5.0,"Hộp đựng mỹ phẩm để bàn đa năng, hộp để đồ trong suốt chất liệu nhựa Acrylic-HAUSE",8 Đã bán,https://www.lazada.vn/products/pdp-i2732337739.html
,Shop đồ chơi trẻ em Kim Long,,,,,,Bút lông Màu Acrylic Marker / Bộ màu 12 24 36 48 60 80 màu Vẽ Được Trên Nhiều Chất Liệu - Đồ Chơi Mỹ Thuật SẴN HCM,,https://www.lazada.vn/products/pdp-i3178264593.html
Dụng cụ chăm sóc Sắc đẹp,X-DECOR HCM,30.000 ₫,-47%,15900,,,"Bộ Cọ Trang Điểm Du Lịch Mini 8 Món Tặng Túi Zip, Set 8 Cây Cọ Trang Điểm Lông Dày Mịn Êm",,https://www.lazada.vn/products/pdp-i3060300330.html
Dụng cụ chăm sóc Sắc đẹp,Màn Chụp Tự Bung Kiều Phi,100.000 ₫,-50%,50000,,,Bộ cọ trang điểm mini - cọ trang điểm cá nhân - cọ make up tiện dụng 5 món kèm hộp đựng tiện lợi,,https://www.lazada.vn/products/pdp-i2675640103.html
Dụng cụ chăm sóc Sắc đẹp,GIA DỤNG SỈ TPHCM,190.000 ₫,-50%,95000,(7),4.6,TỦ GỖ ĐỰNG MỸ PHẨM CÓ GƯƠNG TRANG ĐIỂM HÌNH TAI MÈO SIÊU XINH - KỆ ĐỰNG MỸ PHẨM ĐỒ MAKEUP NHIỀU NGĂN BẰNG GỖ THƠM CAO CẤP CÓ THỂ XẾP GỌN ĐƯỢC - MẪU MỚI 2022,44 Đã bán,https://www.lazada.vn/products/pdp-i1582041606.html
Trang điểm,MICOMI Cosmetics,158.000 ₫,-50%,79000,(8),4.1,"Bộ Trang Điểm Đầy Đủ 8 Món Set Trang Điểm Makeup Từ A-Z Đi Tiệc Đi Chơi Đi Làm MICOMI Cosmetics Kem Nền, Phấn Phủ, Phấn Mắt, Mascara, Chì Kẻ Mày, Kẻ Mắt, Son Môi",53 Đã bán,https://www.lazada.vn/products/pdp-i1906679078.html
Dụng cụ chăm sóc Sắc đẹp,SIANDO,49.000 ₫,-19%,39690,(1),5.0,Túi đựng mỹ phẩm Washbag 3 màu 3 size đựng đồ cá nhân đồ trang điểm chống thấm nước SIANDO TCN01,5 Đã bán,https://www.lazada.vn/products/pdp-i2956487446.html
Đồ dùng phòng ngủ,Mỹ Phẩm Hồng Sơn,60.000 ₫,-42%,34800,(1),5.0,"Gối kê bồn giường gội đầu cao su mềm, gối cao su gội đầu nhiều mẫu",,https://www.lazada.vn/products/pdp-i3084235442.html
Tủ chứa & Sắp xếp đồ,Bonjure Beauty,159.000 ₫,-22%,124020,(27),5.0,"YONUO  hộp lưu trữ để bàn, bàn trang điểm, hộp sắp xếp mặt nạ mỹ phẩm, hộp trong suốt, cọ trang điểm gia dụng và hộp lưu trữ phồng",90 Đã bán,https://www.lazada.vn/products/pdp-i2561586529.html
Tủ chứa & Sắp xếp đồ,Bonjure Beauty,222.000 ₫,-47%,117660,(35),4.8,"YONUO  Kệ đựng mỹ phẩm Hộp lưu trữ máy tính để bàn, ngăn kéo lưu trữ, Tủ lưu trữ nhiều lớp, lưu trữ mỹ phẩm, hộp trang sức, hộp sắp xếp đa chức năng, hộp lưu trữ văn phòng phẩm, Kệ mỹ phẩm",99 Đã bán,https://www.lazada.vn/products/pdp-i2549394533.html
Dụng cụ chăm sóc Sắc đẹp,the gioi vali,85.000 ₫,-24%,64600,(22),5.0,"Túi đựng mỹ phẩm xách tay,Chất liệu PU chống thấm nước có móc treo nhiều ngăn,chứa được nhiều đồ dùng cá nhân và mỹ phẩm",90 Đã bán,https://www.lazada.vn/products/pdp-i2494681535.html
Tủ chứa & Sắp xếp đồ,Global Merch Park,133.000 ₫,-31%,91770,(104),5.0,Hộp Đựng Mỹ Phẩm Trong Suốt Acrylic Hộp Đựng Đồ Trang Điểm Có 3 Ngăn Cho Tăm Bông & Miếng Đệm Để Bàn Nhựa Thân Thiện Với Môi Trường,67 Đã bán,https://www.lazada.vn/products/pdp-i2562415377.html
Đồ gia dụng chăm sóc cá nhân,Shop Mỹ Phẩm BULL Chuyên Sỉ,60.000 ₫,-30%,42000,,,Máy massage mặt mắt môi ADAD rung cầm tay điện xung di đẩy tinh chất ion,,https://www.lazada.vn/products/pdp-i3156527210.html
Dụng cụ chăm sóc Sắc đẹp,Glory YH314,63.700 ₫,-8%,58604,(28),5.0,"[HCM] Hộp đựng mỹ phẩm để bàn đa năng, hộp để đồ đa năng trong suốt chất liệu nhựa Acrylic -GL314",112 Đã bán,https://www.lazada.vn/products/pdp-i2726362207.html
,HUGI KIDS - ĐỒ XINH CHO BÉ,200.000 ₫,-23%,154000,(144),5.0,Bút Lông Màu Acrylic Marker (Loại tốt) vẽ lên mọi chất liệu mực tươi đều và đậm,550 Đã bán,https://www.lazada.vn/products/pdp-i2557417530.html
,Slayer,138.000 ₫,-50%,69000,,,80/48 Cây Bút màu Marker Lalunavn Touch Cool 2 Đầu tô màu dạ vẽ tranh anime - SÉT BÚT MÀU DẠ KÈM TÚI,,https://www.lazada.vn/products/pdp-i2684072108.html
Trang điểm,PaNa- Store,189.000 ₫,-39%,115290,(76),4.8,Bộ Trang Điểm Dành Cho Người Mới Tập Make Up/Trang Điểm Cá Nhân,322 Đã bán,https://www.lazada.vn/products/pdp-i1979447362.html
Trường học & văn phòng,Hauser,,,,(126),5.0,"Kệ Nhựa 6 Ngăn Đựng Bút, Mỹ Phẩm, Đồ Trang Điểm, Hộp Ống Cắm Bút 6 Ngăn,Tặng Kèm Sticker Dễ Thương-HAUSE",426 Đã bán,https://www.lazada.vn/products/pdp-i2484110740.html
Dụng cụ chăm sóc Sắc đẹp,GIA DUNG MINH ANH 2015,55.000 ₫,-49%,28050,(1),1.0,KỆ MỸ PHẨM NHỰA 3 TẦNG,,https://www.lazada.vn/products/pdp-i2542984477.html
Dụng cụ chăm sóc Sắc đẹp,Data FIT,75.000 ₫,-27%,54750,,,"Túi Lưới Đựng Mỹ Phẩm, Đồ Trang Điểm 2 Tầng, Nhỏ Gọn Tiện Dụng Dễ Giặt Vệ Sinh",,https://www.lazada.vn/products/pdp-i3096539062.html
Dụng cụ chăm sóc Sắc đẹp,LPThienY,21.800 ₫,-50%,10900,,,Bộ cọ trang điểm cá nhân 8 cây tặng kèm túi Zip Vintage,,https://www.lazada.vn/products/pdp-i3069673254.html
Dụng cụ chăm sóc Sắc đẹp,SHINE TORE SHOP,90.000 ₫,-50%,45000,(1),5.0,"Túi đựng đồ cá nhân , túi phụ kiên cá nhân , túi đựng đồ trang điểm DA cao cấp SHINE TORE ST-273",,https://www.lazada.vn/products/pdp-i2892794970.html
Trang điểm,Mỹ Phẩm Thuý Hường,,,,(18),4.5,Bộ Trang Điểm [8 Món ] Xinh Xắn Lameila Dành Cho Người Mới Tập Makuep(Chính Hãng) Bộ 8 món xinh xắn,57 Đã bán,https://www.lazada.vn/products/pdp-i2427027901.html
Trang điểm,PaNa- Store,189.000 ₫,-42%,109620,(267),4.8,Bộ trang điểm 9 món/kem nền/ bấm mi/phấn phủ/son/Maccara/chì kẻ mày/phấn mắt/nhũ mắt/kẻ mắt nước,1.2K Đã bán,https://www.lazada.vn/products/pdp-i1754121167.html
Tủ chứa & Sắp xếp đồ,Forest Home,252.199 ₫,-23%,194193,,,"Kệ Đựng Mỹ Phẩm, Đồ Trang Điểm, Kệ Nhựa Đựng Đồ Đa Năng Nhiều Tầng loại ngăn kéo Hộp đựng mỹ phẩm",,https://www.lazada.vn/products/pdp-i3179343536.html
Dụng cụ chăm sóc Sắc đẹp,Thế Giới Hộp Đựng Đồng Hồ - Mỹ Phẩm - BOXSW,,,,(5),5.0,"Cốp - Túi Trang Điểm Cá Nhân Du Lịch Chuyên Nghiệp - Cốp Để Đồ Phun Xăm, Make Up, Nối Mi - BH 12T",22 Đã bán,https://www.lazada.vn/products/pdp-i1761323569.html
Trang điểm,Mỹ Phẩm Thuý Hường,,,,(6),4.8,Bộ Trang Điểm[10 Món X7]Đầy Đủ Makeup/Trang Điểm Đi Tiệc/Trang Điểm Cá Nhân Cơ Bản 10 Món X7,21 Đã bán,https://www.lazada.vn/products/pdp-i2605407088.html
quà tặng & Gói quà,THƯ STORE 99,,,,(17),5.0,"HỘP QUÀ TẶNG NGÀY LỄ, SET QUÀ KỈ NIỆM MAKEUP GỒM 3 SON + NƯỚC HOA + PHẤN MÁ + KEM NỀN + GẤU XINH",70 Đã bán,https://www.lazada.vn/products/pdp-i2540437482.html
Đồ gia dụng chăm sóc cá nhân,HY WAXING,30.000 ₫,-37%,18900,(1),5.0,"[CHE TÊN] Bộ Chén Trộn Mặt Nạ 9 Món Tiện Ích Kèm Bình Chiết Mỹ Phẩm, Miếng Rửa Mặt HY WAXING 6279",6 Đã bán,https://www.lazada.vn/products/pdp-i2375028212.html
Trang điểm,Mỹ Phẩm Thuý Hường,,,,(8),4.5,Bộ Trang Điểm[12 Món X6]Đầy Đủ Các Món Makeup/Trang Điểm Đi Tiệc/Trang Điểm Cơ Bản [12 Món X6],30 Đã bán,https://www.lazada.vn/products/pdp-i2495525326.html
Trang điểm,Mỹ Phẩm Thuý Hường,,,,(132),4.9,Bộ Trang Điểm/Bộ trang điểm Đầy Đủ Chính Hãng Cho Người Mới [Bộ 22 món E5] - Lamelia 22 Sản Phẩm Bộ E5,451 Đã bán,https://www.lazada.vn/products/pdp-i2421570043.html
Trang điểm,Thục Quyên Shop14,80.000 ₫,-26%,59200,(4),5.0,[HCM] Bảng Phấn Mắt Trang Điểm Dạng Bóp Đa Năng Sweet ANYLADY PEACH Kèm Cọ,11 Đã bán,https://www.lazada.vn/products/pdp-i441004503.html
Trang điểm,CHINH HÃNG - SIÊU THỊ SỨC KHỎE VẺ ĐẸP,190.000 ₫,-21%,150100,(8),5.0,Bộ trang điểm cao cấp đủ màu hàng chính hãng,20 Đã bán,https://www.lazada.vn/products/pdp-i2985779307.html
Trang điểm,Mỹ Phẩm Thuý Hường,,,,(29),5.0,Bộ Trang Điểm/Sét Trang Điểm [24 Món M6] Đầy Đủ Các Món Chính Hãng Cho Người Mới - Lamelia 24 Sản Phẩm Bộ M6,105 Đã bán,https://www.lazada.vn/products/pdp-i2458616949.html
Trang điểm,Mỹ Phẩm Thuý Hường,,,,(29),4.7,Bộ Trang Điểm[12 Món C10]Đầy Đủ Makeup/Trang Điểm Đi Tiệc/Trang Điểm Cá Nhân Cơ Bản 12 Món C10,129 Đã bán,https://www.lazada.vn/products/pdp-i2428204001.html
Dụng cụ chăm sóc Sắc đẹp,bongyeushop,,,,(1),5.0,[HCM](LOẠI ĐẸP) KỆ MỸ PHẨM TRONG SUỐT XOAY 360 ĐỘ CAO CẤP - TỦ ĐỰNG ĐỒ TRANG ĐIỂM HÌNH TRỤ CÓ KHAY ĐỂ SON TIỆN LỢI - KHAY ĐỰNG MỸ PHẨM ĐỂ BÀN CÓ THỂ XẾP GỌN ĐƯỢC,9 Đã bán,https://www.lazada.vn/products/pdp-i2341087151.html
Trang điểm,Tiệm Quà Của Mi,398.000 ₫,-50%,199000,(1),5.0,"Bộ trang điểm, bộ makeup ca nhân đầy đủ cho người mới bắt đầu,  bộ quà tặng trang điểm",6 Đã bán,https://www.lazada.vn/products/pdp-i2858172591.html
Dụng cụ chăm sóc Sắc đẹp,THANH DUNG SÀI GÒN,83.600 ₫,-47%,44308,,,Túi đựng mỹ phẩm WASHBAG 3 size 3 màu đựng đồ trang điểm đồ cá nhân chống thấm nước ..(A5H5)..:,,https://www.lazada.vn/products/pdp-i2508336267.html
,ĐỒ DÙNG HỌC TẬP LEEQUEEN,109.000 ₫,-12%,95920,(2),5.0,"Bộ Bút Màu Acrylic Marker  LEA MK101 Đầu Tròn Cao Cấp Màu Sắc Tươi Sáng, Chống Thấm Nước, Vẽ Lên Được Nhiều Chất Liệu",,https://www.lazada.vn/products/pdp-i2742438697.html
Chăm sóc cá nhân,MỸ PHẨM KIM HUỆ,69.000 ₫,-43%,39330,(12),4.9,Combo 30 Viên Serum tóc Vitamin Dưỡng Tóc Mềm Mượt Và Óng Ả (bịch 30 Viên ) Thái lan,63 Đã bán,https://www.lazada.vn/products/pdp-i293094726.html
Dụng cụ chăm sóc Sắc đẹp,AnDat.Shop,63.000 ₫,-13%,54810,(10),5.0,"[HCM] Set 3 Túi Nhựa Trong Suốt Đựng Đồ Đa Năng, Đựng Mỹ Phẩm, Đồ Dùng Cá Nhân  Mang Theo Tiện Lợi",35 Đã bán,https://www.lazada.vn/products/pdp-i2657793681.html
Dụng cụ chăm sóc Sắc đẹp,PARHJg.Selection,30.600 ₫,-29%,21726,,,Bộ cọ trang điểm 4in1 xinh xắn dễ thương,5.4K Đã bán,https://www.lazada.vn/products/pdp-i3140928742.html
,MK ART,115.000 ₫,-17%,95450,(29),5.0,Màu Acrylic 3D 300ml Mont Marte Cao Cấp Của Úc - Vẽ Trên Mọi Chất Liệu,174 Đã bán,https://www.lazada.vn/products/pdp-i2423313435.html
Dụng cụ chăm sóc Sắc đẹp,Alice Mart,8.000 ₫,-44%,4480,(59),4.7,[ Freeship ] Set 4 Bông Mút Trang Điểm Kèm Hộp Đựng Xinh Xắn - Hộp 4 mút tán kem nền mút trang điểm mềm mại hình giọt nước siêu tiện dụng,247 Đã bán,https://www.lazada.vn/products/pdp-i2015542005.html
Trang điểm,Mỹ Phẩm Thuý Hường,,,,(23),5.0,Bộ trang điểm đầy đủ [10 món X3]  cơ bản set trang điểm cá nhân bộ makeup nhẹ nhàng đi chơi cho nàng Hatola Bộ X3,96 Đã bán,https://www.lazada.vn/products/pdp-i2495571086.html
Dụng cụ chăm sóc Sắc đẹp,HNKMP Vietnam,43.861 ₫,-44%,24562,,,HNKMP Hộp đựng bút chì nơ đen đơn giản phong cách Ins Túi đựng bút chì dung tích lớn Túi đựng mỹ phẩm túi đựng văn phòng phẩm đồ dùng học tập,,https://www.lazada.vn/products/pdp-i3176537297.html
Trang điểm,Mỹ Phẩm Thuý Hường,,,,(6),5.0,Bộ Trang Điểm[27 Món] M5 Đầy Đủ Makeup/Trang Điểm Đi Tiệc/Trang Điểm Cá Nhân Cơ Bản 27 Món M5,14 Đã bán,https://www.lazada.vn/products/pdp-i2456941585.html
Trang điểm,PaNa- Store,149.000 ₫,-42%,86420,(332),4.8,HOÀN TIỀN 15% - Bộ trang điểm Lameila 7 đến 8 món (Chính Hãng),1.5K Đã bán,https://www.lazada.vn/products/pdp-i1651160228.html
Nhập vai Phục trang & Dạ tiệc,Toyfun-VN,88.000 ₫,-2%,86240,(23),4.6,Bộ đồ chơi mỹ phẩm dụng cụ trang điểm 33 món không độc hại chất liệu an toàn nhiều lựa chọn thích hợp cho bé,142 Đã bán,https://www.lazada.vn/products/pdp-i2721652746.html
Dụng cụ chăm sóc Sắc đẹp,Lâm Khải Phong_shop,,,,,,Kệ/Tủ Mỹ Phẩm Có Gương Tai Mèo 2 Ngăn Kéo. Kệ mỹ phẩm tai mèo màu trắng 2 ngăn kéo - Tủ đựng đồ trang điểm mini có gương,7 Đã bán,https://www.lazada.vn/products/pdp-i2791794167.html
Dụng cụ chăm sóc Sắc đẹp,the gioi vali,95.000 ₫,-32%,64600,(15),5.0,"Túi đựng đồ vệ sinh cá nhân/túi đựng mỹ phẩm,Nhiều ngăn và sức chứa cực lớn",49 Đã bán,https://www.lazada.vn/products/pdp-i2822833479.html
Tủ chứa & Sắp xếp đồ,Gia Dụng Pk,64.000 ₫,-11%,56960,(33),4.9,"Kệ Đựng Mỹ Phẩm Để Bàn NHIỀU NGĂN LỚN Bằng Nhựa - Khay Đựng Bút Phụ Kiện Học Tập Đa Năng Có Ngăn Kéo Tiện Lợi, hộp nhựa, hộp đựng mỹ phẩm, hộp đựng bút , hộp đựng dồ cá nhân, hộp nhựa mini, hộp để bàn, hộp đựng",102 Đã bán,https://www.lazada.vn/products/pdp-i2234903746.html
Trường học & văn phòng,Kapmit`S,95.000 ₫,-42%,55100,(1),5.0,"Túi đựng mỹ phẩm, đồ cá nhân, hộp bút học sinh có khoá kéo, tay cầm, đeo tay, hai lớp dày dặn chất liệu da lộn (nhung), canvas dày dặn, polys mềm mại, bông in bông cam đẹp mềm mại trẻ trung Size 22-12-9 Kapun Bag Fashion",16 Đã bán,https://www.lazada.vn/products/pdp-i3138912648.html
Dụng cụ chăm sóc Sắc đẹp,MarsHouse,10.000 ₫,-50%,5000,(1),5.0,Bộ dụng cụ chiết mỹ phẩm tiện lợi,26 Đã bán,https://www.lazada.vn/products/pdp-i3080557639.html
Trang điểm,Mỹ Phẩm Thuý Hường,,,,(14),5.0,Sét Trang Điểm [20 món V12] Đầy Đủ Make Up/ Trang điểm đi tiệc/trang điểm cá nhân V12,53 Đã bán,https://www.lazada.vn/products/pdp-i2414723992.html
Trang điểm,Hangnga Beauty Store,456.000 ₫,-47%,241680,(28),4.8,"Bộ trang điểm 26,24 món make-up đầy đủ như hình, kem nền, xịt khoáng, phấn mắt, chuốt mi, bộ cọ....",65 Đã bán,https://www.lazada.vn/products/pdp-i2668726329.html
,Nguyễn Thùy Store,71.720 ₫,-50%,35860,(43),5.0,"Vỉ 12 cây bút sáp vặn tô màu loại đẹp chất lượng cao ✓bút chì màu ✓bút cute ✓bút sáp màu ✓bút sáp nhiều màu , đồ dùng học tập✓ Nguyễn Thùy Store",224 Đã bán,https://www.lazada.vn/products/pdp-i740602929.html
Tủ chứa & Sắp xếp đồ,Gia Dụng Pk,260.000 ₫,-21%,205400,(4),5.0,"Tủ đựng mỹ phẩm nắp 3T Hokori 3639-3, đồ trang điểm Việt Nhật cao cấp, Tủ đựng mỹ phẩm trong suốt hiện đại",13 Đã bán,https://www.lazada.vn/products/pdp-i2662426956.html
Dụng cụ chăm sóc Sắc đẹp,ListonX Vietnam,260.000 ₫,-50%,130000,(14),5.0,(MUA 2 TẶNG 1) Cốp Đựng Mỹ Phẩm/ Cốp Trang Điểm/ Cốp Makeup cao cấp | Tặng 1 bông mút trang điểm khi mua 2 sản phẩm bất kỳ,63 Đã bán,https://www.lazada.vn/products/pdp-i2970375943.html
Dụng cụ chăm sóc Sắc đẹp,SHI WORKSHOP,310.000 ₫,-50%,155000,(63),4.9,[HCM](LOẠI ĐẸP) KỆ MỸ PHẨM TRONG SUỐT XOAY 360 ĐỘ CAO CẤP - TỦ ĐỰNG ĐỒ TRANG ĐIỂM HÌNH TRỤ CÓ KHAY ĐỂ SON TIỆN LỢI - KHAY ĐỰNG MỸ PHẨM ĐỂ BÀN CÓ THỂ XẾP GỌN ĐƯỢC,317 Đã bán,https://www.lazada.vn/products/pdp-i1331133022.html
Dụng cụ chăm sóc Sắc đẹp,Qiyue.STORY,231.845 ₫,-36%,148380,(19),5.0,"Lớn 3 Lớp Hộp Đựng Mỹ Phẩm Vải Oxford Chống Thấm Nước Hình Xăm/Làm Móng Tay/Trang Điểm Hộp Dụng Cụ, Đồ Lót Du Lịch Hộp Bảo Quản",84 Đã bán,https://www.lazada.vn/products/pdp-i2622706014.html
Trang điểm,Mỹ Phẩm Thuý Hường,,,,(15),4.7,Bộ Trang Điểm[22 Món Y1 ]Đầy Đủ Makeup/Trang Điểm Đi Tiệc/Trang Điểm Cá Nhân Cơ Bản 22 Món Y1,31 Đã bán,https://www.lazada.vn/products/pdp-i2617260629.html
Trang điểm,Mỹ Phẩm Thuý Hường,,,,(18),4.8,Bộ Trang Điểm[20 Món D9]Đầy Đủ Makeup/Trang Điểm Đi Tiệc/Trang Điểm Cá Nhân Cơ Bản 20 Món Bộ D9,40 Đã bán,https://www.lazada.vn/products/pdp-i2428168315.html
Dụng cụ chăm sóc Sắc đẹp,BUM BI,,,,(14),4.9,"Túi đựng đồ trang điểm cá nhân nhiều ngăn chống thấm nước, Túi mỹ phẩm du lịch nhỏ gọn đựng đồ cá nhân tiện lợi - BUMSTORE",62 Đã bán,https://www.lazada.vn/products/pdp-i2097366559.html
Trang điểm,Mỹ Phẩm Thuý Hường,,,,(4),4.5,Bộ trang điểm [22 món Y2] combo makeup đầy đủ phấn mắt + phấn phủ + phấn má + kem nền +kem chống nắng + má hồng + mascara + son + bộ cọ +chì mày Bộ Y2,8 Đã bán,https://www.lazada.vn/products/pdp-i2617271582.html
Trang điểm,Global Joy,82.000 ₫,-30%,57400,(53),5.0,4 Màu Phấn Má Hồng Bộ Matte Má Trang Điểm Tông Màu Ấm Áp Làm Đẹp Da Mặt Mỹ Phẩm Ngọt Hỗn Hợp Má Hồng Cho Mặt,455 Đã bán,https://www.lazada.vn/products/pdp-i2455466552.html
Dụng cụ chăm sóc Sắc đẹp,Saka Home,60.000 ₫,-13%,52200,,,Túi makeup hello kitty/ đựng đồ make hello kitty dễ thương vải hottrend Saka,,https://www.lazada.vn/products/pdp-i3093232012.html
,MK ART,259.000 ₫,-12%,227920,(3),5.0,Màu Sáp dầu Giorgione 12/24/36/48 Soft Oil Pastels Hạng Hoạ Sĩ Vẽ tranh nổi,18 Đã bán,https://www.lazada.vn/products/pdp-i2423212705.html
Trang điểm,Mỹ Phẩm Thuý Hường,,,,(2),5.0,Bộ trang điểm combo [22 món A11] makeup đầy đủ phấn mắt + phấn phủ + phấn má + kem nền +kem chống nắng + má hồng + mascara + son + bộ cọ +chì mày Bộ Trang Điểm [A11],,https://www.lazada.vn/products/pdp-i2427010823.html
Trang điểm,Mỹ Phẩm Thuý Hường,,,,(106),4.7,Bộ Trang Điểm[22 Món A2]Đầy Đủ Makeup/Trang Điểm Đi Tiệc/Trang Điểm Cá Nhân Cơ Bản 22 Món A2,389 Đã bán,https://www.lazada.vn/products/pdp-i2414792532.html
Dụng cụ chăm sóc Sắc đẹp,Thảo Phương gia dụng thông minh,85.000 ₫,-9%,77350,,,"Kệ Mỹ Phẩm Để Đồ Trang Điểm xoay 360 Độ, Chất Liệu Nhựa Cao Cấp, Chia Nhiều Ngăn Lớn Đựng Đồ Tiện Lợi",,https://www.lazada.vn/products/pdp-i2952841432.html
Trang điểm,Derf Store,60.000 ₫,-47%,31800,,,Derf lông mày không thấm nước Gel lông mày sáp Matte nhuộm nhuộm 24 giờ bền lâu tự nhiên lông mày MAK,15 Đã bán,https://www.lazada.vn/products/pdp-i2621504641.html
Trang điểm,Mỹ Phẩm Thuý Hường,,,,(46),4.5,Bộ Trang Điểm[21 Món A1]Đầy Đủ Makeup/Trang Điểm Đi Tiệc/Trang Điểm Cá Nhân Cơ Bản Bộ 22 món A1,134 Đã bán,https://www.lazada.vn/products/pdp-i2421514401.html
Dụng cụ chăm sóc Sắc đẹp,Sức Sống Mới - Vẻ Đẹp Và Sức Khỏe,24.000 ₫,-50%,12000,(52),4.9,"Mút Trang Điểm Chuyên Nghiệp, Đa Chức Năng Cho Ướt Và Khô, Siêu Mềm Mịn, Đàn Hồi Tốt, Dễ Dàng Che Phủ Toàn Khuôn Mặt",173 Đã bán,https://www.lazada.vn/products/pdp-i2507140493.html
Trang điểm,PaNa- Store,190.000 ₫,-43%,108300,(34),4.9,Bộ trang điểm Lameila chuyên nghiệp 8 món,126 Đã bán,https://www.lazada.vn/products/pdp-i1772158719.html
Trang điểm,Mỹ Phẩm Thuý Hường,,,,(2),5.0,Bộ Trang Điểm[21 Món H7]Đầy Đủ Makeup/Trang Điểm Đi Tiệc/Trang Điểm Cá Nhân Cơ Bản 21 Món Bộ H7,10 Đã bán,https://www.lazada.vn/products/pdp-i2427032688.html
Trang điểm,Mỹ Phẩm Thuý Hường,,,,(39),4.8,Bộ Trang Điểm[27 Món] W1 Đầy Đủ Makeup/Trang Điểm Đi Tiệc/Trang Điểm Cá Nhân Cơ Bản 27 Món bộ W1,98 Đã bán,https://www.lazada.vn/products/pdp-i2579482980.html
Nhập vai Phục trang & Dạ tiệc,Kho Sỉ 247,,,,(1),5.0,Kệ đựng mỹ phẩm trong suốt 3 ngăn 5 ngăn siêu xinh,,https://www.lazada.vn/products/pdp-i2412089904.html
Chăm sóc da mặt,Mỹ phẩm Ngọc Mai,69.000 ₫,-46%,37260,(184),5.0,Sữa rửa mặt ngừa mụn sạch nhờn NHẬT VIỆT COSMETICS chiết xuất trà xanh tinh chất serum 100ml,1.1K Đã bán,https://www.lazada.vn/products/pdp-i464586939.html
Dụng cụ chăm sóc Sắc đẹp,Diệu Linh Gia Dụng Thông Minh - Hot Trend,134.000 ₫,-48%,69680,(3),5.0,"Kệ Mỹ Phẩm Để Đồ Trang Điểm xoay 360 Độ, Chất Liệu Nhựa Cao Cấp, Chia Nhiều Ngăn Lớn Đựng Đồ Tiện Lợi, Đa Năng Dieulinhshop",37 Đã bán,https://www.lazada.vn/products/pdp-i2605924547.html
Trường học & văn phòng,Xe Đẩy Hàng Toshudo,109.000 ₫,-18%,89380,(96),4.9,"Kệ Nhựa Đựng Bút, Hộp Nhựa Nhiều Ngăn Đựng, Hộp Đựng Mỹ Phẩm đồ dùng đa năng",365 Đã bán,https://www.lazada.vn/products/pdp-i2230801809.html
,Happy Babys - Đồ chơi cho bé,150.000 ₫,-34%,99000,(26),5.0,Bút Màu Acrylic Marker bảng nâng cấp 12/24/36/48/60/80 tăng thêm 50% lượng mưc,100 Đã bán,https://www.lazada.vn/products/pdp-i2576812409.html
,HUGI KIDS - ĐỒ XINH CHO BÉ,200.000 ₫,-23%,154000,(1801),5.0,Bút lông màu Acrylic Marker LEX MK (Loại tốt) vẽ lên mọi chất liệu mực tươi đều và đậm,6.9K Đã bán,https://www.lazada.vn/products/pdp-i2546964382.html
Dụng cụ chăm sóc Sắc đẹp,goya150.vn,224.910 ₫,-16%,188924,(74),4.9,Kệ đựng mỹ phẩm nhựa 4 tầng để bàn văn phòng phẩm hộp lưu trữ đồ trang điểm-Goya150,218 Đã bán,https://www.lazada.vn/products/pdp-i2609378437.html
Tủ chứa & Sắp xếp đồ,Gia Dụng Pk,50.000 ₫,-22%,39000,(460),4.9,"Kệ Đựng Mỹ Phẩm, Kệ Để Đồ Trang Điểm Mini 3 Tầng 2 ngăn kéo - Kệ đựng Đồ Đa Năng Nhiều Ô Tiện Ích Có Ngăn Kéo, kệ đựng đồ trang điểm, kệ để bàn mini, kệ mini, kệ đựng đồ đa năng, kệ mini để bàn",1.9K Đã bán,https://www.lazada.vn/products/pdp-i2157423106.html
,LIM ART,,,,(92),4.9,"Cọ vẽ lông thỏ cán gỗ chuyên dụng vẽ tranh sơn dầu, acrylic, màu nước, vẽ gốm, đồ thủ công,...",1.7K Đã bán,https://www.lazada.vn/products/pdp-i1899998380.html
Dụng cụ chăm sóc Sắc đẹp,the gioi vali,130.000 ₫,-24%,98800,,,"Túi đựng đồ makeup da PU mẫu sang trọng,Túi đựng trang điểm đa chức năng,dung tích lớn,tiện dụng với nhiều ngăn",,https://www.lazada.vn/products/pdp-i3062519952.html
Đồ gia dụng chăm sóc cá nhân,Hoá Mỹ Phẩm Mỹ Phương,309.750 ₫,-17%,257092,(12),5.0,Máy sấy tóc Panasonic EH-ND11 1000W - Hàng chính hãng (giao màu ngẫu nhiên),23 Đã bán,https://www.lazada.vn/products/pdp-i3121349190.html
Chăm sóc da mặt,SaiGon Beauty Skincare,150.000 ₫,-47%,79500,,,[SIZE LỚN] Kem Face Đông Trùng - Nicos Thanh Nhi,,https://www.lazada.vn/products/pdp-i3194990927.html
Trang điểm,Hoa Bồ Công Anh Store,69.000 ₫,-35%,44850,(61),5.0,"[RẺ VÔ ĐỊCH] Phấn nước thần thánh Sunisa Water Beauty siêu đẹp  che khuyết điểm hoàn hảo, cushion sunisa chống nước duy trì trang điểm",227 Đã bán,https://www.lazada.vn/products/pdp-i2184770403.html
Trang điểm,Huyền Anh Shop 3,,,,(10),5.0,Set mỹ phẩm trang điểm Hanru 4 món tiện dụng,32 Đã bán,https://www.lazada.vn/products/pdp-i2812788555.html
Chăm sóc da mặt,Shop mỹ phẩm Lê Hạnh,700.000 ₫,-43%,399000,(19),4.9,Bộ Mỹ Phẩm Yiyimei Hồng Kong 5 món,79 Đã bán,https://www.lazada.vn/products/pdp-i2653845103.html
,MEHOM - Mê nhà,150.000 ₫,-21%,118500,(6),4.2,"Thuốc Nhuộm Quần Áo Đen Phù Hợp Nhiều Loại Vải, Nhuộm Đen Quần Áo Hiệu Quả 300ml MEHOM - NQA01",28 Đã bán,https://www.lazada.vn/products/pdp-i3076679862.html
Dụng cụ chăm sóc Sắc đẹp,Như Ý Sho,209.000 ₫,-33%,140030,(12),4.8,"Kệ Đựng Mỹ Phẩm, Tủ Để Đồ Trang Điểm 2 Tầng Có Gương - Tủ Đựng Đa Năng Tiện Dụng",53 Đã bán,https://www.lazada.vn/products/pdp-i1234840997.html
Nhập vai Phục trang & Dạ tiệc,cosmetics.beauty,382.419 ₫,-47%,202682,(16),5.0,Bộ mỹ phẩm đồ chơi trang điểm 33 món không độc hại thích hợp cho bé,54 Đã bán,https://www.lazada.vn/products/pdp-i2396004321.html
Nhập vai Phục trang & Dạ tiệc,SpeedOfficialStore,307.100 ₫,-14%,264106,(4),5.0,🎁【siêu rẻ】Bộ mỹ phẩm đồ chơi trang điểm 33 món không độc hại thích hợp cho bé,12 Đã bán,https://www.lazada.vn/products/pdp-i2505838165.html
Trang điểm,Mỹ Phẩm Thuý Hường,,,,(24),4.7,Bộ Trang Điểm Makuep Cơ Bản Đầy Đủ [24 Món S4] Bộ Sản Phẩm Makep Của Nữ Dành Cho Người Mới Tập Trang Điểm Mỹ Phẩm Cosmetic,86 Đã bán,https://www.lazada.vn/products/pdp-i2661137010.html
Tủ chứa & Sắp xếp đồ,Siêu Thị Tiện Ích 4.0,159.000 ₫,-40%,95400,(46),4.8,"Kệ Tủ Đựng Mỹ Phẩm Đồ Trang Điểm Trong Suốt 4 Tầng 3 Ngăn Kéo Để Bàn, Phòng Làm Việc Tiện Dụng",170 Đã bán,https://www.lazada.vn/products/pdp-i2413989390.html
Chăm sóc da mặt,SaiGon Beauty Skincare,180.000 ₫,-47%,95400,,,Kem Dưỡng K Lady Care Retinol Elastin Cream Phục Hồi Làn Da 30ml (Mẫu Mới),,https://www.lazada.vn/products/pdp-i3192938021.html
Chăm sóc da mặt,Miin Cosmetics,320.000 ₫,-40%,192000,,,Kem Vichy Ban Ngày 50ml 15ml,,https://www.lazada.vn/products/pdp-i3192174034.html
Trang điểm,IIYBC,229.000 ₫,-55%,103050,,,"[Free shipping for orders over 50k] VEECCI - bảng màu đường viền, màu lì, ánh nhũ tự nhiên, màu ngọc trai-/phấn/bảng tạo khối veecci/highlight bắt sáng",,https://www.lazada.vn/products/pdp-i3190038952.html
Đồ gia dụng chăm sóc cá nhân,ngôi sao thẩm mỹ viện,300.000 ₫,-40%,180000,(6),5.0,3 ngày giảm cân nhanh Kem giảm cân Sữa giảm cân Kem tẩy dầu mỡ Kem massage cơ thể Sản phẩm giảm cân bụng Tạo hình đường cong đẹp,17 Đã bán,https://www.lazada.vn/products/pdp-i2735966993.html
Trang điểm,Applause905,,,,,,Chính hãng Bộ Chiếc Mỹ Phẩm Cao Cấp Tiện Lợi( nhỏ xinh),,https://www.lazada.vn/products/pdp-i2393867644.html
Trang điểm,Mỹ Phẩm Thuý Hường,,,,,,Bộ Trang Điểm Makuep Cơ Bản Đầy Đủ 22 Món Z4 Bộ Sản Phẩm Makep Của Nữ Dành Cho Người Mới Tập Trang Điểm Mỹ Phẩm Cosmetic,,https://www.lazada.vn/products/pdp-i2661112253.html
Dụng cụ chăm sóc Sắc đẹp,yến sàoo,60.000 ₫,-40%,36000,,,"Túi đựng mỹ phẩm WASHBAG , đựng đồ trang điểm đồ cá nhân chống thấm nước",,https://www.lazada.vn/products/pdp-i2478771670.html
Trang điểm,Applause905,,,,,,Chính hãng Bộ Chiếc Mỹ Phẩm Cao Cấp Tiện Lợi( nhỏ xinh),,https://www.lazada.vn/products/pdp-i2393867644.html
Dụng cụ chăm sóc Sắc đẹp,Khánh BossBaBy Kun,159.000 ₫,-38%,98580,(83),4.8,Kệ Mỹ Phẩm ?? Freeship ?? Kệ Đựng Mỹ Phẩm ?? Kệ để mỹ phẩm ?? Kệ đựng đồ trang điểm Trong Suốt Xoay 360 Độ,323 Đã bán,https://www.lazada.vn/products/pdp-i1437321396.html
Chăm sóc cá nhân,Mỹ Phẩm Kun Chuyên Sỉ,,,,,,"Đặt Phu Khoa Clomaz Thái Lan Chính NhiễmKhuẩn, Nấm, Ngứa,KhửMùi Hiệu Quả",10 Đã bán,https://www.lazada.vn/products/pdp-i1538663123.html
Dụng cụ chăm sóc Sắc đẹp,Global Merch Park,241.000 ₫,-23%,185570,(103),5.0,Túi Vệ Sinh Da Lớn Dành Cho Du Lịch Nam Nữ Dopp Kit Treo Túi Đựng Mỹ Phẩm Thời Trang Có Dây Kéo Đựng Đồ Đi Du Lịch,366 Đã bán,https://www.lazada.vn/products/pdp-i2796068320.html
Dụng cụ chăm sóc Sắc đẹp,Mộc Mỹ Nhân Nusee chính hãng,1.900.000 ₫,-37%,1197000,(2),5.0,Bộ mỹ phẩm mộc mỹ nhân mẫu mới- mộc mĩ nhân - Nusee,13 Đã bán,https://www.lazada.vn/products/pdp-i2167310821.html
Trang điểm,Shop Lu Lu,95.000 ₫,-12%,83600,,,"(LL) Bộ Trang Điểm ADS Đủ Bộ 40 món Full Hộp , Tiện Lợi , Kiểu dáng thanh lịch, thiết kế nhỏ gọn, dễ dàng mang theo.",,https://www.lazada.vn/products/pdp-i2768447264.html
Trang điểm,Mỹ Phẩm Thuý Hường,,,,,,Bộ Trang Điểm Makuep Cơ Bản Đầy Đủ 22 Món Z4 Bộ Sản Phẩm Makep Của Nữ Dành Cho Người Mới Tập Trang Điểm Mỹ Phẩm Cosmetic,,https://www.lazada.vn/products/pdp-i2661112253.html
Trang điểm,Ladymagic,117.700 ₫,-43%,67089,(29),4.9,Rắn trang điểm nền dính không thấm nước tự nhiên nền mờ dính lâu dài dầu-kiểm soát trọng lượng nhẹ mịn Kem trang điểm dính,48 Đã bán,https://www.lazada.vn/products/pdp-i2733618399.html
Trang điểm,Mỹ Phẩm Thuý Hường,,,,(8),4.3,Bộ Trang Điểm Makuep Cơ Bản Đầy Đủ [12 Món Z5] Bộ Sản Phẩm Makep Của Nữ Dành Cho Người Mới Tập Trang Điểm Mỹ Phẩm Cosmetic,33 Đã bán,https://www.lazada.vn/products/pdp-i2661005914.html
Chăm sóc da mặt,Shop mỹ phẩm Lê Hạnh,700.000 ₫,-43%,399000,(19),4.9,Bộ Mỹ Phẩm Yiyimei Hồng Kong 5 món,79 Đã bán,https://www.lazada.vn/products/pdp-i2653845103.html
Trang điểm,Huyền Anh Shop 3,,,,(10),5.0,Set mỹ phẩm trang điểm Hanru 4 món tiện dụng,32 Đã bán,https://www.lazada.vn/products/pdp-i2812788555.html
Trang điểm,TI DO,,,,(46),4.8,[HCM]Kem Nền BB Cream Che Khuyết Lameila Chống Thấm Nước,372 Đã bán,https://www.lazada.vn/products/pdp-i972248796.html
Trang điểm,MICOMI Cosmetics,258.000 ₫,-50%,129000,(43),4.8,"Bộ Trang Điểm Đầy Đủ 15 Món Set Trang Điểm Makeup Từ A-Z Đi Tiệc Đi Chơi Đi Làm MICOMI Cosmetics Kem Nền, Phấn Phủ, Phấn Mắt, Mascara, Chì Kẻ Mày, Kẻ Mắt, Son Môi",179 Đã bán,https://www.lazada.vn/products/pdp-i1549223017.html
Nhập vai Phục trang & Dạ tiệc,CleverOfficial Store,373.830 ₫,-41%,220559,(21),5.0,⚡Miễn Phí Vận Chuyển⚡Bộ mỹ phẩm đồ chơi trang điểm 33 món không độc hại thích hợp cho bé,94 Đã bán,https://www.lazada.vn/products/pdp-i2424717349.html
Nhập vai Phục trang & Dạ tiệc,ForesightOfficialStore,339.200 ₫,-33%,227264,(26),5.0,Bộ mỹ phẩm đồ chơi trang điểm 33 món không độc hại thích hợp cho bé,108 Đã bán,https://www.lazada.vn/products/pdp-i2395342022.html
Trang điểm,SKINCARE_MAKEUP SHOP,310.000 ₫,-50%,155000,,,Bộ trang điểm cá nhân/bộ trang điểm đi tiệc/set makeup/ trọn bộ trang điểm/ bộ makeup cá nhân/ Bộ trang điểm 14 món,,https://www.lazada.vn/products/pdp-i2861534236.html
Dụng cụ chăm sóc Sắc đẹp,ListonX Vietnam,260.000 ₫,-50%,130000,(14),5.0,(MUA 2 TẶNG 1) Cốp Đựng Mỹ Phẩm/ Cốp Trang Điểm/ Cốp Makeup cao cấp | Tặng 1 bông mút trang điểm khi mua 2 sản phẩm bất kỳ,63 Đã bán,https://www.lazada.vn/products/pdp-i2970375943.html
Dụng cụ chăm sóc Sắc đẹp,Mon-Basic Túi mỹ phẩm,185.000 ₫,-43%,105450,(1),5.0,"Túi đựng đồ trang điểm cá nhân nhiều ngăn, chất dày xịn loại tốt - size lớn 26x22x10cm",6 Đã bán,https://www.lazada.vn/products/pdp-i2427115371.html
Chăm sóc cá nhân,Tuyết An Shop 1989,,,,,,Nước rửa chén Mỹ Hảo 1.5 kg trà xanh và chanh,,https://www.lazada.vn/products/pdp-i2641698306.html
Trang điểm,Money's Beauty,,,,,,Set Mỹ Phẩm Mini Hot 2025,,https://www.lazada.vn/products/pdp-i2942653784.html
Dụng cụ chăm sóc Sắc đẹp,Mon-Basic Túi mỹ phẩm,300.000 ₫,-22%,234000,(9),5.0,Túi đựng đồ trang điểm sức chứa lớn chống thấm nước,34 Đã bán,https://www.lazada.vn/products/pdp-i2412324488.html
Trang điểm,PaNa- Store,110.000 ₫,-37%,69300,,,Bộ trang điểm 4 món/ kem nền / kem lót/ phấn phủ/ mút,,https://www.lazada.vn/products/pdp-i3166530812.html
Dụng cụ chăm sóc Sắc đẹp,BOSS BIG SHOP,29.000 ₫,-35%,18850,(80),4.8,"Kệ đựng mỹ phẩm, Kệ để đồ đa năng 3 Tầng 2 ngăn kéo để bàn ô tiện ích, Chất liệu nhựa ABS an toàn khi sử dụng",259 Đã bán,https://www.lazada.vn/products/pdp-i2067585727.html
Chăm sóc da mặt,Beotua Shop,159.000 ₫,-38%,98580,(12),4.3,"SET NÁM VÀ SẠM DA YANHEE THÁI LAN (3 MÀU) COMBO BỘ KEM 6 MÓN LOẠI BỎ SẠM NÁM DA YANHEE THÁI LAN, CHÍNH HÃNG Cho bạn một làn da trẻ trung, trắng mịn và tươi sáng.kết quả có thể thấy  tiến triển sau 7 ngày sử dụng nhé cả nhà.",59 Đã bán,https://www.lazada.vn/products/pdp-i1756021904.html
Trang điểm,Shop làm đẹp JOJO,888.000 ₫,-50%,444000,(7),5.0,"Kem nền che khuyết điểm 30ml không xuống tông, che khuyết điểm cực mạnh, kiềm bóng dầu tươi mát giữ makeup, tạo nên làn da tự nhiên mỏng nhẹ như kem",7 Đã bán,https://www.lazada.vn/products/pdp-i3181604579.html
Dụng cụ chăm sóc Sắc đẹp,HASAKI BEAUTY,79.000 ₫,-43%,45030,,,Mút Trang Điểm Kháng Khuẩn Mastige Marshmallow Mini Hasaki Sản Phẩm Chính Hãng,6 Đã bán,https://www.lazada.vn/products/pdp-i3182864782.html
Dụng cụ chăm sóc Sắc đẹp,MIGE.HOME,86.000 ₫,-24%,65360,,,"Bộ cọ trang điểm nhiều màu chất lượng cao 8/12 cây, lông cọ mềm mại, thoải mái, dễ dàng trang điểm",,https://www.lazada.vn/products/pdp-i3198931460.html
Trang điểm,Alyssa Store Trung Hoa,1.500.000 ₫,-17%,1245000,(6),5.0,Bộ Trang Điểm Quà Tặng 4 tầng MEIYU hồng trái tim cao cấp và sang trọng đầy đủ 14 kèm Gương LED cảm ứng,36 Đã bán,https://www.lazada.vn/products/pdp-i2538691872.html
Nhập vai Phục trang & Dạ tiệc,Hoa Hướng Dương Store,140.000 ₫,-46%,75600,(9),5.0,Bộ Phấn Trang Điểm Make Up Kit A.D.S - Trang Điểm Bột Hộp Trang Điểm Bộ Sinh Viên Trang Điểm Set Full,39 Đã bán,https://www.lazada.vn/products/pdp-i2607865903.html
Trang điểm,Makeup HN Store,155.000 ₫,-13%,134850,(49),4.8,"Bộ trang điểm đầy đủ 25 món makeup 13m,9m làm đẹp gồm xịt khoá nền, kem nền, phấn phủ, phấn mắt, phấn má, xịt chống nắng, kẻ mắt.. đầy đủ như hình",248 Đã bán,https://www.lazada.vn/products/pdp-i2687729956.html
,Bum Bum House,105.000 ₫,-44%,58800,(1469),4.9,"Set 60 màu ACRYLIC Marker ĐẦU NHỌN CHỐNG THẤM NƯỚC Không Vẽ Lên Đồ Vật Nhẵn, lau được khi dính lên da",6.8K Đã bán,https://www.lazada.vn/products/pdp-i2626804817.html
Chăm sóc da mặt,SaiGon Beauty Skincare,200.000 ₫,-48%,104000,,,Tinh Chất Ampoul Niacinamide 20% K Lady Care 30ml,,https://www.lazada.vn/products/pdp-i3192801636.html
Nhập vai Phục trang & Dạ tiệc,hoco_ SUPERSTAR _store,368.200 ₫,-38%,228284,(3),4.0,【🔥siêu rẻ】Bộ mỹ phẩm đồ chơi trang điểm 33 món không độc hại thích hợp cho bé,15 Đã bán,https://www.lazada.vn/products/pdp-i2496153432.html
Trang điểm,Mỹ Phẩm Thuý Hường,,,,,,Bộ Trang Điểm Makuep Cơ Bản Đầy Đủ [22 Món S7] Bộ Sản Phẩm Makep Của Nữ Dành Cho Người Mới Tập Trang Điểm Mỹ Phẩm Cosmetic,,https://www.lazada.vn/products/pdp-i2661090348.html
Dụng cụ chăm sóc Sắc đẹp,GIA DỤNG MUN SHOP,,,,(2),5.0,"Kệ đựng mỹ phẩm 2 tầng, hộp đựng đồ trang điểm, makeup bằng nhựa cao cấp, tiện sử dụng",5 Đã bán,https://www.lazada.vn/products/pdp-i2196649890.html
Trang điểm,Tiệm Quà Của Mi,538.000 ₫,-50%,269000,,,"Bộ mỹ phẩm 18 món, phấn mắt, son môi, má hồng, mascara, bộ cọ trang điểm",,https://www.lazada.vn/products/pdp-i2839358167.html
Trang điểm,Mỹ Phẩm Thuý Hường,,,,(24),4.7,Bộ Trang Điểm Makuep Cơ Bản Đầy Đủ [24 Món S4] Bộ Sản Phẩm Makep Của Nữ Dành Cho Người Mới Tập Trang Điểm Mỹ Phẩm Cosmetic,86 Đã bán,https://www.lazada.vn/products/pdp-i2661137010.html
Dụng cụ chăm sóc Sắc đẹp,Mon-Basic Túi mỹ phẩm,175.000 ₫,-38%,108500,,,Túi đựng mỹ phẩm đồ trang điểm du lịch nhiều ngăn tiện dụng,,https://www.lazada.vn/products/pdp-i2412238842.html
Trang điểm,Mỹ Phẩm Thuý Hường,,,,(2),4.5,Bộ Trang Điểm Makuep Cơ Bản Đầy Đủ [22 Món S6] Bộ Sản Phẩm Makep Của Nữ Dành Cho Người Mới Tập Trang Điểm Mỹ Phẩm Cosmetic,15 Đã bán,https://www.lazada.vn/products/pdp-i2661059639.html
Tủ chứa & Sắp xếp đồ,Gia Dụng Tiện Ích EzyHome,120.000 ₫,-50%,60000,,,"Kệ Nhựa Đựng Mỹ Phẩm 3 Tầng 2 Ngăn Kéo - Hộp Nhựa Chia Ngăn Đựng Cọ, Son, Vật Dụng Cá Nhân Nhỏ Gọn - Kệ Trang Điểm Mini Tiện Lợi Cho Bàn Trang Điểm",,https://www.lazada.vn/products/pdp-i3116906542.html
Dụng cụ chăm sóc Sắc đẹp,Tạp hoá đồ dùng1102,110.000 ₫,-19%,89100,(1),5.0,"Kệ đựng mỹ phẩm nhựa 4 tầng để bàn tặng kèm sticker, khay đựng đồ trang điểm nhiều ngăn , decor bàn học, đựng bút",,https://www.lazada.vn/products/pdp-i2857928472.html
Trang điểm,Mỹ Phẩm Thuý Hường,,,,,,Bộ Trang Điểm Makuep Cơ Bản Đầy Đủ [12 Món Z2] Bộ Sản Phẩm Makep Của Nữ Dành Cho Người Mới Tập Trang Điểm Mỹ Phẩm Cosmetic,,https://www.lazada.vn/products/pdp-i2661009925.html
Dụng cụ chăm sóc Sắc đẹp,- GIÁ RẺ NHẤT -,55.000 ₫,-20%,44000,(46),4.9,"Kệ đựng mỹ phẩm, Kệ để đồ đa năng 3 Tầng 2 ngăn kéo để bàn ô tiện ích, Chất liệu nhựa ABS an toàn khi sử dụng",150 Đã bán,https://www.lazada.vn/products/pdp-i2067654275.html
Dụng cụ chăm sóc Sắc đẹp,MEHOM - Mê nhà,100.000 ₫,-5%,95000,,,"Khăn Ma Thuật Tự Dính Túi Vải Xếp Magic Đựng Mỹ Phẩm, Lens Máy Ảnh, Đồ Make Up, Laptop Gấp Gọn - Blo Store KMT01",,https://www.lazada.vn/products/pdp-i3167949325.html
Dụng cụ chăm sóc Sắc đẹp,OCE-giadungtienich,105.000 ₫,-36%,67200,(28),4.9,Túi Đựng Mỹ Phẩm Đồ Trang Điểm Trang Sức JYoohome Túi Đựng Đồ Dùng Du Lịch Trong Suốt Chống Thấm Nước,147 Đã bán,https://www.lazada.vn/products/pdp-i2486921387.html
Dụng cụ chăm sóc Sắc đẹp,ACB phát,220.000 ₫,-34%,145200,(13),4.6,"Cốp Vải Chống Thấm Nước_Cốp Vali LV Mini Đựng Dụng Cụ Phun Xăm, Spa, Nail, Túi Đựng Đồ Makeup Cốp Trang Điểm Cá Nhân_Túi đồ dùng cá nhân & mỹ phẩm",44 Đã bán,https://www.lazada.vn/products/pdp-i2235256831.html
Trang điểm,CHINH HÃNG - SIÊU THỊ SỨC KHỎE VẺ ĐẸP,350.000 ₫,-46%,189000,(11),5.0,Bộ trang điểm chính hãng cao cấp chính hãng đủ các màu phấn và son,29 Đã bán,https://www.lazada.vn/products/pdp-i3022712214.html
Trang điểm,Luckyhouse vn,49.000 ₫,-43%,27930,(760),4.8,Phấn nước sunisa - kem nền che khuyết điểm siêu mềm mịn tặng kèm bông cọ,4.2K Đã bán,https://www.lazada.vn/products/pdp-i731468942.html
Trang điểm,Mỹ Phẩm Thuý Hường,,,,(4),5.0,Bộ Trang Điểm Makuep Cơ Bản Đầy Đủ [24 Món S5] Bộ Sản Phẩm Makep Của Nữ Dành Cho Người Mới Tập Trang Điểm Mỹ Phẩm Cosmetic,6 Đã bán,https://www.lazada.vn/products/pdp-i2661134092.html
Tủ chứa & Sắp xếp đồ,GIA DỤNG SỈ TPHCM,198.000 ₫,-50%,99000,(2),5.0,KỆ TỦ ĐỰNG MỸ PHẨM ĐỒ TRANG ĐIỂM MINI TRONG SUỐT 4 TẦNG TASHUAN - KỆ NHỰA ĐỰNG MỸ PHẨM 4 TẦNG NGĂN KÉO TIỆN DỤNG,20 Đã bán,https://www.lazada.vn/products/pdp-i1983027549.html
Tủ chứa & Sắp xếp đồ,Phụ Kiện Giá Tốt 24H,80.000 ₫,-46%,43200,(20),4.9,"Kệ Đựng Mỹ Phẩm, Remote , Đồ Dùng Đa Năng Cỡ To 4 Ngăn - Rổ Nhựa 4 Ngăn Đựng Đồ Tiện Ích - Khay Nhựa 4 Ngăn  - Khay Đựng Đồ - Khay Bút - Khay Tiện ích 4 Ngăn Nhựa PP Tiện Lợi",69 Đã bán,https://www.lazada.vn/products/pdp-i2418989860.html
Dụng cụ chăm sóc Sắc đẹp,An Nhiên.2702,130.000 ₫,-48%,67600,(26),4.9,Kệ Đựng Mỹ Phẩm Mẫu Mới Cỡ Lớn - Đồ Trang Điểm Để Bàn Xoay 360  Sang Trọng Cao Cấp - Mẫu Mới Cực Đẹp,101 Đã bán,https://www.lazada.vn/products/pdp-i2603121554.html
Trang điểm,LPThienY,132.000 ₫,-47%,69960,(1),5.0,Bộ trang điểm Hanru 4 món đa năng tiện dụng,5 Đã bán,https://www.lazada.vn/products/pdp-i2963726312.html
Dụng cụ chăm sóc Sắc đẹp,Queen Global Home,95.000 ₫,-32%,64600,(159),4.9,Túi Đựng Mỹ Phẩm Đồ Trang Điểm Nhiều Ngăn Có Móc Treo - Đựng Đồ Du Lịch Cá Nhân Chống Thấm Nước Tiện Lợi,1.3K Đã bán,https://www.lazada.vn/products/pdp-i1257665183.html
Trang điểm,TỔNG KHO MINH PHÚ,380.000 ₫,-48%,197600,,,"Bộ Trang Điểm Đầy Đủ 14 Món Set Trang Điểm Makeup Cá Nhân Đi Tiệc Từ Cơ Bản Đến Chuyên Nghiệp Bao Gồm Kem Nền Che Khuyết Điểm, Kem Lót, Phấn Phủ, Son Kem Lì, Bảng Phấn Mắt, Chì Kẻ Mày Kẻ Mắt, Mascara, Bộ cọ trang điểm 8 món",,https://www.lazada.vn/products/pdp-i2721470922.html
Trang điểm,Alyssa Store Trung Hoa,349.000 ₫,-3%,338530,(10),4.6,"Bộ trang điểm Nội địa Trung đầy đủ 10 món KAQILI, Phong cách cổ trang + Tặng kèm túi đựng đẹp - Quà tặng nữ",33 Đã bán,https://www.lazada.vn/products/pdp-i2419044393.html
Dụng cụ chăm sóc Sắc đẹp,Kho Sỉ 247,,,,(20),4.9,Kệ Đựng MỸ Phẩm Mẫu Mới Cỡ Lớn (K62) - Đồ Trang Điểm Để Bàn Xoay 980 Sang Trọng Cao Cấp - Mẫu Mới 2024 Cực Đẹp,72 Đã bán,https://www.lazada.vn/products/pdp-i2823425496.html
Trang điểm,Tiệm Quà Của Mi,78.000 ₫,-50%,39000,,,Tron bộ trang điểm 9 món đầy đủ các bước trang điểm/son/kem nền/Phấn mắt/ Má hồng/ Mascara/ Kẻ mắt/ Bấm mi/ chì mày/Bộcọ,,https://www.lazada.vn/products/pdp-i2904658402.html
Nhập vai Phục trang & Dạ tiệc,SpeedOfficialStore,307.100 ₫,-13%,267177,(4),5.0,"Bộ Dụng Cụ Làm Đẹp Mỹ Phẩm Cho Trẻ Em 17 Chiếc, Bộ Hộp Trang Điểm Không Độc Hại Bộ Quà Tặng Sinh Nhật Cho Bé Gái, Bộ Trang Điểm Cho Trẻ Em, Bộ Trang Điểm Cho Trẻ Em, Đồ Chơi Trang Điểm Cho Bé Gái,",12 Đã bán,https://www.lazada.vn/products/pdp-i2391300572.html
Dụng cụ chăm sóc Sắc đẹp,yến sàoo,60.000 ₫,-40%,36000,,,"Túi đựng mỹ phẩm WASHBAG , đựng đồ trang điểm đồ cá nhân chống thấm nước",,https://www.lazada.vn/products/pdp-i2478771670.html
Trang điểm,VC Store,250.000 ₫,-40%,150000,(1),5.0,"Kem Nền Dưỡng Da, Kiềm Dầu STICK FOUNDATION – STICK FOUNDATION Hỗ Trợ Kiềm Dầu, Che Khuyết Điểm, Giữ Lớp Makeup Bền Màu, Dưỡng Da Tự Nhiên",17 Đã bán,https://www.lazada.vn/products/pdp-i3060465606.html
Trang điểm,PaNa- Store,169.000 ₫,-41%,99710,(6),5.0,Bộ Trang Điểm Cá Nhân 7 đến 9 sản phẩm/ phấn nước lameila/Maccara/son/phấn phủ,32 Đã bán,https://www.lazada.vn/products/pdp-i1968046025.html
Quần áo trẻ em,zichu,260.000 ₫,-43%,148200,,,New Disney An Toàn Và Không-Độc Hại Bộ trang điểm Cho Trẻ Em Cô Gái Son bóng Son môi Đồ Chơi Trẻ Em Của Mỹ Phẩm bé gái công chúa Son dưỡng ẩm Son Môi Bé,,https://www.lazada.vn/products/pdp-i2806510970.html
Chăm sóc da mặt,Global Selected Brands,377.000 ₫,-23%,290290,,,SK-II | Bộ Trải Nghiệm Rửa Mặt 20g,150 Đã bán,https://www.lazada.vn/products/pdp-i3163100209.html
Trang điểm,Make Up For Ever,,,,,,Mới - Kem Che Khuyết Điểm Đa Năng HD SKIN FULL COVER CONCEALER 9ml - MAKE UP FOR EVER,,https://www.lazada.vn/products/pdp-i3197217522.html
Trang điểm,Mỹ Phẩm Thuý Hường,149.000 ₫,-11%,132610,(480),4.8,Bộ Trang Điểm[12 Món X4]Đầy Đủ Makeup/Trang Điểm Đi Tiệc/Trang Điểm Cá Nhân Cơ Bản [12 Món X4],1.6K Đã bán,https://www.lazada.vn/products/pdp-i2495559111.html
Trang điểm,Hangnga Beauty Store,437.000 ₫,-50%,218500,(74),4.8,"Bộ Trang Điểm 24 món, bộ 18 món, Bảng phấn mắt, Kem nền, Kẻ mắt, Kẻ mày, Kẹp cong mi, Gương, Bộ khuôn vẽ mày và Bông mút",214 Đã bán,https://www.lazada.vn/products/pdp-i2545593978.html
Dụng cụ chăm sóc Sắc đẹp,My MiNail,,,,(15),4.7,Cốp nhôm 2 tầng đựng đồ trang điểm 32x26x21 Nail mi.phun xăm .make up,72 Đã bán,https://www.lazada.vn/products/pdp-i1468509050.html
Dụng cụ chăm sóc Sắc đẹp,ROSE.Hi,,,,,,Cốp vải đựng đồ makeup đồ nail size to. Cốp vải có dây đeo đựng đồ makeup chuyên nghiệp SIZE đại MS 00027,5 Đã bán,https://www.lazada.vn/products/pdp-i3123359441.html
Tủ chứa & Sắp xếp đồ,Nội Thất YTC,550.000 ₫,-41%,324500,(595),4.9,"Kệ Đựng Mỹ Phẩm YTC Cao Cấp Nhập Khẩu, Chống Bụi Chống Nước Siêu Đẹp",2.3K Đã bán,https://www.lazada.vn/products/pdp-i1541343214.html
Trang điểm,Alyssa Store Trung Hoa,400.000 ₫,-5%,380000,(6),5.0,Bộ Trang điểm nội địa Trung đầy đủ 11 món YOULIYOULA hàng chính hãng + Tặng kèm túi đựng đẹp,25 Đã bán,https://www.lazada.vn/products/pdp-i2419349455.html
Nhập vai Phục trang & Dạ tiệc,Toy-VN,269.000 ₫,-34%,177540,(191),4.9,Bộ đồ chơi mỹ phẩm mô phỏng bàn trang điểm nhiều màu cho bé - Sản phẩm an toàn không độc hại cho bé,612 Đã bán,https://www.lazada.vn/products/pdp-i2439229135.html
Dụng cụ chăm sóc Sắc đẹp,Của hàng Vali Balo Vạn Phúc,255.000 ₫,-8%,234600,,,"Cốp đựng mỹ phẩm / vật dụng cá  nhân/ cầm tay  – Gọn Nhẹ, Đựng Đồ Cá Nhân – Quai Xách Êm, Nhiều Ngăn Tiện Lợi",,https://www.lazada.vn/products/pdp-i3161305319.html
Chăm sóc da mặt,The Originote VN,411.000 ₫,-39%,250710,,,[MỚI] Thanh lăn mặt nạ đất sét Hyalu-C The Originote dưỡng trắng da mặt làm săn chắc dan lột mụn đầu đen Clay Stick,,https://www.lazada.vn/products/pdp-i3194322379.html
Trang điểm,IIYBC,229.000 ₫,-55%,103050,,,"[Free shipping for orders over 50k] VEECCI - bảng màu đường viền, màu lì, ánh nhũ tự nhiên, màu ngọc trai-/phấn/bảng tạo khối veecci/highlight bắt sáng",,https://www.lazada.vn/products/pdp-i3190038952.html
Chăm sóc da mặt,TỔNG KHO MỸ PHẨM GIÁ GỐC,,,,,,Bộ sản phẩm dưỡng da -căng bóng chăm sóc da mặt KanjN bộ 12 sản phẩm nội địa trυng mẫu nâng cấp,,https://www.lazada.vn/products/pdp-i2636587894.html
Dụng cụ chăm sóc Sắc đẹp,THẾ GIỚI DÉP LÔNG 1992,99.000 ₫,-20%,79200,(4),5.0,"Túi hộp đựng mỹ phẩm, đồ trang điểm hộp đứng cứng ko gấp gọn được",29 Đã bán,https://www.lazada.vn/products/pdp-i2376356125.html
Trang điểm,Hangnga Beauty Store,190.000 ₫,-50%,95000,(6),4.8,"[Bộ 18sp E5] Bộ make up, mỹ phẩm trang điểm, xịt khoá make-up, Kem nền, phấn má, phấn phủ, bộ cọ, tạo khối, che khuyết điểm, kẹp bấm mi, phấn mắt, kem lót, chuốt mi mascara, kẻ mắt, kẻ mày...",27 Đã bán,https://www.lazada.vn/products/pdp-i2685257652.html
Trang điểm,Makeup HN Store,250.000 ₫,-24%,190000,(1),4.0,"Bộ 20 món HN05 trang điểm make-up gồm Bảng phấn mắt, che khuyết điểm, xịt khoá nền, xịt chống nắng, phấn má, nhũ kim tuyến, phấn phủ... đầy đủ như hình",,https://www.lazada.vn/products/pdp-i2731820809.html
Dụng cụ chăm sóc Sắc đẹp,Xưởng Chai Lọ-Shop Lá,7.140 ₫,-29%,5069,,,"CHAI CHIẾT MỸ PHẨM-Dầu Gội-150ml Nâu/Xanh Vai Ngang KHOÁ VÀNG CAO CẤP,NHẤN ĐEN,NHẤN TRẮNG Giá rẻ-Uy Tín-Chất Lượng🍀",,https://www.lazada.vn/products/pdp-i2602844145.html
Trang điểm,LPTHIENYSHOP,129.800 ₫,-47%,68794,(3),5.0,Bộ Trang Điểm 4 Món Hanru Đầy Đủ Tiện Lợi Cho Người Mới Bắt Đầu,13 Đã bán,https://www.lazada.vn/products/pdp-i2959235342.html
Dụng cụ chăm sóc Sắc đẹp,SUKA HOUSE 999,,,,(2),5.0,"Kệ Mỹ Phẩm Có Gương Size Đơn, Kể Tủ Đựng Mỹ Phẩm Mini, Kệ Đựng Đồ Trang Điểm",12 Đã bán,https://www.lazada.vn/products/pdp-i2825553573.html
Trang điểm,Phukienxinh14,109.000 ₫,-46%,58860,(4),5.0,Set Trang Điểm PRETTY MAKEUP MSMEESHU HANRU 4 MÓN,7 Đã bán,https://www.lazada.vn/products/pdp-i2513346987.html
Trang điểm,Mỹ Phẩm Thuý Hường,,,,,,Bộ Trang Điểm Mặt[26 Món] M4 Đầy Đủ Makeup/Trang Điểm Đi Tiệc/Trang Điểm Cá Nhân Cơ Bản 26 Món M4,,https://www.lazada.vn/products/pdp-i2458817306.html
Tủ chứa & Sắp xếp đồ,Cửa hàng gia dụng tiện ích HCM,129.000 ₫,-26%,95460,(84),4.8,Kệ Đựng Mỹ Phẩm Đồ Trang Điểm Trang Sức 4 Tầng Trong Suốt 3 Ngăn Kéo Tiện Dụng,269 Đã bán,https://www.lazada.vn/products/pdp-i2413115090.html
Trang điểm,LPShop01,134.000 ₫,-48%,69680,(3),5.0,"Full Box - Set Trang Điểm HANRU 4 Món Tiện Dụng, Đầy Đủ, Cơ Bản Cho Người Mới Bắt Đầu",9 Đã bán,https://www.lazada.vn/products/pdp-i2965101592.html
Chăm sóc da mặt,ALPHA COFFEE,103.680 ₫,-48%,53913,(49),4.9,[Cam Kết Hết Mụn Thâm Trong 7 Ngày] Kem Giảm Mụn Cấp Tốc Loại Bỏ Mụn và Vết Thâm Hoàn Toàn Thu Nhỏ Lỗ Chân Lông CYSTIC Acne Giúp Da Láng Mịn Khít Lỗ Chân Lông Kiểm Soát Dầu/25g,155 Đã bán,https://www.lazada.vn/products/pdp-i2661521706.html
Trang điểm,Makeup HN Store,235.000 ₫,-21%,185650,(1),5.0,"Bộ 20 món trang điểm make-up (HN01) gồm có: Kem nền, xịt khoáng, phấn má, phấn phủ, che khuyết điểm, chuốt mi mascara, nhũ mắt kim tuyến, kẹp mi, bộ cọ... bộ 20món như hình",,https://www.lazada.vn/products/pdp-i2726885720.html
Nhập vai Phục trang & Dạ tiệc,A_hoco__Store,373.830 ₫,-44%,209344,(2),5.0,【giao hàng trong vòng 24h】Bộ mỹ phẩm đồ chơi trang điểm 33 món không độc hại thích hợp cho bé,6 Đã bán,https://www.lazada.vn/products/pdp-i2664089214.html
Nước hoa,Mỹ Phẩm Quỳnh Chi,190.000 ₫,-37%,119700,(28),5.0,Nước hoa Active Bravely Nâu For Men 100ml,123 Đã bán,https://www.lazada.vn/products/pdp-i1618039340.html
Trang điểm,Mỹ Phẩm Thuý Hường,,,,(2),5.0,Bộ Trang Điểm[12 Món Y7]Đầy Đủ Makeup/Trang Điểm Đi Tiệc/Trang Điểm Cá Nhân Cơ Bản 12 Món,13 Đã bán,https://www.lazada.vn/products/pdp-i2628280319.html
Dụng cụ chăm sóc Sắc đẹp,Gia dụng Tuki248,50.000 ₫,-30%,35000,(4),5.0,"Túi đựng mỹ phẩm, đồ trang điểm chống thấm nước, họa tiết dễ thương",12 Đã bán,https://www.lazada.vn/products/pdp-i2519532094.html
Trang điểm,LECARO STORE,69.000 ₫,-20%,55200,(23),4.7,"[HOT TREND 2021] Bộ Cọ Trang Điểm FIX 13 Món, Mẫu Mới, Màu Mới, Màu Hot, Chính Hãng Mẫu Mới, Kết Hợp Cùng Kem Che Khuyết Điểm, Phấn Trang Điểm, Son Môi, Kẻ Mắt, Chì Kẻ Mày Mỹ Phẩm Nội Địa Trung, Lecaro",73 Đã bán,https://www.lazada.vn/products/pdp-i1152486085.html
Tủ chứa & Sắp xếp đồ,Phụ Kiện Giá Tốt 24H,80.000 ₫,-46%,43200,(8),4.9,"Rổ Nhựa 4 Ngăn Đựng Đồ Tiện Dụng - Kệ Đựng Mỹ Phẩm, Remote , Đồ Dùng Đa Năng - Khay Nhựa - Khay Đựng Đồ 4 Ngăn - Khay Đựng Bút - Khay Tiện ích 4 Ngăn Nhựa PP Tiện Lợi",36 Đã bán,https://www.lazada.vn/products/pdp-i2419127031.html
Trang điểm,Hoa Hướng Dương Store,130.000 ₫,-47%,68900,(1),5.0,Set Trang Điểm 4 Món Hanru Dễ Dàng Với Người Mới Make Up Set trang điểm nền Prrety Makeup 4 món bộ trang điểm đầy đủ cho người mới bắt đầu kiềm dầu kháng nước nâng tone Zentop,,https://www.lazada.vn/products/pdp-i2609636528.html
Trang điểm,PaNa- Store,189.000 ₫,-39%,115290,(76),4.8,Bộ Trang Điểm Dành Cho Người Mới Tập Make Up/Trang Điểm Cá Nhân,322 Đã bán,https://www.lazada.vn/products/pdp-i1979447362.html
Dụng cụ chăm sóc Sắc đẹp,the gioi vali,110.000 ₫,-27%,80300,(43),5.0,"Túi đựng mỹ phẩm thời trang cao cấp,Tùy chỉnh các ngăn đựng đồ,Chất liệu PU chống thấm nước",166 Đã bán,https://www.lazada.vn/products/pdp-i2494753121.html
Tủ chứa & Sắp xếp đồ,Gia Dụng Pk,50.000 ₫,-22%,39000,(460),4.9,"Kệ Đựng Mỹ Phẩm, Kệ Để Đồ Trang Điểm Mini 3 Tầng 2 ngăn kéo - Kệ đựng Đồ Đa Năng Nhiều Ô Tiện Ích Có Ngăn Kéo, kệ đựng đồ trang điểm, kệ để bàn mini, kệ mini, kệ đựng đồ đa năng, kệ mini để bàn",1.9K Đã bán,https://www.lazada.vn/products/pdp-i2157423106.html
Dụng cụ chăm sóc Sắc đẹp,shopmymy VN111KL,58.000 ₫,-57%,24940,(7),5.0,"Túi Đựng Mỹ Phẩm, Đồ Trang Điểm Đi Du Lịch Luxury Washbag Trong Suốt Chống Thấm Nước Tiện Lợi WB02",35 Đã bán,https://www.lazada.vn/products/pdp-i2912602475.html
Dụng cụ chăm sóc Sắc đẹp,Akii Home,110.000 ₫,-41%,64900,(3),5.0,"Túi đựng mỹ phẩm da PU, đồ trang điểm đi du lịch, chống thấm nước, nhiều ngăn, cầm tay tiện lợi Akii Home TD106",12 Đã bán,https://www.lazada.vn/products/pdp-i2664830600.html
Dụng cụ chăm sóc Sắc đẹp,BUM BI,,,,(13),4.8,[HCM]Túi đựng mỹ phẩm tiện lợi Túi Đựng Đồ Trang Điểm - BUMSTORE,85 Đã bán,https://www.lazada.vn/products/pdp-i453164779.html
Trang điểm,BON HT,159.000 ₫,-31%,109710,,,Combo trang điểm 8 món Youliyoula hot tiktok -Bộ trang điểm 8 món Youliyoula / Set trang điểm youliyoula,,https://www.lazada.vn/products/pdp-i2329461560.html
Dụng cụ chăm sóc Sắc đẹp,Mon-Basic Túi mỹ phẩm,80.000 ₫,-19%,64800,(1),5.0,Túi đựng đồ makeup nhỏ gọn có chia ngăn,5 Đã bán,https://www.lazada.vn/products/pdp-i2681979743.html
Nhập vai Phục trang & Dạ tiệc,nxMNtxBu,,,,,,bộ trang điểm,,https://www.lazada.vn/products/pdp-i2951103470.html
Trang điểm,Tiệm Quà Của Mi,70.000 ₫,-50%,35000,,,"Bộ makeup 5 món , bộ trang điểm phấn mắt, má hồng, son môi, mascara, bộ cọ trang điểm",9 Đã bán,https://www.lazada.vn/products/pdp-i2905565289.html
,Riêm Store Gia Dụng,70.000 ₫,-16%,58800,(219),5.0,"Hộp 60 bút màu ACRYLIC Marker ĐẦU NHỌN CHỐNG THẤM NƯỚC Không Vẽ Lên Đồ Vật Nhẵn, lau được khi dính lên da",875 Đã bán,https://www.lazada.vn/products/pdp-i2626856795.html
Trang điểm,Bụishop,250.000 ₫,-36%,160000,,,01 Hũ Kem Trang Điểm TREECHADA 50ml Thái Lan Chính Hãng 100%,,https://www.lazada.vn/products/pdp-i2012200091.html
Trang điểm,Hangnga Beauty Store,456.000 ₫,-50%,228000,(28),4.8,"Bộ trang điểm 26,24 món make-up đầy đủ như hình, kem nền, xịt khoáng, phấn mắt, chuốt mi, bộ cọ....",65 Đã bán,https://www.lazada.vn/products/pdp-i2668726329.html
Chăm sóc da mặt,CHÍNH HÃNG - MỸ PHẨM MÃI MÃI TUỔI THANH XUÂN,350.000 ₫,-29%,248500,(48),4.9,"(CHÍNH HÃNG )bộ tinh chất dưỡng trắng da làm ẩm xóa nhăn  se khít lỗ chân lông vĩnh viễn, mịn màng, lam trắng da hết mụn Bộ chăm sóc da mặt đẹp không tì vết",140 Đã bán,https://www.lazada.vn/products/pdp-i2004961519.html
Trang điểm,Mỹ Phẩm Thuý Hường,,,,(29),5.0,Bộ Trang Điểm/Sét Trang Điểm [24 Món M6] Đầy Đủ Các Món Chính Hãng Cho Người Mới - Lamelia 24 Sản Phẩm Bộ M6,105 Đã bán,https://www.lazada.vn/products/pdp-i2458616949.html
Trang điểm,CHINH HÃNG - SIÊU THỊ SỨC KHỎE VẺ ĐẸP,120.000 ₫,-60%,48000,(152),4.9,"Kem Che MọI Khuyết Điểm Da, Che Săm Tuyệt Đối Cho Làn Da Tự Nhiên ( mẫu mới 30g)",587 Đã bán,https://www.lazada.vn/products/pdp-i2317064260.html
Trang điểm,Shop Pé Heo Chuyên Sỉ,90.000 ₫,-7%,83700,(33),4.8,"(Siêu Hot) Bộ Trang Điểm ADS Đủ Bộ 40 món Full Hộp , Phấn Mắt , Phấn nền , Phấn má , Son Môi",162 Đã bán,https://www.lazada.vn/products/pdp-i2433849349.html
Trang điểm,Bella Girl,113.730 ₫,-40%,68238,(48),5.0,Kem che khuyết điểm mặt - Kem nền dạng lỏng - Làm sáng tông màu da - Che vết mụn quầng thâm - Kem che khuyết điểm mờ,59 Đã bán,https://www.lazada.vn/products/pdp-i3106816779.html
Chăm sóc da mặt,SaiGon Beauty Skincare,150.000 ₫,-47%,79500,,,[SIZE LỚN] Kem Face Đông Trùng - Nicos Thanh Nhi,,https://www.lazada.vn/products/pdp-i3194990927.html
Trang điểm,Lefflow Shopping Mall,165.000 ₫,-40%,99000,(1),5.0,[Freeship]Mooekiss Son Môi Son Bùn Lì Mềm Mịn Như Nhung Không Khô Môi Giữ ẩm lâu Giúp Làm Giảm Thâm Môi Sáng Da Cho Tone Da Vàng 3g*1,5 Đã bán,https://www.lazada.vn/products/pdp-i3194236493.html
Trang điểm,Mirror Say,27.000 ₫,-46%,14580,(203),5.0,Không thấm nước môi lì Chì kẻ mắt cho đôi môi Phấn má kẻ mắt mịn dễ dàng sử dụng bền lâu Son bóng bút phác thảo nhuộm Tint Son môi công cụ mộ trang điểm môi,447 Đã bán,https://www.lazada.vn/products/pdp-i2199576391.html
Dụng cụ chăm sóc Sắc đẹp,Bách Hóa ADN.Shop,63.000 ₫,-19%,51030,(25),4.8,"[HCM] Set 3 Túi Nhựa Trong Suốt Đựng Đồ Đa Năng, Đựng Mỹ Phẩm, Đồ Dùng Cá Nhân  Mang Theo Tiện Lợi",95 Đã bán,https://www.lazada.vn/products/pdp-i2657844431.html
Dụng cụ chăm sóc Sắc đẹp,LAIKOU.Selection,52.700 ₫,-23%,40579,,,Bộ 3 Sản Phẩm Chăm Sóc Da Làm Sáng Tông Màu Da LAIKOU,2.2K Đã bán,https://www.lazada.vn/products/pdp-i3140890953.html
Trang điểm,SEA Fabulous Home,40.000 ₫,-75%,10000,(14),5.0,Môi Lì Chì Kẻ Mắt Không Thấm Nước Cho Môi Phấn Má Kẻ Mắt Smooth Dễ Dàng Sử Dụng Bền Lâu Sexy Son Bóng Bút Màu Nhuộm Phác Thảo Son Môi Mộ Trang Điểm Môi Công Cụ,12 Đã bán,https://www.lazada.vn/products/pdp-i2195701745.html
Trang điểm,An An Mỹ Phẩm,,,,(5),4.6,"Kem che khuyết điểm có cọ A.M.G MATTE FOUNDATION - Kem nền thỏi 2 đầu STICK FOUNDATION chống nước, cấp ẩm, làm sáng da",29 Đã bán,https://www.lazada.vn/products/pdp-i3064685250.html
Dụng cụ chăm sóc Sắc đẹp,BUM BI,,,,(2),5.0,"Túi Đựng Đồ Trang Điểm Makeup Đính Hoa Tulip Dễ Thương, Túi Vải Mỹ Phẩm Có Quai Xách Tiện Lợi Khi Đi Du Lịch Nhiều Màu",,https://www.lazada.vn/products/pdp-i3028176047.html
Dụng cụ chăm sóc Sắc đẹp,Qiyue.STORY,429.292 ₫,-34%,283332,(12),4.8,Túi trang điểm hộp vuông hai lớp cao cấp Túi đựng mỹ phẩm dung tích lớn Túi đựng đồ du lịch chống nước di động,51 Đã bán,https://www.lazada.vn/products/pdp-i2261762507.html
Dụng cụ chăm sóc Sắc đẹp,Gia Dụng Pk,158.000 ₫,-22%,123240,(1),5.0,"Túi Đựng Mỹ Phẩm - Đựng Đồ Cá Nhân Gấp Gọn DA SẦN 4 NGĂN Chất Liệu Da Sang Trọng, túi đựng mỹ phẩm, túi da, túi, hộp đựng mỹ phẩm, túi đựng cọ ,túi gấp gọn,",13 Đã bán,https://www.lazada.vn/products/pdp-i3048412060.html
,Dụng cụ vẽ Bình Dương Ti Pi Art,,,,(1),5.0,Phấn Tiên 12 Màu Marie's Master Pastel (không trắng đen),6 Đã bán,https://www.lazada.vn/products/pdp-i1266510355.html
Trang điểm,Mê hàng Trung Hoa,,,,,,Bộ Trang Điểm nội địa Trung 10 Món Cổ Trang KAQILI chính hãng,,https://www.lazada.vn/products/pdp-i2369718650.html
Dụng cụ chăm sóc Sắc đẹp,BUM BI,,,,(19),4.9,Túi đựng mỹ phẩm tiện lợi,148 Đã bán,https://www.lazada.vn/products/pdp-i258549228.html
Trang điểm,Kalinh17890,90.000 ₫,-17%,74700,(2),4.5,Kem lười Che Khuyết Điểm Five VC QHOO Che Khuyết Điểm Nâng Dưỡng Da Trắng Sáng Mềm Mịn 30g,7 Đã bán,https://www.lazada.vn/products/pdp-i3035524647.html
Dụng cụ chăm sóc Sắc đẹp,BUM STORE.,,,,(142),4.8,Túi đựng mỹ phẩm tiện lợi Túi Đựng Đồ Trang Điểm - BUM STORE,664 Đã bán,https://www.lazada.vn/products/pdp-i389452054.html
Trang điểm,Phukienxinh14,,,,,,"Kem lười nâng tone VC trang điểm lớp makeup nền mịn màng, chống thấm nước làm săn chắc da chứa vitamin C nội địa Trung",,https://www.lazada.vn/products/pdp-i3004347727.html
Dụng cụ chăm sóc Sắc đẹp,GIA DỤNG SỈ TPHCM,132.000 ₫,-58%,55440,,,KỆ ĐỰNG MỸ PHẨM CỌ TRANG ĐIỂM 5 NGĂN XOAY 360 ĐỘ TIỆN LỢI PHONG CÁCH HÀN QUỐC XINH XẮN. ỐNG ĐỰNG BÚT ĐỒ DÙNG HỌC TẬP ĐỂ BÀN ĐA NĂNG,,https://www.lazada.vn/products/pdp-i3102607996.html
Dụng cụ chăm sóc Sắc đẹp,Akii Home,60.000 ₫,-35%,39000,(4),5.0,"Túi đựng mỹ phẩm chất liệu PVC mờ+da PU cao cấp, túi đựng đồ trang điểm di động Akii Home TD31",15 Đã bán,https://www.lazada.vn/products/pdp-i2834705110.html
Dụng cụ chăm sóc Sắc đẹp,MAANGE LOCAL STORE,40.000 ₫,-50%,20000,(7),4.4,Bộ dụng cụ làm sạch cọ trang điểm MAANGE hỗ trợ rửa và phơi khô tiện lợi 4477,32 Đã bán,https://www.lazada.vn/products/pdp-i2847857108.html
Dụng cụ chăm sóc Sắc đẹp,Qiyue.STORY,370.694 ₫,-38%,229830,(8),5.0,Túi đựng đồ trang điểm nữ bằng da PU dung tích lớn Túi đựng mỹ phẩm cao cấp Túi đựng đồ,30 Đã bán,https://www.lazada.vn/products/pdp-i2093473209.html
Trang điểm,Mỹ Phẩm Thuý Hường,,,,(17),4.8,Bộ Trang Điểm Đầy Đủ Chính Hãng Bộ Makeup [14 Món E2] Cho Người Mới - Lamelia 14 Sản Phẩm Bộ E2,55 Đã bán,https://www.lazada.vn/products/pdp-i2427059118.html
Trang điểm,Tiệm Quà Của Mi,578.000 ₫,-50%,289000,,,"Bộ trang điểm, set mỹ phẩm 12 món, full set,  trang điểm mắt, má hồng, son môi, kem nền, kem che khuyết điểm , bấm mi...",,https://www.lazada.vn/products/pdp-i2839364029.html
Dụng cụ chăm sóc Sắc đẹp,FUNGLA HOUSE,198.000 ₫,-50%,99000,(49),4.8,KỆ MỸ PHẨM MICA TRONG SUỐT XOAY 360 ĐỘ HÀNG TỐT SIÊU BỀN ĐẸP- HỘP ĐỰNG ĐỒ TRANG ĐIỂM ĐỂ BÀN KÈM KHAY SON CÓ THỂ XẾP GỌN ĐƯỢC,163 Đã bán,https://www.lazada.vn/products/pdp-i496126604.html
Trang điểm,Mỹ Phẩm Thuý Hường,,,,(18),4.5,Bộ Trang Điểm [8 Món ] Xinh Xắn Lameila Dành Cho Người Mới Tập Makuep(Chính Hãng) Bộ 8 món xinh xắn,57 Đã bán,https://www.lazada.vn/products/pdp-i2427027901.html
Dụng cụ chăm sóc Sắc đẹp,GIA DỤNG AN NHIÊN .2702,130.000 ₫,-48%,67600,(13),4.9,Kệ Đựng Mỹ Phẩm Mẫu Mới Cỡ Lớn - Đồ Trang Điểm Để Bàn Xoay 360  Sang Trọng Cao Cấp - Mẫu Mới Cực Đẹp,69 Đã bán,https://www.lazada.vn/products/pdp-i2603139437.html
Trang điểm,BUM STORE.,,,,(853),4.9,Kem Nền BB Cream Che Khuyết Lameila Chống Thấm Nước - BUM STORE,5.3K Đã bán,https://www.lazada.vn/products/pdp-i972244951.html
Trang điểm,Tiệm Quà Của Mi,290.000 ₫,-50%,145000,,,"Bộ trang điểm Bear 5 món làm đẹp trọn vẹn mắt, má, môi, phấn mắt, má hồng, son môi, mascara.",,https://www.lazada.vn/products/pdp-i2844256837.html
Dụng cụ chăm sóc Sắc đẹp,BUM BI,,,,(2),5.0,"Túi Đựng Mỹ Phẩm Washbag 1 Ngăn Nhiều Màu Đủ Kích Thước, Túi Đựng Đồ Make Up Du Lịch Cá Nhân Chất Liệu Pu Chống Nước",12 Đã bán,https://www.lazada.vn/products/pdp-i2641228492.html
Trang điểm,Hoa Bồ Công Anh Store,99.000 ₫,-30%,69300,(545),4.9,[SALE] Set Trang Điểm PRETTY MAKEUP HANRU 4 Món set trang điểm tiện dụng đa năng cho người mới bắt đầu,1.8K Đã bán,https://www.lazada.vn/products/pdp-i2525214388.html
Trang điểm,Tiệm Quà Của Mi,398.000 ₫,-50%,199000,(1),5.0,"Bộ trang điểm, bộ makeup ca nhân đầy đủ cho người mới bắt đầu,  bộ quà tặng trang điểm",6 Đã bán,https://www.lazada.vn/products/pdp-i2858172591.html
Trang điểm,IIYBC,425.000 ₫,-41%,250750,(11),5.0,Mooekiss Bảng phấn Bắt Sáng Và Tạo Khối Tự  Mỹ Phẩm Women Nhiên Lâu Trôi Chống Nước 3 Colors 16.5g,39 Đã bán,https://www.lazada.vn/products/pdp-i3164457787.html
Trang điểm,HASAKI BEAUTY,549.000 ₫,-35%,356850,(18),5.0,Phấn Nước Aperire Day Dream Cover Cushion SPF50+ PA++++ Chống Nắng Che Phủ Cao 13g Hasaki Sản Phẩm Chính Hãng,103 Đã bán,https://www.lazada.vn/products/pdp-i2839884854.html
Tủ chứa & Sắp xếp đồ,Nội Thất YTC,400.000 ₫,-30%,280000,(283),4.9,"Hộp Đựng Mỹ Phẩm Đa Năng, Kệ Đựng Đồ Trang Điểm Trong Suốt",1.0K Đã bán,https://www.lazada.vn/products/pdp-i1549138141.html
Trang điểm,Mỹ Phẩm Thuý Hường,,,,(4),4.5,Bộ trang điểm [22 món Y2] combo makeup đầy đủ phấn mắt + phấn phủ + phấn má + kem nền +kem chống nắng + má hồng + mascara + son + bộ cọ +chì mày Bộ Y2,8 Đã bán,https://www.lazada.vn/products/pdp-i2617271582.html
Trang điểm,Mỹ Phẩm Thuý Hường,,,,(6),4.8,Bộ Trang Điểm[12 Món Y5]Đầy Đủ Makeup/Trang Điểm Đi Tiệc/Trang Điểm Cá Nhân Cơ Bản 12 Món,18 Đã bán,https://www.lazada.vn/products/pdp-i2628294302.html
Trang điểm,Zink shop(hd),1.280.000 ₫,-38%,793600,,,Bộ trang điểm đầy đủ 19 món,,https://www.lazada.vn/products/pdp-i2627100970.html
Chăm sóc cá nhân,MỸ PHẨM ANNICHEE,,,,(8),5.0,Combo 5  kone thái lan chính hãng,36 Đã bán,https://www.lazada.vn/products/pdp-i1560089971.html
Trang điểm,Hangnga Beauty Store,360.000 ₫,-50%,180000,,,"Bộ make up trang điểm (X2) 18 chi tiết gồm Xịt khoáng, kem nền, son, kẻ mắt, kẻ mày, phấn mắt, Phấn má, che khuyết điểm, phấn phủ,.. đầy đủ như trong hình",6 Đã bán,https://www.lazada.vn/products/pdp-i2714855043.html
Chăm sóc da mặt,Munzsue,180.000 ₫,-6%,169200,(248),5.0,Combo Kem Face Tái Tạo Da Da Truyền Giúp Da Căng Bóng Mịn Màng Sạch Nám Mụn Tàn Nhang  Lọ 30gr,1.5K Đã bán,https://www.lazada.vn/products/pdp-i2615195961.html
Trang điểm,Sức Khỏe Và Sắc Đẹp Tươi Trẻ,204.000 ₫,-25%,153000,(1455),4.9,Kem Nền QIC Che Khuyết Điểm Dạng Lỏng Dưỡng Ẩm Kiềm Dầu Chống Thấm Nước,4.4K Đã bán,https://www.lazada.vn/products/pdp-i2281408492.html
Trang điểm,LilyBeatuy,42.000 ₫,-7%,39060,(73),4.8,Gel xăm nhuộm lông mày màu 3d nhanh khô không thấm nước LilyBeatuy  - INTL,374 Đã bán,https://www.lazada.vn/products/pdp-i944472195.html
Trang điểm,PaNa- Store,319.000 ₫,-48%,165880,(296),4.9,HOÀN TIỀN 15% - Trọn bộ 15 món trang điểm Lameila/ combo makeup/son/kem nền,885 Đã bán,https://www.lazada.vn/products/pdp-i2197672582.html
Dụng cụ chăm sóc Sắc đẹp,Gia dụng Tuki248,60.000 ₫,-30%,42000,(3),5.0,"Khay nhựa 3 tầng đựng mỹ phẩm, đựng đồ đa năng",14 Đã bán,https://www.lazada.vn/products/pdp-i2517774664.html
,Bút luyện chữ đẹp Bút Mài Thầy Ánh,,,,(3),5.0,Phấn màu canxi siêu sạch,24 Đã bán,https://www.lazada.vn/products/pdp-i1657872320.html
Chăm sóc da mặt,HoaStore_Mỹ Phẩm Giá Sỉ,,,,(20),5.0,💖HOT💖 Serum Viên Dưỡng Da Căng Bóng VEZE Siêu Phẩm Dưỡng Da Cung Cấp Collagen (Hộp 30 Viên),188 Đã bán,https://www.lazada.vn/products/pdp-i1877954000.html
Dụng cụ chăm sóc Sắc đẹp,HNKMP Vietnam,43.861 ₫,-44%,24562,,,HNKMP Hộp đựng bút chì nơ đen đơn giản phong cách Ins Túi đựng bút chì dung tích lớn Túi đựng mỹ phẩm túi đựng văn phòng phẩm đồ dùng học tập,,https://www.lazada.vn/products/pdp-i3176537297.html
Trang điểm,Mỹ Phẩm Thuý Hường,,,,(132),4.9,Bộ Trang Điểm/Bộ trang điểm Đầy Đủ Chính Hãng Cho Người Mới [Bộ 22 món E5] - Lamelia 22 Sản Phẩm Bộ E5,451 Đã bán,https://www.lazada.vn/products/pdp-i2421570043.html
Chăm sóc da mặt,TI DO,,,,(141),4.9,"Gel Nha Đam dưỡng ẩm 98% SIMU MMEI'R 300ml - Gel Lô Hội nội địa Trung dưỡng da, cấp ẩm cho da mặt TIDO",1.1K Đã bán,https://www.lazada.vn/products/pdp-i1958720265.html
,Vpp.thudo,,,,(35),4.8,Bút sơn Uni paint PX 20,503 Đã bán,https://www.lazada.vn/products/pdp-i909268460.html
Trang điểm,Hangnga Beauty Store,257.000 ₫,-50%,128500,(40),4.8,"Bộ trang điểm cá nhân 18 món/13món sản phẩm đầy đủ như hình, phấn mắt, kẻ mắt, kẻ mày, khuôn vẽ mày, phấn phủ",149 Đã bán,https://www.lazada.vn/products/pdp-i2665657087.html
Dụng cụ chăm sóc Sắc đẹp,Sức Sống Mới - Vẻ Đẹp Và Sức Khỏe,70.000 ₫,-65%,24500,(462),4.9,Hộp 5 Mút Tán Kem Nền Mini Đeo Ngón Tay Che Khuyết Điểm Nhỏ Gọn Tiện Lợi Giúp Lớp Trang Điểm Trên Gương Mặt Trở Nên Mỏng Mịn Đều Màu Và Tự Nhiên Hơn,2.1K Đã bán,https://www.lazada.vn/products/pdp-i2085125106.html
Trang điểm,Tạt hóa và mỹ phẩn tổng hợp hoa mận,,,,,,KEM NÊN  CHE KHUYẾT ĐIỂM  NÂNG TỔNG TRẮNG TỰ NHIÊN,,https://www.lazada.vn/products/pdp-i3070234664.html
Trang điểm,Mỹ Phẩm Thuý Hường,,,,(6),4.8,Bộ Trang Điểm[10 Món X7]Đầy Đủ Makeup/Trang Điểm Đi Tiệc/Trang Điểm Cá Nhân Cơ Bản 10 Món X7,21 Đã bán,https://www.lazada.vn/products/pdp-i2605407088.html
Chăm sóc da mặt,NguyênliệulàmMỹ phẩm,,,,(1),5.0,Hyaluronic Acid ( HA) - chất cấp ẩm - nguyên liệu mỹ phẩm,,https://www.lazada.vn/products/pdp-i2434062100.html
Trang điểm,Mỹ Phẩm Thuý Hường,,,,(9),4.6,Bộ Trang Điểm[12 Món X6]Đầy Đủ Các Món Makeup/Trang Điểm Đi Tiệc/Trang Điểm Cơ Bản [12 Món X6],30 Đã bán,https://www.lazada.vn/products/pdp-i2495525326.html
Trang điểm,CHINH HÃNG - SIÊU THỊ SỨC KHỎE VẺ ĐẸP,190.000 ₫,-32%,129200,(8),5.0,Bộ trang điểm cao cấp đủ màu hàng chính hãng,20 Đã bán,https://www.lazada.vn/products/pdp-i2985779307.html
Trang điểm,Hisoka Pharma,250.000 ₫,-40%,150000,(5),5.0,"Kem Che Khuyết Điểm Stick Foundation A.M.G MATTE FOUNDATION Hỗ Trợ Che Phủ Tự Nhiên, Kiềm Dầu, Chống Nước, Dưỡng Ẩm",27 Đã bán,https://www.lazada.vn/products/pdp-i3033649736.html
Dụng cụ chăm sóc Sắc đẹp,p22eom.Selection,21.700 ₫,-29%,15407,(260),4.9,"Bộ 8 cọ trang điểm, set 8 cọ trang điểm có túi khóa kéo xịn xò",1.6K Đã bán,https://www.lazada.vn/products/pdp-i2921143823.html
Trang điểm,Kho Sỉ 247,,,,,,"Full bộ cọ trang điểm cá nhân 8 cây tặng kèm túi Zip Vintage, Set cọ trang điểm gồm 8 cây lông dày mịn dễ tán phấn",,https://www.lazada.vn/products/pdp-i2737350479.html
Trang điểm,Đẹp Tự Nhiên 1506,89.000 ₫,-45%,48950,(8),5.0,[ NỘI ĐỊA CHUNG4 Màu ] Thỏi Kem Nền Che Khuyết Điểm Concealer Đủ Màu,39 Đã bán,https://www.lazada.vn/products/pdp-i2418536771.html
Dụng cụ chăm sóc Sắc đẹp,TI DO,,,,(141),4.9,HOÀN TIỀN 20% - Khay Kệ Đựng Mỹ Phẩm Trang Điểm Trong Suốt Để Bàn Cao Cấp Loại Dày TI DO,558 Đã bán,https://www.lazada.vn/products/pdp-i250052812.html
Trang điểm,MICOMI Cosmetics,20.000 ₫,-32%,13600,(11),5.0,Chì Kẻ Mày Phẩy Sợi Lông Mày Chân Mày 4D Chống Nước Lâu Trôi Trang Điểm Make Up Xinh Đẹp Dễ Dàng,3.9K Đã bán,https://www.lazada.vn/products/pdp-i2554550120.html
Dụng cụ chăm sóc Sắc đẹp,BUM BI,,,,(2),5.0,Túi đựng mỹ phẩm trong suốt Túi đựng đồ trang điểm hình thú dễ thương nhiều kích thước WASH BAG - BUMSTORE,5 Đã bán,https://www.lazada.vn/products/pdp-i2335189440.html
Trang điểm,Mỹ Phẩm Thuý Hường,,,,(15),4.7,Bộ Trang Điểm[22 Món Y1 ]Đầy Đủ Makeup/Trang Điểm Đi Tiệc/Trang Điểm Cá Nhân Cơ Bản 22 Món Y1,31 Đã bán,https://www.lazada.vn/products/pdp-i2617260629.html
Dụng cụ chăm sóc Sắc đẹp,AnDat.Shop,63.000 ₫,-13%,54810,(10),5.0,"[HCM] Set 3 Túi Nhựa Trong Suốt Đựng Đồ Đa Năng, Đựng Mỹ Phẩm, Đồ Dùng Cá Nhân  Mang Theo Tiện Lợi",35 Đã bán,https://www.lazada.vn/products/pdp-i2657793681.html
Dụng cụ chăm sóc Sắc đẹp,Tuidonghang.hcm,79.000 ₫,-30%,55300,(47),4.6,Kệ đựng mĩ phẩm đồ trang điểm nhựa để bàn có ngăn kéo tiện lợi,168 Đã bán,https://www.lazada.vn/products/pdp-i2253318618.html
Trang điểm,PaNa- Store,189.000 ₫,-42%,109620,(267),4.8,Bộ trang điểm 9 món/kem nền/ bấm mi/phấn phủ/son/Maccara/chì kẻ mày/phấn mắt/nhũ mắt/kẻ mắt nước,1.2K Đã bán,https://www.lazada.vn/products/pdp-i1754121167.html
Dụng cụ chăm sóc Sắc đẹp,yunafin,115.000 ₫,-43%,65550,(1),4.0,YUNAFIN Hai đầu Kem nền Nhung ẩm Làm đẹp da Kem nền che khuyết điểm nhẹ Di động Lâu trôi Mỹ phẩm cho Dành cho Nữ,,https://www.lazada.vn/products/pdp-i3088420981.html
Dụng cụ chăm sóc Sắc đẹp,BUM BI,,,,(3),5.0,"Khay Trộn Nền Trang Điểm Kèm Que Tán Chống Gỉ An Toàn, Bộ Bảng Trộn Kem Nền Makeup Chuyên Nghiệp Cho Lớp Nền Mỏng Mịn",7 Đã bán,https://www.lazada.vn/products/pdp-i3125863310.html
Trang điểm,Mỹ Phẩm T9,,,,,,KEM NỀN TRANG ĐIỂM TRẮNG DA BÔNG CẢI SÚP LƠ XANH MỸ PHẨM HÀN QUỐC 3W CLINIC BROCCOLI BRIGHTENING TONE UP CREAM,,https://www.lazada.vn/products/pdp-i1869607270.html
Chăm sóc da mặt,"KHO TỔNG đồ uống Lào, mỹ phẩm Hàn Quốc chính hãng",1.150.000 ₫,-5%,1092500,,,Bộ đôi Trắng Da -Mờ Nám NMN nhập khẩu chính hãng Hàn Quốc,,https://www.lazada.vn/products/pdp-i3149786111.html
Trang điểm,Luckyhouse vn,489.000 ₫,-25%,366750,(4),5.0,Bộ Trang điểm 15 món Sodilan có kem dưỡng và Gương Led,12 Đã bán,https://www.lazada.vn/products/pdp-i2347162142.html
Thực phẩm chức năng,Đồ dùng thông minh - BUM SMART,170.000 ₫,-32%,115600,(195),5.0,"[CHE TÊN SP] Kem Xóa Thâm, Làm Hồng Nhũ Hoa CHÍNH HÃNG 100%, Làm Hồng Môi, Dưỡng Trắng Da Nách, Bikini vùng kín Sexy Pink Whitening Cream",2.4K Đã bán,https://www.lazada.vn/products/pdp-i1970422072.html
,,,,,,,[CAO CẤP💋] Chì Kẻ Viền Môi Màu Siêu Tây Chất Mềm Mịn,87 Đã bán,https://www.lazada.vn/products/pdp-i1937745644.html
Trang điểm,Mỹ Phẩm Thuý Hường,,,,(11),5.0,Bộ Trang Điểm Đầy Đủ Make Up/ Trang điểm đi tiệc/trang điểm cá nhân Q4,41 Đã bán,https://www.lazada.vn/products/pdp-i2414811314.html
Trang điểm,BeautyCN,109.000 ₫,-46%,58860,(151),4.8,Set trang điểm Hanru 4 món tiện dụng cho người mới bắt đầu,543 Đã bán,https://www.lazada.vn/products/pdp-i2513632424.html
Chăm sóc cá nhân,Mỹ Phẩm_ MINH KHÔI,,,,,,Combo 7 Món Siêu Trắng Da Body Dành Cho Da Đen Chai Lì,,https://www.lazada.vn/products/pdp-i2312215036.html
Nhập vai Phục trang & Dạ tiệc,Kho Sỉ 247,,,,(1),5.0,Kệ đựng mỹ phẩm trong suốt 3 ngăn 5 ngăn siêu xinh,,https://www.lazada.vn/products/pdp-i2412089904.html
Chăm sóc da mặt,Dr.Melaxin Việt Nam,,,,(1),5.0,Bộ Mỹ Phẩm Kem Qlanxl Hàn Quốc chính hãng,,https://www.lazada.vn/products/pdp-i2668539765.html
Chăm sóc da mặt,CHINH HÃNG - SIÊU THỊ SỨC KHỎE VẺ ĐẸP,100.000 ₫,-49%,51000,(93),5.0,Serum Dưỡng Ẩm Trắng Da Xóa Sạch Thâm Nám Tàn Nhang Ngăn Ngừa Mụn Quay Trở Lại 50ml,349 Đã bán,https://www.lazada.vn/products/pdp-i2541765873.html
Tủ chứa & Sắp xếp đồ,TomHouseVN,79.000 ₫,-14%,67940,(1),5.0,"Kệ Đựng Mỹ Phẩm, Đồ Trang Điểm 3 Tầng Nhiều Ngăn - Kệ Nhựa Đa Năng - Khay Để Đồ, Dụng Cụ Học Tập Có Ngăn Kéo",7 Đã bán,https://www.lazada.vn/products/pdp-i2062230190.html
Trang điểm,Mê hàng Trung Hoa,88.000 ₫,-10%,79200,(1),5.0,Set trang điểm đầy đủ 9 món Hươu vàng,6 Đã bán,https://www.lazada.vn/products/pdp-i2369743642.html
Trang điểm,Lorzi,25.309 ₫,-43%,14426,(80),5.0,Lorzi 28 màu sắc But Chì viền môi trang điểm môi dạng lì không thấm nước son dạng bút Phụ nữ đôi môi quyến rũ lót có thể được mài sắc,42 Đã bán,https://www.lazada.vn/products/pdp-i2766811250.html
Trang điểm,PaNa- Store,195.000 ₫,-46%,105300,(7),5.0,Bộ trang điểm 7 đến 9 món/ makeup cá nhân/ bộ mĩ phẩm,29 Đã bán,https://www.lazada.vn/products/pdp-i1856491159.html
Trang điểm,Mỹ Phẩm Thuý Hường,,,,,,Bộ Trang Điểm Đầy Đủ[22 món E10] Chính Hãng Cho Người Mới - Lamelia 22 Sản Phẩm Bộ Makeup E10,,https://www.lazada.vn/products/pdp-i2427053161.html
Trang điểm,Điện Máy Minh Nam,,,,,,Bộ trang điểm đầy đủ SODILAN 12 món,,https://www.lazada.vn/products/pdp-i2337769174.html
Trang điểm,Mỹ Phẩm Thuý Hường,,,,(2),5.0,Bộ Trang Điểm[17 Món A4]Đầy Đủ Makeup/Trang Điểm Đi Tiệc/Trang Điểm Cá Nhân Cơ Bản 17 Món Bộ A4,10 Đã bán,https://www.lazada.vn/products/pdp-i2427032686.html
Trang điểm,Thienan cosmetic,,,,,,( Chính hãng) Bộ trang điểm 4 món hương đào thái lan,,https://www.lazada.vn/products/pdp-i2603597288.html
Trang điểm,Mỹ Phẩm Thuý Hường,,,,,,Bộ Trang Điểm[12 Món E12]Đầy Đủ Makeup/Trang Điểm Đi Tiệc/Trang Điểm Cá Nhân Cơ Bản 12 Món E12,,https://www.lazada.vn/products/pdp-i2599663414.html
Trang điểm,Mỹ Phẩm Thuý Hường,,,,,,[Được Kiểm Hàng] Bộ Trang Điểm 12 món (E11) Sest Trang Điểm Đầy Đủ Các Món Dành Cho Người Mới Tập Trang Điểm/Makeup Bộ 12 món E11,,https://www.lazada.vn/products/pdp-i2599630728.html
Chăm sóc da mặt,Như Ngọc Cosmetic,178.000 ₫,-24%,135280,(19),4.9,Bộ sản phẩm dưỡng da - căng bóng chăm sóc da mặt HIISEES Bộ 6 món nội địa trung 01,77 Đã bán,https://www.lazada.vn/products/pdp-i1626839956.html
Trang điểm,Mỹ Phẩm Thuý Hường,,,,(11),5.0,(Bán Buôn Sỉ) Bộ trang điểm 13 món son blar A12  chất ngất: Kem BB+Phấn phủ+Phấn mắt+Mascara+Kẻ mày+Kẻ mắt+... Set Trang Điểm Bộ 13 món son Blr A2,32 Đã bán,https://www.lazada.vn/products/pdp-i2488771524.html
Dụng cụ chăm sóc Sắc đẹp,Shop hàng khuyến mãi Nguyễn Quý,35.000 ₫,-46%,18900,(10),4.9,Túi đựng mỹ phẩm Túi đựng mỹ phẩm Túi đựng đồ tiện ích nhựa dẻo trong suốt,44 Đã bán,https://www.lazada.vn/products/pdp-i2488469341.html
Nhập vai Phục trang & Dạ tiệc,HENGHOME Vietnam,170.190 ₫,-44%,95306,(1),5.0,HENGHOME 1 bộ không độc hại cô gái trang điểm đạo cụ trẻ em giả vờ chơi mô phỏng mỹ phẩm đồ chơi Kit với Eyeshadow Palette và son môi Applicator,7 Đã bán,https://www.lazada.vn/products/pdp-i3066444242.html
Dụng cụ chăm sóc Sắc đẹp,Mymy20.shop,32.000 ₫,-25%,24000,(4),5.0,"Túi xách nữ đựng đồ dùng cá nhân, mỹ phẩm, bóp viết 22*11*4.5cm",40 Đã bán,https://www.lazada.vn/products/pdp-i3005750396.html
Trang điểm,Mỹ Phẩm Thuý Hường,,,,(3),5.0,Bộ Trang Điểm[12 Món] F3 Đầy Đủ Makeup/Trang Điểm Đi Tiệc/Trang Điểm Cá Nhân Cơ Bản 12 món F3,22 Đã bán,https://www.lazada.vn/products/pdp-i2579520737.html
Trang điểm,ibcccndc,120.000 ₫,-44%,67200,(124),4.3,"Màu Nhuộm Lông Mày Lông Mi Gel Mascara Lông Mày Kem Bàn Chải Kit, Màu Nhuộm Tóc Lâu Trôi Không Thấm Nước",104 Đã bán,https://www.lazada.vn/products/pdp-i1142230303.html
Trang điểm,Mỹ Phẩm Thuý Hường,,,,(2),4.5,Bộ Trang Điểm[22 Món] Ww4 Đầy Đủ Makeup/Trang Điểm Đi Tiệc/Trang Điểm Cá Nhân Cơ Bản 22 Món W4,7 Đã bán,https://www.lazada.vn/products/pdp-i2579543748.html
Trang điểm,Mỹ Phẩm Thuý Hường,,,,(2),5.0,Bộ Trang Điểm[12 Món Y6]Đầy Đủ Makeup/Trang Điểm Đi Tiệc/Trang Điểm Cá Nhân Cơ Bản 12 Món,13 Đã bán,https://www.lazada.vn/products/pdp-i2628319240.html
Trang điểm,Mỹ Phẩm Thuý Hường,,,,(10),4.8,Bộ trang điểm đầy đủ chính hãng-[22 món C1] LAMEILA Lip Glaze Lipstick+Mascara +chì kẻ mày+kẻ mắt+kem che khuyết điểm Bộ Trang Điểm C1,34 Đã bán,https://www.lazada.vn/products/pdp-i2427022778.html
Trang điểm,saleoffcosmetic,50.000 ₫,-50%,25000,(20),3.9,"SALE NGẪU NHIÊN 1 Món PHẤN MẮT , SON , KEM NỀN , PHẤN PHỦ Mỹ phẫm ngẫu nhiên",81 Đã bán,https://www.lazada.vn/products/pdp-i2710908792.html
Dụng cụ chăm sóc Sắc đẹp,BUM BI,,,,(8),5.0,Túi mỹ phẩm đa năng có ngăn lưới tiện dụng WASH BAG Túi du lịch đựng đồ nhiều màu chống thấm nước - BUMSTORE,29 Đã bán,https://www.lazada.vn/products/pdp-i2344803313.html
Trang điểm,BUM STORE.,,,,,,"Kem Lót Trang Điểm Xixi D555 Kiềm Dầu Nâng Tone Tự Nhiên, Kem Lót Che Khuyết Điểm Hiệu Chỉnh Màu Da Mỏng Nhẹ Lâu Trôi",10 Đã bán,https://www.lazada.vn/products/pdp-i2683245919.html
Trang điểm,Mỹ Phẩm Thuý Hường,,,,,,[Được Kiểm Hàng] Bộ Trang Điểm / Sest Trang Điểm [8 món X2] Đầy Đủ Các Món Dành Cho Người Mới Tập Trang Điểm/Makeup bộ 8 món X2,,https://www.lazada.vn/products/pdp-i2494648864.html
Trang điểm,Mỹ Phẩm Thuý Hường,,,,(3),5.0,Bộ Trang Điểm[12 Món] F2 Đầy Đủ Makeup/Trang Điểm Đi Tiệc/Trang Điểm Cá Nhân Cơ Bản 12 Món Bộ F2,7 Đã bán,https://www.lazada.vn/products/pdp-i2579557561.html
Trang điểm,Mèo thời trang,,,,(1),5.0,"Combo bộ trang điểm 10 món cơ bản set trang điểm, bộ trang điểm siêu đẹp đầy đủ  cho các nàng thích makeup...",5 Đã bán,https://www.lazada.vn/products/pdp-i1923784562.html
Trang điểm,PaNa- Store,149.000 ₫,-42%,86420,(332),4.8,HOÀN TIỀN 15% - Bộ trang điểm Lameila 7 đến 8 món (Chính Hãng),1.5K Đã bán,https://www.lazada.vn/products/pdp-i1651160228.html
Dụng cụ chăm sóc Sắc đẹp,Glory YH314,63.700 ₫,-8%,58604,(28),5.0,"[HCM] Hộp đựng mỹ phẩm để bàn đa năng, hộp để đồ đa năng trong suốt chất liệu nhựa Acrylic -GL314",112 Đã bán,https://www.lazada.vn/products/pdp-i2726362207.html
Trang điểm,Mỹ Phẩm Thuý Hường,,,,(46),4.5,Bộ Trang Điểm[21 Món A1]Đầy Đủ Makeup/Trang Điểm Đi Tiệc/Trang Điểm Cá Nhân Cơ Bản Bộ 22 món A1,134 Đã bán,https://www.lazada.vn/products/pdp-i2421514401.html
Trang điểm,Tiệm Quà Của Mi,376.000 ₫,-50%,188000,,,"Bộ Trang Điểm Đầy Đủ Bộ Makeup/Trang Điểm Cá Nhân /Trang Điểm Đi Tiệc Phấn phủ, Kem nền, Chì Mày, Bông mút, Son Môi",,https://www.lazada.vn/products/pdp-i2952220840.html
Dụng cụ chăm sóc Sắc đẹp,Chigoo,528.000 ₫,-43%,300960,(20),5.0,Chigoo Túi đựng mỹ phẩm led túi đựng đồ makeup túi đựng đồ trang điểm túi đựng mĩ phẩm có gương hộp đựng mỹ phẩm có nắp,124 Đã bán,https://www.lazada.vn/products/pdp-i2806442679.html
Trang điểm,Mê hàng Trung Hoa,1.190.000 ₫,-19%,963900,(8),5.0,"Bộ Trang điểm 3 tầng đầy đủ 18 món HIH nội địa Trung hàng chính hãng, Tặng kèm túi đựng đẹp",29 Đã bán,https://www.lazada.vn/products/pdp-i2369702865.html
Chăm sóc da mặt,Kim Hạnh.,280.000 ₫,-11%,249200,(2),5.0,COMBO Kem Face Hoa Hồng Ngọc Nữ,13 Đã bán,https://www.lazada.vn/products/pdp-i2501143416.html
Trang điểm,Mỹ Phẩm Thuý Hường,,,,(39),4.8,Bộ Trang Điểm[27 Món] W1 Đầy Đủ Makeup/Trang Điểm Đi Tiệc/Trang Điểm Cá Nhân Cơ Bản 27 Món bộ W1,98 Đã bán,https://www.lazada.vn/products/pdp-i2579482980.html
Trang điểm,Mỹ Phẩm Thuý Hường,,,,(6),5.0,Bộ Trang Điểm[27 Món] M5 Đầy Đủ Makeup/Trang Điểm Đi Tiệc/Trang Điểm Cá Nhân Cơ Bản 27 Món M5,14 Đã bán,https://www.lazada.vn/products/pdp-i2456941585.html
Trang điểm,Mỹ Phẩm Thuý Hường,,,,(12),5.0,[ Bộ trang điểm] 27 Món [V5] Bộ sản phẩm  trang điểm MAKEUP  gồm 27 món (V5) đa năng tiện dụng Dành cho người mới tầm makeup [chính hãng],31 Đã bán,https://www.lazada.vn/products/pdp-i2584394827.html
Chăm sóc da mặt,CHINH HÃNG - SIÊU THỊ SỨC KHỎE VẺ ĐẸP,550.000 ₫,-42%,319000,(48),4.8,[Hoàn tiền 20%] Bộ Dưỡng Trắng Da 7 Ngày Trắng Sáng Đẹp Không Tì Vết Xóa Nhăn Vĩnh Viễn Cấp Ẩm Mờ Thâm Hết Nám SADOER,130 Đã bán,https://www.lazada.vn/products/pdp-i2024376532.html
Trang điểm,An Nhi SHOP1,130.000 ₫,-38%,80600,(139),4.9,Phấn Nước Che Khuyết Điểm SUNISA Chính Hãng Tặng Kèm Chổi Tản Nền - Nội Địa Trung,597 Đã bán,https://www.lazada.vn/products/pdp-i2079108035.html
Chăm sóc da mặt,Eifini Fashion,103.640 ₫,-48%,53892,(1),1.0,Kem Giảm Mụn Trứng Cá Mờ Thâm Mờ Rỗ Lỗ Chân Lông To Giúp Căng Bóng Trẻ Hoá Làn Da/25g,8 Đã bán,https://www.lazada.vn/products/pdp-i2661488557.html
Dụng cụ chăm sóc Sắc đẹp,the gioi vali,85.000 ₫,-24%,64600,(22),5.0,"Túi đựng mỹ phẩm xách tay,Chất liệu PU chống thấm nước có móc treo nhiều ngăn,chứa được nhiều đồ dùng cá nhân và mỹ phẩm",90 Đã bán,https://www.lazada.vn/products/pdp-i2494681535.html
Dụng cụ chăm sóc Sắc đẹp,7B2Nei.Selection,54.600 ₫,-23%,42042,,,"Túi Đựng Mỹ Phẩm/Đồ Trang Điểm WashBag Trong Suốt Chống Thấm Nước – Tiện Lợi, Thời Trang & Đa Năng - Nhiều Size",26.2K Đã bán,https://www.lazada.vn/products/pdp-i3140943611.html
Trang điểm,Mỹ Phẩm Thuý Hường,,,,(3),4.0,Trọn Bộ Trang Điểm Chuyên Nghiệp [22 Món Y3]/Kem Nền/ Phấn Mắt/Maccara/Bấm Mi/Chì Kẻ Mày/Kẻ Mắt Nước (CHÍNH HÃNG) bộ Y3,13 Đã bán,https://www.lazada.vn/products/pdp-i2628137891.html
Trang điểm,Mỹ Phẩm Thuý Hường,,,,(106),4.7,Bộ Trang Điểm[22 Món A2]Đầy Đủ Makeup/Trang Điểm Đi Tiệc/Trang Điểm Cá Nhân Cơ Bản 22 Món A2,389 Đã bán,https://www.lazada.vn/products/pdp-i2414792532.html
Trang điểm,Mỹ Phẩm Thuý Hường,,,,(23),5.0,Bộ trang điểm đầy đủ [10 món X3]  cơ bản set trang điểm cá nhân bộ makeup nhẹ nhàng đi chơi cho nàng Hatola Bộ X3,96 Đã bán,https://www.lazada.vn/products/pdp-i2495571086.html
Trang điểm,Mỹ Phẩm Thuý Hường,,,,(2),5.0,Bộ Trang Điểm[21 Món H7]Đầy Đủ Makeup/Trang Điểm Đi Tiệc/Trang Điểm Cá Nhân Cơ Bản 21 Món Bộ H7,10 Đã bán,https://www.lazada.vn/products/pdp-i2427032688.html
Trang điểm,peinifen,42.550 ₫,-35%,27657,,,[Peinifen] [hengfang] Kem trang điểm BB Kem che khuyết điểm kem nền cho mặt tự nhiên làm sáng làm trắng hoàn hảo chất lỏng Kem nền BB Kem che khuyết điểm bền lâu kem chống thấm nước chống ánh nắng mặt trời chăm sóc da với bông thoa phấn nền [sẵn sàng tron,,https://www.lazada.vn/products/pdp-i2374430007.html
Dụng cụ chăm sóc Sắc đẹp,GIA DỤNG SỈ TPHCM,190.000 ₫,-69%,58900,(7),4.6,TỦ GỖ ĐỰNG MỸ PHẨM CÓ GƯƠNG TRANG ĐIỂM HÌNH TAI MÈO SIÊU XINH - KỆ ĐỰNG MỸ PHẨM ĐỒ MAKEUP NHIỀU NGĂN BẰNG GỖ THƠM CAO CẤP CÓ THỂ XẾP GỌN ĐƯỢC - MẪU MỚI 2022,44 Đã bán,https://www.lazada.vn/products/pdp-i1582041606.html
Trang điểm,Sức Sống Mới - Vẻ Đẹp Và Sức Khỏe,120.000 ₫,-61%,46800,(270),4.8,Kem Che Khuyết Điểm Đa Năng NOVO Lâu trôi Chống Thấm Nước,1.5K Đã bán,https://www.lazada.vn/products/pdp-i2173473224.html
Trang điểm,Mỹ Phẩm Thuý Hường,210.000 ₫,-14%,180600,(2),5.0,Bộ trang điểm combo [22 món A11] makeup đầy đủ phấn mắt + phấn phủ + phấn má + kem nền +kem chống nắng + má hồng + mascara + son + bộ cọ +chì mày Bộ Trang Điểm [A11],,https://www.lazada.vn/products/pdp-i2427010823.html
Trang điểm,Mỹ Phẩm Thuý Hường,189.000 ₫,-14%,162540,,,Bộ Trang Điểm[18 Món ] son thỏi Đầy Đủ Makeup/Trang Điểm Đi Tiệc/Trang Điểm Cá Nhân Cơ Bản 18 Món Son Thỏi,,https://www.lazada.vn/products/pdp-i2428079346.html
Nhập vai Phục trang & Dạ tiệc,Toyfun-VN,88.000 ₫,-13%,76560,(23),4.6,Bộ đồ chơi mỹ phẩm dụng cụ trang điểm 33 món không độc hại chất liệu an toàn nhiều lựa chọn thích hợp cho bé,142 Đã bán,https://www.lazada.vn/products/pdp-i2721652746.html
Trang điểm,Sức Sống Mới - Vẻ Đẹp Và Sức Khỏe,95.000 ₫,-60%,38000,(472),4.9,Bảng Che Khuyết Điểm Và Tạo Khối 3 Màu SweetMint Mỏng Nhẹ Tự Nhiên Độ Che Phủ Mạnh Mẽ Làm Đều Màu Da Che Phủ Các Vết Thâm Mụn Đốm Đen Mang Lại Cho Bạn Làn Da Mịn Màng,15.0K Đã bán,https://www.lazada.vn/products/pdp-i2087762613.html
Trường học & văn phòng,Global Joy,153.000 ₫,-24%,116280,(133),5.0,Hộp Đựng Bút Chì Bằng Vải Dung Tích Lớn Mỹ Phẩm Vải Dễ Thương Túi Xách Du Lịch Đựng Đồ Dùng Học Sinh - Văn Phòng Mở Trường Tiện Lợi,92 Đã bán,https://www.lazada.vn/products/pdp-i2581051891.html
Dụng cụ chăm sóc Sắc đẹp,Rainbow888,,,,(5),5.0,Túi đựng mỹ phẩm/đồ vệ sinh cá nhân bằng lưới trong suốt nhỏ gọn tiện dụng mang theo du lịch,34 Đã bán,https://www.lazada.vn/products/pdp-i2741291624.html
Trang điểm,Mỹ Phẩm Thuý Hường,220.000 ₫,-7%,204600,(14),5.0,Sét Trang Điểm [20 món V12] Đầy Đủ Make Up/ Trang điểm đi tiệc/trang điểm cá nhân V12,53 Đã bán,https://www.lazada.vn/products/pdp-i2414723992.html
Trang điểm,ibcccndc,100.467 ₫,-43%,57266,(19),5.0,"Lakerain dưỡng ẩm nền tảng vững chắc, lâu dài nhuộm màu chất rắn, làm sáng màu nền tảng dưỡng ẩm, mịn màng và không dính, hiệu quả kể cả màu da, hiệu quả trang điểm tự nhiên, mỹ phẩm chăm sóc da mặt",,https://www.lazada.vn/products/pdp-i2965238845.html
,Bút luyện chữ đẹp Bút Mài Thầy Ánh,,,,(16),4.8,Phấn màu lục giác thanh đậm,111 Đã bán,https://www.lazada.vn/products/pdp-i1657761741.html
Trang điểm,Dorisna,35.600 ₫,-42%,20648,(250),4.9,Dorisna 3 Màu Sắc bền lâu lông mày không thấm nước Kem Mascara Lông Mày Lông Mày Gel lông mày không thấm nước Kẻ Lông Mày Mascaras,783 Đã bán,https://www.lazada.vn/products/pdp-i2258977000.html
Trang điểm,Kho sỉ cu kisd,250.000 ₫,-36%,160000,,,MUA 1 TẶNG 1 - Phấn trang điểm Essance CHÍNH HÃNG sáng da tự nhiên che khuyết điểm chống nắng và mịn da kiềm dầu Cosmetic Nữ Mỹ Phẩm Women,,https://www.lazada.vn/products/pdp-i2998198629.html
Dụng cụ chăm sóc Sắc đẹp,Qiyue.STORY,231.845 ₫,-36%,148380,(19),5.0,"Lớn 3 Lớp Hộp Đựng Mỹ Phẩm Vải Oxford Chống Thấm Nước Hình Xăm/Làm Móng Tay/Trang Điểm Hộp Dụng Cụ, Đồ Lót Du Lịch Hộp Bảo Quản",84 Đã bán,https://www.lazada.vn/products/pdp-i2622706014.html
Trang điểm,Yhiabu,60.000 ₫,-33%,40200,(19),4.8,XIEJ 3-MÀU Kem che khuyết điểm/kem che khuyết điểm/Palette kem/Kết cấu bao gồm đánh dấu quầng thâm đa chức năng mặt trang điểm bền màu làm sáng khuôn mặt mỹ phẩm,72 Đã bán,https://www.lazada.vn/products/pdp-i2909459567.html
Trang điểm,Global Joy,82.000 ₫,-23%,63140,(53),5.0,4 Màu Phấn Má Hồng Bộ Matte Má Trang Điểm Tông Màu Ấm Áp Làm Đẹp Da Mặt Mỹ Phẩm Ngọt Hỗn Hợp Má Hồng Cho Mặt,455 Đã bán,https://www.lazada.vn/products/pdp-i2455466552.html
Trang điểm,ORGREV COSMETIC,178.000 ₫,-50%,89000,(1),5.0,|Giả Giá 50% Toàn Bộ Gian Hàng| Phấn nước trang điểm iope Hàn Quốc - Cavali - Che khuyết điểm tốt kiềm dầu lâu trôi  - ORGREV COSMETIC,,https://www.lazada.vn/products/pdp-i2513787647.html
Trang điểm,Hana Organic Beauty,,,,(1),4.0,Đồ trang điểm - thanh lý,,https://www.lazada.vn/products/pdp-i2342450488.html
Tủ chứa & Sắp xếp đồ,DELI LIFESTYLE VIETNAM,260.750 ₫,-47%,138197,(14),4.9,Kệ đựng mỹ phẩm nhựa nhiều tầng để bàn trong suốt Deli kệ đưng đồ trang điểm hộp lưu trữ văn phòng phẩm VS,59 Đã bán,https://www.lazada.vn/products/pdp-i2223652863.html
Trang điểm,Waffle Beauty,70.000 ₫,-41%,41300,(16),5.0,WAFFLE Cao thủ Lâu dài Màu đen Ria Pomade Mỹ phẩm Trang điểm màu nâu Mascara chân mày Thuốc nhuộm lông mày Bộ dụng cụ Tông màu,93 Đã bán,https://www.lazada.vn/products/pdp-i1662282854.html
Trang điểm,Sức Sống Mới - Vẻ Đẹp Và Sức Khỏe,250.000 ₫,-68%,80000,(16),4.9,"Kem Nền Trang Điểm CHXERL Mỏng Nhẹ, Che Khuyết Điểm, Kiềm Dầu, Chống Nước, Lâu Trôi",36 Đã bán,https://www.lazada.vn/products/pdp-i2569164910.html
Trang điểm,rainbow love1688,12.700 ₫,-50%,6350,(71),5.0,🔥Bán chạy🔥Bút chì kẻ lông mày với Mài tự nhiên lâu trôi kẻ lông mày bút nhuộm chống thấm nước màu đen Brown Brow trang điểm mỹ phẩm,106 Đã bán,https://www.lazada.vn/products/pdp-i2866385692.html
Trang điểm,Hangnga Beauty Store,409.000 ₫,-50%,204500,(7),5.0,"Bộ trang điểm đầy đủ 20 món như ảnh có che khuyết điểm, kem nền, bảng phấn mắt, phấn phủ... đầy đủ 20 món giống hình ảnh",19 Đã bán,https://www.lazada.vn/products/pdp-i2643039414.html
quà tặng & Gói quà,THƯ STORE 99,,,,(19),5.0,"COMBO QUÀ MAKEUP, COMBO QUÀ TẶNG BẠN GÁI, QUÀ TẶNG MẸ, COMBO QUÀ NGÀY LỄ, QUÀ SINH NHẬT Ý NGHĨA",63 Đã bán,https://www.lazada.vn/products/pdp-i2302960827.html
Dụng cụ chăm sóc Sắc đẹp,Gia Dụng Giá Sỉ HĐ,69.000 ₫,-30%,48300,(1),5.0,"Kệ đựng mỹ phẩm, đồ trang điểm 4 tầng 3 ngăn kéo trong suốt",,https://www.lazada.vn/products/pdp-i2659956456.html
Chăm sóc da mặt,Chuyên sỉ lẻ Tăng Giảm cân,400.000 ₫,-13%,348000,(149),4.7,[Chính Hãng] Cao mụn sâm đỏ 36 vị hủ 15g,803 Đã bán,https://www.lazada.vn/products/pdp-i805228987.html
Tủ chứa & Sắp xếp đồ,VyVy.StoreVN,25.000 ₫,-28%,18000,(24),4.7,"Khay Nhựa Trong Suốt Đựng Mỹ Phẩm Có Tay Cầm, Hộp Đựng Đồ Nhựa Mỹ Phẩm Đa Năng Trang Trí Bàn",173 Đã bán,https://www.lazada.vn/products/pdp-i2398411985.html
Chăm sóc da mặt,Landnn,,,,(26),5.0,"SERUM Trắng Da, Ngừa Mụn Senana 15ml Trẻ Hóa Da, Kiểm Soát Dầu, Dưỡng Ẩm",243 Đã bán,https://www.lazada.vn/products/pdp-i2358911037.html
Chăm sóc da mặt,AK Shop Mỹ Phẩm Chính Hãng,99.000 ₫,-41%,58410,,,"Bộ Kem Kone Thái Lan – Tri Nám, Tàn Nhang mới nhất",,https://www.lazada.vn/products/pdp-i3187714639.html
Trang điểm,Mỹ Phẩm Thuý Hường,340.000 ₫,-19%,275400,(22),5.0,Bộ trang điểm đầy đủ chính hãng-27 món E4 LAMEILA Lip Glaze Lipstick+Mascara +chì kẻ mày+kẻ mắt+kem che khuyết điểm trọn bộ 27 món E4,68 Đã bán,https://www.lazada.vn/products/pdp-i2421491749.html
Trang điểm,Shop Mỹ Phẩm BULL Chuyên Sỉ,,,,,,"(S- BBull) Sét Trang Điểm Nvno 8 Món cơ Bản Hàng Nội Địa ,, trang điểm , tiện lợi , sang trọng",,https://www.lazada.vn/products/pdp-i3110245217.html
Trang điểm,Mỹ Phẩm Thuý Hường,299.000 ₫,-1%,296010,(36),4.8,Bộ Trang Điểm[24 Món E3]Đầy Đủ Makeup/Trang Điểm Đi Tiệc/Trang Điểm Cá Nhân Cơ Bản 24 Món Bộ E3,91 Đã bán,https://www.lazada.vn/products/pdp-i2428111239.html
Chăm sóc da mặt,CHÍNH HÃNG - MỸ PHẨM MÃI MÃI TUỔI THANH XUÂN,550.000 ₫,-41%,324500,(13),4.8,"bộ dưỡng trắng da 7 ngày trắng sáng đẹp không tì vết, xóa nhăn vĩnh viễn , cấp ẩm mờ thậm hết nám",30 Đã bán,https://www.lazada.vn/products/pdp-i2005953688.html
Trang điểm,Na Na Beauty_03,85.000 ₫,-0.6%,85.000 ₫,(6),4.8,[ MUA 1 TẶNG 1 ] Set 4 Cây Son Kem Lì Kèm Phấn Má Hồng và Vòng Cổ ART VALUE Hộp Bướm Xinh Xắn,25 Đã bán,https://www.lazada.vn/products/pdp-i3011339931.html
Chăm sóc da mặt,Shop Mỹ Phẩm XÙ Cosmetic Chuyên Sỉ,60.000 ₫,-32%,40800,(4),4.0,"(S-Xù) Kem lười nâng tone VC trang điểm lớp makeup làm săn chắc da , dưỡng ẩm , trắng da nâng tone",16 Đã bán,https://www.lazada.vn/products/pdp-i2974481735.html
Dụng cụ chăm sóc Sắc đẹp,MAANGE LOCAL STORE,30.000 ₫,-43%,17100,(30),5.0,"MAANGE Bộ 7 mút trang điểm, đệm không khí ướt và khô 1306",117 Đã bán,https://www.lazada.vn/products/pdp-i2847877588.html
Trang điểm,Mỹ Phẩm Thuý Hường,250.000 ₫,-14%,215000,,,Bộ Trang Điểm[22 Món X7] Đầy Đủ Makeup/Trang Điểm Đi Tiệc/Trang Điểm Cá Nhân Cơ Bản [22 Món X7],,https://www.lazada.vn/products/pdp-i2501669499.html
Trang điểm,LIM Cosmetic,150.000 ₫,-43%,85500,(212),4.8,Phấn Nền Dạng Lỏng Che Hết Khuyết Điểm chỉ sau 2 phút căng bóng không trôi thấm dầu tạo Màu Da Tự Nhiên như hàn quốc Images 15G,801 Đã bán,https://www.lazada.vn/products/pdp-i1359749672.html
Trang điểm,HKHO Official Store,36.200 ₫,-23%,27874,(491),4.7,HKHO Son Bóng Tráng Gương Hình Ống Màu Bạc Nhỏ Son Bóng Nước Dưỡng Ẩm Nhẹ Mỹ Phẩm Cho Nữ,2.3K Đã bán,https://www.lazada.vn/products/pdp-i2105656101.html
Dụng cụ chăm sóc Sắc đẹp,bansi08,,,,,,Combo 5 hộp x  4 Bông Mút Trang Điểm,,https://www.lazada.vn/products/pdp-i3181791004.html
Dụng cụ chăm sóc Sắc đẹp,Xjk9kXtt.Selection,27.100 ₫,-29%,19241,(2665),4.9,"Bộ 8 cọ trang điểm mini với cán bằng nhựa mờ, thiết kế màu macaron, dễ mang theo, lông cọ mềm mại, dụng cụ trang điểm làm đẹp",8.4K Đã bán,https://www.lazada.vn/products/pdp-i2541759880.html
Trang điểm,Hangnga Beauty Store,228.000 ₫,-50%,114000,(48),4.8,"bộ trang điểm 10 món đầy đủ như hình ảnh, phấn mắt, phấn phủ, kẻ mắt, kẻ mày., son, dán mí, che khuyết điểm, bông",201 Đã bán,https://www.lazada.vn/products/pdp-i2595362952.html
Dụng cụ chăm sóc Sắc đẹp,Alice Mart,8.000 ₫,-44%,4480,(59),4.7,[ Freeship ] Set 4 Bông Mút Trang Điểm Kèm Hộp Đựng Xinh Xắn - Hộp 4 mút tán kem nền mút trang điểm mềm mại hình giọt nước siêu tiện dụng,247 Đã bán,https://www.lazada.vn/products/pdp-i2015542005.html
Dụng cụ chăm sóc Sắc đẹp,Sức Sống Mới - Vẻ Đẹp Và Sức Khỏe,24.000 ₫,-69%,7440,(52),4.9,"Mút Trang Điểm Chuyên Nghiệp, Đa Chức Năng Cho Ướt Và Khô, Siêu Mềm Mịn, Đàn Hồi Tốt, Dễ Dàng Che Phủ Toàn Khuôn Mặt",173 Đã bán,https://www.lazada.vn/products/pdp-i2507140493.html
Dụng cụ chăm sóc Sắc đẹp,LYADELA&CO.,,,,,,Bộ 8 Cọ Trang Điểm Chuyên Nghiệp Bộ Mỹ Phẩm Phấn Mắt Kem Nền Đen Phối Kem Che Khuyết Điểm Làm Đẹp Dụng Cụ Trang Điểm Cọ,,https://www.lazada.vn/products/pdp-i2663692994.html
Trang điểm,KK BEAUTY,24.819 ₫,-41%,14643,(2),5.0,KK Vẻ Đẹp 28 Màu Sắc Lót Môi Không Thấm Nước bền lâu But Chì viền môi Không Dính Cup Son lì Bút mộ trang điểm môi,5 Đã bán,https://www.lazada.vn/products/pdp-i2766769398.html
Trang điểm,aiqianshuo,124.000 ₫,-36%,79360,(6),5.0,BuyB 【Mua 1 Lấy 1 】Hudagxl kem nền dạng lỏng lì giữ ẩm kiểm soát dầu bảo hiểm đầy đủ kiểm soát dầu trang điểm chuyên nghiệp,41 Đã bán,https://www.lazada.vn/products/pdp-i3014949695.html
Trang điểm,Tiệm Quà Của Mi,398.000 ₫,-50%,199000,,,Bộ Trang Điểm Thái Lan  Đầy Đủ Make Up/ Trang điểm đi tiệc/trang điểm cá nhân/ Combo makeup / Set Trang Điểm,,https://www.lazada.vn/products/pdp-i2835944220.html
Trang điểm,PaNa- Store,190.000 ₫,-43%,108300,(34),4.9,Bộ trang điểm Lameila chuyên nghiệp 8 món,126 Đã bán,https://www.lazada.vn/products/pdp-i1772158719.html
Trang điểm,TÀI TUẤN BEAUTY CLINIC - LÀM ĐẸP GIÁ TỐT,,,,,,"Set Trang Điểm Nars Dolce Vita Bộ Make Up Mini 2 Món Gồm Phấn Má Nén Và Phấn Đa Năng Dạng Thỏi - SẢN PHẨM CHẤT LƯỢNG CAO, SỬ DỤNG CỰC THÍCH, ĐƯỢC ƯA CHUỘNG TRÊN THỊ TRƯỜNG, KHÁCH YÊU CÓ THỂ TRẢI NGHIỆM VÀ PHẢN HỒI CHO SHOP NHÉ",,https://www.lazada.vn/products/pdp-i2655886209.html
Trang điểm,nhacuamyty,,,,,,[Date 2025] Bộ Makeup Cô Dâu Bá Đạo nội địa Trung,,https://www.lazada.vn/products/pdp-i2513278576.html
Dụng cụ chăm sóc Sắc đẹp,Global Merch Park,128.000 ₫,-24%,97280,(385),4.9,12 Bộ Phồng Trang Điểm-Nhỏ Vừa Kích Thước Lớn Phồng Mỹ Phẩm Tinh Dành Cho Người Mới Bắt Đầu Chất Liệu Polyurethane,363 Đã bán,https://www.lazada.vn/products/pdp-i2562604730.html
Dụng cụ chăm sóc Sắc đẹp,Zest Shop,77.000 ₫,-44%,43120,,,Dung lượng lớn Hộp đựng mỹ phẩm cầm tay Da PU Di động Túi đựng mỹ phẩm hình gối Thời trang Đa chức năng Túi đựng đồ vệ sinh du lịch Phụ nữ,,https://www.lazada.vn/products/pdp-i3178106834.html
,LIM ART,,,,(92),4.9,"Cọ vẽ lông thỏ cán gỗ chuyên dụng vẽ tranh sơn dầu, acrylic, màu nước, vẽ gốm, đồ thủ công,...",1.7K Đã bán,https://www.lazada.vn/products/pdp-i1899998380.html
Dụng cụ chăm sóc Sắc đẹp,G01 GIA DỤNG THÔNG MINH,104.693 ₫,-26%,77472,,,Combo 3 Túi Đựng Mỹ Phẩm WASHBAG 3 Size Đựng Đồ Trang Điểm Cá Nhân Chống Thấm Nước,,https://www.lazada.vn/products/pdp-i3012917525.html
Trang điểm,Mỹ Phẩm Thuý Hường,129.000 ₫,-1%,127710,(29),4.7,Bộ Trang Điểm[12 Món C10]Đầy Đủ Makeup/Trang Điểm Đi Tiệc/Trang Điểm Cá Nhân Cơ Bản 12 Món C10,129 Đã bán,https://www.lazada.vn/products/pdp-i2428204001.html
Dụng cụ chăm sóc Sắc đẹp,TUẤN BEAUTY SPA CLINIC - AN TÂM LÀM ĐẸP,,,,,,"Bảng Trộn Kem Nền/ Màu Mắt - SẢN PHẨM RẤT CHẤT LƯỢNG, SHOP CHỌN LỌC KĨ TRƯỚC KHI ĐẾN TAY KHÁCH HÀNG, HÀNG CHUẨN ĐẢM BẢO ĐƯỢC ƯA CHUỘNG TRÊN THỊ TRƯỜNG",,https://www.lazada.vn/products/pdp-i1750621710.html
Trang điểm,Chuppy Kính Cận,120.000 ₫,-50%,60000,,,"Kem Che Khuyết Điểm Ba Màu Che Mọi Khuyết Điểm, Tàn Nhang, Giúp Lớp Makeup Trở Nên Mịn Màng Che Phủ Mụn Và Quầng Thâm",,https://www.lazada.vn/products/pdp-i3157601245.html
Dụng cụ chăm sóc Sắc đẹp,MAANGE LOCAL STORE,238.000 ₫,-30%,166600,(6),5.0,MAANGE Bộ 20 cọ trang điểm chuyên nghiệp Phấn má hồng đường viền Phấn mắt Bộ cọ mỹ phẩm 5748,40 Đã bán,https://www.lazada.vn/products/pdp-i2847774411.html
,cá voi đỏ - đồ chơi giá rẻ,,,,(1),5.0,Bút sáp màu ERAS E570 hộp 12/16 màu - 1 (hộp),,https://www.lazada.vn/products/pdp-i2109751376.html
Trang điểm,BUM BI,,,,(1),5.0,"Kem Nền Che Khuyết Điểm Lameila BB Cream 30ml Vỏ Trắng Tự Nhiên, Kem Nền Mỏng Nhẹ Kiềm Dầu Dưỡng Ẩm Lâu Trôi Bền Màu",,https://www.lazada.vn/products/pdp-i2351691182.html
,Bibon8688,195.000 ₫,-13%,169650,,,"Bộ màu nước dạng nén 36 màu Himi hộp thiếc  tặng cọ nước, cọ tỉa, bút chì, màu Acrylic, đồ chuốt  - Watercolor Kit",,https://www.lazada.vn/products/pdp-i2160541747.html
Trang điểm,BOBO Miss,85.000 ₫,-40%,51000,(2),5.0,BOBO MISS Maquillaje Mới 4 trong 1 Dụng cụ mỹ phẩm Không thấm nước Bút kẻ mắt Bền lâu Màu dễ dàng Vẽ mắt Bút trang điểm 4 trong 1 Bút chì kẻ lông mày Bút đánh dấu hình xăm Bút kẻ viền môi,8 Đã bán,https://www.lazada.vn/products/pdp-i2396312375.html
Tủ chứa & Sắp xếp đồ,Gia Dụng Pk,64.000 ₫,-11%,56960,(33),4.9,"Kệ Đựng Mỹ Phẩm Để Bàn NHIỀU NGĂN LỚN Bằng Nhựa - Khay Đựng Bút Phụ Kiện Học Tập Đa Năng Có Ngăn Kéo Tiện Lợi, hộp nhựa, hộp đựng mỹ phẩm, hộp đựng bút , hộp đựng dồ cá nhân, hộp nhựa mini, hộp để bàn, hộp đựng",102 Đã bán,https://www.lazada.vn/products/pdp-i2234903746.html
Dụng cụ chăm sóc Sắc đẹp,JessupBeauty,891.915 ₫,-24%,677855,(1440),5.0,Jessup Bộ Cọ Trang Điểm 14 Chiếc Cọ Trang Điểm Đường Viền Phấn Nền Phấn Mắt Nổi Bật Phối Kem Che Khuyết Điểm Lót Elegant black T336,8.0K Đã bán,https://www.lazada.vn/products/pdp-i2565433084.html
Chăm sóc da mặt,Hada Labo,85.500 ₫,-19%,69255,(4859),4.9,[ MUA 1 TẶNG 1] Sữa rửa mặt dưỡng ẩm tối ưu Hada Labo Advanced Nourish Cleanser 80g,28.3K Đã bán,https://www.lazada.vn/products/pdp-i1463381499.html
Trang điểm,GWNF,80.000 ₫,-39%,48800,(129),5.0,"Kem Lười BB Trang Điểm Five - Vitamin C VC 5 in 1 , Dưỡng Ẩm Da, Che Khuyết Điểm, Chống Nắng, Thay Thế Kem Lót",157 Đã bán,https://www.lazada.vn/products/pdp-i2375870708.html
Chăm sóc da mặt,Cỏ Mềm Official,290.000 ₫,-5%,275500,(66),5.0,Set Mỹ Phẩm TravelKit Skincare Chăm Sóc Mọi Loại Da Tơ Tằm Rau Má Cỏ Mềm,187 Đã bán,https://www.lazada.vn/products/pdp-i2394371890.html
Trang điểm,Mỹ Phẩm Thuý Hường,210.000 ₫,-1%,207900,(18),4.8,Bộ Trang Điểm[20 Món D9]Đầy Đủ Makeup/Trang Điểm Đi Tiệc/Trang Điểm Cá Nhân Cơ Bản 20 Món Bộ D9,40 Đã bán,https://www.lazada.vn/products/pdp-i2428168315.html
Trang điểm,Global Merch Park,673.000 ₫,-24%,511480,(10),5.0,Bộ Trang Điểm Tất Cả Trong Một POPFEEL Cho Nữ - Bộ Mỹ Phẩm Bao Gồm Phấn Mắt Bút Kẻ Mắt Kẻ Lông Mày Trang Điểm Da Mặt Hoàn Hảo,54 Đã bán,https://www.lazada.vn/products/pdp-i2581620907.html
,Global Merch Park,357.000 ₫,-24%,271320,(73),4.7,Bộ Bút Chì Màu Gỗ Dầu Chuyên Nghiệp Brutfuner - 48/72/120 Màu Bút Chì Màu Nước Mềm Cho Đồ Dùng Phác Thảo Nghệ Thuật Trường Học,46 Đã bán,https://www.lazada.vn/products/pdp-i2718356178.html
Trang điểm,Tailian 1721722518,62.000 ₫,-39%,37820,(1),5.0,HANDAIYAN Waterproof and Sweatproof Non-smudge Eyeliner Pen 20 Colors Ultra-fine Eyeliner upbest,8 Đã bán,https://www.lazada.vn/products/pdp-i2837188381.html
Trang điểm,xiangnianFA,76.000 ₫,-39%,46360,(6),5.0,[Quà Tặng Miễn Phí] 4 màu sắc nền tảng dầu chống thấm kiểm soát Kem che khuyết điểm Matte kem nền dạng lỏng tự nhiên trang điểm khuôn mặt mỹ phẩm phụ nữ,39 Đã bán,https://www.lazada.vn/products/pdp-i2873772148.html
,Đồ chơi thông minh Alice,100.000 ₫,-15%,85000,(22),5.0,Bút màu Acrylic Marker 12 24 36 48 60 80 cao cấp màu sắc tươi sáng không lem - Bút lông màu,81 Đã bán,https://www.lazada.vn/products/pdp-i2603084748.html
Trường học & văn phòng,Tuidonghang.hcm,23.000 ₫,-17%,19090,(23),4.8,"Túi Đựng Bút Viết Trong Suốt - Túi Đựng Đồ, Mỹ Phẩm  Họa Tiết Dễ Thương",110 Đã bán,https://www.lazada.vn/products/pdp-i2333098459.html
Trang điểm,rainbow love1688,75.200 ₫,-58%,31584,(60),5.0,Zeusee Kiểm Soát dầu dưỡng ẩm Kem trang điểm BB Không Thấm Nước Lâu Dài kem nền dạng lỏng làm trắng da Kem Che Khuyết Điểm Che Mụn Trứng Cá quầng thâm Kem trang điểm BB kể cả màu da Trên Khuôn Mặt Mỹ Phẩm Cho Phụ Nữ,109 Đã bán,https://www.lazada.vn/products/pdp-i2373299342.html
Trường học & văn phòng,GlobalTechMart,57.000 ₫,-42%,33060,,,Máy Mài Bút Chì Chính Xác Hai Lỗ Cho Mỹ Phẩm Cơ Khí Văn Phòng & Đồ Dùng Học Tập Máy Mài Bút Chì Trang Điểm Đa Năng,36 Đã bán,https://www.lazada.vn/products/pdp-i3183753053.html
Nhập vai Phục trang & Dạ tiệc,Sweet bomb,115.300 ₫,-45%,63415,(3),5.0,Mỹ phẩm cho trẻ em hộp trang điểm đồ chơi cho bé gái Phụ kiện vỏ trang điểm nhiều lớp,,https://www.lazada.vn/products/pdp-i2294871834.html
Nhập vai Phục trang & Dạ tiệc,GlobalWonderShop,102.000 ₫,-40%,61200,,,Công Chúa Trang Điểm Bộ Đồ Chơi Cho Bé Gái Bảng Phấn Mỹ Phẩm Túi Xách Trẻ Em Quà Tặng Sinh Nhật Phổ Biến Làm Đẹp Playset,395 Đã bán,https://www.lazada.vn/products/pdp-i3181382353.html
Trang điểm,LAIKOU Official Store,118.000 ₫,-50%,59000,(101),4.9,LAIKOU Kem Nền Dạng Lỏng Che Khuyết Điểm Kiểm Soát Dầu Trang Điểm Che Phủ Toàn Bộ Chống Nước 30Ml,223 Đã bán,https://www.lazada.vn/products/pdp-i1640640886.html
Trang điểm,Yeuouo,123.000 ₫,-42%,71340,,,Hàn Quốc Mỹ phẩm tfit 3-MÀU Kem che khuyết điểm Bảng màu trang điểm chuyên nghiệp che giấu kem cho khuôn mặt mắt đường viền quầng thâm Corrector 3G nền tản,,https://www.lazada.vn/products/pdp-i2959117529.html
Trang điểm,GlobalSuperBazaar,177.000 ₫,-40%,106200,,,Magic Đầu Nấm Đệm Không Khí CC Kem Nền Chống Thấm Nước Sáng Da Nữ Trang Điểm Mỹ Phẩm Hàn Quốc 20G Kích Thước Đầy Đủ,1.0K Đã bán,https://www.lazada.vn/products/pdp-i3179221467.html
,Xương Rồng Nhỏ - Đồ chơi trẻ em,83.100 ₫,-51%,40719,(2),3.0,"Bút Sáp dầu siêu mềm Giorgione 12/24/36/48 Soft Oil Pastels Màu sáp dầu cho Học sinh, Hoạ Sĩ Vẽ tranh nổi",14 Đã bán,https://www.lazada.vn/products/pdp-i2478635031.html
Dụng cụ chăm sóc Sắc đẹp,Beautify4U,,,,,,"Bộ Cọ Trang Điểm Mini 8 Chiếc Kèm Túi Đựng Tiện Dụng, Set 8 Cây Cọ Makeup Lông Mềm Mại, Khả Năng Tán Phấn Tối Ưu",,https://www.lazada.vn/products/pdp-i3066683314.html
,Cửa hàng Tiện Ích AnNa,,,,(2),5.0,Bút Chì Màu Gốc Dầu Deli từ 12 /18 / 24 /36 màu EMOTION,15 Đã bán,https://www.lazada.vn/products/pdp-i1426886975.html
Trang điểm,Hauser,,,,(31),5.0,"Bút tạo khối che khuyết điểm bắt sáng hai trong một,dễ tán che khuyết điểm,quầng thâm,tạo khuôn mặt chữ V-HAUSE",124 Đã bán,https://www.lazada.vn/products/pdp-i2497768010.html
Tủ chứa & Sắp xếp đồ,Hauser,,,,(3),5.0,"Hộp đựng mỹ phẩm để bàn đa năng, hộp để đồ trong suốt chất liệu nhựa Acrylic-HAUSE",8 Đã bán,https://www.lazada.vn/products/pdp-i2732337739.html
Dụng cụ chăm sóc Sắc đẹp,IKA Store,379.164 ₫,-40%,227498,,,Bộ Cọ Trang Điểm HAPPY MAKEUP 10 Cây Cao Cấp Bằng Lông Tự Nhiên Siêu Mềm Mại Dùng Để Make Up Cá Nhân Hoặc Chuyên Nghiệp Miễn Phí Vận Chuyển Hàng Mới Khuyến Mãi Bảo Hành Chính Hãng Chất Lượng Cao Giúp Trang Điểm Hoàn Hảo Ứng Dụng Đơn Giản Thao Tác Dễ Dàng,,https://www.lazada.vn/products/pdp-i3178731678.html
Trang điểm,PaNa- Store,179.000 ₫,-45%,98450,(317),4.9,Bộ trang điểm Lameila 6 đến 8 món có kèm hình ảnh,1.2K Đã bán,https://www.lazada.vn/products/pdp-i1760765522.html
Đồ gia dụng chăm sóc cá nhân,HY WAXING,30.000 ₫,-37%,18900,(1),5.0,"[CHE TÊN] Bộ Chén Trộn Mặt Nạ 9 Món Tiện Ích Kèm Bình Chiết Mỹ Phẩm, Miếng Rửa Mặt HY WAXING 6279",6 Đã bán,https://www.lazada.vn/products/pdp-i2375028212.html
Trang điểm,Prettyoung,57.000 ₫,-33%,38190,(1),5.0,Prettyoung Son Môi mộ trang điểm môi Hỗ Trợ Khóa Màu Son Môi Bộ trang điểm 19G Son lì Bộ trang điểm Màu Đen son môi đen Lip Sản Phẩm Dán,,https://www.lazada.vn/products/pdp-i3092859106.html
Trang điểm,Dorisna,40.500 ₫,-48%,21060,(132),4.9,DORISNA Kem BB Kem Nền Dạng Lỏng Che Phủ Toàn Bộ Khuôn Mặt Kem Trang Điểm Che Khuyết Điểm Mặt Lâu Trôi Chống Nước Kem Làm Trắng Trang Điểm Hàn Quốc,611 Đã bán,https://www.lazada.vn/products/pdp-i1875842128.html
Chăm sóc cho Nam giới,Shop Xmen hàng thủ công,150.000 ₫,-55%,67500,(67),4.9,Bộ 3 Sản Phẩm Chăm Sóc Da Cho Nam VEZE Ngăn Ngừa Mụn Kiểm Soát Dầu Se Khít Lỗ Chấn Lông Sữa Rửa Mặt Toner Kem Dưỡng Ẩm,136 Đã bán,https://www.lazada.vn/products/pdp-i2539898928.html
,Slayer,138.000 ₫,-50%,69000,,,80/48 Cây Bút màu Marker Lalunavn Touch Cool 2 Đầu tô màu dạ vẽ tranh anime - SÉT BÚT MÀU DẠ KÈM TÚI,,https://www.lazada.vn/products/pdp-i2684072108.html
Trang điểm,Sức Sống Mới - Vẻ Đẹp Và Sức Khỏe,140.000 ₫,-69%,43400,(36),4.8,"Kem Che Khuyết Điểm Dạng Bút Cọ Chống Nước Dạng Lỏng MYG Magic Stick 30ml, Bền Màu Lên Tới 12H, Dễ Dàng Làm Mờ Các Quầng Thâm, Đốm Mụn, Vùng Da Không Đều Màu",108 Đã bán,https://www.lazada.vn/products/pdp-i2222075218.html
Trang điểm,MAXMAN COLLECTION,200.000 ₫,-55%,90000,,,"Phấn nền dạng nén Cace Bear làm sáng kiềm dầu cho da mặt, Phấn nén kiềm dầu phấn nền che khuyết điểm kiểm soát dầu",,https://www.lazada.vn/products/pdp-i2737195271.html
,MK ART,259.000 ₫,-23%,199430,(3),5.0,Màu Sáp dầu Giorgione 12/24/36/48 Soft Oil Pastels Hạng Hoạ Sĩ Vẽ tranh nổi,18 Đã bán,https://www.lazada.vn/products/pdp-i2423212705.html
Trang điểm,Kho Giá Sỉ TG,23.000 ₫,-44%,12880,(8),4.6,Phấn Má Hồng 6 Màu Tùy Chọn Trang Điểm Tự Nhiên Phong Cách Hàn Quốc Cho Nữ,35 Đã bán,https://www.lazada.vn/products/pdp-i1528228891.html
Dụng cụ chăm sóc Sắc đẹp,X-DECOR HCM,30.000 ₫,-47%,15900,,,"Bộ Cọ Trang Điểm Du Lịch Mini 8 Món Tặng Túi Zip, Set 8 Cây Cọ Trang Điểm Lông Dày Mịn Êm",,https://www.lazada.vn/products/pdp-i3060300330.html
Trang điểm,Bedivar Shopping Mall,60.000 ₫,-49%,30600,,,KEM NỀN LAMEILA SIÊU MỊN CHE KHUYẾT ĐIỂM CỰC ĐỈNH,,https://www.lazada.vn/products/pdp-i2521660526.html
Trang điểm,GlobalTechMart,92.000 ₫,-38%,57040,,,Kem Nền Dưỡng Ẩm Trong Suốt Hai Đầu Dưỡng Ẩm Bóng Nhẹ Chống Nước Trang Điểm Lâu Trôi Dễ Dàng Áp Dụng,986 Đã bán,https://www.lazada.vn/products/pdp-i3195661961.html
Trang điểm,Hoa Bồ Công Anh Store,64.000 ₫,-50%,32000,(19),5.0,"[COMBO] Bộ cọ trang điểm Hello Kitty 7 cây trong hộp xinh xắn, lông cọ mềm với màu hồng cực dễ thương. Hộp cọ thiết kế nhỏ gon dễ dàng bỏ túi mang theo đi học, đi làm, đi chơi, du lịch,",55 Đã bán,https://www.lazada.vn/products/pdp-i713894506.html
Trang điểm,Áo Lót Thời Trang & Phụ Kiện Thiên Nga,,,,(1),5.0,"Kem Che Khuyết Điểm Stick Foundation - Kem Nền Thỏi 2 Đầu FOUNDATION Chống Nước, Cấp Ẩm, Làm Sáng Dầ",,https://www.lazada.vn/products/pdp-i3091960006.html
Trang điểm,QRQCpC.Selection,57.900 ₫,-23%,44583,,,"Kem Nền Air Cushion -  Che Khuyết Điểm, Dưỡng Ẩm Lâu Dài, Dạng Lỏng 5.5g",257 Đã bán,https://www.lazada.vn/products/pdp-i3140959363.html
Trang điểm,CARSLAN OFFICIAL STORE,500.000 ₫,-52%,240000,(144),4.9,Phấn phủ CARSLAN dạng bột từ tính kiềm dầu màu đen chống nước chống mồ hôi che phủ bóng dầu cho mặt 8g,616 Đã bán,https://www.lazada.vn/products/pdp-i2880460968.html
Dụng cụ chăm sóc Sắc đẹp,MIGE.HOME,68.000 ₫,-29%,48280,,,"Bộ cọ trang điểm 10 món, được làm từ chất liệu chọn lọc, lông cọ mềm mại, thoải mái, giúp tán phấn mịn màng và đều màu,",,https://www.lazada.vn/products/pdp-i3199039628.html
Vali và Túi du lịch đa năng,Hana Lam,,,,(1),5.0,bộ 3 chai chiết mỹ phẩm bằng silicon,,https://www.lazada.vn/products/pdp-i2939235831.html
Trang điểm,Alyssa Store Trung Hoa,2.000.000 ₫,-20%,1600000,,,Bộ Trang Điểm Quà Tặng MEIYU hồng 14 món dạng hộp cốp trang điểm phong cách hoa biếc kèm gương LED - Quà tặng bạn gái,,https://www.lazada.vn/products/pdp-i3013800315.html
Dụng cụ chăm sóc Sắc đẹp,ROSE.Hi,,,,,,Cốp vải đựng đồ makeup đồ nail size to. Cốp vải dây đeo makeup đa năng chuyên nghiệp SIZE đại MS 388 [ ROSE ],,https://www.lazada.vn/products/pdp-i3123291794.html
Dụng cụ chăm sóc Sắc đẹp,,,,,,,"Tủ Đựng Mỹ Phẩm Nhiều Lớp Kiểu Rút Ngăn Kéo Để Đựng Nước Hoa, Son Môi, Mỹ Phẩm, Hộp Đựng Đồ Trang Điểm Kiểu Đứng",,https://www.lazada.vn/products/pdp-i3131083590.html
,Happy Babys - Đồ chơi cho bé,150.000 ₫,-35%,97500,(26),5.0,Bút Màu Acrylic Marker bảng nâng cấp 12/24/36/48/60/80 tăng thêm 50% lượng mưc,100 Đã bán,https://www.lazada.vn/products/pdp-i2576812409.html
Trang điểm,Kiều Linh 111,184.000 ₫,-46%,99360,(1),5.0,"Kem Che Khuyết Điểm Ba Màu Che Mọi Khuyết Điểm, Tàn Nhang, Giúp Lớp Makeup Trở Nên Mịn Màng Che Phủ Mụn",17 Đã bán,https://www.lazada.vn/products/pdp-i3088372354.html
,HUGI KIDS - ĐỒ XINH CHO BÉ,200.000 ₫,-23%,154000,(144),5.0,Bút Lông Màu Acrylic Marker (Loại tốt) vẽ lên mọi chất liệu mực tươi đều và đậm,550 Đã bán,https://www.lazada.vn/products/pdp-i2557417530.html
Dụng cụ chăm sóc Sắc đẹp,Nội Thất YTC,550.000 ₫,-35%,357500,(34),4.9,"Hộp Đựng Mỹ Phẩm YTC 2, 3 tầng bản Cao Cấp -Bộ đựng đồ trang điểm mỹ phẩm không thể thiếu cho Phái Đẹp mới nhất 2024",127 Đã bán,https://www.lazada.vn/products/pdp-i2518144926.html
Trang điểm,GlobalTechMart,130.000 ₫,-38%,80600,,,Kem Nền Dạng Lỏng Màu Trắng Tinh Khiết 15Ml Kem Che Khuyết Điểm Lâu Dài Có Thể Hỗn Hợp Điều Chỉnh Cho Trang Điểm Sân Khấu Chống Thấm Nước Làm Sáng & Sáng Tất Cả Các Loại Da,814 Đã bán,https://www.lazada.vn/products/pdp-i3195707386.html
Trang điểm,Mỹ Phẩm Kun Chuyên Sỉ,160.000 ₫,-26%,118400,,,"(Siêu hot) Bộ trang điểm Vỏ Sò 8 món SVMY cushion phấn phủ son mascara làm đều màu da, nâng tone da, che khuyết điểm nhẹ",,https://www.lazada.vn/products/pdp-i2688858806.html
Chăm sóc da mặt,LIM Cosmetic,550.000 ₫,-48%,286000,(10),4.7,"bộ dưỡng trắng mẫu mới da chỉ sau  7 ngày trắng sáng đẹp không tì vếtm chống lão hoa da, xóa nhăn vĩnh viễn , cấp ẩm mờ thậm hết nám",23 Đã bán,https://www.lazada.vn/products/pdp-i2031459456.html
Trang điểm,Smilelili,46.000 ₫,-33%,30820,,,Trần Kem dưỡng da bề mặt mịn che khuyết điểm mặt mỹ phẩm 50g kem đèn nước vitamin C Vitamin C Kem trang điểm BB Kem lười,,https://www.lazada.vn/products/pdp-i3109156388.html
Dụng cụ chăm sóc Sắc đẹp,yến sàoo,,,,,,Combo 5 hộp x  4 Bông Mút Trang Điểm,,https://www.lazada.vn/products/pdp-i3181651746.html
Nhập vai Phục trang & Dạ tiệc,,,,,,,Bộ Đồ Trang Điểm Cho Bé Gái Bộ Đồ Chơi Hóa Trang Cầm Tay Hình Hộp Đựng Mỹ Phẩm Phụ Kiện Công Chúa Quà Tặng Giáng Sinh Son Lì,,https://www.lazada.vn/products/pdp-i3157091689.html
Trường học & văn phòng,Kapmit`S,95.000 ₫,-42%,55100,(1),5.0,"Túi đựng mỹ phẩm, đồ cá nhân, hộp bút học sinh có khoá kéo, tay cầm, đeo tay, hai lớp dày dặn chất liệu da lộn (nhung), canvas dày dặn, polys mềm mại, bông in bông cam đẹp mềm mại trẻ trung Size 22-12-9 Kapun Bag Fashion",16 Đã bán,https://www.lazada.vn/products/pdp-i3138912648.html
"Quần, váy",Mỹ phẩm chính hãng COCO,,,,,,Quần Lót Nữ Lọt Khe ️FREESHIP️ Quần Lót Lọt Khe Đúc Su phối hông ren cánh tiên mỏng mát mềm mại quyến rũ mã 6183,,https://www.lazada.vn/products/pdp-i2006786639.html
Trang điểm,Sức Sống Mới - Vẻ Đẹp Và Sức Khỏe,99.000 ₫,-57%,42570,(104),4.9,Phấn Mắt Trang Điểm Kiss Beauty Màu Lì Lâu Trôi Mềm Mịn Ánh Nhũ Lấp Lánh Chống Thấm Nước,428 Đã bán,https://www.lazada.vn/products/pdp-i1918051845.html
Trang điểm,Hangnga Beauty Store,228.000 ₫,-50%,114000,(4),4.3,"[M7,H2] Bộ Trang Điểm 12 món và 9 món đầy đủ như hình, Kem nền, phấn phủ, phấn mắt, kẻ mắt, kẻ mày..",12 Đã bán,https://www.lazada.vn/products/pdp-i2545595887.html
Trường học & văn phòng,Hauser,,,,(126),5.0,"Kệ Nhựa 6 Ngăn Đựng Bút, Mỹ Phẩm, Đồ Trang Điểm, Hộp Ống Cắm Bút 6 Ngăn,Tặng Kèm Sticker Dễ Thương-HAUSE",426 Đã bán,https://www.lazada.vn/products/pdp-i2484110740.html
Trang điểm,Sức Sống Mới - Vẻ Đẹp Và Sức Khỏe,300.000 ₫,-69%,93000,(75),5.0,"Kem Nền Macfee Light & Moist Hàng Công Ty Kiểm Soát Dầu, Lâu Trôi, Làm Mờ Lỗ Chân Lông Và Mụn, Trang Điểm Tự Nhiên",180 Đã bán,https://www.lazada.vn/products/pdp-i2504741460.html
Trang điểm,Eelhoe Official Store,230.000 ₫,-48%,119600,,,Eelhoe cơ thể kem nền chất lỏng hình xăm khuyết tật cơ thể tự nhiên Kem che khuyết điểm cơ bản bền lâu giữ ẩm nhược điểm điểm da đầy đủ bảo hiểm trang điểm thiết lập Kem che khuyết điểm,,https://www.lazada.vn/products/pdp-i2590553999.html
Chăm sóc cho Nam giới,CHÍNH HÃNG - MỸ PHẨM MÃI MÃI TUỔI THANH XUÂN,160.000 ₫,-47%,84800,(20),4.5,"CHÍNH HÃNG Sữa Rửa Mặt MEN Cho Nam Làm Sạch Sâu, Loại Bỏ Dầu Nhờn Và Làm Trắng Mịn CHo Da Vào Ban Ngày Đồng Thời Xóa Mụn, Cấp Ẩm, Kiểm Soát Lỗ Chân Lông",59 Đã bán,https://www.lazada.vn/products/pdp-i2138018306.html
Dụng cụ chăm sóc Sắc đẹp,Yoyo Beauty Store,139.000 ₫,-99%,1390,(103),5.0,5/20 cái bền ngón tay hình dạng mút trang điểm khô ướt sử dụng đệm hơi Kem che khuyết điểm Highlighter Phấn nền má hồng mỹ phẩm cho mặt Puff,20 Đã bán,https://www.lazada.vn/products/pdp-i2556186782.html
Trường học & văn phòng,VPP Tuệ Minh,75.000 ₫,-23%,57750,,,"Túi bút vải dù đựng bút, mỹ phẩm, đồ dùng cá nhân TB13, - bóp viết caro cỡ to nhiều ngăn nhỏ tiện lợi",,https://www.lazada.vn/products/pdp-i2406636696.html
,Tiệm vẽ mùa hè,20.000 ₫,-10%,18000,,,Dung môi chống đông màu Acrylic 15ml,7 Đã bán,https://www.lazada.vn/products/pdp-i2844581488.html
Trang điểm,HNnail,,,,(4),5.0,"Bút Kem Nền Kem Che Khuyết điểm, che sẹo, che mụn chứng cá Lameila 3.4g thoáng khi lâu chôi Shop hnnail",13 Đã bán,https://www.lazada.vn/products/pdp-i2296384993.html
Dụng cụ nhà bếp,Shop Sinh Thái,15.000 ₫,-47%,7950,,,"Lọ thủy tinh nắp trắng, hũ nhỏ 3.5cm x 1.5cm, chai hũ thủy tinh đựng chất lỏng, tinh dầu, kim tuyến, mỹ phẩm, cườm",17 Đã bán,https://www.lazada.vn/products/pdp-i1710602210.html
Dụng cụ chăm sóc Sắc đẹp,Nieve,,,,(10),5.0,"Mút Trang Điểm Siêu Mềm ,Mút Tán Kem Nền Kèm Hộp Đựng Tiện Lợi,Có Thể Sử Dụng Ướt Và Khô-NIEVE",42 Đã bán,https://www.lazada.vn/products/pdp-i2654314364.html
Trang điểm,YWOIDS264,329.629 ₫,-20%,263703,,,2452Vivien BEAUTY Foundation Stick Foundation Double End Che Khuyết Điểm Làm Sáng Màu Da Kiểm Soát Dầu Kem Che Khuyết Điểm Chống Thấm Nước Dưỡng Ẩm Tích Hợp Độ Sáng Tự Nhiên Foundation Sticker2555,,https://www.lazada.vn/products/pdp-i3130288514.html
Trang điểm,Luckyhouse vn,140.000 ₫,-37%,88200,(51),4.6,Bộ trang điểm 8 món youli youla - Combo trang điểm - Bộ quà tặng cực xinh,220 Đã bán,https://www.lazada.vn/products/pdp-i1641394024.html
Dụng cụ chăm sóc Sắc đẹp,ALIANSHUO,220.000 ₫,-36%,140800,(42),4.9,14Pcs cosmetics makeup set eyeshadow palette 9 color eyeshadow setting powder waterproof eyeliner Mascara lip glaze blush 7pcs makeup brush set lipstick BB cream lasting makeup set,70 Đã bán,https://www.lazada.vn/products/pdp-i2844961389.html
Trang điểm,3U5nMK.Selection,34.900 ₫,-26%,25826,,,"Bảng Che Khuyết Điểm 5 Màu YouliYoula 4.6g – Che Mụn, Thâm, Quầng Thâm, Tàn Nhang, Tạo Lớp Nền Tự Nhiên",1.5K Đã bán,https://www.lazada.vn/products/pdp-i3140915809.html
Dụng cụ chăm sóc Sắc đẹp,Beautify4U,,,,,,"Bộ Cọ Trang Điểm 8 Cây Kèm Túi Zip Vintage Nhỏ Gọn, Sợi Lông Mềm Mượt Tán Phấn Đều Mịn",,https://www.lazada.vn/products/pdp-i3066403803.html
Trang điểm,GlobalSuperBazaar,150.000 ₫,-40%,90000,,,Kem Nền Bột Đồng Đậm Cho Da Tối Kiểm Soát Dầu Che Khuyết Điểm Mặt Sáng Da 3D Trang Điểm Kem Chống Thấm Nước Lâu Trôi,789 Đã bán,https://www.lazada.vn/products/pdp-i3186110076.html
Dụng cụ chăm sóc Sắc đẹp,PRAZA,99.000 ₫,-30%,69300,(39),5.0,"Túi Hộp Đựng Phụ Kiện, Đồ Trang Điểm, Đồ Dùng Cá Nhân PRAZA - V08",151 Đã bán,https://www.lazada.vn/products/pdp-i2234379158.html
,Xương Rồng Nhỏ - Đồ chơi trẻ em,161.000 ₫,-51%,78890,(8),4.9,"Bộ Bút Màu  ACRYLIC MARKER Không Phai Mực Vẽ Trên Mọi Chất Liệu ( Vẽ Vải, Giày Dép, Thủy Tinh) Xương Rồng Nhỏ",22 Đã bán,https://www.lazada.vn/products/pdp-i2415515300.html
Chăm sóc cá nhân,Mỹ phẩm Ngọc Mai,350.000 ₫,-49%,178500,(13),4.7,Dung dịch vệ sinh Lady Care Linh Hương chính hãng 150ml Gel phụ khoa chống viêm Sạch - Hồng - Thơm - Khít,80 Đã bán,https://www.lazada.vn/products/pdp-i1218583056.html
Dụng cụ chăm sóc Sắc đẹp,BUM STORE.,,,,(621),4.7,[HCM]Bộ Cọ Trang Điểm Fix 13 Món Hàng Cao Cấp Full Túi (Không Hộp),3.3K Đã bán,https://www.lazada.vn/products/pdp-i654422485.html
Chăm sóc da mặt,LYLYGA BEAUTY,550.000 ₫,-32%,374000,,,"Bộ Chăm Sóc Da Toàn Diện MAXCLINIC Chống Lão Hoá, Mờ Thâm Nám Tàn Nhang Cấp Ẩm Dưỡng Trắng Da Hoàn Hảo",,https://www.lazada.vn/products/pdp-i3046331474.html
Tủ chứa & Sắp xếp đồ,Forest Home,252.199 ₫,-35%,163929,,,"Kệ Đựng Mỹ Phẩm, Đồ Trang Điểm, Kệ Nhựa Đựng Đồ Đa Năng Nhiều Tầng loại ngăn kéo Hộp đựng mỹ phẩm",,https://www.lazada.vn/products/pdp-i3179343536.html
,Công ty Gấu con,,,,(159),4.9,"[đồ dùng học tập]Màu nước vẽ tranh cho bé  An toàn - không độc hại màu đẹp, mịn, sáng dùng vẽ trên giấy, tô tượng",827 Đã bán,https://www.lazada.vn/products/pdp-i1404636198.html
Dụng cụ chăm sóc Sắc đẹp,HNKMP Vietnam,65.300 ₫,-72%,18284,,,HNKMP Mỹ phẩm Pouch 1 pcs rõ ràng đồ dùng cá nhân Túi mang về sân bay hãng hàng không compliant túi vệ sinh túi thuận tiện du lịch vệ sinh túi,,https://www.lazada.vn/products/pdp-i3196010161.html
Trang điểm,GlobalLifestyle,95.000 ₫,-24%,72200,(8),5.0,9-Lưới Phấn Mắt Màu Đỏ Bảng Nữ Tím Lấp Lánh Ngọc Trai Mờ Lắc Chân Nữ Lâu Dài Chống Nước Làm Đẹp Mắt Mỹ Phẩm,21 Đã bán,https://www.lazada.vn/products/pdp-i2947203143.html
Dụng cụ chăm sóc Sắc đẹp,Qiyue.STORY,704.604 ₫,-35%,457992,(1),5.0,Hộp đựng đồ trang điểm chống thấm nước Hộp đựng đồ trang điểm PU dành cho nữ Hộp đựng đồ trang điểm du lịch cỡ lớn,9 Đã bán,https://www.lazada.vn/products/pdp-i2440482406.html
Trang điểm,YoonnaShop,76.000 ₫,-39%,46360,(1975),4.9,Kem Nền Che Khuyết Điểm BB Cream Lameila Perfect Repair Light Concealer Foundation A237,11.5K Đã bán,https://www.lazada.vn/products/pdp-i1730111225.html
Dụng cụ chăm sóc Sắc đẹp,BUM STORE.,,,,(149),4.7,Túi đựng mỹ phẩm tiện lợi,860 Đã bán,https://www.lazada.vn/products/pdp-i248591378.html
Dụng cụ chăm sóc Sắc đẹp,Thế Giới Hộp Đựng Đồng Hồ - Mỹ Phẩm - BOXSW,,,,(5),5.0,"Cốp - Túi Trang Điểm Cá Nhân Du Lịch Chuyên Nghiệp - Cốp Để Đồ Phun Xăm, Make Up, Nối Mi - BH 12T",22 Đã bán,https://www.lazada.vn/products/pdp-i1761323569.html
Chăm sóc da mặt,Thế giới làm đẹp sakura,337.700 ₫,-44%,189112,(28),5.0,"Bộ sản phẩm 7 món PALACENTA Với những thành phần kem dưỡng trắng da, tinh chất dưỡng ẩm da, giúp se khít lỗ chân lông, chống nhăn, trẻ hóa làn da.",34 Đã bán,https://www.lazada.vn/products/pdp-i2598730665.html
Dụng cụ chăm sóc Sắc đẹp,goya150.vn,224.910 ₫,-16%,188924,(74),4.9,Kệ đựng mỹ phẩm nhựa 4 tầng để bàn văn phòng phẩm hộp lưu trữ đồ trang điểm-Goya150,218 Đã bán,https://www.lazada.vn/products/pdp-i2609378437.html
Chăm sóc da mặt,Eifini Fashion,120.100 ₫,-45%,66055,(56),4.9,Kem Lười Nâng tone sáng da tức thì 30g | Kem che khuyết điểm nhanh & làm sáng Kem nền trang điểm tự nhiên lâu trôi,119 Đã bán,https://www.lazada.vn/products/pdp-i2660858497.html
Dụng cụ chăm sóc Sắc đẹp,SLURP SHOP,348.966 ₫,-32%,237296,,,Bộ cọ trang điểm 12 món lông mịn mềm mại cho da QT15 Rosslyn Accessory kèm hộp thiếc sang trọng miễn phí vận chuyển hàng mới khuyến mãi bảo hành chính hãng chất lượng cao phù hợp cho trang điểm chuyên nghiệp và hàng ngày,,https://www.lazada.vn/products/pdp-i3178834445.html
Dụng cụ chăm sóc Sắc đẹp,Thảo Phương gia dụng thông minh,85.000 ₫,-9%,77350,,,"Kệ Mỹ Phẩm Để Đồ Trang Điểm xoay 360 Độ, Chất Liệu Nhựa Cao Cấp, Chia Nhiều Ngăn Lớn Đựng Đồ Tiện Lợi",,https://www.lazada.vn/products/pdp-i2952841432.html
Trường học & văn phòng,Xe Đẩy Hàng Toshudo,109.000 ₫,-18%,89380,(96),4.9,"Kệ Nhựa Đựng Bút, Hộp Nhựa Nhiều Ngăn Đựng, Hộp Đựng Mỹ Phẩm đồ dùng đa năng",365 Đã bán,https://www.lazada.vn/products/pdp-i2230801809.html
Dụng cụ chăm sóc Sắc đẹp,HLEYIGOU,130.000 ₫,-38%,80600,,,[Cá tuyết & bán nóng] Trọn bộ trang điểm 6 MASCARA + KẺ Mắt + má hồng + cọ + Kem che khuyết điểm + son bóng không thấm nước bền lâu hoàn hảo trang điểm khuôn mặt 6 cái/bộ,,https://www.lazada.vn/products/pdp-i3058711928.html
Phụ kiện,VINTLOOK MALL,17.000 ₫,-35%,11050,(6),5.0,Túi nhiều ngăn đa năng mỹ phẩm đi du lịch vintlook cho đồ vệ sinh cá nhân và trang điểm với nhãn không thấm nước,21 Đã bán,https://www.lazada.vn/products/pdp-i3060197149.html
Dụng cụ chăm sóc Sắc đẹp,MIGE.HOME,91.000 ₫,-31%,62790,,,"Bộ cọ trang điểm cầm tay 10 món có hộp đựng, bao gồm nhiều loại cọ trang điểm chuyên nghiệp",,https://www.lazada.vn/products/pdp-i3083815446.html
Dụng cụ chăm sóc Sắc đẹp,LPThienY,21.800 ₫,-50%,10900,,,Bộ cọ trang điểm cá nhân 8 cây tặng kèm túi Zip Vintage,,https://www.lazada.vn/products/pdp-i3069673254.html
Chăm sóc da mặt,Giá Sỉ Thủ Đức,159.000 ₫,-13%,138330,(3),4.7,[Sét 7 Món] Bộ Dưỡng Trắng Da Nội Địa Trung Chính hãng( quà tặng 8/3 ),6 Đã bán,https://www.lazada.vn/products/pdp-i2088928491.html
Trang điểm,ibcccndc,120.000 ₫,-48%,62400,(18),5.0,"Ibcccndc On-The-Go Bronze Tinted độ ẩm Stick, kem thỏi tạo khối, không dính mặt Shades Stick, khuôn mặt hình & Contouring Stick trang điểm, bền lâu & mịn lướt trang điểm khuôn mặt, dễ dàng để áp dụng với buildable bảo hiểm",28 Đã bán,https://www.lazada.vn/products/pdp-i2510466705.html
Trang điểm,HUNMUISKIN-VN,33.600 ₫,-29%,23856,,,HUNMUI Tự Nhiên Hoàn Thiện Rời Phấn Má Hồng Dưỡng Ẩm Lâu Dài Kiểm Soát Dầu Trang Điểm Cho Da Đẹp,490 Đã bán,https://www.lazada.vn/products/pdp-i3140963277.html
Trang điểm,,210.000 ₫,-59%,86100,,,Son Lì Che Khuyết Điểm Lâu Trôi Dưỡng Ẩm Cho Da Dầu Kiểm Soát Dầu Dưỡng Da Nền Trang Điểm Dạng Kem Dạng Lỏng QISE,129 Đã bán,https://www.lazada.vn/products/pdp-i3005656957.html
Trang điểm,Dorisna,60.000 ₫,-48%,31200,(492),4.9,DORISNA Kem Nền Che Khuyết Điểm Chống Nước Lâu Trôi Che Phủ Vết Thâm Quầng Vết Mụn Kem Chỉnh Màu Khuôn Mặt Trang Điểm Làm Đẹp,2.6K Đã bán,https://www.lazada.vn/products/pdp-i1577065581.html
Trang điểm,Bedivar Shopping Mall,50.000 ₫,-44%,28000,(29),4.9,Kem Nền FIT ME Che Khuyết Điểm Dạng Lỏng Dưỡng Ẩm Kiềm Dầu Chống Thấm Nước,106 Đã bán,https://www.lazada.vn/products/pdp-i2525316353.html
Dụng cụ chăm sóc Sắc đẹp,Sức Sống Mới - Vẻ Đẹp Và Sức Khỏe,154.000 ₫,-69%,47740,(294),4.8,Bộ 5 Món Cọ Trang Điểm Kèm Gương Cao Cấp Ming Xizhi Màu Hồng Vintage Nhỏ Gọn Tiện Dụng,8.8K Đã bán,https://www.lazada.vn/products/pdp-i2312760839.html
Trang điểm,HEYXI Office,39.000 ₫,-41%,23010,,,"Sáp Má Hồng Dạng Thỏi Lâu Trôi Bền Màu Căng Bóng, Phấn Má Hồng Nicor Nhiều Màu, Má Hồng Giúp Lớp Make Up Thêm Tươi Tắn",,https://www.lazada.vn/products/pdp-i3119760266.html
Tủ chứa & Sắp xếp đồ,Bonjure Beauty,159.000 ₫,-22%,124020,(27),5.0,"YONUO  hộp lưu trữ để bàn, bàn trang điểm, hộp sắp xếp mặt nạ mỹ phẩm, hộp trong suốt, cọ trang điểm gia dụng và hộp lưu trữ phồng",90 Đã bán,https://www.lazada.vn/products/pdp-i2561586529.html
,Nguyễn Thùy Store,71.720 ₫,-50%,35860,(43),5.0,"Vỉ 12 cây bút sáp vặn tô màu loại đẹp chất lượng cao ✓bút chì màu ✓bút cute ✓bút sáp màu ✓bút sáp nhiều màu , đồ dùng học tập✓ Nguyễn Thùy Store",224 Đã bán,https://www.lazada.vn/products/pdp-i740602929.html
Trang điểm,MICOMI Cosmetics,,,,(45),5.0,Bút Tạo Khối Highlight 2 Đầu Che Khuyết Điểm Mặt Mũi Và Body Đa Năng Trang Điểm Make Up MICOMI Cosmetics,249 Đã bán,https://www.lazada.vn/products/pdp-i1196988064.html
Trang điểm,Bedivar Shopping Mall,10.000 ₫,-41%,5900,,,Bút kẻ mí mắt eyeline SUAKE 0.05 Liquid Nằm Silkworm Bút Chống Thấm Nước Nhanh Khô Màu Nâu Không Mờ Bút Kẻ Mắt Bút Trang Điểm Mắt Bút Kẻ Mắt,,https://www.lazada.vn/products/pdp-i3144040657.html
Trang điểm,Lature Store,3.496.000 ₫,-34%,2307360,,,"Bộ trang điểm đầy đủ 3 tầng, Quà tặng bạn gái, Set makeup huyền bí, Quà tặng sinh nhật, có nước hoa, bộ cọ, Set Son",,https://www.lazada.vn/products/pdp-i2547579998.html
Dụng cụ chăm sóc Sắc đẹp,Saka Home,60.000 ₫,-13%,52200,,,Túi makeup hello kitty/ đựng đồ make hello kitty dễ thương vải hottrend Saka,,https://www.lazada.vn/products/pdp-i3093232012.html
Trang điểm,Tatitava1,23.000 ₫,-40%,13800,(2),5.0,Bút kẻ mí 2 đầu vẽ đuôi mắt make up SUAKE tiện lợi ngòi mãnh không trôi nước Tatitava,20 Đã bán,https://www.lazada.vn/products/pdp-i2597587427.html
Dụng cụ chăm sóc Sắc đẹp,Global Merch Park,151.000 ₫,-24%,114760,(2),4.0,9 Chiếc Bộ Cọ Mỹ Phẩm Mini Di Động-Bột Kem Nền Má Hồng Lông Mày Phấn Mắt Bộ Tóc Tổng Hợp Tay Cầm Gỗ,30 Đã bán,https://www.lazada.vn/products/pdp-i2657034197.html
Dụng cụ chăm sóc Sắc đẹp,GlobalTechMart,153.000 ₫,-24%,116280,(2),5.0,XL Siêu Dày Đựng Mỹ Phẩm Puff 8Cm Kích Thước Lớn Kem Nền Che Khuyết Điểm Xốp Cho Ướt & Khô Sử Dụng Mặt Làm Đẹp Dụng Cụ Trang Điểm,34 Đã bán,https://www.lazada.vn/products/pdp-i2837519589.html
Dụng cụ chăm sóc Sắc đẹp,Phụ Kiện Giá Tốt 24H,10.000 ₫,-49%,5100,(44),4.9,"Hộp 7 Bông Mút Trang Điểm, Tán Phấn Nước Kem Nền - Hộp 7 Mút  Tán Kem Nền, BB Cushion Tiện Dụng -  - Hộp Bông Mút Tán Phấn Trang Điểm Mềm Mịn Siêu Thắm",231 Đã bán,https://www.lazada.vn/products/pdp-i2541252824.html
Trang điểm,O.TWO.O,398.000 ₫,-51%,195020,(1),5.0,O.TWO.O Bộ trang điểm mặt 2 món Kem nền chống nắng mặt SPF30++++ Bộ mỹ phẩm lót lỗ chân lông vô hình,10 Đã bán,https://www.lazada.vn/products/pdp-i2511728038.html
Dụng cụ chăm sóc Sắc đẹp,fourtech,209.000 ₫,-43%,119130,(293),4.6,Bộ cọ trang điểm 32 món cho bạn tha hồ trang điểm 108,1.5K Đã bán,https://www.lazada.vn/products/pdp-i246289188.html
Trang điểm,Herorange Official Store,52.000 ₫,-50%,26000,,,Mascara lông mày nhuộm màu mỹ phẩm Ứng dụng dễ dàng Gel bong tróc S1-9LA-HOS-VN,,https://www.lazada.vn/products/pdp-i3068714021.html
Tủ chứa & Sắp xếp đồ,Nội Thất YTC,590.000 ₫,-30%,413000,(57),5.0,"Hộp Đựng Mỹ Phẩm YTC, Tủ Nhựa Đựng Sản Phẩm Chăm Sóc Da, Khay đựng son, Kệ Mỹ phẩm dụng cụ làm đẹp để bàn trang điểm",203 Đã bán,https://www.lazada.vn/products/pdp-i2278334636.html
Trang điểm,Zink shop(hd),499.000 ₫,-16%,419160,,,Bộ trang điểm đầy đủ 16 món HLOFF có kèm túi xách làm quà tặng người yêu,,https://www.lazada.vn/products/pdp-i2626938541.html
Chăm sóc cá nhân,HASAKI BEAUTY,166.000 ₫,-50%,83000,(5476),5.0,[SIÊU GIẢM GIÁ] Sữa Tắm Hatomugi Dưỡng Ẩm Chiết Xuất Ý Dĩ 800ml Moisturizing & Washing The Body Soap Hasaki Sản Phẩm Chính Hãng,21.5K Đã bán,https://www.lazada.vn/products/pdp-i1871373389.html
Trang điểm,Lature Store,1.137.000 ₫,-34%,750420,,,Bộ trang điểm cao cấp 15 món makeup thần thánh KÈM TÚI ĐỰNG MỸ PHẨM chuyên nghiệp hottrend bộ makeup sang chảnh Hatola,,https://www.lazada.vn/products/pdp-i2547666526.html
Tủ chứa & Sắp xếp đồ,Gia Dụng Pk,140.000 ₫,-25%,105000,(37),4.7,"Kệ Nhiều Tầng Đựng Mĩ Phẩm Đồ Makeup Sơn Móng Tay Phấn Mắt 4/5/6 tầng Trang Điểm Gọn Gàng Decor, hộp đựng bút, hộp đựng sticker, hộp đựng mỹ phẩm, hộp để bàn trang trí , hộp , tủ nhựa, kệ đựng mỹ phẩm, kệ đựng min",135 Đã bán,https://www.lazada.vn/products/pdp-i2467376714.html
Nhập vai Phục trang & Dạ tiệc,DoQuyenBooks,,,,(1),5.0,Sách Trang điểm Công chúa Hàn Quốc Yuna (Tô màu và bóc dán hơn 100+ stickers sáng tạo) cho bé gái,6 Đã bán,https://www.lazada.vn/products/pdp-i3061023023.html
Chăm sóc da mặt,LIM Cosmetic,800.000 ₫,-56%,352000,(14),5.0,"bộ kem dưỡng trắng da chống lão hóa tây thi, da trắng xóa nhăn se khít lỗ chân lông, đánh bay mọi loại da sạm chỉ sau 1 tuần",24 Đã bán,https://www.lazada.vn/products/pdp-i2031424523.html
Chăm sóc da mặt,Shopđẹp24h chuyên hàng chính hãng,340.000 ₫,-45%,187000,(1499),4.9,Combo 2 kem meiduzi nhật bản ngày + đêm tem vuông ( tặng bọc đựng ) tem check BCA,8.7K Đã bán,https://www.lazada.vn/products/pdp-i1612315054.html
Chăm sóc cá nhân,Milan shop hcm,27.500 ₫,-10%,24750,(49),5.0,SET KÍCH TRẮNG TẶNG KÈM MUỖNG TRỘN KEM,244 Đã bán,https://www.lazada.vn/products/pdp-i2259311304.html
Chăm sóc da mặt,Tim9840,,,,(1),5.0,Combo Kem Face Tái Tạo Da Da Truyền Giúp Da Căng Bóng Mịn Màng Sạch Nám Mụn Tàn Nhang Lọ 30gr,13 Đã bán,https://www.lazada.vn/products/pdp-i2628943649.html
Chăm sóc da mặt,CHINH HÃNG - SIÊU THỊ SỨC KHỎE VẺ ĐẸP,300.000 ₫,-36%,192000,(18),4.9,CHÍNH HÃNG) Bộ sản phẩm dưỡng trắng da 4 ngày - căng bóng chăm sóc da mặt IMEGES Bộ 5 món ĐẸP TRẮNG DA KHÔNG TÌ VẾT xóa mờ thâm nám tàn nhang ( bộ to),48 Đã bán,https://www.lazada.vn/products/pdp-i2024412400.html
Trang điểm,Tiệm Quà Của Mi,498.000 ₫,-50%,249000,,,"Bộ trang điểm 12 món, phấn phủ, phấn mắt, má hồng, son môi, mascara, chì kẻ mày. bộ cọ trang điểm",,https://www.lazada.vn/products/pdp-i2844394337.html
Trang điểm,Dorisna,63.000 ₫,-50%,31500,,,Dorisna 2 trong 1 lông mày Gel tạo kiểu tóc Brow Dye lâu dài lông mày không thấm nước Tint đôi đã kết thúc Kem lông mày mỹ phẩm trang điểm,,https://www.lazada.vn/products/pdp-i3075822943.html
Trang điểm,Socutelipstick,,,,(4),5.0,XỊT SET MAKEUP ĐÌNH ĐÁM URBAN DECAY ALL NIGHTER FINISHING SETTING SPRAY MINISIZE - XỊT GIỮ LỚP MAKEUP - XỊT KHOÁNG,16 Đã bán,https://www.lazada.vn/products/pdp-i2313747264.html
Dụng cụ chăm sóc Sắc đẹp,Daimanpu Officiall  Store,70.000 ₫,-50%,35000,(2),5.0,"Bộ 14 Miếng Bọt Biển Trang Điểm Có Hộp Bảo Quản, Dụng Cụ Trang Điểm Mềm Mại Làm Đẹp Bọt Biển Puff Flawless DBS-VN",5 Đã bán,https://www.lazada.vn/products/pdp-i3062793500.html
Dụng cụ chăm sóc Sắc đẹp,Mỹ phẩm tóc MINH KHANG,,,,,,Set 16 bông mút trang điểm keli no [ MK ],,https://www.lazada.vn/products/pdp-i2819123877.html
Trang điểm,aiqianshuo,45.000 ₫,-38%,27900,(2),5.0,BuyB 3-MÀU Kem che khuyết điểm/kem che khuyết điểm/Palette kem/Kết cấu bao gồm đánh dấu quầng thâm đa chức năng mặt trang điểm bền màu làm sáng khuôn mặt mỹ,16 Đã bán,https://www.lazada.vn/products/pdp-i2976873376.html
Trang điểm,Dorisna,52.000 ₫,-47%,27560,(48),4.8,Dorisna Kem Nền Dạng Lỏng Lameila 50ML Kem Che Khuyết Điểm BB Trang Điểm Mặt Không Thấm Nước Mờ,220 Đã bán,https://www.lazada.vn/products/pdp-i2092506063.html
Trang điểm,Sức Sống Mới - Vẻ Đẹp Và Sức Khỏe,210.000 ₫,-69%,65100,(28),4.9,Kem Lót Chỉnh Màu Da Dưỡng Da Trước Khi Trang Điểm Kem Che Khuyết Điểm Làm Sáng Không Thấm Nước Lâu Trôi Dành Cho Mọi Loại Da,73 Đã bán,https://www.lazada.vn/products/pdp-i2417261233.html
Trang điểm,Ouhao Beauty Store,252.000 ₫,-56%,110880,,,Tháng Tây Tất Cả Mờ Lỗ Chân Lông Vô Hình Kem lót mặt Lỗ Chân Lông Vô Hình Kem trang điểm làm sáng da Tone Kem che khuyết điểm dưỡng ẩm Làm Trang Điểm Cuối Cùng Thu Nhỏ Lỗ Chân Lông Kiểm Soát Dầu Tự Nhiên Đường Viền Cô lập Kem Chăm sóc Da Sản Phẩm 6Ml,,https://www.lazada.vn/products/pdp-i2576925420.html
Trang điểm,BUM BI,,,,(12),4.2,"Hộp phấn má hồng 3 tầng có nhũ lấp lánh đa năng make up, Phấn bắt sáng 3 in 1 MISS LARA mềm mịn lâu trôi chống nước - BUMSTORE",33 Đã bán,https://www.lazada.vn/products/pdp-i2347503406.html
Chăm sóc da mặt,Shop hàng khuyến mãi Nguyễn Quý,60.000 ₫,-35%,39000,(2),5.0,"Bộ mỹ phẩm kem dưỡng da, serum dưỡng ... hàng mẫu thử mini của Lo real",11 Đã bán,https://www.lazada.vn/products/pdp-i2805586640.html
Trang điểm,h&h_beautyshop,35.000 ₫,-29%,24850,(15),5.0,Gói kem nền mịn lì Fit me 5ml,91 Đã bán,https://www.lazada.vn/products/pdp-i2267882949.html
Dụng cụ chăm sóc Sắc đẹp,Happy Home 4U,,,,,,"Bộ Cọ Trang Điểm 8 Cây Kèm Túi Zip Vintage Nhỏ Gọn, Sợi Lông Mềm Mượt Tán Phấn Đều Mịn",,https://www.lazada.vn/products/pdp-i3066159836.html
,Đồ dùng văn phòng phẩm Ánh Dương,35.100 ₫,-32%,23868,,,"Bút chì màu Deli C130-12/C130-24, 12/24 màu",,https://www.lazada.vn/products/pdp-i2922100606.html
Dụng cụ chăm sóc Sắc đẹp,Lumbley,,,,(3),5.0,Mút Trang Điểm Mút Tán Kem Nền Cushion Big Size XL Mềm Mịn Đàn Hồi Kèm Hộp Đựng -Lumbley,11 Đã bán,https://www.lazada.vn/products/pdp-i2652571689.html
Trang điểm,4t.luna,,,,(2),5.0,[HCM]Bút kẻ chân mày phẩy sợi chống nước Aiyi,,https://www.lazada.vn/products/pdp-i3005396414.html
Trang điểm,PINKFLASH Store,760.000 ₫,-45%,418000,(17),5.0,Bộ Mỹ Phẩm Trang Điểm Pinkflash 10 Món Tiện Dụng Cho Người Mới Bắt Đầu,59 Đã bán,https://www.lazada.vn/products/pdp-i2090255096.html
Chăm sóc da mặt,COMBO TÁI TẠO SPA MỸ HẠNH 212,,,,,,"Bộ cao cấp serum & kem dưỡng,chăm sóc & phục hồi da chuyên sâu",,https://www.lazada.vn/products/pdp-i3187221376.html
Dụng cụ chăm sóc Sắc đẹp,MICOMI Cosmetics,,,,(45),5.0,Mút Trang Điểm Tán Kem Nền Đánh Phấn Đánh Nền Che Khuyết Điểm Make Up Chất Mềm Mịn Hình Giọt Nước Hồ Lô Vát Cạnh Đa Dụng MICOMI Cosmetics,545 Đã bán,https://www.lazada.vn/products/pdp-i1196956333.html
Trang điểm,Jealous Girl Store,21.700 ₫,-50%,10850,(216),4.8,Bút Kẻ Mắt Nước Chống Nước 2 Màu Bút Kẻ Mắt Màu Đen Lâu Trôi Trang Điểm Bút Kẻ Mắt Màu Nâu Nhanh Khô Mỹ Phẩm Mắt Bầu Trời Đầy Sao,788 Đã bán,https://www.lazada.vn/products/pdp-i1972145918.html
Chăm sóc da mặt,Shop Mỹ Phẩm BULL Chuyên Sỉ,60.000 ₫,-32%,40800,(5),5.0,"(S- BBull) Kem lười nâng tone VC trang điểm lớp makeup dưỡng trắng , nâng tone , chống lão hóa",29 Đã bán,https://www.lazada.vn/products/pdp-i2978123547.html
Trang điểm,IjFgfR.Selection,25.200 ₫,-29%,17892,,,MAGIC CASA Ngọc Trai Matte Eye Shadow Cream Chống Thấm Nước Chống Mồ Hôi Trung Tính Lâu Dài Đa Năng Đơn Sản Phẩm Trang Điểm,522 Đã bán,https://www.lazada.vn/products/pdp-i3140936698.html
,Đồ dùng văn phòng phẩm Ánh Dương,,,,,,"Bút sáp dầu màu Pastel Thiên Long Colokit Doraemon 10/16/24 màu CR-C04/DO, CR-C05/DO, CR-C06/DO, CR-C09",,https://www.lazada.vn/products/pdp-i3099508721.html
Dụng cụ chăm sóc Sắc đẹp,Global Merch Park,211.000 ₫,-24%,160360,(2),5.0,Bộ 12 Cọ Trang Điểm Mềm Mại Dùng Cho Mỹ Phẩm Phấn Má Hồng Phấn Mắt Che Khuyết Điểm - Kem Nền Pha Trộn Làm Đẹp Bàn Chải Sợi Len Nylon,168 Đã bán,https://www.lazada.vn/products/pdp-i2766659852.html
Chăm sóc da mặt,Kho Mỹ Phẩm Chính Hãng Giá Sỉ 90,175.000 ₫,-11%,155750,,,Kem Saffron chuyên nám tàn nhang trắng da 20g MẪU MỚI CHÍNH HÃNG,,https://www.lazada.vn/products/pdp-i2520138576.html
,Daddycare.vn- Đồ Chơi Nhập Khẩu,449.000 ₫,-33%,300830,(1),5.0,"Bút chì màu gốc dầu Mideer Vibrant Colored Pencil Chì vẽ chuyên nghiệp, thiết kế, phác họa cho bé",,https://www.lazada.vn/products/pdp-i2356442793.html
Trang điểm,Mỹ phẩm Hàn Quốc It's Well Plus,250.000 ₫,-10%,225000,,,"Bộ trang điểm siêu tiết kiệm, phong cách Hàn Quốc it's Well Plus (Da thiên khô & Da hỗn hợp)",,https://www.lazada.vn/products/pdp-i2202426718.html
Nhập vai Phục trang & Dạ tiệc,JOYNCLEON Shopping Mall,489.000 ₫,-46%,264060,(152),4.9,JOYNCLEON đồ chơi cho bé gái trẻ em trang điểm cô gái mỹ phẩm nhà vui chơi xách tay công chúa quà tặng trang sức Bộ đồ chơi thay đồ,275 Đã bán,https://www.lazada.vn/products/pdp-i2287373576.html
Dụng cụ chăm sóc Sắc đẹp,GlobalSuperBazaar,55.000 ₫,-23%,42350,(1),5.0,Acrylic Nền Nghệ Thuật Bảng Vuông Hình Trái Tim Mỹ Phẩm Chất Lỏng Trộn Đĩa Di Động Trang Điểm Pha Trộn Dụng Cụ Du Lịch Sử Dụng Hàng Ngày,283 Đã bán,https://www.lazada.vn/products/pdp-i3153201099.html
Dụng cụ chăm sóc Sắc đẹp,Haibei,135.000 ₫,-30%,94500,,,"Hộp đựng đồ trang điểm xoay 360 độ có nắp che bụi, trong suốt cao cấp, hộp đựng cọ trang điểm",,https://www.lazada.vn/products/pdp-i3115422422.html
Trang điểm,Cỏ Mềm Official,540.000 ₫,-11%,480600,(58),5.0,Bộ Trang Điểm Tự Nhiên 2 Bước Hây Hây Cỏ Mềm 200g,244 Đã bán,https://www.lazada.vn/products/pdp-i1495454439.html
Trang điểm,Mỹ phẩm Hàn Quốc It's Well Plus,650.000 ₫,-31%,448500,(1),5.0,"Bộ trang điểm phong cách Hàn Quốc, siêu tiện lợi 3 in1 It's Well Plus  - Da thiên khô",,https://www.lazada.vn/products/pdp-i2200097353.html
Tủ chứa & Sắp xếp đồ,Global Merch Park,133.000 ₫,-24%,101080,(104),5.0,Hộp Đựng Mỹ Phẩm Trong Suốt Acrylic Hộp Đựng Đồ Trang Điểm Có 3 Ngăn Cho Tăm Bông & Miếng Đệm Để Bàn Nhựa Thân Thiện Với Môi Trường,67 Đã bán,https://www.lazada.vn/products/pdp-i2562415377.html
Nhập vai Phục trang & Dạ tiệc,JOYNCLEON Shopping Mall,319.000 ₫,-49%,162690,,,"Joyncleon an toàn trẻ em Bộ trang điểm, chơi giả vờ Bộ mỹ phẩm cho trẻ em gái, món quà sinh nhật",,https://www.lazada.vn/products/pdp-i3165110390.html
Trang điểm,Mỹ Phẩm Kun Chuyên Sỉ,220.000 ₫,-39%,134200,,,Bộ Trang Điểm 8 Món Youliyoula Đầy Đủ Và Cơ Bản - Món Quà Tặng Cho Bạn Gái Siêu Sang Chảnh,,https://www.lazada.vn/products/pdp-i2156314825.html
Trang điểm,MICOMI Cosmetics,158.000 ₫,-50%,79000,(8),4.1,"Bộ Trang Điểm Đầy Đủ 8 Món Set Trang Điểm Makeup Từ A-Z Đi Tiệc Đi Chơi Đi Làm MICOMI Cosmetics Kem Nền, Phấn Phủ, Phấn Mắt, Mascara, Chì Kẻ Mày, Kẻ Mắt, Son Môi",53 Đã bán,https://www.lazada.vn/products/pdp-i1906679078.html
Trang điểm,ALIANSHUO,92.000 ₫,-32%,62560,,,Kuesicr kem nền dạng thỏi Phấn mũi Kem phục hồi làm sáng Kem che khuyết điểm màu da nền tảng chất lỏng,,https://www.lazada.vn/products/pdp-i3072864633.html
,Đồ dùng văn phòng phẩm Ánh Dương,68.300 ₫,-33%,45761,(1),5.0,Bút chì màu Deli 12 màu/ 24 màu thân nhựa tam giác c112-12/C112-24,15 Đã bán,https://www.lazada.vn/products/pdp-i2922209783.html
Trang điểm,CHINH HÃNG - SIÊU THỊ SỨC KHỎE VẺ ĐẸP,150.000 ₫,-43%,85500,(35),4.8,NYXKISS Hộp Phấn Nhũ Đánh Mắt Bắt Sáng 8 Màu Đa Chức Năng,109 Đã bán,https://www.lazada.vn/products/pdp-i2535406542.html
Trang điểm,Bé Heo HC_Store,,,,,,Lẻ bịch kem nền dưỡng ẩm,,https://www.lazada.vn/products/pdp-i2029220748.html
Dụng cụ chăm sóc Sắc đẹp,Màn Chụp Tự Bung Kiều Phi,100.000 ₫,-50%,50000,,,Set bộ cọ trang điểm manke up cá nhân- cọ trang điể 5 món kèm hộp đựng nội địa trung tiện dụng,,https://www.lazada.vn/products/pdp-i2675683195.html
Trang điểm,Thục Quyên Shop14,80.000 ₫,-26%,59200,(4),5.0,[HCM] Bảng Phấn Mắt Trang Điểm Dạng Bóp Đa Năng Sweet ANYLADY PEACH Kèm Cọ,11 Đã bán,https://www.lazada.vn/products/pdp-i441004503.html
Trang điểm,QRQCpC.Selection,30.300 ₫,-29%,21513,,,"Má hồng dạng lỏng che khuyết điểm toàn diện khi makeup khuôn mặt, làm đẹp da không tì vết",2.3K Đã bán,https://www.lazada.vn/products/pdp-i3140930752.html
Trường học & văn phòng,Aeneas Shop,,,,(547),5.0,"Kệ Nhựa ngăn đựng bút,Mỹ Phẩm, Đồ Trang Điểm, Đồ Dùng,Hộp Ống Cắm Bút - Aeneas Shop",3.1K Đã bán,https://www.lazada.vn/products/pdp-i2350833090.html
,,,,,,,Mascara trang điểm uốn xoăn đen nâu lông mi nối dài không thấm nước không phai màu nhuộm chất lỏng khối lượng Mascara dài mặc mỹ phẩm,,https://www.lazada.vn/products/pdp-i3071537881.html
Trang điểm,TB FASHION STORE,147.000 ₫,-42%,85260,,,Phấn nhung dài in họa tiết da báo của Guoxiaoniu Phấn trang điểm mỹ phẩm cho phấn má hồng và nền hình tròn,600 Đã bán,https://www.lazada.vn/products/pdp-i2721326931.html
Trang điểm,6M6SPH.Selection,21.600 ₫,-29%,15336,,,Bút Chì Phấn Mắt Lắc Chân Nữ & Bút Kẻ Mắt 2 Trong 1 Chống Thấm Nước Dễ Pha Trộn Không Dính Lấp Lánh Trang Điểm Cho Mắt,16.6K Đã bán,https://www.lazada.vn/products/pdp-i3140926723.html
Trang điểm,Happy Life 4U,60.000 ₫,-18%,49200,,,Bút kẻ lông mày FOCALLURE chống thấm nước lâu trôi màu tự nhiên với 3 màu sắc lựa chọn 1g,,https://www.lazada.vn/products/pdp-i2667840908.html
Dụng cụ chăm sóc Sắc đẹp,Alice Mart,25.000 ₫,-28%,18000,(115),4.9,"Set 7 Bông Mút Trang Điểm Kèm Hộp Đựng Xinh Xắn - Mút tán kem nền mút trang điểm mềm mại loại dày siêu tiện dụng - Bông tán che khuyết điểm - Cọ mắt, cọ tán cushion",630 Đã bán,https://www.lazada.vn/products/pdp-i2026992350.html
Dụng cụ chăm sóc Sắc đẹp,LPSUNNY,21.700 ₫,-50%,10850,,,Set 8 cây cọ trang điểm Vintage lông mềm kèm túi zip,20 Đã bán,https://www.lazada.vn/products/pdp-i3069575676.html
Dụng cụ chăm sóc Sắc đẹp,Hauser,,,,(26),4.9,"Mút Trang Điểm Siêu Mềm ,Mút Tán Kem Nền Kèm Hộp Đựng Tiện Lợi,Có Thể Sử Dụng Ướt Và Khô-HAUSE",151 Đã bán,https://www.lazada.vn/products/pdp-i2484350700.html
Trang điểm,rainbow love1688,60.900 ₫,-40%,36540,(77),5.0,2 trong 1 hai màu chuyển sắc nhung Bút phấn mắt trang điểm không thấm nước bền lâu nhũ ánh kim Phấn mắt mỹ phẩm,118 Đã bán,https://www.lazada.vn/products/pdp-i2473959784.html
Trang điểm,Perfect Sunfeel,36.900 ₫,-50%,18450,(17),5.0,Bọc hoàn toàn che khuyết điểm bìa Stick Bút Chì che giấu tại chỗ nhược điểm kem nền lông mày không thấm nước trang điểm tạo khối công cụ mỹ phẩm,51 Đã bán,https://www.lazada.vn/products/pdp-i2656503228.html
Chăm sóc da mặt,YoonnaShop,58.000 ₫,-25%,43500,(1759),4.9,SERUM Trắng Da Ngừa Mụn Senana 15ml Trẻ Hóa Da Kiểm Soát Dầu Dưỡng Ẩm,10.8K Đã bán,https://www.lazada.vn/products/pdp-i1729938188.html
Trang điểm,CAO TUẤN AUTHENTICS,,,,,,"SIZE MINI - SET TRANG ĐIỂM ILIA MASCARA VÀ PHẤN MÁ HỒNG MAKEUP BIRTHDAY GIFT - CHÂT LƯỢNG HÀNG ĐẦU, SẢN PHẨM ĐẠT CHUẨN ĐƯỢC KHÁCH HÀNG ĐÁNH GIÁ CAO, ƯA CHUỘNG TRÊN THỊ TRƯỜNG MỜI KHÁCH YÊU TRẢI NGHIỆM",,https://www.lazada.vn/products/pdp-i2397180783.html
Trang điểm,Herorange Official Store,56.000 ₫,-50%,28000,,,Môi mỹ Stick Stick Lip và Face Dual Sử dụng Chất chống mồ hôi Blusher Stick cho khuôn mặt trang điểm mỹ phẩm S1-9LA-HOS-VN,,https://www.lazada.vn/products/pdp-i3083155865.html
Dụng cụ chăm sóc Sắc đẹp,Kho Sỉ 247,48.500 ₫,-1%,48015,(21),4.9,Kệ Đựng MỸ Phẩm Mẫu Mới Cỡ Lớn (K62) - Đồ Trang Điểm Để Bàn Xoay 980 Sang Trọng Cao Cấp - Mẫu Mới 2024 Cực Đẹp,73 Đã bán,https://www.lazada.vn/products/pdp-i2823425496.html
Trang điểm,Tiệm Quà Của Mi,538.000 ₫,-50%,269000,,,"Bộ mỹ phẩm 18 món, phấn mắt, son môi, má hồng, mascara, bộ cọ trang điểm",,https://www.lazada.vn/products/pdp-i2839358167.html
Trang điểm,Shop Lu Lu,95.000 ₫,-12%,83600,,,"(LL) Bộ Trang Điểm ADS Đủ Bộ 40 món Full Hộp , Tiện Lợi , Kiểu dáng thanh lịch, thiết kế nhỏ gọn, dễ dàng mang theo.",,https://www.lazada.vn/products/pdp-i2768447264.html
Trang điểm,MICOMI Cosmetics.Selection,36.900 ₫,-29%,26199,(34),4.8,SET 2 Bút Che Khuyết Điểm Toàn Diện Vùng Mặt Môi Mắt Mụn Quầng Thâm Che Hình Xăm Chống Nước Mịn Lì LAMEILA Make Up Trang Điểm MICOMI Cosmetics,137 Đã bán,https://www.lazada.vn/products/pdp-i2656785208.html
Dụng cụ chăm sóc Sắc đẹp,Shop Lộc1,,,,,,"Set 3 Túi Đựng Mỹ Phẩm, Đồ Trang Điểm, Đồ Cá Nhân Trong Suốt Chống Thấm Nước",,https://www.lazada.vn/products/pdp-i3180430634.html
Trang điểm,LPThienY,132.000 ₫,-47%,69960,(1),5.0,Bộ trang điểm Hanru 4 món đa năng tiện dụng,5 Đã bán,https://www.lazada.vn/products/pdp-i2963726312.html
Trang điểm,uLI1ug.Selection,12.800 ₫,-67%,4224,(350),4.9,"Kem che khuyết điểm Lamella High Light Foundation, độ che phủ cao",2.1K Đã bán,https://www.lazada.vn/products/pdp-i2529792356.html
Trang điểm,Mỹ Phẩm Thuý Hường,241.500 ₫,-1%,239085,(2),4.5,Bộ Trang Điểm Makuep Cơ Bản Đầy Đủ [22 Món S6] Bộ Sản Phẩm Makep Của Nữ Dành Cho Người Mới Tập Trang Điểm Mỹ Phẩm Cosmetic,15 Đã bán,https://www.lazada.vn/products/pdp-i2661059639.html
Dụng cụ chăm sóc Sắc đẹp,Mon-Basic Túi mỹ phẩm,165.000 ₫,-12%,145200,(4),5.0,Túi đựng đồ trang điểm du lịch 2 ngăn kéo -size lớn,9 Đã bán,https://www.lazada.vn/products/pdp-i2682220610.html
Trang điểm,Tiệm Quà Của Mi,78.000 ₫,-50%,39000,,,Tron bộ trang điểm 9 món đầy đủ các bước trang điểm/son/kem nền/Phấn mắt/ Má hồng/ Mascara/ Kẻ mắt/ Bấm mi/ chì mày/Bộcọ,,https://www.lazada.vn/products/pdp-i2904658402.html
Trang điểm,QRQCpC.Selection,27.300 ₫,-88%,3276,(2912),4.9,Son môi Lamuseland LAS101 chống thấm nước lâu trôi 1.5g,16.8K Đã bán,https://www.lazada.vn/products/pdp-i2536559033.html
Trang điểm,CHINH HÃNG - SIÊU THỊ SỨC KHỎE VẺ ĐẸP,150.000 ₫,-53%,70500,(44),5.0,Phấn Nước BB Che Khuyết Điểm Kiềm Dầu Cho Da Trắng Đều Màu Giữ Lớp Trang Điểm Lâu Trôi IMAGES 15G,140 Đã bán,https://www.lazada.vn/products/pdp-i2592286209.html
Dụng cụ chăm sóc Sắc đẹp,GIA DỤNG AN NHIÊN .2702,,,,,,"Tủ Đựng Mỹ Phẩm 4 Tầng HOKORI Cao Cấp Nhựa Việt Nhật, Kệ Đựng Mỹ Phẩm, Đồ Trang Điểm",5 Đã bán,https://www.lazada.vn/products/pdp-i2542625046.html
Dụng cụ chăm sóc Sắc đẹp,MAANGE LOCAL STORE,40.000 ₫,-50%,20000,(7),4.4,Bộ dụng cụ làm sạch cọ trang điểm MAANGE hỗ trợ rửa và phơi khô tiện lợi 4477,32 Đã bán,https://www.lazada.vn/products/pdp-i2847857108.html
Dụng cụ chăm sóc Sắc đẹp,p22eom.Selection,20.300 ₫,-43%,11571,(10634),4.9,"Gương trang điểm gấp gọn mini 2 mặt thường và phóng to, màu đen vỏ nhám kích thước 7*6.5cm",37.8K Đã bán,https://www.lazada.vn/products/pdp-i2514750896.html
Dụng cụ chăm sóc Sắc đẹp,Landnn,,,,(1),5.0,Bộ Chiết Mỹ Phẩm Du Lịch 7 Món kèm túi Zip,6 Đã bán,https://www.lazada.vn/products/pdp-i2358938073.html
Dụng cụ chăm sóc Sắc đẹp,Mon-Basic Túi mỹ phẩm,300.000 ₫,-22%,234000,(9),5.0,Túi đựng đồ trang điểm sức chứa lớn chống thấm nước,34 Đã bán,https://www.lazada.vn/products/pdp-i2412324488.html
Vali và Túi du lịch đa năng,Lucy Beauty Shop,,,,(3),5.0,Bộ Chai Chiết Mỹ Phẩm 4 Trong 1 và 3 Trong 1 Tiện Lợi,10 Đã bán,https://www.lazada.vn/products/pdp-i2685375993.html
Trang điểm,Herorange Official Store,136.000 ₫,-50%,68000,,,Trang điểm Blush Stick Stick Odor không có mùi và không độc hại TONT mỹ phẩm cho nữ sinh viên Học sinh mỹ phẩm S1-9LA-HOS-VN,,https://www.lazada.vn/products/pdp-i3089300843.html
Nhập vai Phục trang & Dạ tiệc,CleverOfficial Store,373.830 ₫,-41%,220559,(21),5.0,⚡Miễn Phí Vận Chuyển⚡Bộ mỹ phẩm đồ chơi trang điểm 33 món không độc hại thích hợp cho bé,94 Đã bán,https://www.lazada.vn/products/pdp-i2424717349.html
Trang điểm,Alyssa Store Trung Hoa,1.500.000 ₫,-17%,1245000,(6),5.0,Bộ Trang Điểm Quà Tặng 4 tầng MEIYU hồng trái tim cao cấp và sang trọng đầy đủ 14 kèm Gương LED cảm ứng,36 Đã bán,https://www.lazada.vn/products/pdp-i2538691872.html
Dụng cụ chăm sóc Sắc đẹp,BOSS BIG SHOP,29.000 ₫,-37%,18270,(80),4.8,"Kệ đựng mỹ phẩm, Kệ để đồ đa năng 3 Tầng 2 ngăn kéo để bàn ô tiện ích, Chất liệu nhựa ABS an toàn khi sử dụng",259 Đã bán,https://www.lazada.vn/products/pdp-i2067585727.html
Trang điểm,CHINH HÃNG - SIÊU THỊ SỨC KHỎE VẺ ĐẸP,120.000 ₫,-60%,48000,(152),4.9,"Kem Che MọI Khuyết Điểm Da, Che Săm Tuyệt Đối Cho Làn Da Tự Nhiên ( mẫu mới 30g)",589 Đã bán,https://www.lazada.vn/products/pdp-i2317064260.html
Trang điểm,Mỹ Phẩm Thuý Hường,99.000 ₫,-1%,98010,(18),4.5,Bộ Trang Điểm [8 Món ] Xinh Xắn Lameila Dành Cho Người Mới Tập Makuep(Chính Hãng) Bộ 8 món xinh xắn,57 Đã bán,https://www.lazada.vn/products/pdp-i2427027901.html
Trang điểm,Mỹ Phẩm Thuý Hường,138.500 ₫,-1%,137115,(2),5.0,Bộ Trang Điểm[12 Món Y7]Đầy Đủ Makeup/Trang Điểm Đi Tiệc/Trang Điểm Cá Nhân Cơ Bản 12 Món,13 Đã bán,https://www.lazada.vn/products/pdp-i2628280319.html
Chăm sóc da mặt,Eifini Fashion,103.640 ₫,-55%,46638,(1),1.0,Kem Giảm Mụn Trứng Cá Mờ Thâm Mờ Rỗ Lỗ Chân Lông To Giúp Căng Bóng Trẻ Hoá Làn Da/25g,8 Đã bán,https://www.lazada.vn/products/pdp-i2661488557.html
Trang điểm,LPTHIENYSHOP,129.800 ₫,-46%,70092,(3),5.0,Bộ Trang Điểm 4 Món Hanru Đầy Đủ Tiện Lợi Cho Người Mới Bắt Đầu,13 Đã bán,https://www.lazada.vn/products/pdp-i2959235342.html
Trang điểm,Mỹ Phẩm Thuý Hường,246.500 ₫,-1%,244035,,,Bộ Trang Điểm Makuep Cơ Bản Đầy Đủ [22 Món S7] Bộ Sản Phẩm Makep Của Nữ Dành Cho Người Mới Tập Trang Điểm Mỹ Phẩm Cosmetic,,https://www.lazada.vn/products/pdp-i2661090348.html
Trang điểm,Rose_Giftbox,310.000 ₫,-50%,155000,,,Bộ trang điểm cá nhân/bộ trang điểm đi tiệc/set makeup/ trọn bộ trang điểm/ bộ makeup cá nhân/ Bộ trang điểm 14 món,,https://www.lazada.vn/products/pdp-i2861534236.html
Chăm sóc cá nhân,Tuyết An Shop 1989,,,,,,Nước rửa chén Mỹ Hảo 1.5 kg trà xanh và chanh,,https://www.lazada.vn/products/pdp-i2641698306.html
Chăm sóc da mặt,ALPHA COFFEE,103.680 ₫,-48%,53913,(49),4.9,[Cam Kết Hết Mụn Thâm Trong 7 Ngày] Kem Giảm Mụn Cấp Tốc Loại Bỏ Mụn và Vết Thâm Hoàn Toàn Thu Nhỏ Lỗ Chân Lông CYSTIC Acne Giúp Da Láng Mịn Khít Lỗ Chân Lông Kiểm Soát Dầu/25g,156 Đã bán,https://www.lazada.vn/products/pdp-i2661521706.html
Trang điểm,Shop Ngọc Xinh Cosmetic,110.000 ₫,-27%,80300,,,"(Bán Chạy) Bộ Trang Điểm Kem Nền trang điểm HANRU Gồm 4 Món Che Khuyết Điểm , Kem nền Makeup , Dưỡng ẩm , Ko Lem Trôi",,https://www.lazada.vn/products/pdp-i2515333647.html
Trang điểm,Shop Mỹ Phẩm BULL Chuyên Sỉ,,,,,,"(S- BBull) Sét Trang Điểm Nvno 8 Món cơ Bản Hàng Nội Địa ,, trang điểm , tiện lợi , sang trọng",,https://www.lazada.vn/products/pdp-i3110245217.html
Trang điểm,Mỹ Phẩm Thuý Hường,199.000 ₫,-18%,163180,(132),4.9,Bộ Trang Điểm/Bộ trang điểm Đầy Đủ Chính Hãng Cho Người Mới [Bộ 22 món E5] - Lamelia 22 Sản Phẩm Bộ E5,451 Đã bán,https://www.lazada.vn/products/pdp-i2421570043.html
Trang điểm,Phukienxinh14,109.000 ₫,-46%,58860,(4),5.0,Set Trang Điểm PRETTY MAKEUP MSMEESHU HANRU 4 MÓN,7 Đã bán,https://www.lazada.vn/products/pdp-i2513346987.html
Trang điểm,BON HT,159.000 ₫,-31%,109710,,,Combo trang điểm 8 món Youliyoula hot tiktok -Bộ trang điểm 8 món Youliyoula / Set trang điểm youliyoula,,https://www.lazada.vn/products/pdp-i2329461560.html
Tủ chứa & Sắp xếp đồ,GIA DỤNG SỈ TPHCM,198.000 ₫,-57%,85140,(2),5.0,KỆ TỦ ĐỰNG MỸ PHẨM ĐỒ TRANG ĐIỂM MINI TRONG SUỐT 4 TẦNG TASHUAN - KỆ NHỰA ĐỰNG MỸ PHẨM 4 TẦNG NGĂN KÉO TIỆN DỤNG,20 Đã bán,https://www.lazada.vn/products/pdp-i1983027549.html
Trang điểm,Mỹ Phẩm Thuý Hường,134.500 ₫,-14%,115670,,,Bộ Trang Điểm Makuep Cơ Bản Đầy Đủ [12 Món Z2] Bộ Sản Phẩm Makep Của Nữ Dành Cho Người Mới Tập Trang Điểm Mỹ Phẩm Cosmetic,,https://www.lazada.vn/products/pdp-i2661009925.html
Trang điểm,PaNa- Store,169.000 ₫,-41%,99710,(6),5.0,Bộ Trang Điểm Cá Nhân 7 đến 9 sản phẩm/ phấn nước lameila/Maccara/son/phấn phủ,32 Đã bán,https://www.lazada.vn/products/pdp-i1968046025.html
Tủ chứa & Sắp xếp đồ,Gia Dụng Tiện Ích EzyHome,120.000 ₫,-50%,60000,,,"Kệ Nhựa Đựng Mỹ Phẩm 3 Tầng 2 Ngăn Kéo - Hộp Nhựa Chia Ngăn Đựng Cọ, Son, Vật Dụng Cá Nhân Nhỏ Gọn - Kệ Trang Điểm Mini Tiện Lợi Cho Bàn Trang Điểm",,https://www.lazada.vn/products/pdp-i3116906542.html
Trang điểm,Mỹ Phẩm Thuý Hường,135.000 ₫,-1%,133650,(17),4.8,Bộ Trang Điểm Đầy Đủ Chính Hãng Bộ Makeup [14 Món E2] Cho Người Mới - Lamelia 14 Sản Phẩm Bộ E2,55 Đã bán,https://www.lazada.vn/products/pdp-i2427059118.html
Trang điểm,TỔNG KHO MINH PHÚ,380.000 ₫,-48%,197600,,,"Bộ Trang Điểm Đầy Đủ 14 Món Set Trang Điểm Makeup Cá Nhân Đi Tiệc Từ Cơ Bản Đến Chuyên Nghiệp Bao Gồm Kem Nền Che Khuyết Điểm, Kem Lót, Phấn Phủ, Son Kem Lì, Bảng Phấn Mắt, Chì Kẻ Mày Kẻ Mắt, Mascara, Bộ cọ trang điểm 8 món",,https://www.lazada.vn/products/pdp-i2721470922.html
Chăm sóc cá nhân,Brushie,1.290.000 ₫,-38%,799800,(1208),4.9,"Trắng răng Smilee Extra, trắng răng từ 2-6 tone sau một liệu trình giúp răng trắng sáng tự tin tại nhà. Hàng chính hãng",6.6K Đã bán,https://www.lazada.vn/products/pdp-i2497845049.html
Trang điểm,Hangnga Beauty Store,190.000 ₫,-50%,95000,(6),4.8,"[Bộ 18sp E5] Bộ make up, mỹ phẩm trang điểm, xịt khoá make-up, Kem nền, phấn má, phấn phủ, bộ cọ, tạo khối, che khuyết điểm, kẹp bấm mi, phấn mắt, kem lót, chuốt mi mascara, kẻ mắt, kẻ mày...",27 Đã bán,https://www.lazada.vn/products/pdp-i2685257652.html
Trang điểm,Rose_Giftbox,350.000 ₫,-59%,143500,(3),3.7,( Tặng bộ cọ 8 món)Trọn bộ trang điểm 12 món đầy đủ cho người mới/ set trang điểm đầy đủ/ bộ makeup cá nhân,7 Đã bán,https://www.lazada.vn/products/pdp-i2861587268.html
Trang điểm,Tiệm Quà Của Mi,398.000 ₫,-50%,199000,,,Bộ Trang Điểm Thái Lan  Đầy Đủ Make Up/ Trang điểm đi tiệc/trang điểm cá nhân/ Combo makeup / Set Trang Điểm,,https://www.lazada.vn/products/pdp-i2835944220.html
Trang điểm,LPShop01,134.000 ₫,-48%,69680,(3),5.0,"Full Box - Set Trang Điểm HANRU 4 Món Tiện Dụng, Đầy Đủ, Cơ Bản Cho Người Mới Bắt Đầu",9 Đã bán,https://www.lazada.vn/products/pdp-i2965101592.html
Trang điểm,Makeup HN Store,235.000 ₫,-22%,183300,(1),5.0,"Bộ 20 món trang điểm make-up (HN01) gồm có: Kem nền, xịt khoáng, phấn má, phấn phủ, che khuyết điểm, chuốt mi mascara, nhũ mắt kim tuyến, kẹp mi, bộ cọ... bộ 20món như hình",,https://www.lazada.vn/products/pdp-i2726885720.html
Trang điểm,807Txb21-2.Selection,26.500 ₫,-29%,18815,,,"Bút chì kẻ mắt lấp lánh với miếng bọt biển kim loại nhòe sáng bóng lâu trôi, mỹ phẩm trang điểm phấn mắt ngọc trai sáng bóng",7.1K Đã bán,https://www.lazada.vn/products/pdp-i3140955373.html
Trang điểm,Mỹ Phẩm Thuý Hường,249.000 ₫,-1%,246510,(15),4.7,Bộ Trang Điểm[22 Món Y1 ]Đầy Đủ Makeup/Trang Điểm Đi Tiệc/Trang Điểm Cá Nhân Cơ Bản 22 Món Y1,,https://www.lazada.vn/products/pdp-i2617260629.html
Trang điểm,Mỹ Phẩm Thuý Hường,350.000 ₫,-1%,346500,(12),5.0,[ Bộ trang điểm] 27 Món [V5] Bộ sản phẩm  trang điểm MAKEUP  gồm 27 món (V5) đa năng tiện dụng Dành cho người mới tầm makeup [chính hãng],31 Đã bán,https://www.lazada.vn/products/pdp-i2584394827.html
Chăm sóc da mặt,CHANG COLLECTION,500.000 ₫,-55%,225000,,,"[NEWBOX] Bộ quà tặng mỹ phẩm dưỡng da, chăm sóc da mặt cao cấp BAURSDÈ 5 món: Sữa rửa mặt+Nước cân bằng da+Serum dưỡng ẩm+Sữa dưỡng ẩm+Kem dưỡng da giúp cấp ẩm, dưỡng trắng, chống lão hóa, trọn bộ skincare SPU182",,https://www.lazada.vn/products/pdp-i3009661488.html
Trang điểm,QUEEN Shop 02,119.000 ₫,-50%,59500,,,Bộ Đôi Kem Nền Che Khuyết Điểm + Phấn Phủ Siêu Mịn ( xả kho giá siêu rẻ ),,https://www.lazada.vn/products/pdp-i2583461118.html
Trang điểm,Mỹ Phẩm Kun Chuyên Sỉ,70.000 ₫,-17%,58100,(16),4.9,"Phấn Nước IOPE Hàn Quốc Tặng Kèm Lõi Sơ Cua , Che Khuyết Điểm , Kiềm Dầu",103 Đã bán,https://www.lazada.vn/products/pdp-i1803794683.html
Dụng cụ chăm sóc Sắc đẹp,ROSE.Hi,,,,,,Cốp vải đựng đồ makeup đồ nail size to. Cốp vải có dây đeo đựng đồ makeup chuyên nghiệp SIZE đại MS 00027,5 Đã bán,https://www.lazada.vn/products/pdp-i3123359441.html
Trang điểm,YoonnaShop.Selection,25.100 ₫,-29%,17821,(63),4.9,Bút Kẻ Mắt Lameila Vỏ ĐEN Chống Thấm Nước Lâu Trôi Nét Siêu Mảnh,1.5K Đã bán,https://www.lazada.vn/products/pdp-i3025556213.html
Dụng cụ chăm sóc Sắc đẹp,yến sàoo,60.000 ₫,-40%,36000,,,"Túi đựng mỹ phẩm WASHBAG , đựng đồ trang điểm đồ cá nhân chống thấm nước",,https://www.lazada.vn/products/pdp-i2478771670.html
Nhập vai Phục trang & Dạ tiệc,SpeedOfficialStore,307.100 ₫,-14%,264106,(4),5.0,"Bộ Dụng Cụ Làm Đẹp Mỹ Phẩm Cho Trẻ Em 17 Chiếc, Bộ Hộp Trang Điểm Không Độc Hại Bộ Quà Tặng Sinh Nhật Cho Bé Gái, Bộ Trang Điểm Cho Trẻ Em, Bộ Trang Điểm Cho Trẻ Em, Đồ Chơi Trang Điểm Cho Bé Gái,",12 Đã bán,https://www.lazada.vn/products/pdp-i2391300572.html
Trang điểm,Hangnga Beauty Store,437.000 ₫,-50%,218500,(74),4.8,"Bộ Trang Điểm 24 món, bộ 18 món, Bảng phấn mắt, Kem nền, Kẻ mắt, Kẻ mày, Kẹp cong mi, Gương, Bộ khuôn vẽ mày và Bông mút",215 Đã bán,https://www.lazada.vn/products/pdp-i2545593978.html
Tủ chứa & Sắp xếp đồ,Nội Thất YTC,400.000 ₫,-34%,264000,(284),4.9,"Hộp Đựng Mỹ Phẩm Đa Năng, Kệ Đựng Đồ Trang Điểm Trong Suốt",1.0K Đã bán,https://www.lazada.vn/products/pdp-i1549138141.html
Dụng cụ chăm sóc Sắc đẹp,the gioi vali,110.000 ₫,-28%,79200,(43),5.0,"Túi đựng mỹ phẩm thời trang cao cấp,Tùy chỉnh các ngăn đựng đồ,Chất liệu PU chống thấm nước",166 Đã bán,https://www.lazada.vn/products/pdp-i2494753121.html
Trang điểm,Hoa Hướng Dương Store,130.000 ₫,-47%,68900,(1),5.0,Set Trang Điểm 4 Món Hanru Dễ Dàng Với Người Mới Make Up Set trang điểm nền Prrety Makeup 4 món bộ trang điểm đầy đủ cho người mới bắt đầu kiềm dầu kháng nước nâng tone Zentop,,https://www.lazada.vn/products/pdp-i2609636528.html
Trang điểm,Sức Sống Mới - Vẻ Đẹp Và Sức Khỏe,85.000 ₫,-67%,28050,(887),4.8,Son Hai Đầu CACE Son Kem Lì Và Son Bóng Mọng Môi Hiệu Ứng Sương Khói Cho Đôi Môi Quyến Rũ Sản Phẩm Nhỏ Gọn Tiện Lợi,3.6K Đã bán,https://www.lazada.vn/products/pdp-i2201454298.html
Trang điểm,Mỹ Phẩm Thuý Hường,138.000 ₫,-14%,118680,,,Bộ Trang Điểm[12 Món E12]Đầy Đủ Makeup/Trang Điểm Đi Tiệc/Trang Điểm Cá Nhân Cơ Bản 12 Món E12,,https://www.lazada.vn/products/pdp-i2599663414.html
Trang điểm,Mỹ Phẩm Thuý Hường,139.000 ₫,-14%,119540,,,[Được Kiểm Hàng] Bộ Trang Điểm 12 món (E11) Sest Trang Điểm Đầy Đủ Các Món Dành Cho Người Mới Tập Trang Điểm/Makeup Bộ 12 món E11,,https://www.lazada.vn/products/pdp-i2599630728.html
Trang điểm,Money's Beauty,,,,,,Set Mỹ Phẩm Mini Hot 2025,,https://www.lazada.vn/products/pdp-i2942653784.html
Trang điểm,Mỹ Phẩm Thuý Hường,138.500 ₫,-14%,119110,(2),5.0,Bộ Trang Điểm[12 Món Y6]Đầy Đủ Makeup/Trang Điểm Đi Tiệc/Trang Điểm Cá Nhân Cơ Bản 12 Món,13 Đã bán,https://www.lazada.vn/products/pdp-i2628319240.html
Trang điểm,Mỹ Phẩm Thuý Hường,149.000 ₫,-14%,128140,(3),5.0,Bộ Trang Điểm[12 Món] F3 Đầy Đủ Makeup/Trang Điểm Đi Tiệc/Trang Điểm Cá Nhân Cơ Bản 12 món F3,22 Đã bán,https://www.lazada.vn/products/pdp-i2579520737.html
Dụng cụ chăm sóc Sắc đẹp,An Nhiên.2702,130.000 ₫,-48%,67600,(26),4.9,Kệ Đựng Mỹ Phẩm Mẫu Mới Cỡ Lớn - Đồ Trang Điểm Để Bàn Xoay 360  Sang Trọng Cao Cấp - Mẫu Mới Cực Đẹp,103 Đã bán,https://www.lazada.vn/products/pdp-i2603121554.html
Trang điểm,Mỹ Phẩm Thuý Hường,169.000 ₫,-14%,145340,(2),5.0,Bộ Trang Điểm[17 Món A4]Đầy Đủ Makeup/Trang Điểm Đi Tiệc/Trang Điểm Cá Nhân Cơ Bản 17 Món Bộ A4,10 Đã bán,https://www.lazada.vn/products/pdp-i2427032686.html
Trang điểm,Mỹ Phẩm Thuý Hường,199.000 ₫,-14%,171140,,,Bộ Trang Điểm Đầy Đủ[22 món E10] Chính Hãng Cho Người Mới - Lamelia 22 Sản Phẩm Bộ Makeup E10,,https://www.lazada.vn/products/pdp-i2427053161.html
Dụng cụ chăm sóc Sắc đẹp,Queen Global Home,95.000 ₫,-32%,64600,(159),4.9,Túi Đựng Mỹ Phẩm Đồ Trang Điểm Nhiều Ngăn Có Móc Treo - Đựng Đồ Du Lịch Cá Nhân Chống Thấm Nước Tiện Lợi,1.3K Đã bán,https://www.lazada.vn/products/pdp-i1257665183.html
Dụng cụ chăm sóc Sắc đẹp,Tạp hoá đồ dùng1102,110.000 ₫,-19%,89100,(1),5.0,"Kệ đựng mỹ phẩm nhựa 4 tầng để bàn tặng kèm sticker, khay đựng đồ trang điểm nhiều ngăn , decor bàn học, đựng bút",,https://www.lazada.vn/products/pdp-i2857928472.html
Trang điểm,Mỹ Phẩm Thuý Hường,350.000 ₫,-1%,346500,,,Bộ Trang Điểm Mặt[26 Món] M4 Đầy Đủ Makeup/Trang Điểm Đi Tiệc/Trang Điểm Cá Nhân Cơ Bản 26 Món M4,,https://www.lazada.vn/products/pdp-i2458817306.html
Trang điểm,PaNa- Store,195.000 ₫,-46%,105300,(7),5.0,Bộ trang điểm 7 đến 9 món/ makeup cá nhân/ bộ mĩ phẩm,29 Đã bán,https://www.lazada.vn/products/pdp-i1856491159.html
Trang điểm,Tiệm Quà Của Mi,398.000 ₫,-50%,199000,(1),5.0,"Bộ trang điểm, bộ makeup ca nhân đầy đủ cho người mới bắt đầu,  bộ quà tặng trang điểm",6 Đã bán,https://www.lazada.vn/products/pdp-i2858172591.html
Trang điểm,Mỹ Phẩm Thuý Hường,149.000 ₫,-14%,128140,(11),5.0,Bộ Trang Điểm Đầy Đủ Make Up/ Trang điểm đi tiệc/trang điểm cá nhân Q4,41 Đã bán,https://www.lazada.vn/products/pdp-i2414811314.html
Trang điểm,Mỹ Phẩm Thuý Hường,189.000 ₫,-14%,162540,(46),4.5,Bộ Trang Điểm[21 Món A1]Đầy Đủ Makeup/Trang Điểm Đi Tiệc/Trang Điểm Cá Nhân Cơ Bản Bộ 22 món A1,134 Đã bán,https://www.lazada.vn/products/pdp-i2421514401.html
Trang điểm,Mỹ Phẩm Thuý Hường,132.000 ₫,-14%,113520,,,[Được Kiểm Hàng] Bộ Trang Điểm / Sest Trang Điểm [8 món X2] Đầy Đủ Các Món Dành Cho Người Mới Tập Trang Điểm/Makeup bộ 8 món X2,,https://www.lazada.vn/products/pdp-i2494648864.html
Trang điểm,Mê hàng Trung Hoa,88.000 ₫,-10%,79200,(1),5.0,Set trang điểm đầy đủ 9 món Hươu vàng,6 Đã bán,https://www.lazada.vn/products/pdp-i2369743642.html
Tủ chứa & Sắp xếp đồ,PTNgoc House 3137.Selection,42.300 ₫,-29%,30033,(44),5.0,"Khay Đựng Son 24 Ô Trong Suốt, Khay Đựng Son Và Mỹ Phẩm Loại Nhỏ Cùng Cọ Trang Điểm Chất Liệu Mica",214 Đã bán,https://www.lazada.vn/products/pdp-i2703588853.html
Dụng cụ chăm sóc Sắc đẹp,OCE-giadungtienich,105.000 ₫,-36%,67200,(28),4.9,Túi Đựng Mỹ Phẩm Đồ Trang Điểm Trang Sức JYoohome Túi Đựng Đồ Dùng Du Lịch Trong Suốt Chống Thấm Nước,147 Đã bán,https://www.lazada.vn/products/pdp-i2486921387.html
Trang điểm,Hoa Bồ Công Anh Store,99.000 ₫,-30%,69300,(545),4.9,[SALE] Set Trang Điểm PRETTY MAKEUP HANRU 4 Món set trang điểm tiện dụng đa năng cho người mới bắt đầu,1.8K Đã bán,https://www.lazada.vn/products/pdp-i2525214388.html
Dụng cụ chăm sóc Sắc đẹp,Haibei,135.000 ₫,-30%,94500,,,"Hộp đựng đồ trang điểm xoay 360 độ có nắp che bụi, trong suốt cao cấp, hộp đựng cọ trang điểm",,https://www.lazada.vn/products/pdp-i3115422422.html
Trang điểm,BUM STORE.,,,,(5),4.4,"Kem Nền Trang Điểm Lameila BB Cream 30ml Mỏng Nhẹ Tự Nhiên, Kem Nền Kiềm Dầu Dạng Lỏng Dưỡng Ẩm Che Khuyết Điểm Chống Thấm",27 Đã bán,https://www.lazada.vn/products/pdp-i2351539628.html
Dụng cụ chăm sóc Sắc đẹp,Mon-Basic Túi mỹ phẩm,175.000 ₫,-38%,108500,,,Túi đựng mỹ phẩm đồ trang điểm du lịch nhiều ngăn tiện dụng,,https://www.lazada.vn/products/pdp-i2412238842.html
Trang điểm,Mỹ Phẩm Thuý Hường,219.500 ₫,-14%,188770,(3),4.0,Trọn Bộ Trang Điểm Chuyên Nghiệp [22 Món Y3]/Kem Nền/ Phấn Mắt/Maccara/Bấm Mi/Chì Kẻ Mày/Kẻ Mắt Nước (CHÍNH HÃNG) bộ Y3,13 Đã bán,https://www.lazada.vn/products/pdp-i2628137891.html
Dụng cụ chăm sóc Sắc đẹp,GIA DỤNG AN NHIÊN .2702,130.000 ₫,-48%,67600,(13),4.9,Kệ Đựng Mỹ Phẩm Mẫu Mới Cỡ Lớn - Đồ Trang Điểm Để Bàn Xoay 360  Sang Trọng Cao Cấp - Mẫu Mới Cực Đẹp,69 Đã bán,https://www.lazada.vn/products/pdp-i2603139437.html
Dụng cụ chăm sóc Sắc đẹp,Tuidonghang.hcm,79.000 ₫,-30%,55300,(47),4.6,Kệ đựng mĩ phẩm đồ trang điểm nhựa để bàn có ngăn kéo tiện lợi,168 Đã bán,https://www.lazada.vn/products/pdp-i2253318618.html
Trang điểm,Mỹ Phẩm Thuý Hường,149.000 ₫,-1%,147510,(9),4.6,Bộ Trang Điểm[12 Món X6]Đầy Đủ Các Món Makeup/Trang Điểm Đi Tiệc/Trang Điểm Cơ Bản [12 Món X6],30 Đã bán,https://www.lazada.vn/products/pdp-i2495525326.html
Trang điểm,Alyssa Store Trung Hoa,329.000 ₫,-7%,305970,(1),5.0,"Bộ Trang Điểm nội địa Trung 10 món YOULIYOULA phiên bản Sơn Thủy, hàng chính hãng + Tặng kèm túi đựng đẹp -  Quà tặng cho bạn gái, người yêu, tặng mẹ",,https://www.lazada.vn/products/pdp-i2419352524.html
Trang điểm,Mỹ Phẩm Thuý Hường,294.500 ₫,-1%,291555,(4),5.0,Bộ Trang Điểm Makuep Cơ Bản Đầy Đủ [24 Món S5] Bộ Sản Phẩm Makep Của Nữ Dành Cho Người Mới Tập Trang Điểm Mỹ Phẩm Cosmetic,6 Đã bán,https://www.lazada.vn/products/pdp-i2661134092.html
Trang điểm,Mê hàng Trung Hoa,1.190.000 ₫,-19%,963900,(8),5.0,"Bộ Trang điểm 3 tầng đầy đủ 18 món HIH nội địa Trung hàng chính hãng, Tặng kèm túi đựng đẹp",29 Đã bán,https://www.lazada.vn/products/pdp-i2369702865.html
Nhập vai Phục trang & Dạ tiệc,Hoa Hướng Dương Store,140.000 ₫,-49%,71400,(9),5.0,Bộ Phấn Trang Điểm Make Up Kit A.D.S - Trang Điểm Bột Hộp Trang Điểm Bộ Sinh Viên Trang Điểm Set Full,40 Đã bán,https://www.lazada.vn/products/pdp-i2607865903.html
Trang điểm,Tiệm Quà Của Mi,70.000 ₫,-50%,35000,,,"Bộ makeup 5 món , bộ trang điểm phấn mắt, má hồng, son môi, mascara, bộ cọ trang điểm",9 Đã bán,https://www.lazada.vn/products/pdp-i2905565289.html
Nhập vai Phục trang & Dạ tiệc,Toyfun-VN,88.000 ₫,-13%,76560,(23),4.6,Bộ đồ chơi mỹ phẩm dụng cụ trang điểm 33 món không độc hại chất liệu an toàn nhiều lựa chọn thích hợp cho bé,142 Đã bán,https://www.lazada.vn/products/pdp-i2721652746.html
Dụng cụ chăm sóc Sắc đẹp,ACB phát,220.000 ₫,-35%,143000,(13),4.6,"Cốp Vải Chống Thấm Nước_Cốp Vali LV Mini Đựng Dụng Cụ Phun Xăm, Spa, Nail, Túi Đựng Đồ Makeup Cốp Trang Điểm Cá Nhân_Túi đồ dùng cá nhân & mỹ phẩm",44 Đã bán,https://www.lazada.vn/products/pdp-i2235256831.html
Trang điểm,Sức Khỏe Và Sắc Đẹp Tươi Trẻ,204.000 ₫,-51%,99960,(1456),4.9,Kem Nền QIC Che Khuyết Điểm Dạng Lỏng Dưỡng Ẩm Kiềm Dầu Chống Thấm Nước,4.4K Đã bán,https://www.lazada.vn/products/pdp-i2281408492.html
Dụng cụ chăm sóc Sắc đẹp,- GIÁ RẺ NHẤT -,55.000 ₫,-31%,37950,(46),4.9,"Kệ đựng mỹ phẩm, Kệ để đồ đa năng 3 Tầng 2 ngăn kéo để bàn ô tiện ích, Chất liệu nhựa ABS an toàn khi sử dụng",151 Đã bán,https://www.lazada.vn/products/pdp-i2067654275.html
Trang điểm,Alyssa Store Trung Hoa,349.000 ₫,-3%,338530,(10),4.6,"Bộ trang điểm Nội địa Trung đầy đủ 10 món KAQILI, Phong cách cổ trang + Tặng kèm túi đựng đẹp - Quà tặng nữ",33 Đã bán,https://www.lazada.vn/products/pdp-i2419044393.html
Quần áo trẻ em,zichu,260.000 ₫,-43%,148200,,,New Disney An Toàn Và Không-Độc Hại Bộ trang điểm Cho Trẻ Em Cô Gái Son bóng Son môi Đồ Chơi Trẻ Em Của Mỹ Phẩm bé gái công chúa Son dưỡng ẩm Son Môi Bé,,https://www.lazada.vn/products/pdp-i2806510970.html
Nhập vai Phục trang & Dạ tiệc,Kho Sỉ 247,,,,,,"Hộp đựng mỹ phẩm để bàn, dạng ngăn kéo, siêu đẹp, siêu sang",,https://www.lazada.vn/products/pdp-i2737611471.html
Chăm sóc da mặt,CHINH HÃNG - SIÊU THỊ SỨC KHỎE VẺ ĐẸP,100.000 ₫,-49%,51000,(94),5.0,Serum Dưỡng Ẩm Trắng Da Xóa Sạch Thâm Nám Tàn Nhang Ngăn Ngừa Mụn Quay Trở Lại 50ml,349 Đã bán,https://www.lazada.vn/products/pdp-i2541765873.html
Trang điểm,PaNa- Store,319.000 ₫,-48%,165880,(296),4.9,HOÀN TIỀN 15% - Trọn bộ 15 món trang điểm Lameila/ combo makeup/son/kem nền,885 Đã bán,https://www.lazada.vn/products/pdp-i2197672582.html
Tủ chứa & Sắp xếp đồ,Cửa hàng gia dụng tiện ích HCM,129.000 ₫,-26%,95460,(84),4.8,Kệ Đựng Mỹ Phẩm Đồ Trang Điểm Trang Sức 4 Tầng Trong Suốt 3 Ngăn Kéo Tiện Dụng,269 Đã bán,https://www.lazada.vn/products/pdp-i2413115090.html
Trang điểm,Mỹ Phẩm Thuý Hường,129.000 ₫,-1%,127710,(29),4.7,Bộ Trang Điểm[12 Món C10]Đầy Đủ Makeup/Trang Điểm Đi Tiệc/Trang Điểm Cá Nhân Cơ Bản 12 Món C10,129 Đã bán,https://www.lazada.vn/products/pdp-i2428204001.html
Trang điểm,Mỹ Phẩm Thuý Hường,137.500 ₫,-1%,136125,(6),4.8,Bộ Trang Điểm[12 Món Y5]Đầy Đủ Makeup/Trang Điểm Đi Tiệc/Trang Điểm Cá Nhân Cơ Bản 12 Món,18 Đã bán,https://www.lazada.vn/products/pdp-i2628294302.html
Dụng cụ chăm sóc Sắc đẹp,HNKMP Vietnam,43.861 ₫,-44%,24562,,,HNKMP Hộp đựng bút chì nơ đen đơn giản phong cách Ins Túi đựng bút chì dung tích lớn Túi đựng mỹ phẩm túi đựng văn phòng phẩm đồ dùng học tập,,https://www.lazada.vn/products/pdp-i3176537297.html
Nhập vai Phục trang & Dạ tiệc,A_hoco__Store,373.830 ₫,-44%,209344,(2),5.0,【giao hàng trong vòng 24h】Bộ mỹ phẩm đồ chơi trang điểm 33 món không độc hại thích hợp cho bé,6 Đã bán,https://www.lazada.vn/products/pdp-i2664089214.html
Trang điểm,Makeup HN Store,250.000 ₫,-25%,187500,(1),4.0,"Bộ 20 món HN05 trang điểm make-up gồm Bảng phấn mắt, che khuyết điểm, xịt khoá nền, xịt chống nắng, phấn má, nhũ kim tuyến, phấn phủ... đầy đủ như hình",,https://www.lazada.vn/products/pdp-i2731820809.html
Trang điểm,Mỹ Phẩm Thuý Hường,189.000 ₫,-14%,162540,,,Bộ Trang Điểm[18 Món ] son thỏi Đầy Đủ Makeup/Trang Điểm Đi Tiệc/Trang Điểm Cá Nhân Cơ Bản 18 Món Son Thỏi,,https://www.lazada.vn/products/pdp-i2428079346.html
Dụng cụ chăm sóc Sắc đẹp,SUKA HOUSE 999,,,,(2),5.0,"Kệ Mỹ Phẩm Có Gương Size Đơn, Kể Tủ Đựng Mỹ Phẩm Mini, Kệ Đựng Đồ Trang Điểm",12 Đã bán,https://www.lazada.vn/products/pdp-i2825553573.html
Trang điểm,Mỹ Phẩm Thuý Hường,249.000 ₫,-14%,214140,(4),4.5,Bộ trang điểm [22 món Y2] combo makeup đầy đủ phấn mắt + phấn phủ + phấn má + kem nền +kem chống nắng + má hồng + mascara + son + bộ cọ +chì mày Bộ Y2,8 Đã bán,https://www.lazada.vn/products/pdp-i2617271582.html
Trang điểm,Waffle Beauty,70.000 ₫,-41%,41300,(16),5.0,WAFFLE Cao thủ Lâu dài Màu đen Ria Pomade Mỹ phẩm Trang điểm màu nâu Mascara chân mày Thuốc nhuộm lông mày Bộ dụng cụ Tông màu,93 Đã bán,https://www.lazada.vn/products/pdp-i1662282854.html
Trang điểm,Mỹ Phẩm Thuý Hường,250.000 ₫,-20%,200000,(106),4.7,Bộ Trang Điểm[22 Món A2]Đầy Đủ Makeup/Trang Điểm Đi Tiệc/Trang Điểm Cá Nhân Cơ Bản 22 Món A2,389 Đã bán,https://www.lazada.vn/products/pdp-i2414792532.html
Trang điểm,Mỹ Phẩm Thuý Hường,210.000 ₫,-1%,207900,(18),4.8,Bộ Trang Điểm[20 Món D9]Đầy Đủ Makeup/Trang Điểm Đi Tiệc/Trang Điểm Cá Nhân Cơ Bản 20 Món Bộ D9,40 Đã bán,https://www.lazada.vn/products/pdp-i2428168315.html
,Riêm Store Gia Dụng,70.000 ₫,-16%,58800,(219),5.0,"Hộp 60 bút màu ACRYLIC Marker ĐẦU NHỌN CHỐNG THẤM NƯỚC Không Vẽ Lên Đồ Vật Nhẵn, lau được khi dính lên da",876 Đã bán,https://www.lazada.vn/products/pdp-i2626856795.html
Chăm sóc da mặt,Eifini Fashion,103.640 ₫,-55%,46638,(1),1.0,Kem Giảm Mụn Trứng Cá Mờ Thâm Mờ Rỗ Lỗ Chân Lông To Giúp Căng Bóng Trẻ Hoá Làn Da/25g,8 Đã bán,https://www.lazada.vn/products/pdp-i2661488557.html
Dụng cụ chăm sóc Sắc đẹp,Shop Lộc1,,,,,,"Set 3 Túi Đựng Mỹ Phẩm, Đồ Trang Điểm, Đồ Cá Nhân Trong Suốt Chống Thấm Nước",,https://www.lazada.vn/products/pdp-i3180430634.html
Trang điểm,ddddVN.Selection,22.300 ₫,-60%,8920,(1643),4.9,Thanh Hai Đầu Che Khuyết Điểm Và Tạo Khối Đánh Bóng,4.9K Đã bán,https://www.lazada.vn/products/pdp-i2470701056.html
Dụng cụ chăm sóc Sắc đẹp,LAIKOU.Selection,52.700 ₫,-23%,40579,,,Bộ 3 Sản Phẩm Chăm Sóc Da Làm Sáng Tông Màu Da LAIKOU,2.2K Đã bán,https://www.lazada.vn/products/pdp-i3140890953.html
Dụng cụ chăm sóc Sắc đẹp,SỈ LẺ GIA DỤNG 966(Sơn Liễu),,,,,,Túi Trang Điểm/Hộp đựng trang sức mini có gương và đèn led đa năng đựng mỹ phẩm thiết/Hộp đựng đồ trang điểm/hộp mĩ phẩm,,https://www.lazada.vn/products/pdp-i3138967222.html
Trang điểm,Huyền Anh Shop 3,,,,(10),5.0,Set mỹ phẩm trang điểm Hanru 4 món tiện dụng,32 Đã bán,https://www.lazada.vn/products/pdp-i2812788555.html
Trang điểm,PaNa- Store,110.000 ₫,-37%,69300,(1),5.0,Bộ trang điểm 4 món/ kem nền / kem lót/ phấn phủ/ mút,,https://www.lazada.vn/products/pdp-i3166530812.html
Chăm sóc da mặt,ALPHA COFFEE,103.680 ₫,-48%,53913,(49),4.9,[Cam Kết Hết Mụn Thâm Trong 7 Ngày] Kem Giảm Mụn Cấp Tốc Loại Bỏ Mụn và Vết Thâm Hoàn Toàn Thu Nhỏ Lỗ Chân Lông CYSTIC Acne Giúp Da Láng Mịn Khít Lỗ Chân Lông Kiểm Soát Dầu/25g,156 Đã bán,https://www.lazada.vn/products/pdp-i2661521706.html
Chăm sóc da mặt,CHINH HÃNG - SIÊU THỊ SỨC KHỎE VẺ ĐẸP,100.000 ₫,-49%,51000,(94),5.0,Serum Dưỡng Ẩm Trắng Da Xóa Sạch Thâm Nám Tàn Nhang Ngăn Ngừa Mụn Quay Trở Lại 50ml,349 Đã bán,https://www.lazada.vn/products/pdp-i2541765873.html
Trang điểm,CHINH HÃNG - SIÊU THỊ SỨC KHỎE VẺ ĐẸP,350.000 ₫,-46%,189000,(11),5.0,Bộ trang điểm chính hãng cao cấp chính hãng đủ các màu phấn và son,30 Đã bán,https://www.lazada.vn/products/pdp-i3022712214.html
Trang điểm,LPTHIENYSHOP,129.800 ₫,-46%,70092,(3),5.0,Bộ Trang Điểm 4 Món Hanru Đầy Đủ Tiện Lợi Cho Người Mới Bắt Đầu,13 Đã bán,https://www.lazada.vn/products/pdp-i2959235342.html
Trang điểm,Shop Mỹ Phẩm BULL Chuyên Sỉ,,,,,,"(S- BBull) Sét Trang Điểm Nvno 8 Món cơ Bản Hàng Nội Địa ,, trang điểm , tiện lợi , sang trọng",,https://www.lazada.vn/products/pdp-i3110245217.html
Trang điểm,Sức Khỏe Và Sắc Đẹp Tươi Trẻ,204.000 ₫,-51%,99960,(1456),4.9,Kem Nền QIC Che Khuyết Điểm Dạng Lỏng Dưỡng Ẩm Kiềm Dầu Chống Thấm Nước,4.4K Đã bán,https://www.lazada.vn/products/pdp-i2281408492.html
Dụng cụ chăm sóc Sắc đẹp,Haibei,135.000 ₫,-30%,94500,,,"Hộp đựng đồ trang điểm xoay 360 độ có nắp che bụi, trong suốt cao cấp, hộp đựng cọ trang điểm",,https://www.lazada.vn/products/pdp-i3115422422.html
Trang điểm,Sức Khỏe Và Sắc Đẹp Tươi Trẻ,115.600 ₫,-51%,56644,(59),4.8,"Bút Kem Kẻ Lông Mày, Mi Mắt, Bọng Mắt Cao Cấp, Kẻ Mi Mắt Siêu Nét 3 Chiều Tự Nhiên MINSHZEE Tạo Chân Mày Tự Nhiên, Chống Thấm Nước, Chống Mồ Hôi, Không Lem",146 Đã bán,https://www.lazada.vn/products/pdp-i2381428764.html
Trang điểm,LPThienY,132.000 ₫,-47%,69960,(1),5.0,Bộ trang điểm Hanru 4 món đa năng tiện dụng,5 Đã bán,https://www.lazada.vn/products/pdp-i2963726312.html
Nhập vai Phục trang & Dạ tiệc,smart family store,373.830 ₫,-47%,198129,,,【siêu rẻ】Bộ mỹ phẩm đồ chơi trang điểm 33 món không độc hại thích hợp cho bé,,https://www.lazada.vn/products/pdp-i2663477298.html
Nhập vai Phục trang & Dạ tiệc,ForesightOfficialStore,339.200 ₫,-37%,213696,(26),5.0,Bộ mỹ phẩm đồ chơi trang điểm 33 món không độc hại thích hợp cho bé,109 Đã bán,https://www.lazada.vn/products/pdp-i2395342022.html
Dụng cụ chăm sóc Sắc đẹp,Khánh BossBaBy Kun,159.000 ₫,-38%,98580,(83),4.8,Kệ Mỹ Phẩm ?? Freeship ?? Kệ Đựng Mỹ Phẩm ?? Kệ để mỹ phẩm ?? Kệ đựng đồ trang điểm Trong Suốt Xoay 360 Độ,324 Đã bán,https://www.lazada.vn/products/pdp-i1437321396.html
Nhập vai Phục trang & Dạ tiệc,CleverOfficial Store,373.830 ₫,-41%,220559,(21),5.0,⚡Miễn Phí Vận Chuyển⚡Bộ mỹ phẩm đồ chơi trang điểm 33 món không độc hại thích hợp cho bé,94 Đã bán,https://www.lazada.vn/products/pdp-i2424717349.html
Dụng cụ chăm sóc Sắc đẹp,Gia Dụng Giá Sỉ HĐ,69.000 ₫,-30%,48300,(1),5.0,"Kệ đựng mỹ phẩm, đồ trang điểm 4 tầng 3 ngăn kéo trong suốt",,https://www.lazada.vn/products/pdp-i2659956456.html
Nhập vai Phục trang & Dạ tiệc,Hoa Hướng Dương Store,140.000 ₫,-49%,71400,(9),5.0,Bộ Phấn Trang Điểm Make Up Kit A.D.S - Trang Điểm Bột Hộp Trang Điểm Bộ Sinh Viên Trang Điểm Set Full,40 Đã bán,https://www.lazada.vn/products/pdp-i2607865903.html
Trang điểm,Mỹ Phẩm Thuý Hường,289.000 ₫,-1%,286110,(24),4.7,Bộ Trang Điểm Makuep Cơ Bản Đầy Đủ [24 Món S4] Bộ Sản Phẩm Makep Của Nữ Dành Cho Người Mới Tập Trang Điểm Mỹ Phẩm Cosmetic,86 Đã bán,https://www.lazada.vn/products/pdp-i2661137010.html
Dụng cụ chăm sóc Sắc đẹp,Kho Sỉ 247,48.500 ₫,-1%,48015,(21),4.9,Kệ Đựng MỸ Phẩm Mẫu Mới Cỡ Lớn (K62) - Đồ Trang Điểm Để Bàn Xoay 980 Sang Trọng Cao Cấp - Mẫu Mới 2024 Cực Đẹp,73 Đã bán,https://www.lazada.vn/products/pdp-i2823425496.html
Dụng cụ chăm sóc Sắc đẹp,An Nhiên.2702,130.000 ₫,-48%,67600,(26),4.9,Kệ Đựng Mỹ Phẩm Mẫu Mới Cỡ Lớn - Đồ Trang Điểm Để Bàn Xoay 360  Sang Trọng Cao Cấp - Mẫu Mới Cực Đẹp,103 Đã bán,https://www.lazada.vn/products/pdp-i2603121554.html
Dụng cụ chăm sóc Sắc đẹp,Akii Home,60.000 ₫,-35%,39000,(5),5.0,"Túi đựng mỹ phẩm chất liệu PVC mờ+da PU cao cấp, túi đựng đồ trang điểm di động Akii Home TD31",16 Đã bán,https://www.lazada.vn/products/pdp-i2834705110.html
Trang điểm,Makeup HN Store,235.000 ₫,-22%,183300,(1),5.0,"Bộ 20 món trang điểm make-up (HN01) gồm có: Kem nền, xịt khoáng, phấn má, phấn phủ, che khuyết điểm, chuốt mi mascara, nhũ mắt kim tuyến, kẹp mi, bộ cọ... bộ 20món như hình",,https://www.lazada.vn/products/pdp-i2726885720.html
Trang điểm,Rose_Giftbox,350.000 ₫,-59%,143500,(3),3.7,( Tặng bộ cọ 8 món)Trọn bộ trang điểm 12 món đầy đủ cho người mới/ set trang điểm đầy đủ/ bộ makeup cá nhân,7 Đã bán,https://www.lazada.vn/products/pdp-i2861587268.html
Trang điểm,Tiệm Quà Của Mi,78.000 ₫,-50%,39000,,,Tron bộ trang điểm 9 món đầy đủ các bước trang điểm/son/kem nền/Phấn mắt/ Má hồng/ Mascara/ Kẻ mắt/ Bấm mi/ chì mày/Bộcọ,,https://www.lazada.vn/products/pdp-i2904658402.html
Dụng cụ chăm sóc Sắc đẹp,GIA DỤNG SỈ TPHCM,190.000 ₫,-69%,58900,(7),4.6,TỦ GỖ ĐỰNG MỸ PHẨM CÓ GƯƠNG TRANG ĐIỂM HÌNH TAI MÈO SIÊU XINH - KỆ ĐỰNG MỸ PHẨM ĐỒ MAKEUP NHIỀU NGĂN BẰNG GỖ THƠM CAO CẤP CÓ THỂ XẾP GỌN ĐƯỢC - MẪU MỚI 2022,44 Đã bán,https://www.lazada.vn/products/pdp-i1582041606.html
Trang điểm,Mỹ Phẩm Thuý Hường,241.500 ₫,-1%,239085,(2),4.5,Bộ Trang Điểm Makuep Cơ Bản Đầy Đủ [22 Món S6] Bộ Sản Phẩm Makep Của Nữ Dành Cho Người Mới Tập Trang Điểm Mỹ Phẩm Cosmetic,15 Đã bán,https://www.lazada.vn/products/pdp-i2661059639.html
Trang điểm,Mỹ Phẩm Thuý Hường,138.500 ₫,-1%,137115,(2),5.0,Bộ Trang Điểm[12 Món Y7]Đầy Đủ Makeup/Trang Điểm Đi Tiệc/Trang Điểm Cá Nhân Cơ Bản 12 Món,13 Đã bán,https://www.lazada.vn/products/pdp-i2628280319.html
Tủ chứa & Sắp xếp đồ,Gia Dụng Tiện Ích EzyHome,120.000 ₫,-50%,60000,,,"Kệ Nhựa Đựng Mỹ Phẩm 3 Tầng 2 Ngăn Kéo - Hộp Nhựa Chia Ngăn Đựng Cọ, Son, Vật Dụng Cá Nhân Nhỏ Gọn - Kệ Trang Điểm Mini Tiện Lợi Cho Bàn Trang Điểm",,https://www.lazada.vn/products/pdp-i3116906542.html
Trang điểm,Mỹ Phẩm Thuý Hường,246.500 ₫,-1%,244035,,,Bộ Trang Điểm Makuep Cơ Bản Đầy Đủ [22 Món S7] Bộ Sản Phẩm Makep Của Nữ Dành Cho Người Mới Tập Trang Điểm Mỹ Phẩm Cosmetic,,https://www.lazada.vn/products/pdp-i2661090348.html
Trang điểm,Mỹ Phẩm Thuý Hường,239.500 ₫,-1%,237105,,,Bộ Trang Điểm Makuep Cơ Bản Đầy Đủ 22 Món Z4 Bộ Sản Phẩm Makep Của Nữ Dành Cho Người Mới Tập Trang Điểm Mỹ Phẩm Cosmetic,,https://www.lazada.vn/products/pdp-i2661112253.html
Trang điểm,Mỹ Phẩm Thuý Hường,99.000 ₫,-1%,98010,(18),4.5,Bộ Trang Điểm [8 Món ] Xinh Xắn Lameila Dành Cho Người Mới Tập Makuep(Chính Hãng) Bộ 8 món xinh xắn,57 Đã bán,https://www.lazada.vn/products/pdp-i2427027901.html
Trang điểm,Mỹ Phẩm Thuý Hường,129.000 ₫,-1%,127710,(6),4.8,Bộ Trang Điểm[10 Món X7]Đầy Đủ Makeup/Trang Điểm Đi Tiệc/Trang Điểm Cá Nhân Cơ Bản 10 Món X7,21 Đã bán,https://www.lazada.vn/products/pdp-i2605407088.html
Dụng cụ chăm sóc Sắc đẹp,MEHOM - Mê nhà,100.000 ₫,-5%,95000,,,"Khăn Ma Thuật Tự Dính Túi Vải Xếp Magic Đựng Mỹ Phẩm, Lens Máy Ảnh, Đồ Make Up, Laptop Gấp Gọn - Blo Store KMT01",,https://www.lazada.vn/products/pdp-i3167949325.html
Nhập vai Phục trang & Dạ tiệc,Kho Sỉ 247,,,,,,"Hộp đựng mỹ phẩm để bàn, dạng ngăn kéo, siêu đẹp, siêu sang",,https://www.lazada.vn/products/pdp-i2737611471.html
Trang điểm,PaNa- Store,169.000 ₫,-41%,99710,(6),5.0,Bộ Trang Điểm Cá Nhân 7 đến 9 sản phẩm/ phấn nước lameila/Maccara/son/phấn phủ,32 Đã bán,https://www.lazada.vn/products/pdp-i1968046025.html
Vali và Túi du lịch đa năng,Hana Lam,,,,(1),5.0,bộ 3 chai chiết mỹ phẩm bằng silicon,,https://www.lazada.vn/products/pdp-i2939235831.html
Trang điểm,Rose_Giftbox,310.000 ₫,-50%,155000,,,Bộ trang điểm cá nhân/bộ trang điểm đi tiệc/set makeup/ trọn bộ trang điểm/ bộ makeup cá nhân/ Bộ trang điểm 14 món,,https://www.lazada.vn/products/pdp-i2861534236.html
Trang điểm,Tiệm Quà Của Mi,398.000 ₫,-50%,199000,(1),5.0,"Bộ trang điểm, bộ makeup ca nhân đầy đủ cho người mới bắt đầu,  bộ quà tặng trang điểm",6 Đã bán,https://www.lazada.vn/products/pdp-i2858172591.html
Trang điểm,Hangnga Beauty Store,437.000 ₫,-50%,218500,(74),4.8,"Bộ Trang Điểm 24 món, bộ 18 món, Bảng phấn mắt, Kem nền, Kẻ mắt, Kẻ mày, Kẹp cong mi, Gương, Bộ khuôn vẽ mày và Bông mút",215 Đã bán,https://www.lazada.vn/products/pdp-i2545593978.html
Trang điểm,Mỹ Phẩm Thuý Hường,199.000 ₫,-18%,163180,(132),4.9,Bộ Trang Điểm/Bộ trang điểm Đầy Đủ Chính Hãng Cho Người Mới [Bộ 22 món E5] - Lamelia 22 Sản Phẩm Bộ E5,451 Đã bán,https://www.lazada.vn/products/pdp-i2421570043.html
Trang điểm,LPShop01,134.000 ₫,-48%,69680,(3),5.0,"Full Box - Set Trang Điểm HANRU 4 Món Tiện Dụng, Đầy Đủ, Cơ Bản Cho Người Mới Bắt Đầu",9 Đã bán,https://www.lazada.vn/products/pdp-i2965101592.html
Trang điểm,Mỹ Phẩm Thuý Hường,249.000 ₫,-1%,246510,(15),4.7,Bộ Trang Điểm[22 Món Y1 ]Đầy Đủ Makeup/Trang Điểm Đi Tiệc/Trang Điểm Cá Nhân Cơ Bản 22 Món Y1,31 Đã bán,https://www.lazada.vn/products/pdp-i2617260629.html
Dụng cụ chăm sóc Sắc đẹp,7B2Nei.Selection,54.600 ₫,-23%,42042,,,"Túi Đựng Mỹ Phẩm/Đồ Trang Điểm WashBag Trong Suốt Chống Thấm Nước – Tiện Lợi, Thời Trang & Đa Năng - Nhiều Size",26.2K Đã bán,https://www.lazada.vn/products/pdp-i3140943611.html
Trang điểm,Phukienxinh14,109.000 ₫,-46%,58860,(4),5.0,Set Trang Điểm PRETTY MAKEUP MSMEESHU HANRU 4 MÓN,7 Đã bán,https://www.lazada.vn/products/pdp-i2513346987.html
Tủ chứa & Sắp xếp đồ,GIA DỤNG SỈ TPHCM,198.000 ₫,-57%,85140,(2),5.0,KỆ TỦ ĐỰNG MỸ PHẨM ĐỒ TRANG ĐIỂM MINI TRONG SUỐT 4 TẦNG TASHUAN - KỆ NHỰA ĐỰNG MỸ PHẨM 4 TẦNG NGĂN KÉO TIỆN DỤNG,20 Đã bán,https://www.lazada.vn/products/pdp-i1983027549.html
Dụng cụ chăm sóc Sắc đẹp,GIA DỤNG AN NHIÊN .2702,,,,,,"Tủ Đựng Mỹ Phẩm 4 Tầng HOKORI Cao Cấp Nhựa Việt Nhật, Kệ Đựng Mỹ Phẩm, Đồ Trang Điểm",5 Đã bán,https://www.lazada.vn/products/pdp-i2542625046.html
Tủ chứa & Sắp xếp đồ,Gia Dụng Pk,45.000 ₫,-38%,27900,(6),5.0,"Hộp đựng bông tẩy trang trong suốt 252 - Hộp đựng mỹ phẩm phòng tắm - Hộp đựng bông tẩy trang tròn, hộp đưng bông tẩy trang , hộp đưng bông tăm, ống đựng bông tẩy trang",20 Đã bán,https://www.lazada.vn/products/pdp-i3022792548.html
Trang điểm,Mỹ Phẩm Thuý Hường,135.000 ₫,-1%,133650,(17),4.8,Bộ Trang Điểm Đầy Đủ Chính Hãng Bộ Makeup [14 Món E2] Cho Người Mới - Lamelia 14 Sản Phẩm Bộ E2,55 Đã bán,https://www.lazada.vn/products/pdp-i2427059118.html
Trang điểm,Hoa Hướng Dương Store,130.000 ₫,-47%,68900,(1),5.0,Set Trang Điểm 4 Món Hanru Dễ Dàng Với Người Mới Make Up Set trang điểm nền Prrety Makeup 4 món bộ trang điểm đầy đủ cho người mới bắt đầu kiềm dầu kháng nước nâng tone Zentop,,https://www.lazada.vn/products/pdp-i2609636528.html
Dụng cụ chăm sóc Sắc đẹp,Mon-Basic Túi mỹ phẩm,165.000 ₫,-12%,145200,(4),5.0,Túi đựng đồ trang điểm du lịch 2 ngăn kéo -size lớn,9 Đã bán,https://www.lazada.vn/products/pdp-i2682220610.html
Dụng cụ chăm sóc Sắc đẹp,BOSS BIG SHOP,29.000 ₫,-37%,18270,(80),4.8,"Kệ đựng mỹ phẩm, Kệ để đồ đa năng 3 Tầng 2 ngăn kéo để bàn ô tiện ích, Chất liệu nhựa ABS an toàn khi sử dụng",259 Đã bán,https://www.lazada.vn/products/pdp-i2067585727.html
Dụng cụ chăm sóc Sắc đẹp,the gioi vali,110.000 ₫,-28%,79200,(43),5.0,"Túi đựng mỹ phẩm thời trang cao cấp,Tùy chỉnh các ngăn đựng đồ,Chất liệu PU chống thấm nước",166 Đã bán,https://www.lazada.vn/products/pdp-i2494753121.html
Dụng cụ chăm sóc Sắc đẹp,Queen Global Home,95.000 ₫,-32%,64600,(159),4.9,Túi Đựng Mỹ Phẩm Đồ Trang Điểm Nhiều Ngăn Có Móc Treo - Đựng Đồ Du Lịch Cá Nhân Chống Thấm Nước Tiện Lợi,1.3K Đã bán,https://www.lazada.vn/products/pdp-i1257665183.html
Dụng cụ chăm sóc Sắc đẹp,OCE-giadungtienich,105.000 ₫,-36%,67200,(28),4.9,Túi Đựng Mỹ Phẩm Đồ Trang Điểm Trang Sức JYoohome Túi Đựng Đồ Dùng Du Lịch Trong Suốt Chống Thấm Nước,147 Đã bán,https://www.lazada.vn/products/pdp-i2486921387.html
Dụng cụ chăm sóc Sắc đẹp,Shop hàng khuyến mãi Nguyễn Quý,30.000 ₫,-50%,15000,(10),5.0,"Túi đựng mỹ phẩm, Dụng cụ trang điểm, bút thước, đồ cá nhân... Purite",40 Đã bán,https://www.lazada.vn/products/pdp-i2759795941.html
Tủ chứa & Sắp xếp đồ,PTNgoc House 3137.Selection,42.300 ₫,-29%,30033,(44),5.0,"Khay Đựng Son 24 Ô Trong Suốt, Khay Đựng Son Và Mỹ Phẩm Loại Nhỏ Cùng Cọ Trang Điểm Chất Liệu Mica",214 Đã bán,https://www.lazada.vn/products/pdp-i2703588853.html
Dụng cụ chăm sóc Sắc đẹp,Akii Home,110.000 ₫,-42%,63800,(3),5.0,"Túi đựng mỹ phẩm da PU, đồ trang điểm đi du lịch, chống thấm nước, nhiều ngăn, cầm tay tiện lợi Akii Home TD106",12 Đã bán,https://www.lazada.vn/products/pdp-i2664830600.html
Tủ chứa & Sắp xếp đồ,Cửa hàng gia dụng tiện ích HCM,129.000 ₫,-26%,95460,(84),4.8,Kệ Đựng Mỹ Phẩm Đồ Trang Điểm Trang Sức 4 Tầng Trong Suốt 3 Ngăn Kéo Tiện Dụng,269 Đã bán,https://www.lazada.vn/products/pdp-i2413115090.html
Trang điểm,Mỹ Phẩm Thuý Hường,137.500 ₫,-1%,136125,(6),4.8,Bộ Trang Điểm[12 Món Y5]Đầy Đủ Makeup/Trang Điểm Đi Tiệc/Trang Điểm Cá Nhân Cơ Bản 12 Món,18 Đã bán,https://www.lazada.vn/products/pdp-i2628294302.html
Dụng cụ chăm sóc Sắc đẹp,yến sàoo,60.000 ₫,-40%,36000,,,"Túi đựng mỹ phẩm WASHBAG , đựng đồ trang điểm đồ cá nhân chống thấm nước",,https://www.lazada.vn/products/pdp-i2478771670.html
Tủ chứa & Sắp xếp đồ,Gia Dụng Pk,50.000 ₫,-34%,33000,(460),4.9,"Kệ Đựng Mỹ Phẩm, Kệ Để Đồ Trang Điểm Mini 3 Tầng 2 ngăn kéo - Kệ đựng Đồ Đa Năng Nhiều Ô Tiện Ích Có Ngăn Kéo, kệ đựng đồ trang điểm, kệ để bàn mini, kệ mini, kệ đựng đồ đa năng, kệ mini để bàn",1.9K Đã bán,https://www.lazada.vn/products/pdp-i2157423106.html
Trang điểm,Mỹ Phẩm Thuý Hường,129.000 ₫,-1%,127710,(29),4.7,Bộ Trang Điểm[12 Món C10]Đầy Đủ Makeup/Trang Điểm Đi Tiệc/Trang Điểm Cá Nhân Cơ Bản 12 Món C10,129 Đã bán,https://www.lazada.vn/products/pdp-i2428204001.html
Trang điểm,Tiệm Quà Của Mi,70.000 ₫,-50%,35000,,,"Bộ makeup 5 món , bộ trang điểm phấn mắt, má hồng, son môi, mascara, bộ cọ trang điểm",9 Đã bán,https://www.lazada.vn/products/pdp-i2905565289.html
,Great-King,330.000 ₫,-50%,165000,(5),5.0,"DIY Set Tự Làm / Khung tranh đính đá pha lê size 20x25 handmade quà 14/3 tặng người yêu, quà sinh nhật, quà kỉ niệm",10 Đã bán,https://www.lazada.vn/products/pdp-i2621651100.html
Trang điểm,Mỹ Phẩm Thuý Hường,149.000 ₫,-1%,147510,(9),4.6,Bộ Trang Điểm[12 Món X6]Đầy Đủ Các Món Makeup/Trang Điểm Đi Tiệc/Trang Điểm Cơ Bản [12 Món X6],30 Đã bán,https://www.lazada.vn/products/pdp-i2495525326.html
Trang điểm,Mỹ Phẩm Thuý Hường,350.000 ₫,-1%,346500,(12),5.0,[ Bộ trang điểm] 27 Món [V5] Bộ sản phẩm  trang điểm MAKEUP  gồm 27 món (V5) đa năng tiện dụng Dành cho người mới tầm makeup [chính hãng],31 Đã bán,https://www.lazada.vn/products/pdp-i2584394827.html
Trang điểm,Mỹ Phẩm Thuý Hường,189.000 ₫,-14%,162540,(46),4.5,Bộ Trang Điểm[21 Món A1]Đầy Đủ Makeup/Trang Điểm Đi Tiệc/Trang Điểm Cá Nhân Cơ Bản Bộ 22 món A1,134 Đã bán,https://www.lazada.vn/products/pdp-i2421514401.html
Dụng cụ chăm sóc Sắc đẹp,Mon-Basic Túi mỹ phẩm,300.000 ₫,-22%,234000,(9),5.0,Túi đựng đồ trang điểm sức chứa lớn chống thấm nước,34 Đã bán,https://www.lazada.vn/products/pdp-i2412324488.html
Trang điểm,Hangnga Beauty Store,190.000 ₫,-50%,95000,(6),4.8,"[Bộ 18sp E5] Bộ make up, mỹ phẩm trang điểm, xịt khoá make-up, Kem nền, phấn má, phấn phủ, bộ cọ, tạo khối, che khuyết điểm, kẹp bấm mi, phấn mắt, kem lót, chuốt mi mascara, kẻ mắt, kẻ mày...",27 Đã bán,https://www.lazada.vn/products/pdp-i2685257652.html
Tủ chứa & Sắp xếp đồ,Gia Dụng Pk,76.000 ₫,-28%,54720,(2),5.0,"Hộp đựng cọ trang điểm 2959 - hộp đựng cọ có nắp kín chống ẩm mốc bụi bẩn, hộp dựng cọ trang điểm, hộp đựng mỹ phẩm, hộp đựng có nắp, hộp đựng trang sức",6 Đã bán,https://www.lazada.vn/products/pdp-i3027359155.html
Chăm sóc da mặt,TI DO,,,,(142),4.9,"Gel Nha Đam dưỡng ẩm 98% SIMU MMEI'R 300ml - Gel Lô Hội nội địa Trung dưỡng da, cấp ẩm cho da mặt TIDO",1.1K Đã bán,https://www.lazada.vn/products/pdp-i1958720265.html
Dụng cụ chăm sóc Sắc đẹp,A&D MaLL,130.000 ₫,-42%,75400,(3),5.0,Kệ Đựng Mỹ Phẩm Mẫu Mới Cỡ Lớn - Đồ Trang Điểm Để Bàn Xoay 360  Sang Trọng Cao Cấp - Mẫu Mới Cực Đẹp,8 Đã bán,https://www.lazada.vn/products/pdp-i2605442133.html
Dụng cụ chăm sóc Sắc đẹp,Tạp hoá đồ dùng1102,110.000 ₫,-19%,89100,(1),5.0,"Kệ đựng mỹ phẩm nhựa 4 tầng để bàn tặng kèm sticker, khay đựng đồ trang điểm nhiều ngăn , decor bàn học, đựng bút",,https://www.lazada.vn/products/pdp-i2857928472.html
Trang điểm,Mỹ Phẩm Thuý Hường,210.000 ₫,-14%,180600,(2),5.0,Bộ trang điểm combo [22 món A11] makeup đầy đủ phấn mắt + phấn phủ + phấn má + kem nền +kem chống nắng + má hồng + mascara + son + bộ cọ +chì mày Bộ Trang Điểm [A11],,https://www.lazada.vn/products/pdp-i2427010823.html
Trang điểm,PaNa- Store,189.000 ₫,-39%,115290,(76),4.8,Bộ Trang Điểm Dành Cho Người Mới Tập Make Up/Trang Điểm Cá Nhân,322 Đã bán,https://www.lazada.vn/products/pdp-i1979447362.html
Dụng cụ chăm sóc Sắc đẹp,ROSE.Hi,,,,,,Cốp vải đựng đồ makeup đồ nail size to. Cốp vải có dây đeo đựng đồ makeup chuyên nghiệp SIZE đại MS 00027,5 Đã bán,https://www.lazada.vn/products/pdp-i3123359441.html
Chăm sóc cá nhân,Milan shop hcm,27.500 ₫,-10%,24750,(49),5.0,SET KÍCH TRẮNG TẶNG KÈM MUỖNG TRỘN KEM,244 Đã bán,https://www.lazada.vn/products/pdp-i2259311304.html
Trang điểm,CHINH HÃNG - SIÊU THỊ SỨC KHỎE VẺ ĐẸP,190.000 ₫,-32%,129200,(8),5.0,Bộ trang điểm cao cấp đủ màu hàng chính hãng,20 Đã bán,https://www.lazada.vn/products/pdp-i2985779307.html
Dụng cụ chăm sóc Sắc đẹp,My MiNail,,,,(15),4.7,Cốp nhôm 2 tầng đựng đồ trang điểm 32x26x21 Nail mi.phun xăm .make up,72 Đã bán,https://www.lazada.vn/products/pdp-i1468509050.html
Trang điểm,Hoa Bồ Công Anh Store,99.000 ₫,-30%,69300,(545),4.9,[SALE] Set Trang Điểm PRETTY MAKEUP HANRU 4 Món set trang điểm tiện dụng đa năng cho người mới bắt đầu,1.8K Đã bán,https://www.lazada.vn/products/pdp-i2525214388.html
Chăm sóc da mặt,Chuyên sỉ lẻ Tăng Giảm cân,400.000 ₫,-13%,348000,(149),4.7,[Chính Hãng] Cao mụn sâm đỏ 36 vị hủ 15g,803 Đã bán,https://www.lazada.vn/products/pdp-i805228987.html
Trang điểm,Mỹ Phẩm Thuý Hường,249.000 ₫,-14%,214140,(4),4.5,Bộ trang điểm [22 món Y2] combo makeup đầy đủ phấn mắt + phấn phủ + phấn má + kem nền +kem chống nắng + má hồng + mascara + son + bộ cọ +chì mày Bộ Y2,8 Đã bán,https://www.lazada.vn/products/pdp-i2617271582.html
Trang điểm,Mỹ Phẩm Thuý Hường,350.000 ₫,-1%,346500,(39),4.8,Bộ Trang Điểm[27 Món] W1 Đầy Đủ Makeup/Trang Điểm Đi Tiệc/Trang Điểm Cá Nhân Cơ Bản 27 Món bộ W1,98 Đã bán,https://www.lazada.vn/products/pdp-i2579482980.html
Trang điểm,PaNa- Store,149.000 ₫,-42%,86420,(332),4.8,HOÀN TIỀN 15% - Bộ trang điểm Lameila 7 đến 8 món (Chính Hãng),1.5K Đã bán,https://www.lazada.vn/products/pdp-i1651160228.html
Dụng cụ chăm sóc Sắc đẹp,GIA DỤNG AN NHIÊN .2702,130.000 ₫,-48%,67600,(13),4.9,Kệ Đựng Mỹ Phẩm Mẫu Mới Cỡ Lớn - Đồ Trang Điểm Để Bàn Xoay 360  Sang Trọng Cao Cấp - Mẫu Mới Cực Đẹp,69 Đã bán,https://www.lazada.vn/products/pdp-i2603139437.html
Trang điểm,BeautyCN,109.000 ₫,-46%,58860,(151),4.8,Set trang điểm Hanru 4 món tiện dụng cho người mới bắt đầu,543 Đã bán,https://www.lazada.vn/products/pdp-i2513632424.html
Chăm sóc da mặt,AstarShop.Selection,37.000 ₫,-29%,26270,(28),5.0,Tinh Chất Làm Trắng Dưỡng Ẩm Kiểm Soát Dầu Se Khít Lỗ Chân Lông Chống Lão Hóa 15ml,109 Đã bán,https://www.lazada.vn/products/pdp-i2623572686.html
Trang điểm,Mỹ Phẩm Thuý Hường,350.000 ₫,-14%,301000,(6),5.0,Bộ Trang Điểm[27 Món] M5 Đầy Đủ Makeup/Trang Điểm Đi Tiệc/Trang Điểm Cá Nhân Cơ Bản 27 Món M5,14 Đã bán,https://www.lazada.vn/products/pdp-i2456941585.html
Vali và Túi du lịch đa năng,HY WAXING,52.000 ₫,-48%,27040,(1),5.0,Bộ Chiết Mỹ Phẩm Du Lịch 5 Món Tặng Kèm Túi Zip Tiện Lợi Dễ Dàng Đem Theo HY WAXING 4002,7 Đã bán,https://www.lazada.vn/products/pdp-i2374981526.html
Dụng cụ chăm sóc Sắc đẹp,LPThienY,21.800 ₫,-50%,10900,,,Bộ cọ trang điểm cá nhân 8 cây tặng kèm túi Zip Vintage,,https://www.lazada.vn/products/pdp-i3069673254.html
Trang điểm,MICOMI Cosmetics,158.000 ₫,-50%,79000,(8),4.1,"Bộ Trang Điểm Đầy Đủ 8 Món Set Trang Điểm Makeup Từ A-Z Đi Tiệc Đi Chơi Đi Làm MICOMI Cosmetics Kem Nền, Phấn Phủ, Phấn Mắt, Mascara, Chì Kẻ Mày, Kẻ Mắt, Son Môi",54 Đã bán,https://www.lazada.vn/products/pdp-i1906679078.html
Nhập vai Phục trang & Dạ tiệc,Toyfun-VN,88.000 ₫,-13%,76560,(23),4.6,Bộ đồ chơi mỹ phẩm dụng cụ trang điểm 33 món không độc hại chất liệu an toàn nhiều lựa chọn thích hợp cho bé,142 Đã bán,https://www.lazada.vn/products/pdp-i2721652746.html
Nhập vai Phục trang & Dạ tiệc,hoco_ SUPERSTAR _store,368.200 ₫,-38%,228284,(3),4.0,【🔥siêu rẻ】Bộ mỹ phẩm đồ chơi trang điểm 33 món không độc hại thích hợp cho bé,15 Đã bán,https://www.lazada.vn/products/pdp-i2496153432.html
Tủ chứa & Sắp xếp đồ,SUKA HOUSE 999,,,,,,"Khay Đựng Nhựa Mỹ Phẩm, Khay Đựng Đồ Trong Suốt Có Quai, Khay Đựng Đồ Đa Năng",,https://www.lazada.vn/products/pdp-i2825888222.html
Nhập vai Phục trang & Dạ tiệc,HENGHOME Vietnam,170.190 ₫,-44%,95306,(1),5.0,HENGHOME 1 bộ không độc hại cô gái trang điểm đạo cụ trẻ em giả vờ chơi mô phỏng mỹ phẩm đồ chơi Kit với Eyeshadow Palette và son môi Applicator,9 Đã bán,https://www.lazada.vn/products/pdp-i3066444242.html
Dụng cụ chăm sóc Sắc đẹp,Mymy20.shop,32.000 ₫,-25%,24000,(4),5.0,"Túi xách nữ đựng đồ dùng cá nhân, mỹ phẩm, bóp viết 22*11*4.5cm",40 Đã bán,https://www.lazada.vn/products/pdp-i3005750396.html
Dụng cụ chăm sóc Sắc đẹp,shopmymy VN111KL,58.000 ₫,-57%,24940,(7),5.0,"Túi Đựng Mỹ Phẩm, Đồ Trang Điểm Đi Du Lịch Luxury Washbag Trong Suốt Chống Thấm Nước Tiện Lợi WB02",35 Đã bán,https://www.lazada.vn/products/pdp-i2912602475.html
Dụng cụ chăm sóc Sắc đẹp,BUM BI,,,,(2),5.0,"Túi Đựng Đồ Trang Điểm Makeup Đính Hoa Tulip Dễ Thương, Túi Vải Mỹ Phẩm Có Quai Xách Tiện Lợi Khi Đi Du Lịch Nhiều Màu",,https://www.lazada.vn/products/pdp-i3028176047.html
Tủ chứa & Sắp xếp đồ,Nội Thất YTC,400.000 ₫,-34%,264000,(284),4.9,"Hộp Đựng Mỹ Phẩm Đa Năng, Kệ Đựng Đồ Trang Điểm Trong Suốt",1.0K Đã bán,https://www.lazada.vn/products/pdp-i1549138141.html
Dụng cụ chăm sóc Sắc đẹp,Tuidonghang.hcm,79.000 ₫,-30%,55300,(47),4.6,Kệ đựng mĩ phẩm đồ trang điểm nhựa để bàn có ngăn kéo tiện lợi,168 Đã bán,https://www.lazada.vn/products/pdp-i2253318618.html
Chăm sóc da mặt,CHINH HÃNG - SIÊU THỊ SỨC KHỎE VẺ ĐẸP,550.000 ₫,-42%,319000,(48),4.8,[Hoàn tiền 20%] Bộ Dưỡng Trắng Da 7 Ngày Trắng Sáng Đẹp Không Tì Vết Xóa Nhăn Vĩnh Viễn Cấp Ẩm Mờ Thâm Hết Nám SADOER,130 Đã bán,https://www.lazada.vn/products/pdp-i2024376532.html
Dụng cụ chăm sóc Sắc đẹp,ACB phát,220.000 ₫,-35%,143000,(13),4.6,"Cốp Vải Chống Thấm Nước_Cốp Vali LV Mini Đựng Dụng Cụ Phun Xăm, Spa, Nail, Túi Đựng Đồ Makeup Cốp Trang Điểm Cá Nhân_Túi đồ dùng cá nhân & mỹ phẩm",44 Đã bán,https://www.lazada.vn/products/pdp-i2235256831.html
,Công ty Gấu con,,,,(159),4.9,"[đồ dùng học tập]Màu nước vẽ tranh cho bé  An toàn - không độc hại màu đẹp, mịn, sáng dùng vẽ trên giấy, tô tượng",827 Đã bán,https://www.lazada.vn/products/pdp-i1404636198.html
Dụng cụ chăm sóc Sắc đẹp,Mon-Basic Túi mỹ phẩm,80.000 ₫,-19%,64800,(1),5.0,Túi đựng đồ makeup nhỏ gọn có chia ngăn,5 Đã bán,https://www.lazada.vn/products/pdp-i2681979743.html
Trang điểm,Mỹ Phẩm Thuý Hường,129.000 ₫,-1%,127710,(23),5.0,Bộ trang điểm đầy đủ [10 món X3]  cơ bản set trang điểm cá nhân bộ makeup nhẹ nhàng đi chơi cho nàng Hatola Bộ X3,96 Đã bán,https://www.lazada.vn/products/pdp-i2495571086.html
Dụng cụ chăm sóc Sắc đẹp,THẾ GIỚI DÉP LÔNG 1992,99.000 ₫,-20%,79200,(4),5.0,"Túi hộp đựng mỹ phẩm, đồ trang điểm hộp đứng cứng ko gấp gọn được",29 Đã bán,https://www.lazada.vn/products/pdp-i2376356125.html
Trang điểm,Mỹ Phẩm Thuý Hường,250.000 ₫,-20%,200000,(106),4.7,Bộ Trang Điểm[22 Món A2]Đầy Đủ Makeup/Trang Điểm Đi Tiệc/Trang Điểm Cá Nhân Cơ Bản 22 Món A2,389 Đã bán,https://www.lazada.vn/products/pdp-i2414792532.html
Dụng cụ chăm sóc Sắc đẹp,GIA DỤNG SỈ TPHCM,132.000 ₫,-58%,55440,,,KỆ ĐỰNG MỸ PHẨM CỌ TRANG ĐIỂM 5 NGĂN XOAY 360 ĐỘ TIỆN LỢI PHONG CÁCH HÀN QUỐC XINH XẮN. ỐNG ĐỰNG BÚT ĐỒ DÙNG HỌC TẬP ĐỂ BÀN ĐA NĂNG,,https://www.lazada.vn/products/pdp-i3102607996.html
Trang điểm,PaNa- Store,319.000 ₫,-48%,165880,(296),4.9,HOÀN TIỀN 15% - Trọn bộ 15 món trang điểm Lameila/ combo makeup/son/kem nền,885 Đã bán,https://www.lazada.vn/products/pdp-i2197672582.html
Chăm sóc da mặt,YoonnaShop,58.000 ₫,-25%,43500,(1761),4.9,SERUM Trắng Da Ngừa Mụn Senana 15ml Trẻ Hóa Da Kiểm Soát Dầu Dưỡng Ẩm,10.8K Đã bán,https://www.lazada.vn/products/pdp-i1729938188.html
Dụng cụ chăm sóc Sắc đẹp,BUM BI,,,,(2),5.0,Túi đựng mỹ phẩm trong suốt Túi đựng đồ trang điểm hình thú dễ thương nhiều kích thước WASH BAG - BUMSTORE,5 Đã bán,https://www.lazada.vn/products/pdp-i2335189440.html
Tủ chứa & Sắp xếp đồ,Forest Home,252.199 ₫,-33%,168973,,,"Kệ Đựng Mỹ Phẩm, Đồ Trang Điểm, Kệ Nhựa Đựng Đồ Đa Năng Nhiều Tầng loại ngăn kéo Hộp đựng mỹ phẩm",,https://www.lazada.vn/products/pdp-i3179343536.html
Dụng cụ chăm sóc Sắc đẹp,HNKMP Vietnam,43.861 ₫,-44%,24562,,,HNKMP Hộp đựng bút chì nơ đen đơn giản phong cách Ins Túi đựng bút chì dung tích lớn Túi đựng mỹ phẩm túi đựng văn phòng phẩm đồ dùng học tập,,https://www.lazada.vn/products/pdp-i3176537297.html
Trang điểm,Mỹ Phẩm Thuý Hường,210.000 ₫,-1%,207900,(18),4.8,Bộ Trang Điểm[20 Món D9]Đầy Đủ Makeup/Trang Điểm Đi Tiệc/Trang Điểm Cá Nhân Cơ Bản 20 Món Bộ D9,40 Đã bán,https://www.lazada.vn/products/pdp-i2428168315.html
Dụng cụ chăm sóc Sắc đẹp,SHINE TORE SHOP,90.000 ₫,-50%,45000,(1),5.0,"Túi đựng đồ cá nhân , túi phụ kiên cá nhân , túi đựng đồ trang điểm DA cao cấp SHINE TORE ST-273",,https://www.lazada.vn/products/pdp-i2892794970.html
Dụng cụ chăm sóc Sắc đẹp,BUM BI,,,,(19),4.9,Túi đựng mỹ phẩm tiện lợi,148 Đã bán,https://www.lazada.vn/products/pdp-i258549228.html
Dụng cụ chăm sóc Sắc đẹp,DOTI Plus,25.000 ₫,-40%,15000,(7),4.7,"Bộ cọ trang điểm gốm 8 món Vintage, bộ cọ trang điểm cá nhân, Túi Zip, Lông Mềm Mịn, Hàng Cao Cấp.",24 Đã bán,https://www.lazada.vn/products/pdp-i2284462425.html
Dụng cụ chăm sóc Sắc đẹp,Cikmi store,173.714 ₫,-26%,128548,(6),5.0,Cốp Đựng Mỹ Phẩm Vật liệu Da Túi trang điểm dung tích lớn có gương LED Thông Minh Đựng Mỹ Phẩm Túi đựng đồ makeup,30 Đã bán,https://www.lazada.vn/products/pdp-i2885285884.html
Tủ chứa & Sắp xếp đồ,Gia Dụng Pk,260.000 ₫,-28%,187200,(4),5.0,"Tủ đựng mỹ phẩm nắp 3T Hokori 3639-3, đồ trang điểm Việt Nhật cao cấp, Tủ đựng mỹ phẩm trong suốt hiện đại",14 Đã bán,https://www.lazada.vn/products/pdp-i2662426956.html
Trang điểm,Shop hàng khuyến mãi Nguyễn Quý,100.000 ₫,-48%,52000,,,Combo 3 món du lịch tiện lợi : 1 Chai nước tẩy trang 100ml + 1 sữa rửa mặt 40g + 1 Bông tẩy trang 30 miếng,,https://www.lazada.vn/products/pdp-i3083266680.html
Dụng cụ chăm sóc Sắc đẹp,BUM STORE.,,,,(149),4.7,Túi đựng mỹ phẩm tiện lợi,860 Đã bán,https://www.lazada.vn/products/pdp-i248591378.html
Trường học & văn phòng,Tuidonghang.hcm,23.000 ₫,-17%,19090,(23),4.8,"Túi Đựng Bút Viết Trong Suốt - Túi Đựng Đồ, Mỹ Phẩm  Họa Tiết Dễ Thương",110 Đã bán,https://www.lazada.vn/products/pdp-i2333098459.html
Trang điểm,PaNa- Store,190.000 ₫,-43%,108300,(34),4.9,Bộ trang điểm Lameila chuyên nghiệp 8 món,126 Đã bán,https://www.lazada.vn/products/pdp-i1772158719.html
Trang điểm,Mỹ Phẩm Thuý Hường,220.000 ₫,-7%,204600,(14),5.0,Sét Trang Điểm [20 món V12] Đầy Đủ Make Up/ Trang điểm đi tiệc/trang điểm cá nhân V12,53 Đã bán,https://www.lazada.vn/products/pdp-i2414723992.html
Dụng cụ chăm sóc Sắc đẹp,Qiyue.STORY,231.845 ₫,-36%,148380,(19),5.0,"Lớn 3 Lớp Hộp Đựng Mỹ Phẩm Vải Oxford Chống Thấm Nước Hình Xăm/Làm Móng Tay/Trang Điểm Hộp Dụng Cụ, Đồ Lót Du Lịch Hộp Bảo Quản",84 Đã bán,https://www.lazada.vn/products/pdp-i2622706014.html
Dụng cụ chăm sóc Sắc đẹp,- GIÁ RẺ NHẤT -,55.000 ₫,-31%,37950,(46),4.9,"Kệ đựng mỹ phẩm, Kệ để đồ đa năng 3 Tầng 2 ngăn kéo để bàn ô tiện ích, Chất liệu nhựa ABS an toàn khi sử dụng",151 Đã bán,https://www.lazada.vn/products/pdp-i2067654275.html
Tủ chứa & Sắp xếp đồ,Phụ Kiện Giá Tốt 24H,80.000 ₫,-46%,43200,(20),4.9,"Kệ Đựng Mỹ Phẩm, Remote , Đồ Dùng Đa Năng Cỡ To 4 Ngăn - Rổ Nhựa 4 Ngăn Đựng Đồ Tiện Ích - Khay Nhựa 4 Ngăn  - Khay Đựng Đồ - Khay Bút - Khay Tiện ích 4 Ngăn Nhựa PP Tiện Lợi",69 Đã bán,https://www.lazada.vn/products/pdp-i2418989860.html
Dụng cụ chăm sóc Sắc đẹp,SUKA HOUSE 999,,,,(3),5.0,"Kệ Mỹ Phẩm Có Gương Size Đơn, Kể Tủ Đựng Mỹ Phẩm Mini, Kệ Đựng Đồ Trang Điểm",,https://www.lazada.vn/products/pdp-i2825553573.html
Dụng cụ chăm sóc Sắc đẹp,TI DO,,,,(141),4.9,HOÀN TIỀN 20% - Khay Kệ Đựng Mỹ Phẩm Trang Điểm Trong Suốt Để Bàn Cao Cấp Loại Dày TI DO,,https://www.lazada.vn/products/pdp-i250052812.html
Dụng cụ chăm sóc Sắc đẹp,Gia Dụng Pk,158.000 ₫,-25%,118500,(1),5.0,"Túi Đựng Mỹ Phẩm - Đựng Đồ Cá Nhân Gấp Gọn DA SẦN 4 NGĂN Chất Liệu Da Sang Trọng, túi đựng mỹ phẩm, túi da, túi, hộp đựng mỹ phẩm, túi đựng cọ ,túi gấp gọn,",,https://www.lazada.vn/products/pdp-i3048412060.html
Dụng cụ chăm sóc Sắc đẹp,BUM BI,,,,(8),5.0,Túi mỹ phẩm đa năng có ngăn lưới tiện dụng WASH BAG Túi du lịch đựng đồ nhiều màu chống thấm nước - BUMSTORE,29 Đã bán,https://www.lazada.vn/products/pdp-i2344803313.html
Nhập vai Phục trang & Dạ tiệc,Hoa Hướng Dương Store,140.000 ₫,-46%,75600,(9),5.0,Bộ Phấn Trang Điểm Make Up Kit A.D.S - Trang Điểm Bột Hộp Trang Điểm Bộ Sinh Viên Trang Điểm Set Full,48 Đã bán,https://www.lazada.vn/products/pdp-i2607865903.html
Nhập vai Phục trang & Dạ tiệc,A_hoco__Store,373.830 ₫,-44%,209344,(2),5.0,【giao hàng trong vòng 24h】Bộ mỹ phẩm đồ chơi trang điểm 33 món không độc hại thích hợp cho bé,6 Đã bán,https://www.lazada.vn/products/pdp-i2664089214.html
Trang điểm,Mỹ Phẩm Thuý Hường,149.000 ₫,-1%,147510,(484),4.8,Bộ Trang Điểm[12 Món X4]Đầy Đủ Makeup/Trang Điểm Đi Tiệc/Trang Điểm Cá Nhân Cơ Bản [12 Món X4],1.6K Đã bán,https://www.lazada.vn/products/pdp-i2495559111.html
Vali và Túi du lịch đa năng,SUKA HOUSE 999,,,,(52),4.8,Túi Đựng Mỹ Phẩm Đồ Trang Điểm WASHBAG Túi Đựng Đồ Cá Nhân Du Lịch Chống Thấm Nước A2421,243 Đã bán,https://www.lazada.vn/products/pdp-i2527457921.html
Trang điểm,Hoa Hướng Dương Store,130.000 ₫,-47%,68900,(1),5.0,Set Trang Điểm 4 Món Hanru Dễ Dàng Với Người Mới Make Up Set trang điểm nền Prrety Makeup 4 món bộ trang điểm đầy đủ cho người mới bắt đầu kiềm dầu kháng nước nâng tone Zentop,,https://www.lazada.vn/products/pdp-i2609636528.html
Trang điểm,Hoa Bồ Công Anh Store,99.000 ₫,-30%,69300,(545),4.9,[SALE] Set Trang Điểm PRETTY MAKEUP HANRU 4 Món set trang điểm tiện dụng đa năng cho người mới bắt đầu,1.9K Đã bán,https://www.lazada.vn/products/pdp-i2525214388.html
Trang điểm,Sức Sống Mới - Vẻ Đẹp Và Sức Khỏe,110.000 ₫,-68%,35200,(39),4.9,Kem Nền Che Khuyết Điểm CC Stick Concealer Chống Thấm Nước Độ Che Phủ Siêu Mịn Siêu Tự Nhiên,173 Đã bán,https://www.lazada.vn/products/pdp-i2182544156.html
Tủ chứa & Sắp xếp đồ,Cửa hàng gia dụng tiện ích HCM,129.000 ₫,-26%,95460,(85),4.8,Kệ Đựng Mỹ Phẩm Đồ Trang Điểm Trang Sức 4 Tầng Trong Suốt 3 Ngăn Kéo Tiện Dụng,270 Đã bán,https://www.lazada.vn/products/pdp-i2413115090.html
Trang điểm,Mỹ Phẩm Thuý Hường,129.000 ₫,-14%,110940,(2),5.0,Bộ Trang Điểm[12 Món D10]Đầy Đủ Makeup/Trang Điểm Đi Tiệc/Trang Điểm Cá Nhân Cơ Bản 12 Món Bộ D10,7 Đã bán,https://www.lazada.vn/products/pdp-i2428196090.html
Trang điểm,Mỹ Phẩm Thuý Hường,139.000 ₫,-14%,119540,(11),5.0,(Bán Buôn Sỉ) Bộ trang điểm 13 món son blar A12  chất ngất: Kem BB+Phấn phủ+Phấn mắt+Mascara+Kẻ mày+Kẻ mắt+... Set Trang Điểm Bộ 13 món son Blr A2,32 Đã bán,https://www.lazada.vn/products/pdp-i2488771524.html
Chăm sóc da mặt,TỔNG KHO MỸ PHẨM GIÁ GỐC,,,,,,Bộ sản phẩm dưỡng da -căng bóng chăm sóc da mặt KanjN bộ 12 sản phẩm nội địa trυng mẫu nâng cấp,,https://www.lazada.vn/products/pdp-i2636587894.html
Trang điểm,Mỹ Phẩm Thuý Hường,,,,(2),4.5,Bộ Trang Điểm Makuep Cơ Bản Đầy Đủ [22 Món S6] Bộ Sản Phẩm Makep Của Nữ Dành Cho Người Mới Tập Trang Điểm Mỹ Phẩm Cosmetic,15 Đã bán,https://www.lazada.vn/products/pdp-i2661059639.html
Trang điểm,Mỹ Phẩm Thuý Hường,,,,,,Bộ Trang Điểm Makuep Cơ Bản Đầy Đủ 22 Món Z4 Bộ Sản Phẩm Makep Của Nữ Dành Cho Người Mới Tập Trang Điểm Mỹ Phẩm Cosmetic,,https://www.lazada.vn/products/pdp-i2661112253.html
Trang điểm,Mỹ Phẩm Thuý Hường,,,,,,Bộ Trang Điểm Makuep Cơ Bản Đầy Đủ [22 Món S7] Bộ Sản Phẩm Makep Của Nữ Dành Cho Người Mới Tập Trang Điểm Mỹ Phẩm Cosmetic,,https://www.lazada.vn/products/pdp-i2661090348.html
,,,,,,,"Túi đựng đồ trang điểm cá nhân nhiều ngăn, chất dày xịn loại tốt - size lớn 26x22x10cm",8 Đã bán,https://www.lazada.vn/products/pdp-i2427115371.html
Nhập vai Phục trang & Dạ tiệc,nxMNtxBu,,,,,,bộ trang điểm,,https://www.lazada.vn/products/pdp-i2951103470.html
Trang điểm,Luckyhouse vn,,,,(16),4.8,Bộ trang điểm cá nhân đầy đủ 13 món tặng kèm túi xách làm quà,87 Đã bán,https://www.lazada.vn/products/pdp-i2016377562.html
Trang điểm,Mỹ Phẩm Thuý Hường,149.000 ₫,-1%,147510,(9),4.6,Bộ Trang Điểm[12 Món X6]Đầy Đủ Các Món Makeup/Trang Điểm Đi Tiệc/Trang Điểm Cơ Bản [12 Món X6],30 Đã bán,https://www.lazada.vn/products/pdp-i2495525326.html
Trang điểm,Mê hàng Trung Hoa,,,,,,Bộ Trang Điểm nội địa Trung 10 Món Cổ Trang KAQILI chính hãng,,https://www.lazada.vn/products/pdp-i2369718650.html
Nước hoa,Mỹ Phẩm Quỳnh Chi,125.000 ₫,-16%,105000,(10),5.0,ĐỦ 5 MÀU Nước hoa Pinky Sweet Cindy Classic Trẻ Trung Tinh Tế Trang Nhã Nhẹ Nhàng Lôi Cuốn 50ml,73 Đã bán,https://www.lazada.vn/products/pdp-i2421184463.html
Vali và Túi du lịch đa năng,Hala Thế Giới Gia Dụng,80.000 ₫,-12%,70400,(6),4.7,"Túi Đựng Mỹ Phẩm Du Lịch Cao Cấp Living C, Túi Đựng Đồ Trang Điểm Khóa Chéo Chất Lượng Cao Tiện Lợi",52 Đã bán,https://www.lazada.vn/products/pdp-i2687706575.html
Dụng cụ chăm sóc Sắc đẹp,GIA DỤNG MUN SHOP,,,,(2),5.0,"Kệ đựng mỹ phẩm 2 tầng, hộp đựng đồ trang điểm, makeup bằng nhựa cao cấp, tiện sử dụng",5 Đã bán,https://www.lazada.vn/products/pdp-i2196649890.html
Tủ chứa & Sắp xếp đồ,GIA DỤNG SỈ TPHCM,198.000 ₫,-50%,99000,(2),5.0,KỆ TỦ ĐỰNG MỸ PHẨM ĐỒ TRANG ĐIỂM MINI TRONG SUỐT 4 TẦNG TASHUAN - KỆ NHỰA ĐỰNG MỸ PHẨM 4 TẦNG NGĂN KÉO TIỆN DỤNG,20 Đã bán,https://www.lazada.vn/products/pdp-i1983027549.html
Trang điểm,LPTHIENYSHOP,129.800 ₫,-46%,70092,(3),5.0,Bộ Trang Điểm 4 Món Hanru Đầy Đủ Tiện Lợi Cho Người Mới Bắt Đầu,13 Đã bán,https://www.lazada.vn/products/pdp-i2959235342.html
Trang điểm,Mê hàng Trung Hoa,88.000 ₫,-10%,79200,(1),5.0,Set trang điểm đầy đủ 9 món Hươu vàng,6 Đã bán,https://www.lazada.vn/products/pdp-i2369743642.html
Trang điểm,Alyssa Store Trung Hoa,349.000 ₫,-3%,338530,(10),4.6,"Bộ trang điểm Nội địa Trung đầy đủ 10 món KAQILI, Phong cách cổ trang + Tặng kèm túi đựng đẹp - Quà tặng nữ",34 Đã bán,https://www.lazada.vn/products/pdp-i2419044393.html
Trang điểm,Mỹ Phẩm Thuý Hường,289.000 ₫,-1%,286110,(25),4.6,Bộ Trang Điểm Makuep Cơ Bản Đầy Đủ [24 Món S4] Bộ Sản Phẩm Makep Của Nữ Dành Cho Người Mới Tập Trang Điểm Mỹ Phẩm Cosmetic,87 Đã bán,https://www.lazada.vn/products/pdp-i2661137010.html
Vali và Túi du lịch đa năng,An An Nguyễn Store,75.000 ₫,-25%,56250,(42),5.0,"Túi Lưới Đựng Mỹ Phẩm Trang Điểm , Đồ Dùng Du Lịch Hình Hộp (Nhiều Kích Cỡ)",157 Đã bán,https://www.lazada.vn/products/pdp-i2309771080.html
Chăm sóc cá nhân,MỸ KIM COSMETICS,,,,,,"Vagisil xịt khô vệ sinh khử mùi Peach Blossom - Hàng Mỹ - SẢN PHẨM CHẤT LƯỢNG CAO, ĐƯỢC YÊU THÍCH SĂN ĐÓN TRÊN THỊ TRƯỜNG HIỆN NAY, HÀNG ĐẢM BẢO DÙNG SIÊU THÍCH MỜI KHÁCH YÊU TRẢI NGHIỆM",,https://www.lazada.vn/products/pdp-i2592838159.html
Dụng cụ chăm sóc Sắc đẹp,Tạp hoá đồ dùng1102,110.000 ₫,-19%,89100,(1),5.0,"Kệ đựng mỹ phẩm nhựa 4 tầng để bàn tặng kèm sticker, khay đựng đồ trang điểm nhiều ngăn , decor bàn học, đựng bút",,https://www.lazada.vn/products/pdp-i2857928472.html
Trang điểm,Luckyhouse vn,489.000 ₫,-25%,366750,(4),5.0,Bộ Trang điểm 15 món Sodilan có kem dưỡng và Gương Led,12 Đã bán,https://www.lazada.vn/products/pdp-i2347162142.html
Vali và Túi du lịch đa năng,Amalife Việt Nam,150.000 ₫,-34%,99000,(57),4.9,"Túi Đựng Đồ Mỹ Phẩm, Túi Đựng Đồ Trang Điểm, Túi Đựng Đồ Cá Nhân Đi Du Lịch Nhiều Ngăn Chống Nước Chính Hãng Amalife",217 Đã bán,https://www.lazada.vn/products/pdp-i2135512955.html
Trang điểm,Hangnga Beauty Store,190.000 ₫,-50%,95000,(7),4.9,"[Bộ 18sp E5] Bộ make up, mỹ phẩm trang điểm, xịt khoá make-up, Kem nền, phấn má, phấn phủ, bộ cọ, tạo khối, che khuyết điểm, kẹp bấm mi, phấn mắt, kem lót, chuốt mi mascara, kẻ mắt, kẻ mày...",28 Đã bán,https://www.lazada.vn/products/pdp-i2685257652.html
Trang điểm,Rose_Giftbox,350.000 ₫,-43%,199500,(1),5.0,Bộ Trang Điểm 11 Món Đầy Đủ Make Up/ Trang điểm đi tiệc/trang điểm cá nhân/ Combo makeup / Set Trang Điểm,,https://www.lazada.vn/products/pdp-i2861565230.html
Trang điểm,Shop Ngọc Xinh Cosmetic,110.000 ₫,-27%,80300,,,"(Bán Chạy) Bộ Trang Điểm Kem Nền trang điểm HANRU Gồm 4 Món Che Khuyết Điểm , Kem nền Makeup , Dưỡng ẩm , Ko Lem Trôi",,https://www.lazada.vn/products/pdp-i2515333647.html
Dụng cụ chăm sóc Sắc đẹp,Mon-Basic Túi mỹ phẩm,300.000 ₫,-22%,234000,(9),5.0,Túi đựng đồ trang điểm sức chứa lớn chống thấm nước,36 Đã bán,https://www.lazada.vn/products/pdp-i2412324488.html
Chăm sóc cá nhân,LINH STORE ĐỒ BỘ VÀ MỸ PHẨM,129.000 ₫,-23%,99330,,,"Kem giảm Thâm Môi ,Làm Hồng Môi ,Nhũ Hoa ,Vùng Kín Sexy Pink Aichun Beauty 30g",,https://www.lazada.vn/products/pdp-i2336007395.html
Chăm sóc da mặt,Xưởng Đồ Bộ Store,95.000 ₫,-48%,49400,(1),5.0,Kem chống nắng Hemia nâng tone trắng da kiềm dầu cho da dầu mụn da khô da nhạy cảm chính hãng Hàn Quốc 50ml .!a.,,https://www.lazada.vn/products/pdp-i3001958561.html
Trang điểm,Alyssa Store Trung Hoa,469.000 ₫,-9%,426790,(3),5.0,"Bộ Trang điểm nội địa Trung đầy đủ 12 món SODILAN hàng chính hãng, hộp kéo 2 tầng + Tặng kèm túi đựng đẹp",21 Đã bán,https://www.lazada.vn/products/pdp-i2419052346.html
Trang điểm,Makeup HN Store,250.000 ₫,-24%,190000,(1),4.0,"Bộ 20 món HN05 trang điểm make-up gồm Bảng phấn mắt, che khuyết điểm, xịt khoá nền, xịt chống nắng, phấn má, nhũ kim tuyến, phấn phủ... đầy đủ như hình",,https://www.lazada.vn/products/pdp-i2731820809.html
Nhập vai Phục trang & Dạ tiệc,Hoa Hướng Dương Store,140.000 ₫,-46%,75600,(9),5.0,Bộ Phấn Trang Điểm Make Up Kit A.D.S - Trang Điểm Bột Hộp Trang Điểm Bộ Sinh Viên Trang Điểm Set Full,48 Đã bán,https://www.lazada.vn/products/pdp-i2607865903.html
Trang điểm,LPThienY,132.000 ₫,-47%,69960,(1),5.0,Bộ trang điểm Hanru 4 món đa năng tiện dụng,5 Đã bán,https://www.lazada.vn/products/pdp-i2963726312.html
Nhập vai Phục trang & Dạ tiệc,Toyfun-VN,88.000 ₫,-2%,86240,(23),4.6,Bộ đồ chơi mỹ phẩm dụng cụ trang điểm 33 món không độc hại chất liệu an toàn nhiều lựa chọn thích hợp cho bé,145 Đã bán,https://www.lazada.vn/products/pdp-i2721652746.html
Chăm sóc cá nhân,Hoa Hồng Store 1587652616,125.000 ₫,-29%,88750,(62),4.4,MẪU MỚI HÀNG CTY Kem Dưỡng Trắng Da Body Mềm A Cosmetics dưỡng ẩm trắng da- kem body chăm sóc da,483 Đã bán,https://www.lazada.vn/products/pdp-i539950802.html
Dụng cụ chăm sóc Sắc đẹp,Chigoo,528.000 ₫,-51%,258720,(20),5.0,Chigoo Túi đựng mỹ phẩm led túi đựng đồ makeup túi đựng đồ trang điểm túi đựng mĩ phẩm có gương hộp đựng mỹ phẩm có nắp,128 Đã bán,https://www.lazada.vn/products/pdp-i2806442679.html
Nhập vai Phục trang & Dạ tiệc,CleverOfficial Store,373.830 ₫,-41%,220559,(21),5.0,⚡Miễn Phí Vận Chuyển⚡Bộ mỹ phẩm đồ chơi trang điểm 33 món không độc hại thích hợp cho bé,95 Đã bán,https://www.lazada.vn/products/pdp-i2424717349.html
Chăm sóc da mặt,Roses2000 Mỹ Phẩm,,,,(33),5.0,Sét Kem Kone Thái Lan ( Hàng Chuẩn Để Lâu Lên Hạt Hàng Mới Chưa Kịp Lên Để Mấy Ngày Là Lên Hạt Nhé Khách ),832 Đã bán,https://www.lazada.vn/products/pdp-i2604325598.html
Vali và Túi du lịch đa năng,Lazy-Life Store,,,,(4),5.0,"Túi Ví Đựng Băng Vệ Sinh, Son Môi, Mỹ Phẩm - Túi Mini Đựng Đồ Cá Nhân Chống Thấm Nước - LAZYL",12 Đã bán,https://www.lazada.vn/products/pdp-i3050220729.html
Trang điểm,PaNa- Store,189.000 ₫,-39%,115290,(76),4.8,Bộ Trang Điểm Dành Cho Người Mới Tập Make Up/Trang Điểm Cá Nhân,323 Đã bán,https://www.lazada.vn/products/pdp-i1979447362.html
Chăm sóc da mặt,MICOMI Cosmetics,55.000 ₫,-41%,32450,(73),4.9,"[COMBO 10/20/50] Mặt Nạ Trái Cây Dưỡng Da Cao Cấp Đầy Đủ Vị, Dưỡng Ẩm, Trắng Da, Phục Hồi Trẻ Hoá Da Mask Giấy Đắp Mặt Bổ Sung Vitamin",269 Đã bán,https://www.lazada.vn/products/pdp-i1196958359.html
Dụng cụ chăm sóc Sắc đẹp,BOSS BIG SHOP,29.000 ₫,-35%,18850,(81),4.8,"Kệ đựng mỹ phẩm, Kệ để đồ đa năng 3 Tầng 2 ngăn kéo để bàn ô tiện ích, Chất liệu nhựa ABS an toàn khi sử dụng",266 Đã bán,https://www.lazada.vn/products/pdp-i2067585727.html
Tủ chứa & Sắp xếp đồ,PTNgoc House 3137,92.000 ₫,-50%,46000,(11),4.7,"Hộp Đựng Đồ, Đựng Mỹ Phẩm Để Bàn Có Ngăn Kéo Màu Morandi Phiên Bản Hàn Quốc",173 Đã bán,https://www.lazada.vn/products/pdp-i2030763088.html
Tủ chứa & Sắp xếp đồ,GIA DỤNG SỈ TPHCM,198.000 ₫,-50%,99000,(2),5.0,KỆ TỦ ĐỰNG MỸ PHẨM ĐỒ TRANG ĐIỂM MINI TRONG SUỐT 4 TẦNG TASHUAN - KỆ NHỰA ĐỰNG MỸ PHẨM 4 TẦNG NGĂN KÉO TIỆN DỤNG,20 Đã bán,https://www.lazada.vn/products/pdp-i1983027549.html
Vali và Túi du lịch đa năng,An An Nguyễn Store,75.000 ₫,-25%,56250,(42),5.0,"Túi Lưới Đựng Mỹ Phẩm Trang Điểm , Đồ Dùng Du Lịch Hình Hộp (Nhiều Kích Cỡ)",157 Đã bán,https://www.lazada.vn/products/pdp-i2309771080.html
Nước hoa,Hoá mỹ phẩm+ hàng gia dụng,,,,(4),5.0,Nước Hoa Sài Gòn Kẻ,45 Đã bán,https://www.lazada.vn/products/pdp-i2416410770.html
Chăm sóc da mặt,MICOMI Cosmetics,50.000 ₫,-35%,32500,(29),5.0,[COMBO 10] Mặt Nạ Cà Chua Trái Cây Dưỡng Trắng Da Cấp Ẩm Ngừa Mụn Mask Giấy Đắp Mặt Vitamin,318 Đã bán,https://www.lazada.vn/products/pdp-i2061140938.html
Dụng cụ chăm sóc Sắc đẹp,Tạp hoá đồ dùng1102,110.000 ₫,-19%,89100,(1),5.0,"Kệ đựng mỹ phẩm nhựa 4 tầng để bàn tặng kèm sticker, khay đựng đồ trang điểm nhiều ngăn , decor bàn học, đựng bút",,https://www.lazada.vn/products/pdp-i2857928472.html
Trang điểm,Mỹ Phẩm Thuý Hường,99.000 ₫,-1%,98010,(19),4.5,Bộ Trang Điểm [8 Món ] Xinh Xắn Lameila Dành Cho Người Mới Tập Makuep(Chính Hãng) Bộ 8 món xinh xắn,58 Đã bán,https://www.lazada.vn/products/pdp-i2427027901.html
Chăm sóc cá nhân,THE BEAUTY SHOP-COSMETICS,,,,,,(che tên sản phẩm) viên đặt phụ khoa Miko thái lan,16 Đã bán,https://www.lazada.vn/products/pdp-i2893360126.html
Trang điểm,PaNa- Store,149.000 ₫,-42%,86420,(332),4.8,HOÀN TIỀN 15% - Bộ trang điểm Lameila 7 đến 8 món (Chính Hãng),1.5K Đã bán,https://www.lazada.vn/products/pdp-i1651160228.html
Dụng cụ chăm sóc Sắc đẹp,ACB phát,220.000 ₫,-34%,145200,(13),4.6,"Cốp Vải Chống Thấm Nước_Cốp Vali LV Mini Đựng Dụng Cụ Phun Xăm, Spa, Nail, Túi Đựng Đồ Makeup Cốp Trang Điểm Cá Nhân_Túi đồ dùng cá nhân & mỹ phẩm",44 Đã bán,https://www.lazada.vn/products/pdp-i2235256831.html
Vali và Túi du lịch đa năng,Gia Dụng Pk,77.000 ₫,-40%,46200,(201),4.9,"Túi Đựng Mỹ Phẩm Du Lịch Gấu Dâu Cỡ Lớn Bằng Vải Nỉ Họa Tiết Hoạt Hình Dễ Thương Cho NữTúi đựng đồ Trang điểm du lịch chống nước mẫu mới, túi đựng mỹ phẩm, túi da, túi du lịch, túi đựng đồ dùng cá nhân,",662 Đã bán,https://www.lazada.vn/products/pdp-i2434454929.html
Nước hoa,HEMIA.COSMETICS,115.000 ₫,-9%,104650,(135),4.9,Nước hoa LUXURY DUBAI 50ml - Chuẩn mùi thơm lâu,575 Đã bán,https://www.lazada.vn/products/pdp-i1639015690.html
Chăm sóc da mặt,Shop Ngọc Xinh Cosmetic,,,,(422),4.7,"Serum Collagen X3 Đông Anh Vua Khử Nám, Tàn Nhang , Thâm 20ml (R)",4.4K Đã bán,https://www.lazada.vn/products/pdp-i1479394960.html
Trang điểm,HKHO Official Store,36.200 ₫,-23%,27874,(491),4.7,HKHO Son Bóng Tráng Gương Hình Ống Màu Bạc Nhỏ Son Bóng Nước Dưỡng Ẩm Nhẹ Mỹ Phẩm Cho Nữ,2.3K Đã bán,https://www.lazada.vn/products/pdp-i2105656101.html
Nước hoa,BAOTRAN COSMETIC,75.000 ₫,-48%,39000,(19),5.0,Nước hoa Charme  GOOD GIRL 100ML .nữ tính NGỌT NGÀO QUYẾN RŨ,77 Đã bán,https://www.lazada.vn/products/pdp-i2011981685.html
Tủ chứa & Sắp xếp đồ,Phụ Kiện Giá Tốt 24H,80.000 ₫,-46%,43200,(20),4.9,"Kệ Đựng Mỹ Phẩm, Remote , Đồ Dùng Đa Năng Cỡ To 4 Ngăn - Rổ Nhựa 4 Ngăn Đựng Đồ Tiện Ích - Khay Nhựa 4 Ngăn  - Khay Đựng Đồ - Khay Bút - Khay Tiện ích 4 Ngăn Nhựa PP Tiện Lợi",69 Đã bán,https://www.lazada.vn/products/pdp-i2418989860.html
Vali và Túi du lịch đa năng,SOHOGO,,,,(3),4.3,"Túi lưới đựng đồ cá nhân mini -Túi đựng mỹ phẩm, phụ kiện mini gọn nhẹ Túi vải lưới đựng đồ đa năng có quai xách -Túi du lịch nhỏ chống ẩm, siêu nhẹ -Túi đựng đồ lưới siêu mỏng – gập gọn tiện lợi -Túi mini đựng đồ tiện dụng",10 Đã bán,https://www.lazada.vn/products/pdp-i2897958602.html
Trang điểm,Focallure Cosmetic,110.000 ₫,-46%,59400,(309),5.0,FOCALLURE Kem Lót Dưỡng Ẩm Lâu Trôi 2 Màu 25g,1.1K Đã bán,https://www.lazada.vn/products/pdp-i2057283707.html
Trang điểm,PaNa- Store,189.000 ₫,-42%,109620,(267),4.8,Bộ trang điểm 9 món/kem nền/ bấm mi/phấn phủ/son/Maccara/chì kẻ mày/phấn mắt/nhũ mắt/kẻ mắt nước,1.2K Đã bán,https://www.lazada.vn/products/pdp-i1754121167.html
Trang điểm,Focallure Cosmetic,115.000 ₫,-42%,66700,(550),5.0,FOCALLURE Phấn Phủ Lì Dạng Nén Che Khuyết Điểm Hoàn Hảo Cùng Vitamin C 6.5G,1.5K Đã bán,https://www.lazada.vn/products/pdp-i2058919177.html
Chăm sóc da mặt,LIM Cosmetic,130.000 ₫,-50%,65000,(239),4.9,HÀNG ÚC Tinh Chất 24K Xóa Nhăn Vĩnh Viễn Làm Căng Bóng Mọng Da Trắng Mịn Hết Sạch Nhăn Nám Tàn Nhang Trong Một Liệu Trình Ngắn 30ml,1.0K Đã bán,https://www.lazada.vn/products/pdp-i1499185685.html
Vali và Túi du lịch đa năng,An An Nguyễn Store,50.000 ₫,-20%,40000,(30),5.0,"Túi Lưới Đựng Mỹ Phẩm Trang Điểm , Đồ Dùng Du Lịch Tiện Dụng (Nhiều Kích Cỡ)",163 Đã bán,https://www.lazada.vn/products/pdp-i2043119654.html
Chăm sóc da mặt,SBT Cosmetic,170.000 ₫,-54%,78200,(270),4.9,[Nhân Sâm] Serum Tinh Chất Nhân Sâm Vàng Ginseng Gold Polypeptide 100ml Giúp Dưỡng Ẩm Trẻ Hóa Da Làm Da Mặt Căng Bóng Mịn Màng Chống Lão Hóa,1.1K Đã bán,https://www.lazada.vn/products/pdp-i1450193611.html
Chăm sóc da mặt,SBT Cosmetic,160.000 ₫,-55%,72000,(463),4.9,"[ Chống Lão Hóa Da] COMBO 10 Miếng Mặt Nạ Thạch Collagen Trong Suốt Bioaqua – Bổ Sung Collagen Giúp Da Căng, Bóng Mịn, Trẻ Trung, Chống Lão Hóa",2.2K Đã bán,https://www.lazada.vn/products/pdp-i1358897917.html
Trang điểm,6M6SPH.Selection,12.000 ₫,-54%,5520,(1191),4.9,"Phấn má hồng dạng thỏi chống thấm nước, làm sáng, giá cả phải chăng cho sinh viên, tiệc tùng, làm trắng, tạo khối",5.0K Đã bán,https://www.lazada.vn/products/pdp-i2542596467.html
Xe máy,ngocquyenshop,,,,(16),4.3,[HCM]NÓN BẢO HIỂM LÍNH MỸ ĐẠI BÀNG CAO CẤP LÓT THOÁNG MÁT CHỐNG VA ĐẬP MẠNH SIÊU BỀN,62 Đã bán,https://www.lazada.vn/products/pdp-i440814372.html
Trang điểm,Makeup HN Store,155.000 ₫,-13%,134850,(49),4.8,"Bộ trang điểm đầy đủ 25 món makeup 13m,9m làm đẹp gồm xịt khoá nền, kem nền, phấn phủ, phấn mắt, phấn má, xịt chống nắng, kẻ mắt.. đầy đủ như hình",251 Đã bán,https://www.lazada.vn/products/pdp-i2687729956.html
Chăm sóc cá nhân,AK Shop Mỹ Phẩm Chính Hãng,125.000 ₫,-46%,67500,(4),5.0,"Kem Dưỡng Hỗ Trợ Mờ Thâm, Sần - Vùng Nách, Mông, Bẹn, Đầu Gối - Gluta Collagen X3 15gr",28 Đã bán,https://www.lazada.vn/products/pdp-i3150930956.html
Đồ dùng phòng tắm,DANLE,295.000 ₫,-33%,197650,(124),4.9,"Kệ Nhà Tắm Để Đồ Đa Năng DANLE Dán Tường , Giá Treo Tường Đựng Mỹ Phẩm Chất Liệu Nhôm Không Gỉ 100%, Bao Gồm Keo Dán 12g",482 Đã bán,https://www.lazada.vn/products/pdp-i2730458263.html
Vali và Túi du lịch đa năng,LaGanic,,,,(36),4.9,"Túi đựng mỹ phẩm trong suốt chống nước, đựng đồ trang điểm, cá nhân, du lịch",378 Đã bán,https://www.lazada.vn/products/pdp-i845760346.html
Vali và Túi du lịch đa năng,HyHy Store Gia Dụng,110.000 ₫,-45%,60500,(144),4.9,"[VOUCHER 12% | MEGA 05.06 - 10.06] Túi Đựng Mỹ Phẩm đẹp Túi Du Lịch, túi Gấu Dâu Losto, túi đựng đồ trang điểm Cỡ Lớn Bằng Vải Nỉ Họa Tiết Hoạt Hình Dễ Thương Cho Nữ",539 Đã bán,https://www.lazada.vn/products/pdp-i2434467481.html
Trang điểm,Hangnga Beauty Store,437.000 ₫,-50%,218500,(75),4.8,"Bộ Trang Điểm 24 món, bộ 18 món, Bảng phấn mắt, Kem nền, Kẻ mắt, Kẻ mày, Kẹp cong mi, Gương, Bộ khuôn vẽ mày và Bông mút",220 Đã bán,https://www.lazada.vn/products/pdp-i2545593978.html
Trang điểm,Mỹ Phẩm Thuý Hường,139.500 ₫,-1%,138105,(8),4.3,Bộ Trang Điểm Makuep Cơ Bản Đầy Đủ [12 Món Z5] Bộ Sản Phẩm Makep Của Nữ Dành Cho Người Mới Tập Trang Điểm Mỹ Phẩm Cosmetic,33 Đã bán,https://www.lazada.vn/products/pdp-i2661005914.html
Tủ chứa & Sắp xếp đồ,SINCE-1993,156.000 ₫,-50%,78000,(5),5.0,"Hộp Lưu Trữ Ngăn Kéo Nhiều Ngăn Đựng Đồ Văn Phòng Phẩm, Mỹ Phẩm, Kệ 2 Tầng Giúp Sắp Xếp Bàn Học",9 Đã bán,https://www.lazada.vn/products/pdp-i3093374206.html
Dụng cụ chăm sóc Sắc đẹp,THƯ STORE 99,180.000 ₫,-47%,95400,(72),4.4,Combo mỹ phẩm phụ kiện siêu tiết kiệm nhiều loại 9-13 món,332 Đã bán,https://www.lazada.vn/products/pdp-i2095203747.html
Nhập vai Phục trang & Dạ tiệc,CleverOfficial Store,373.830 ₫,-41%,220559,(21),5.0,⚡Miễn Phí Vận Chuyển⚡Bộ mỹ phẩm đồ chơi trang điểm 33 món không độc hại thích hợp cho bé,95 Đã bán,https://www.lazada.vn/products/pdp-i2424717349.html
Đồ uống,AK cosmetic,190.000 ₫,-33%,127300,(18),5.0,BASCHI CAM VỈ BẠC GIÚP CHỊ EM LẤY LẠI VÓC_DÁNG NHANH CHÓNG [ CAM KẾT CHÍNH HÃNG ],186 Đã bán,https://www.lazada.vn/products/pdp-i3186614009.html
Đồ nội thất,Gia Dụng HN Thông Minh,140.000 ₫,-36%,89600,,,"[LOẠI TO] Tủ Để Đồ Trang Điểm Mini, Kệ Đựng Mỹ Phẩm Mini Có Gương Tai Mèo, Hộp Mỹ Phẩm Thiết Kế Tiện Lợi",,https://www.lazada.vn/products/pdp-i3144479264.html
Trang điểm,Mỹ Phẩm Thuý Hường,289.000 ₫,-1%,286110,(25),4.6,Bộ Trang Điểm Makuep Cơ Bản Đầy Đủ [24 Món S4] Bộ Sản Phẩm Makep Của Nữ Dành Cho Người Mới Tập Trang Điểm Mỹ Phẩm Cosmetic,87 Đã bán,https://www.lazada.vn/products/pdp-i2661137010.html
Dụng cụ chăm sóc Sắc đẹp,Mon-Basic Túi mỹ phẩm,175.000 ₫,-38%,108500,,,Túi đựng mỹ phẩm đồ trang điểm du lịch nhiều ngăn tiện dụng,,https://www.lazada.vn/products/pdp-i2412238842.html
Trang điểm,MỸ PHẨM NƯỚC HOA CHARME PHƯƠNG THẢO,,,,,,"2 chai serum dưỡng móng NT 5ml ,giải pháp loại bỏ nấm móng,phục hồi móng",,https://www.lazada.vn/products/pdp-i3164625524.html
Trang điểm,Hoa Bồ Công Anh Store,99.000 ₫,-30%,69300,(545),4.9,[SALE] Set Trang Điểm PRETTY MAKEUP HANRU 4 Món set trang điểm tiện dụng đa năng cho người mới bắt đầu,1.9K Đã bán,https://www.lazada.vn/products/pdp-i2525214388.html
Trang điểm,Mỹ Phẩm Thuý Hường,149.000 ₫,-1%,147510,(484),4.8,Bộ Trang Điểm[12 Món X4]Đầy Đủ Makeup/Trang Điểm Đi Tiệc/Trang Điểm Cá Nhân Cơ Bản [12 Món X4],1.6K Đã bán,https://www.lazada.vn/products/pdp-i2495559111.html
Tủ chứa & Sắp xếp đồ,GIA DỤNG SỈ TPHCM,198.000 ₫,-50%,99000,(2),5.0,KỆ TỦ ĐỰNG MỸ PHẨM ĐỒ TRANG ĐIỂM MINI TRONG SUỐT 4 TẦNG TASHUAN - KỆ NHỰA ĐỰNG MỸ PHẨM 4 TẦNG NGĂN KÉO TIỆN DỤNG,20 Đã bán,https://www.lazada.vn/products/pdp-i1983027549.html
Trang điểm,Shop Chuyên Sỉ My Pham 2407,299.000 ₫,-26%,221260,(153),4.9,"💗💗 SIÊU PHẨM DƯỠNG MI + DƯỠNG MÀY FKN #CHÍNH_HÃNG💗 𝐒𝐈Ê𝐔 𝐏𝐇Ẩ𝐌 𝐃ƯỠ𝐍𝐆 𝐌𝐈 𝐌À𝐘 𝐓𝐇Ế 𝐇Ệ 𝐌Ớ𝐈, 𝐆Ấ𝐏 𝟓 𝐋Ầ𝐍 𝐃ƯỠ𝐍𝐆 𝐂𝐇Ấ𝐓 𝐂𝐇𝐎 𝐇𝐈Ệ𝐔 𝐐𝐔Ả 𝐕ƯỢ𝐓 𝐓𝐑Ộ𝐈 
💢 Dưỡng Mi FKN Màu Trắng (Ban Ngày) :
🎈 Kíc",729 Đã bán,https://www.lazada.vn/products/pdp-i2376947661.html
Tủ chứa & Sắp xếp đồ,Siêu Thị Tiện Ích 4.0,159.000 ₫,-40%,95400,(46),4.8,"Kệ Tủ Đựng Mỹ Phẩm Đồ Trang Điểm Trong Suốt 4 Tầng 3 Ngăn Kéo Để Bàn, Phòng Làm Việc Tiện Dụng",171 Đã bán,https://www.lazada.vn/products/pdp-i2413989390.html
Chăm sóc da mặt,CHANG COLLECTION,,,,,,"[NEWBOX] Bộ quà tặng mỹ phẩm dưỡng da, chăm sóc da mặt cao cấp BAURSDÈ 5 món: Sữa rửa mặt+Nước cân bằng da+Serum dưỡng ẩm+Sữa dưỡng ẩm+Kem dưỡng da giúp cấp ẩm, dưỡng trắng, chống lão hóa, trọn bộ skincare SPU182",,https://www.lazada.vn/products/pdp-i3009661488.html
Trang điểm,Mỹ Phẩm Thuý Hường,134.500 ₫,-14%,115670,,,Bộ Trang Điểm Makuep Cơ Bản Đầy Đủ [12 Món Z2] Bộ Sản Phẩm Makep Của Nữ Dành Cho Người Mới Tập Trang Điểm Mỹ Phẩm Cosmetic,,https://www.lazada.vn/products/pdp-i2661009925.html
Dụng cụ chăm sóc Sắc đẹp,ListonX Vietnam,260.000 ₫,-50%,130000,(16),5.0,(MUA 2 TẶNG 1) Cốp Đựng Mỹ Phẩm/ Cốp Trang Điểm/ Cốp Makeup cao cấp | Tặng 1 bông mút trang điểm khi mua 2 sản phẩm bất kỳ,67 Đã bán,https://www.lazada.vn/products/pdp-i2970375943.html
Trang điểm,LPThienY,132.000 ₫,-47%,69960,(1),5.0,Bộ trang điểm Hanru 4 món đa năng tiện dụng,5 Đã bán,https://www.lazada.vn/products/pdp-i2963726312.html
Dụng cụ chăm sóc Sắc đẹp,Chigoo,528.000 ₫,-51%,258720,(20),5.0,Chigoo Túi đựng mỹ phẩm led túi đựng đồ makeup túi đựng đồ trang điểm túi đựng mĩ phẩm có gương hộp đựng mỹ phẩm có nắp,128 Đã bán,https://www.lazada.vn/products/pdp-i2806442679.html
Trang điểm,Tiệm Quà Của Mi,498.000 ₫,-50%,249000,,,"Bộ trang điểm 12 món, phấn phủ, phấn mắt, má hồng, son môi, mascara, chì kẻ mày. bộ cọ trang điểm",,https://www.lazada.vn/products/pdp-i2844394337.html
Trang điểm,Hangnga Beauty Store,437.000 ₫,-50%,218500,(75),4.8,"Bộ Trang Điểm 24 món, bộ 18 món, Bảng phấn mắt, Kem nền, Kẻ mắt, Kẻ mày, Kẹp cong mi, Gương, Bộ khuôn vẽ mày và Bông mút",220 Đã bán,https://www.lazada.vn/products/pdp-i2545593978.html
Dụng cụ chăm sóc Sắc đẹp,THƯ STORE 99,180.000 ₫,-47%,95400,(72),4.4,Combo mỹ phẩm phụ kiện siêu tiết kiệm nhiều loại 9-13 món,332 Đã bán,https://www.lazada.vn/products/pdp-i2095203747.html
"Quần, váy",Thiết Bị và Mỹ Phẩm Spa,9.000 ₫,-23%,6930,(2),5.0,"Quần lót giấy bịch 5chiếc, dùng trong tắm trắng, giảm béo tại spa",16 Đã bán,https://www.lazada.vn/products/pdp-i2440548004.html
Trang điểm,Mỹ Phẩm Thuý Hường,289.000 ₫,-1%,286110,(25),4.6,Bộ Trang Điểm Makuep Cơ Bản Đầy Đủ [24 Món S4] Bộ Sản Phẩm Makep Của Nữ Dành Cho Người Mới Tập Trang Điểm Mỹ Phẩm Cosmetic,87 Đã bán,https://www.lazada.vn/products/pdp-i2661137010.html
Trang điểm,LPShop01,134.000 ₫,-48%,69680,(3),5.0,"Full Box - Set Trang Điểm HANRU 4 Món Tiện Dụng, Đầy Đủ, Cơ Bản Cho Người Mới Bắt Đầu",9 Đã bán,https://www.lazada.vn/products/pdp-i2965101592.html
Trang điểm,Mỹ Phẩm Thuý Hường,,,,,,Bộ Trang Điểm Makuep Cơ Bản Đầy Đủ [22 Món S7] Bộ Sản Phẩm Makep Của Nữ Dành Cho Người Mới Tập Trang Điểm Mỹ Phẩm Cosmetic,,https://www.lazada.vn/products/pdp-i2661090348.html
Vali và Túi du lịch đa năng,SUKA HOUSE 999,,,,(52),4.8,Túi Đựng Mỹ Phẩm Đồ Trang Điểm WASHBAG Túi Đựng Đồ Cá Nhân Du Lịch Chống Thấm Nước A2421,243 Đã bán,https://www.lazada.vn/products/pdp-i2527457921.html
Chăm sóc da mặt,ALPHA COFFEE,103.680 ₫,-48%,53913,(50),4.9,[Cam Kết Hết Mụn Thâm Trong 7 Ngày] Kem Giảm Mụn Cấp Tốc Loại Bỏ Mụn và Vết Thâm Hoàn Toàn Thu Nhỏ Lỗ Chân Lông CYSTIC Acne Giúp Da Láng Mịn Khít Lỗ Chân Lông Kiểm Soát Dầu/25g,163 Đã bán,https://www.lazada.vn/products/pdp-i2661521706.html
Trang điểm,CHINH HÃNG - SIÊU THỊ SỨC KHỎE VẺ ĐẸP,190.000 ₫,-32%,129200,(8),5.0,Bộ trang điểm cao cấp đủ màu hàng chính hãng,22 Đã bán,https://www.lazada.vn/products/pdp-i2985779307.html
quà tặng & Gói quà,THƯ STORE 99,,,,(19),5.0,"HỘP QUÀ TẶNG NGÀY LỄ, SET QUÀ KỈ NIỆM MAKEUP GỒM 3 SON + NƯỚC HOA + PHẤN MÁ + KEM NỀN + GẤU XINH",76 Đã bán,https://www.lazada.vn/products/pdp-i2540437482.html
Vali và Túi du lịch đa năng,Hala Thế Giới Gia Dụng,85.000 ₫,-6%,79900,(13),4.7,"Túi Đựng Mỹ Phẩm Da PU Living C Không Thấm Nước, Túi đựng Đồ Trang Điểm Phụ Nữ Cầm Tay",46 Đã bán,https://www.lazada.vn/products/pdp-i2687697437.html
Chăm sóc da mặt,THỎ TÂY BEAUTY SHOP,175.000 ₫,-40%,105000,(68),4.5,"Combo Tái tạo da Phương Anh Yody White - sạch mụn, nám tàn nhang sẹo rỗ",392 Đã bán,https://www.lazada.vn/products/pdp-i1716797197.html
Vali và Túi du lịch đa năng,Giadung.Ha'n,110.000 ₫,-31%,75900,(2),5.0,"Túi đựng mỹ phẩm ,Set 3 túi đựng đồ trang điểm du lịch chống thấm nước",12 Đã bán,https://www.lazada.vn/products/pdp-i2187188152.html
Chăm sóc da mặt,Eifini Fashion,103.640 ₫,-48%,53892,(1),1.0,Kem Giảm Mụn Trứng Cá Mờ Thâm Mờ Rỗ Lỗ Chân Lông To Giúp Căng Bóng Trẻ Hoá Làn Da/25g,8 Đã bán,https://www.lazada.vn/products/pdp-i2661488557.html
Trang điểm,Alyssa Store Trung Hoa,400.000 ₫,-5%,380000,(6),5.0,Bộ Trang điểm nội địa Trung đầy đủ 11 món YOULIYOULA hàng chính hãng + Tặng kèm túi đựng đẹp,29 Đã bán,https://www.lazada.vn/products/pdp-i2419349455.html
Chăm sóc cá nhân,Tuyết An Shop 1989,,,,,,Nước rửa chén Mỹ Hảo 1.5 kg trà xanh và chanh,,https://www.lazada.vn/products/pdp-i2641698306.html
Trang điểm,LPTHIENYSHOP,129.800 ₫,-46%,70092,(3),5.0,Bộ Trang Điểm 4 Món Hanru Đầy Đủ Tiện Lợi Cho Người Mới Bắt Đầu,13 Đã bán,https://www.lazada.vn/products/pdp-i2959235342.html
Đồ nội thất,BUM STORE.,,,,,,"Kệ Mỹ Phẩm Mini 2 Tầng Có Gương Hình Chữ Nhật Nhỏ Gọn, Kệ Đựng Đồ Trang Điểm Để Bàn Màu Trắng Đa Năng Tiện Lợi Siêu Xinh",,https://www.lazada.vn/products/pdp-i2729027013.html
,_Gin Shop_,60.000 ₫,-50%,30000,(51),4.9,Phân bón ĐẦU TRÂU NPK 20 20 15 thế hệ mới giúp cây tăng trưởng trái to,411 Đã bán,https://www.lazada.vn/products/pdp-i1538414442.html
Nhập vai Phục trang & Dạ tiệc,Hoa Hướng Dương Store,140.000 ₫,-46%,75600,(9),5.0,Bộ Phấn Trang Điểm Make Up Kit A.D.S - Trang Điểm Bột Hộp Trang Điểm Bộ Sinh Viên Trang Điểm Set Full,48 Đã bán,https://www.lazada.vn/products/pdp-i2607865903.html
Vali và Túi du lịch đa năng,Tiệm TACAO,,,,,,"Túi Đựng Đồ Makeup Da PU Chống Thấm, Cốp Đựng Đồ Makeup, Túi Đựng Mỹ Phẩm Du Lịch Nhiều Kích Cỡ",,https://www.lazada.vn/products/pdp-i3207034346.html
Trang điểm,Kho Sỉ 247,,,,,,"Full bộ cọ trang điểm cá nhân 8 cây tặng kèm túi Zip Vintage, Set cọ trang điểm gồm 8 cây lông dày mịn dễ tán phấn",,https://www.lazada.vn/products/pdp-i2737350479.html
Vali và Túi du lịch đa năng,Gia dụng nhà cửa PTN Sỉ - Lẻ,70.000 ₫,-42%,40600,(4),5.0,"[HÀNG CÓ SẴN] Túi Đựng Mỹ Phẩm, Đồ Trang Điểm Du Lịch Chống Thấm Nước Washbag",9 Đã bán,https://www.lazada.vn/products/pdp-i2033418061.html
Tủ chứa & Sắp xếp đồ,GIA DỤNG SỈ TPHCM,198.000 ₫,-50%,99000,(2),5.0,KỆ TỦ ĐỰNG MỸ PHẨM ĐỒ TRANG ĐIỂM MINI TRONG SUỐT 4 TẦNG TASHUAN - KỆ NHỰA ĐỰNG MỸ PHẨM 4 TẦNG NGĂN KÉO TIỆN DỤNG,20 Đã bán,https://www.lazada.vn/products/pdp-i1983027549.html
Dụng cụ chăm sóc Sắc đẹp,yến sàoo,60.000 ₫,-40%,36000,,,"Túi đựng mỹ phẩm WASHBAG , đựng đồ trang điểm đồ cá nhân chống thấm nước",,https://www.lazada.vn/products/pdp-i2478771670.html
Nhập vai Phục trang & Dạ tiệc,smart family store,373.830 ₫,-47%,198129,,,【siêu rẻ】Bộ mỹ phẩm đồ chơi trang điểm 33 món không độc hại thích hợp cho bé,,https://www.lazada.vn/products/pdp-i2663477298.html
Trang điểm,Mỹ Phẩm Thuý Hường,149.000 ₫,-1%,147510,(9),4.6,Bộ Trang Điểm[12 Món X6]Đầy Đủ Các Món Makeup/Trang Điểm Đi Tiệc/Trang Điểm Cơ Bản [12 Món X6],30 Đã bán,https://www.lazada.vn/products/pdp-i2495525326.html
Dụng cụ chăm sóc Sắc đẹp,Tạp hoá đồ dùng1102,110.000 ₫,-19%,89100,(1),5.0,"Kệ đựng mỹ phẩm nhựa 4 tầng để bàn tặng kèm sticker, khay đựng đồ trang điểm nhiều ngăn , decor bàn học, đựng bút",,https://www.lazada.vn/products/pdp-i2857928472.html
Xe máy,NSB Gia Dụng,102.000 ₫,-50%,51000,,,"Bộ chiết mỹ phẩm 5 món, kèm túi đựng - Bộ chiết mỹ phẩm du lịch mini giá tốt - NSB GD",,https://www.lazada.vn/products/pdp-i3192205874.html
Trang điểm,PaNa- Store,110.000 ₫,-37%,69300,(1),5.0,Bộ trang điểm 4 món/ kem nền / kem lót/ phấn phủ/ mút,,https://www.lazada.vn/products/pdp-i3166530812.html
,Riêm Store Gia Dụng,70.000 ₫,-9%,63700,(228),5.0,"Hộp 60 bút màu ACRYLIC Marker ĐẦU NHỌN CHỐNG THẤM NƯỚC Không Vẽ Lên Đồ Vật Nhẵn, lau được khi dính lên da",910 Đã bán,https://www.lazada.vn/products/pdp-i2626856795.html
Trang điểm,Mỹ Phẩm Thuý Hường,149.000 ₫,-1%,147510,(484),4.8,Bộ Trang Điểm[12 Món X4]Đầy Đủ Makeup/Trang Điểm Đi Tiệc/Trang Điểm Cá Nhân Cơ Bản [12 Món X4],1.6K Đã bán,https://www.lazada.vn/products/pdp-i2495559111.html
Trang điểm,Tiệm Quà Của Mi,78.000 ₫,-50%,39000,,,Tron bộ trang điểm 9 món đầy đủ các bước trang điểm/son/kem nền/Phấn mắt/ Má hồng/ Mascara/ Kẻ mắt/ Bấm mi/ chì mày/Bộcọ,,https://www.lazada.vn/products/pdp-i2904658402.html
Trang điểm,PaNa- Store,169.000 ₫,-41%,99710,(6),5.0,Bộ Trang Điểm Cá Nhân 7 đến 9 sản phẩm/ phấn nước lameila/Maccara/son/phấn phủ,32 Đã bán,https://www.lazada.vn/products/pdp-i1968046025.html
Trang điểm,Tiệm Quà Của Mi,398.000 ₫,-50%,199000,(1),5.0,"Bộ trang điểm, bộ makeup ca nhân đầy đủ cho người mới bắt đầu,  bộ quà tặng trang điểm",6 Đã bán,https://www.lazada.vn/products/pdp-i2858172591.html
Nhập vai Phục trang & Dạ tiệc,A_hoco__Store,373.830 ₫,-44%,209344,(2),5.0,【giao hàng trong vòng 24h】Bộ mỹ phẩm đồ chơi trang điểm 33 món không độc hại thích hợp cho bé,6 Đã bán,https://www.lazada.vn/products/pdp-i2664089214.html
Trang điểm,Mỹ Phẩm Thuý Hường,199.000 ₫,-18%,163180,(132),4.9,Bộ Trang Điểm/Bộ trang điểm Đầy Đủ Chính Hãng Cho Người Mới [Bộ 22 món E5] - Lamelia 22 Sản Phẩm Bộ E5,451 Đã bán,https://www.lazada.vn/products/pdp-i2421570043.html
Trang điểm,Mỹ Phẩm Thuý Hường,,,,(2),5.0,Bộ Trang Điểm[12 Món Y7]Đầy Đủ Makeup/Trang Điểm Đi Tiệc/Trang Điểm Cá Nhân Cơ Bản 12 Món,14 Đã bán,https://www.lazada.vn/products/pdp-i2628280319.html
Dụng cụ chăm sóc Sắc đẹp,Mon-Basic Túi mỹ phẩm,300.000 ₫,-22%,234000,(9),5.0,Túi đựng đồ trang điểm sức chứa lớn chống thấm nước,36 Đã bán,https://www.lazada.vn/products/pdp-i2412324488.html
Dụng cụ chăm sóc Sắc đẹp,My MiNail,,,,(15),4.7,Cốp nhôm 2 tầng đựng đồ trang điểm 32x26x21 Nail mi.phun xăm .make up,73 Đã bán,https://www.lazada.vn/products/pdp-i1468509050.html
Trường học & văn phòng,LORDWEY Office,1.407.876 ₫,-44%,788410,(1),5.0,Lordwey & enmy 24/80 Màu Sắc Trực Tiếp Chất Lỏng Acrylic Đánh Dấu Đầu Mềm Không-Trong Suốt blendable bút lông mỹ thuật đồ dùng học tập Văn Phòng Phẩm,,https://www.lazada.vn/products/pdp-i3186325901.html
Dụng cụ chăm sóc Sắc đẹp,Mon-Basic Túi mỹ phẩm,180.000 ₫,-11%,160200,(4),5.0,Túi đựng đồ trang điểm du lịch 2 ngăn kéo -size lớn,11 Đã bán,https://www.lazada.vn/products/pdp-i2682220610.html
Nhập vai Phục trang & Dạ tiệc,CleverOfficial Store,373.830 ₫,-41%,220559,(21),5.0,⚡Miễn Phí Vận Chuyển⚡Bộ mỹ phẩm đồ chơi trang điểm 33 món không độc hại thích hợp cho bé,95 Đã bán,https://www.lazada.vn/products/pdp-i2424717349.html
Trang điểm,Mỹ Phẩm Thuý Hường,350.000 ₫,-1%,346500,(13),4.8,[ Bộ trang điểm] 27 Món [V5] Bộ sản phẩm  trang điểm MAKEUP  gồm 27 món (V5) đa năng tiện dụng Dành cho người mới tầm makeup [chính hãng],34 Đã bán,https://www.lazada.vn/products/pdp-i2584394827.html
,MEHOM - Mê nhà,150.000 ₫,-21%,118500,(6),4.2,"Thuốc Nhuộm Quần Áo Đen Phù Hợp Nhiều Loại Vải, Nhuộm Đen Quần Áo Hiệu Quả 300ml MEHOM - NQA01",30 Đã bán,https://www.lazada.vn/products/pdp-i3076679862.html
Dụng cụ chăm sóc Sắc đẹp,Mon-Basic Túi mỹ phẩm,185.000 ₫,-43%,105450,(1),5.0,"Túi đựng đồ trang điểm cá nhân nhiều ngăn, chất dày xịn loại tốt - size lớn 26x22x10cm",8 Đã bán,https://www.lazada.vn/products/pdp-i2427115371.html
Tủ chứa & Sắp xếp đồ,Gia Dụng Tiện Ích EzyHome,120.000 ₫,-50%,60000,,,"Kệ Nhựa Đựng Mỹ Phẩm 3 Tầng 2 Ngăn Kéo - Hộp Nhựa Chia Ngăn Đựng Cọ, Son, Vật Dụng Cá Nhân Nhỏ Gọn - Kệ Trang Điểm Mini Tiện Lợi Cho Bàn Trang Điểm",,https://www.lazada.vn/products/pdp-i3116906542.html
Thực phẩm chức năng,Đồ dùng thông minh - BUM SMART,170.000 ₫,-32%,115600,(195),5.0,"[CHE TÊN SP] Kem Xóa Thâm, Làm Hồng Nhũ Hoa CHÍNH HÃNG 100%, Làm Hồng Môi, Dưỡng Trắng Da Nách, Bikini vùng kín Sexy Pink Whitening Cream",2.4K Đã bán,https://www.lazada.vn/products/pdp-i1970422072.html
Tủ chứa & Sắp xếp đồ,DELI LIFESTYLE VIETNAM,260.750 ₫,-39%,159057,(15),4.9,Kệ đựng mỹ phẩm nhựa nhiều tầng để bàn trong suốt Deli kệ đưng đồ trang điểm hộp lưu trữ văn phòng phẩm VS,63 Đã bán,https://www.lazada.vn/products/pdp-i2223652863.html
Trang điểm,Mỹ Phẩm Thuý Hường,249.000 ₫,-1%,246510,(3),5.0,Bộ Trang Điểm[21 Món H7]Đầy Đủ Makeup/Trang Điểm Đi Tiệc/Trang Điểm Cá Nhân Cơ Bản 21 Món Bộ H7,11 Đã bán,https://www.lazada.vn/products/pdp-i2427032688.html
Nhập vai Phục trang & Dạ tiệc,SpeedOfficialStore,307.100 ₫,-13%,267177,(4),5.0,"Bộ Dụng Cụ Làm Đẹp Mỹ Phẩm Cho Trẻ Em 17 Chiếc, Bộ Hộp Trang Điểm Không Độc Hại Bộ Quà Tặng Sinh Nhật Cho Bé Gái, Bộ Trang Điểm Cho Trẻ Em, Bộ Trang Điểm Cho Trẻ Em, Đồ Chơi Trang Điểm Cho Bé Gái,",12 Đã bán,https://www.lazada.vn/products/pdp-i2391300572.html
Trang điểm,PaNa- Store,319.000 ₫,-48%,165880,(296),4.9,HOÀN TIỀN 15% - Trọn bộ 15 món trang điểm Lameila/ combo makeup/son/kem nền,886 Đã bán,https://www.lazada.vn/products/pdp-i2197672582.html
Chăm sóc cá nhân,Mỹ Phẩm Kun Chuyên Sỉ,,,,(1),5.0,"Đặt Phu Khoa Clomaz Thái Lan Chính NhiễmKhuẩn, Nấm, Ngứa,KhửMùi Hiệu Quả",18 Đã bán,https://www.lazada.vn/products/pdp-i1538663123.html
,Acecheapvietnam,,,,(7),5.0,Dây đồng tráng men Nhập khẩu Thái Lan (100g),12 Đã bán,https://www.lazada.vn/products/pdp-i2628886413.html
Nguyên liệu nấu ăn & làm bánh,Đặc Sản Xứ Dừa 1989,15.000 ₫,-41%,8850,(3),5.0,Bánh tráng Sachi Bình Định nướng sẵn,45 Đã bán,https://www.lazada.vn/products/pdp-i3014483853.html
Trang điểm,Mỹ Phẩm Thuý Hường,135.000 ₫,-1%,133650,(17),4.8,Bộ Trang Điểm Đầy Đủ Chính Hãng Bộ Makeup [14 Món E2] Cho Người Mới - Lamelia 14 Sản Phẩm Bộ E2,55 Đã bán,https://www.lazada.vn/products/pdp-i2427059118.html
Nước hoa,Mỹ Phẩm Quỳnh Chi,125.000 ₫,-16%,105000,(10),5.0,ĐỦ 5 MÀU Nước hoa Pinky Sweet Cindy Classic Trẻ Trung Tinh Tế Trang Nhã Nhẹ Nhàng Lôi Cuốn 50ml,73 Đã bán,https://www.lazada.vn/products/pdp-i2421184463.html
Chăm sóc da mặt,Shop mỹ phẩm Lê Hạnh,700.000 ₫,-43%,399000,(21),5.0,Bộ Mỹ Phẩm Yiyimei Hồng Kong 5 món,82 Đã bán,https://www.lazada.vn/products/pdp-i2653845103.html
Dụng cụ chăm sóc Sắc đẹp,Shop hàng khuyến mãi Nguyễn Quý,30.000 ₫,-50%,15000,(12),5.0,"Túi đựng mỹ phẩm, Dụng cụ trang điểm, bút thước, đồ cá nhân... Purite",44 Đã bán,https://www.lazada.vn/products/pdp-i2759795941.html
Túi xách nữ,the gioi vali,150.000 ₫,-34%,99000,(5),4.8,"Túi đựng mỹ phẩm chống thấm nước da PU có khóa kéo đôi,túi đựng đồ dung tích lớn nhiều ngăn,túi đựng đồ vệ sinh cá nhân",9 Đã bán,https://www.lazada.vn/products/pdp-i3043557114.html
Vali và Túi du lịch đa năng,LaGanic,,,,(36),4.9,"Túi đựng mỹ phẩm trong suốt chống nước, đựng đồ trang điểm, cá nhân, du lịch",378 Đã bán,https://www.lazada.vn/products/pdp-i845760346.html
Tủ chứa & Sắp xếp đồ,Cửa hàng gia dụng tiện ích HCM,129.000 ₫,-26%,95460,(85),4.8,Kệ Đựng Mỹ Phẩm Đồ Trang Điểm Trang Sức 4 Tầng Trong Suốt 3 Ngăn Kéo Tiện Dụng,270 Đã bán,https://www.lazada.vn/products/pdp-i2413115090.html
Vali và Túi du lịch đa năng,Gia Dụng Pk,77.000 ₫,-40%,46200,(201),4.9,"Túi Đựng Mỹ Phẩm Du Lịch Gấu Dâu Cỡ Lớn Bằng Vải Nỉ Họa Tiết Hoạt Hình Dễ Thương Cho NữTúi đựng đồ Trang điểm du lịch chống nước mẫu mới, túi đựng mỹ phẩm, túi da, túi du lịch, túi đựng đồ dùng cá nhân,",662 Đã bán,https://www.lazada.vn/products/pdp-i2434454929.html
Vali và Túi du lịch đa năng,Hala Thế Giới Gia Dụng,230.000 ₫,-17%,190900,(22),5.0,"Túi đựng mỹ phẩm LivingC, túi đựng đồ cá nhân, cọ trang điểm tiện lợi mang đi du lịch",75 Đã bán,https://www.lazada.vn/products/pdp-i2025922169.html
Tủ chứa & Sắp xếp đồ,Nội Thất YTC,400.000 ₫,-30%,280000,(291),4.9,"Hộp Đựng Mỹ Phẩm Đa Năng, Kệ Đựng Đồ Trang Điểm Trong Suốt",1.0K Đã bán,https://www.lazada.vn/products/pdp-i1549138141.html
Dụng cụ chăm sóc Sắc đẹp,Queen Global Home,95.000 ₫,-32%,64600,(161),4.9,Túi Đựng Mỹ Phẩm Đồ Trang Điểm Nhiều Ngăn Có Móc Treo - Đựng Đồ Du Lịch Cá Nhân Chống Thấm Nước Tiện Lợi,1.3K Đã bán,https://www.lazada.vn/products/pdp-i1257665183.html
Vali và Túi du lịch đa năng,HyHy Store Gia Dụng,110.000 ₫,-45%,60500,(144),4.9,"[VOUCHER 12% | MEGA 05.06 - 10.06] Túi Đựng Mỹ Phẩm đẹp Túi Du Lịch, túi Gấu Dâu Losto, túi đựng đồ trang điểm Cỡ Lớn Bằng Vải Nỉ Họa Tiết Hoạt Hình Dễ Thương Cho Nữ",539 Đã bán,https://www.lazada.vn/products/pdp-i2434467481.html
Dụng cụ chăm sóc Sắc đẹp,ListonX Vietnam,260.000 ₫,-50%,130000,(16),5.0,(MUA 2 TẶNG 1) Cốp Đựng Mỹ Phẩm/ Cốp Trang Điểm/ Cốp Makeup cao cấp | Tặng 1 bông mút trang điểm khi mua 2 sản phẩm bất kỳ,67 Đã bán,https://www.lazada.vn/products/pdp-i2970375943.html
Trang điểm,Mỹ Phẩm Thuý Hường,289.000 ₫,-1%,286110,(25),4.6,Bộ Trang Điểm Makuep Cơ Bản Đầy Đủ [24 Món S4] Bộ Sản Phẩm Makep Của Nữ Dành Cho Người Mới Tập Trang Điểm Mỹ Phẩm Cosmetic,87 Đã bán,https://www.lazada.vn/products/pdp-i2661137010.html
Dụng cụ chăm sóc Sắc đẹp,THƯ STORE 99,180.000 ₫,-47%,95400,(72),4.4,Combo mỹ phẩm phụ kiện siêu tiết kiệm nhiều loại 9-13 món,332 Đã bán,https://www.lazada.vn/products/pdp-i2095203747.html
Đồ nội thất,SHOP SMART HOME APPLIANCES,102.000 ₫,-47%,54060,(46),4.7,Bàn trang điểm kệ mèo mini 2 tầng Có Gương mèo Hello Kitty Bằng Gỗ Nhựa Để Phòng Ngủ Nhỏ Gọn Đựng Mỹ Phẩm tiện lợi,255 Đã bán,https://www.lazada.vn/products/pdp-i2072670229.html
Trang điểm,Mỹ Phẩm Thuý Hường,,,,(2),4.5,Bộ Trang Điểm Makuep Cơ Bản Đầy Đủ [22 Món S6] Bộ Sản Phẩm Makep Của Nữ Dành Cho Người Mới Tập Trang Điểm Mỹ Phẩm Cosmetic,15 Đã bán,https://www.lazada.vn/products/pdp-i2661059639.html
Vali và Túi du lịch đa năng,Hala Thế Giới Gia Dụng,80.000 ₫,-12%,70400,(6),4.7,"Túi Đựng Mỹ Phẩm Du Lịch Cao Cấp Living C, Túi Đựng Đồ Trang Điểm Khóa Chéo Chất Lượng Cao Tiện Lợi",52 Đã bán,https://www.lazada.vn/products/pdp-i2687706575.html
Vali và Túi du lịch đa năng,An Nhiên.2702,112.000 ₫,-50%,56000,(31),4.8,Túi Đựng Đồ Lót Du Lịch Đa Năng Tiện Dụng Sức Chứa Lớn - Túi Đựng Mỹ Phẩm Du Lịch,138 Đã bán,https://www.lazada.vn/products/pdp-i2602055952.html
Dụng cụ chăm sóc Sắc đẹp,An Nhiên.2702,130.000 ₫,-48%,67600,(28),4.9,Kệ Đựng Mỹ Phẩm Mẫu Mới Cỡ Lớn - Đồ Trang Điểm Để Bàn Xoay 360  Sang Trọng Cao Cấp - Mẫu Mới Cực Đẹp,107 Đã bán,https://www.lazada.vn/products/pdp-i2603121554.html
Dụng cụ chăm sóc Sắc đẹp,OCE-giadungtienich,105.000 ₫,-36%,67200,(28),4.9,Túi Đựng Mỹ Phẩm Đồ Trang Điểm Trang Sức JYoohome Túi Đựng Đồ Dùng Du Lịch Trong Suốt Chống Thấm Nước,148 Đã bán,https://www.lazada.vn/products/pdp-i2486921387.html
Trang điểm,MICOMI Cosmetics,258.000 ₫,-50%,129000,(44),4.8,"Bộ Trang Điểm Đầy Đủ 15 Món Set Trang Điểm Makeup Từ A-Z Đi Tiệc Đi Chơi Đi Làm MICOMI Cosmetics Kem Nền, Phấn Phủ, Phấn Mắt, Mascara, Chì Kẻ Mày, Kẻ Mắt, Son Môi",184 Đã bán,https://www.lazada.vn/products/pdp-i1549223017.html
Vali và Túi du lịch đa năng,SUKA HOUSE 999,,,,(52),4.8,Túi Đựng Mỹ Phẩm Đồ Trang Điểm WASHBAG Túi Đựng Đồ Cá Nhân Du Lịch Chống Thấm Nước A2421,243 Đã bán,https://www.lazada.vn/products/pdp-i2527457921.html
Chăm sóc cá nhân,Tuyết An Shop 1989,,,,,,Nước rửa chén Mỹ Hảo 1.5 kg trà xanh và chanh,,https://www.lazada.vn/products/pdp-i2641698306.html
Trang điểm,Mỹ Phẩm Thuý Hường,199.000 ₫,-18%,163180,(132),4.9,Bộ Trang Điểm/Bộ trang điểm Đầy Đủ Chính Hãng Cho Người Mới [Bộ 22 món E5] - Lamelia 22 Sản Phẩm Bộ E5,451 Đã bán,https://www.lazada.vn/products/pdp-i2421570043.html
Dụng cụ chăm sóc Sắc đẹp,SỈ LẺ GIA DỤNG 966(Sơn Liễu),,,,,,Túi Trang Điểm/Hộp đựng trang sức mini có gương và đèn led đa năng đựng mỹ phẩm thiết/Hộp đựng đồ trang điểm/hộp mĩ phẩm,,https://www.lazada.vn/products/pdp-i3138967222.html
Dụng cụ chăm sóc Sắc đẹp,Gia dụng Tuki248,60.000 ₫,-30%,42000,(3),5.0,"Khay nhựa 3 tầng đựng mỹ phẩm, đựng đồ đa năng",15 Đã bán,https://www.lazada.vn/products/pdp-i2517774664.html
Trang điểm,Hangnga Beauty Store,190.000 ₫,-50%,95000,(7),4.9,"[Bộ 18sp E5] Bộ make up, mỹ phẩm trang điểm, xịt khoá make-up, Kem nền, phấn má, phấn phủ, bộ cọ, tạo khối, che khuyết điểm, kẹp bấm mi, phấn mắt, kem lót, chuốt mi mascara, kẻ mắt, kẻ mày...",28 Đã bán,https://www.lazada.vn/products/pdp-i2685257652.html
Nhập vai Phục trang & Dạ tiệc,CleverOfficial Store,373.830 ₫,-41%,220559,(21),5.0,⚡Miễn Phí Vận Chuyển⚡Bộ mỹ phẩm đồ chơi trang điểm 33 món không độc hại thích hợp cho bé,95 Đã bán,https://www.lazada.vn/products/pdp-i2424717349.html
Trang điểm,Hoa Bồ Công Anh Store,99.000 ₫,-30%,69300,(545),4.9,[SALE] Set Trang Điểm PRETTY MAKEUP HANRU 4 Món set trang điểm tiện dụng đa năng cho người mới bắt đầu,1.9K Đã bán,https://www.lazada.vn/products/pdp-i2525214388.html
Dụng cụ chăm sóc Sắc đẹp,ACB phát,220.000 ₫,-34%,145200,(13),4.6,"Cốp Vải Chống Thấm Nước_Cốp Vali LV Mini Đựng Dụng Cụ Phun Xăm, Spa, Nail, Túi Đựng Đồ Makeup Cốp Trang Điểm Cá Nhân_Túi đồ dùng cá nhân & mỹ phẩm",44 Đã bán,https://www.lazada.vn/products/pdp-i2235256831.html
Tủ chứa & Sắp xếp đồ,GIA DỤNG SỈ TPHCM,198.000 ₫,-50%,99000,(2),5.0,KỆ TỦ ĐỰNG MỸ PHẨM ĐỒ TRANG ĐIỂM MINI TRONG SUỐT 4 TẦNG TASHUAN - KỆ NHỰA ĐỰNG MỸ PHẨM 4 TẦNG NGĂN KÉO TIỆN DỤNG,20 Đã bán,https://www.lazada.vn/products/pdp-i1983027549.html
Nhập vai Phục trang & Dạ tiệc,A_hoco__Store,373.830 ₫,-44%,209344,(2),5.0,【giao hàng trong vòng 24h】Bộ mỹ phẩm đồ chơi trang điểm 33 món không độc hại thích hợp cho bé,6 Đã bán,https://www.lazada.vn/products/pdp-i2664089214.html
Trang điểm,LPShop01,134.000 ₫,-48%,69680,(3),5.0,"Full Box - Set Trang Điểm HANRU 4 Món Tiện Dụng, Đầy Đủ, Cơ Bản Cho Người Mới Bắt Đầu",9 Đã bán,https://www.lazada.vn/products/pdp-i2965101592.html
Vali và Túi du lịch đa năng,Hala Thế Giới Gia Dụng,85.000 ₫,-6%,79900,(13),4.7,"Túi Đựng Mỹ Phẩm Da PU Living C Không Thấm Nước, Túi đựng Đồ Trang Điểm Phụ Nữ Cầm Tay",46 Đã bán,https://www.lazada.vn/products/pdp-i2687697437.html
Vali và Túi du lịch đa năng,An An Nguyễn Store,75.000 ₫,-25%,56250,(42),5.0,"Túi Lưới Đựng Mỹ Phẩm Trang Điểm , Đồ Dùng Du Lịch Hình Hộp (Nhiều Kích Cỡ)",157 Đã bán,https://www.lazada.vn/products/pdp-i2309771080.html
Trang điểm,Rose_Giftbox,310.000 ₫,-37%,195300,,,Bộ trang điểm cá nhân/bộ trang điểm đi tiệc/set makeup/ trọn bộ trang điểm/ bộ makeup cá nhân/ Bộ trang điểm 14 món,,https://www.lazada.vn/products/pdp-i2861534236.html
,,,,,,,Nước Hoa Khô Nicor Dạng Sáp Lưu Hương Thơm Lâu Cho Nam Và Nữ,19.3K Đã bán,https://www.lazada.vn/products/pdp-i1755131718.html
Dụng cụ chăm sóc Sắc đẹp,TI DO,,,,(141),4.9,HOÀN TIỀN 20% - Khay Kệ Đựng Mỹ Phẩm Trang Điểm Trong Suốt Để Bàn Cao Cấp Loại Dày TI DO,558 Đã bán,https://www.lazada.vn/products/pdp-i250052812.html
Vali và Túi du lịch đa năng,Global Merch Park,363.000 ₫,-31%,250470,(115),4.9,Túi Đựng Mỹ Phẩm Bằng Da PU Dành Cho Nữ Hộp Đựng Đồ Trang Điểm Du Lịch Di Động Đa Chức Năng Có Khóa Kéo - Hộp Đựng Đồ,1.3K Đã bán,https://www.lazada.vn/products/pdp-i2616085151.html
Dụng cụ chăm sóc Sắc đẹp,BOSS BIG SHOP,29.000 ₫,-35%,18850,(81),4.8,"Kệ đựng mỹ phẩm, Kệ để đồ đa năng 3 Tầng 2 ngăn kéo để bàn ô tiện ích, Chất liệu nhựa ABS an toàn khi sử dụng",266 Đã bán,https://www.lazada.vn/products/pdp-i2067585727.html
Dụng cụ chăm sóc Sắc đẹp,Mon-Basic Túi mỹ phẩm,175.000 ₫,-38%,108500,,,Túi đựng mỹ phẩm đồ trang điểm du lịch nhiều ngăn tiện dụng,,https://www.lazada.vn/products/pdp-i2412238842.html
Vali và Túi du lịch đa năng,Polo R&L,89.000 ₫,-36%,56960,(6),5.0,ARCTIC HUNTER túi đựng đồ makeup túi đựng đồ trang điểm túi mỹ phẩm Túi trang điểm xách tay in Tarp du lịch của phụ nữ zippered Túi đựng đồ vệ sinh cá nhân Túi lưu trữ đa chức năng,28 Đã bán,https://www.lazada.vn/products/pdp-i2977707564.html
Nhập vai Phục trang & Dạ tiệc,HENGHOME Vietnam,170.190 ₫,-44%,95306,(1),5.0,HENGHOME 1 bộ không độc hại cô gái trang điểm đạo cụ trẻ em giả vờ chơi mô phỏng mỹ phẩm đồ chơi Kit với Eyeshadow Palette và son môi Applicator,10 Đã bán,https://www.lazada.vn/products/pdp-i3066444242.html
Vali và Túi du lịch đa năng,SOHOGO,,,,(3),4.3,"Túi lưới đựng đồ cá nhân mini -Túi đựng mỹ phẩm, phụ kiện mini gọn nhẹ Túi vải lưới đựng đồ đa năng có quai xách -Túi du lịch nhỏ chống ẩm, siêu nhẹ -Túi đựng đồ lưới siêu mỏng – gập gọn tiện lợi -Túi mini đựng đồ tiện dụng",10 Đã bán,https://www.lazada.vn/products/pdp-i2897958602.html
Nhập vai Phục trang & Dạ tiệc,homeappliancescollectionstore,351.400 ₫,-33%,235438,(18),5.0,Bộ mỹ phẩm đồ chơi trang điểm 33 món không độc hại thích hợp cho bé,57 Đã bán,https://www.lazada.vn/products/pdp-i2394087293.html
Dụng cụ chăm sóc Sắc đẹp,Shop hàng khuyến mãi Nguyễn Quý,70.000 ₫,-44%,39200,(1),5.0,"Túi Đựng Mỹ Phẩm, Túi đựng đồ trang điểm, đồ cá nhân 2 tầng phong cách hàn quốc du lịch chống nước",,https://www.lazada.vn/products/pdp-i3185493399.html
Trang điểm,Mỹ Phẩm Thuý Hường,99.000 ₫,-1%,98010,(19),4.5,Bộ Trang Điểm [8 Món ] Xinh Xắn Lameila Dành Cho Người Mới Tập Makuep(Chính Hãng) Bộ 8 món xinh xắn,58 Đã bán,https://www.lazada.vn/products/pdp-i2427027901.html
Vali và Túi du lịch đa năng,Kho Sỉ 247,,,,(12),4.7,"Túi Ví Đựng Băng Vệ Sinh, Son Môi, Mỹ Phẩm - Túi Mini Đựng Đồ Cá Nhân Chống Thấm Nước",49 Đã bán,https://www.lazada.vn/products/pdp-i2491265780.html
Nhập vai Phục trang & Dạ tiệc,smart family store,373.830 ₫,-47%,198129,,,【siêu rẻ】Bộ mỹ phẩm đồ chơi trang điểm 33 món không độc hại thích hợp cho bé,,https://www.lazada.vn/products/pdp-i2663477298.html
Tủ chứa & Sắp xếp đồ,DELI LIFESTYLE VIETNAM,260.750 ₫,-39%,159057,(15),4.9,Kệ đựng mỹ phẩm nhựa nhiều tầng để bàn trong suốt Deli kệ đưng đồ trang điểm hộp lưu trữ văn phòng phẩm VS,63 Đã bán,https://www.lazada.vn/products/pdp-i2223652863.html
,,,,,,,Túi Đựng Mỹ Phẩm Hoạt hình 6 Màu phong cách Nhật Bản đồ trang điểm du lịch Túi giặt/Hộp lưu trữ/Túi lưu trữ,3.1K Đã bán,https://www.lazada.vn/products/pdp-i2494571851.html
Dụng cụ chăm sóc Sắc đẹp,GIA DỤNG AN NHIÊN .2702,,,,,,"Tủ Đựng Mỹ Phẩm 4 Tầng HOKORI Cao Cấp Nhựa Việt Nhật, Kệ Đựng Mỹ Phẩm, Đồ Trang Điểm",6 Đã bán,https://www.lazada.vn/products/pdp-i2542625046.html
Dụng cụ chăm sóc Sắc đẹp,Tạp hoá đồ dùng1102,110.000 ₫,-19%,89100,(1),5.0,"Kệ đựng mỹ phẩm nhựa 4 tầng để bàn tặng kèm sticker, khay đựng đồ trang điểm nhiều ngăn , decor bàn học, đựng bút",,https://www.lazada.vn/products/pdp-i2857928472.html
Trang điểm,Mỹ Phẩm Thuý Hường,134.500 ₫,-14%,115670,,,Bộ Trang Điểm Makuep Cơ Bản Đầy Đủ [12 Món Z2] Bộ Sản Phẩm Makep Của Nữ Dành Cho Người Mới Tập Trang Điểm Mỹ Phẩm Cosmetic,,https://www.lazada.vn/products/pdp-i2661009925.html
Tủ chứa & Sắp xếp đồ,SUKA HOUSE 999,,,,,,"Khay Đựng Nhựa Mỹ Phẩm, Khay Đựng Đồ Trong Suốt Có Quai, Khay Đựng Đồ Đa Năng",,https://www.lazada.vn/products/pdp-i2825888222.html
Tủ chứa & Sắp xếp đồ,Gia Dụng Tiện Ích EzyHome,120.000 ₫,-50%,60000,,,"Kệ Nhựa Đựng Mỹ Phẩm 3 Tầng 2 Ngăn Kéo - Hộp Nhựa Chia Ngăn Đựng Cọ, Son, Vật Dụng Cá Nhân Nhỏ Gọn - Kệ Trang Điểm Mini Tiện Lợi Cho Bàn Trang Điểm",,https://www.lazada.vn/products/pdp-i3116906542.html
Dụng cụ chăm sóc Sắc đẹp,Gia Dụng Pk,150.000 ₫,-36%,96000,(245),4.8,[HCM] Kệ đựng mỹ phẩm xoay 360 độ nhiều tầng bằng nhựa trong suốt thời trang,1.0K Đã bán,https://www.lazada.vn/products/pdp-i536218967.html
Nhập vai Phục trang & Dạ tiệc,SpeedOfficialStore,307.100 ₫,-13%,267177,(4),5.0,"Bộ Dụng Cụ Làm Đẹp Mỹ Phẩm Cho Trẻ Em 17 Chiếc, Bộ Hộp Trang Điểm Không Độc Hại Bộ Quà Tặng Sinh Nhật Cho Bé Gái, Bộ Trang Điểm Cho Trẻ Em, Bộ Trang Điểm Cho Trẻ Em, Đồ Chơi Trang Điểm Cho Bé Gái,",12 Đã bán,https://www.lazada.vn/products/pdp-i2391300572.html
Tủ chứa & Sắp xếp đồ,Gia Dụng Pk,76.000 ₫,-15%,64600,(2),5.0,"Hộp đựng cọ trang điểm 2959 - hộp đựng cọ có nắp kín chống ẩm mốc bụi bẩn, hộp dựng cọ trang điểm, hộp đựng mỹ phẩm, hộp đựng có nắp, hộp đựng trang sức",8 Đã bán,https://www.lazada.vn/products/pdp-i3027359155.html
Vali và Túi du lịch đa năng,BÁN GÌ RẺ THẾ,140.000 ₫,-46%,75600,(20),4.7,"Bộ 6 Túi Du Lịch Đựng Quần Áo, Mỹ Phẩm, Giày Dép, Tất , Vớ Xếp Gọn Chống Thấm - COMBO 6 TÚI TIỆN ÍCH ĐỰNG ĐỒ DU LỊCH CÁ NHÂN NHIỀU SIZE",51 Đã bán,https://www.lazada.vn/products/pdp-i2501463446.html
Tủ chứa & Sắp xếp đồ,Nội Thất YTC,550.000 ₫,-41%,324500,(596),4.9,"Kệ Đựng Mỹ Phẩm YTC Cao Cấp Nhập Khẩu, Chống Bụi Chống Nước Siêu Đẹp",2.3K Đã bán,https://www.lazada.vn/products/pdp-i1541343214.html
Tủ chứa & Sắp xếp đồ,Gia Dụng Pk,50.000 ₫,-22%,39000,(462),4.9,"Kệ Đựng Mỹ Phẩm, Kệ Để Đồ Trang Điểm Mini 3 Tầng 2 ngăn kéo - Kệ đựng Đồ Đa Năng Nhiều Ô Tiện Ích Có Ngăn Kéo, kệ đựng đồ trang điểm, kệ để bàn mini, kệ mini, kệ đựng đồ đa năng, kệ mini để bàn",1.9K Đã bán,https://www.lazada.vn/products/pdp-i2157423106.html
Dụng cụ chăm sóc Sắc đẹp,Mon-Basic Túi mỹ phẩm,180.000 ₫,-11%,160200,(4),5.0,Túi đựng đồ trang điểm du lịch 2 ngăn kéo -size lớn,11 Đã bán,https://www.lazada.vn/products/pdp-i2682220610.html
Trang điểm,Mỹ Phẩm Thuý Hường,,,,,,Bộ Trang Điểm Makuep Cơ Bản Đầy Đủ [22 Món S7] Bộ Sản Phẩm Makep Của Nữ Dành Cho Người Mới Tập Trang Điểm Mỹ Phẩm Cosmetic,,https://www.lazada.vn/products/pdp-i2661090348.html
Vali và Túi du lịch đa năng,Giadung.Ha'n,110.000 ₫,-31%,75900,(2),5.0,"Túi đựng mỹ phẩm ,Set 3 túi đựng đồ trang điểm du lịch chống thấm nước",12 Đã bán,https://www.lazada.vn/products/pdp-i2187188152.html
Vali và Túi du lịch đa năng,An An Nguyễn Store,50.000 ₫,-20%,40000,(30),5.0,"Túi Lưới Đựng Mỹ Phẩm Trang Điểm , Đồ Dùng Du Lịch Tiện Dụng (Nhiều Kích Cỡ)",163 Đã bán,https://www.lazada.vn/products/pdp-i2043119654.html
Vali và Túi du lịch đa năng,the gioi vali,200.000 ₫,-22%,156000,(102),4.8,"Túi đựng mỹ phẩm sức chứa lớn, túi đựng đồ du lịch mẫu mới, chống thấm nước và dễ dàng mang theo",350 Đã bán,https://www.lazada.vn/products/pdp-i2653332557.html
Trang điểm,PaNa- Store,110.000 ₫,-37%,69300,(1),5.0,Bộ trang điểm 4 món/ kem nền / kem lót/ phấn phủ/ mút,,https://www.lazada.vn/products/pdp-i3166530812.html
Vali và Túi du lịch đa năng,Tín Phong Shop,,,,(73),4.9,"Túi đựng mỹ phẩm,đồ du lịch bằng nhựa chống thấm Washbag (1 cái)",362 Đã bán,https://www.lazada.vn/products/pdp-i1869535696.html
Dụng cụ chăm sóc Sắc đẹp,My MiNail,,,,(15),4.7,Cốp nhôm 2 tầng đựng đồ trang điểm 32x26x21 Nail mi.phun xăm .make up,73 Đã bán,https://www.lazada.vn/products/pdp-i1468509050.html
Trang điểm,PaNa- Store,169.000 ₫,-41%,99710,(6),5.0,Bộ Trang Điểm Cá Nhân 7 đến 9 sản phẩm/ phấn nước lameila/Maccara/son/phấn phủ,32 Đã bán,https://www.lazada.vn/products/pdp-i1968046025.html
Vali và Túi du lịch đa năng,An An Nguyễn Store,250.000 ₫,-41%,147500,(21),5.0,"Túi đựng mỹ phẩm , túi đựng đồ du lịch chống nước ( nhiều mẫu )",144 Đã bán,https://www.lazada.vn/products/pdp-i2043143374.html
Chăm sóc da mặt,Eifini Fashion,103.640 ₫,-48%,53892,(1),1.0,Kem Giảm Mụn Trứng Cá Mờ Thâm Mờ Rỗ Lỗ Chân Lông To Giúp Căng Bóng Trẻ Hoá Làn Da/25g,8 Đã bán,https://www.lazada.vn/products/pdp-i2661488557.html
,Great-King,330.000 ₫,-50%,165000,(5),5.0,"DIY Set Tự Làm / Khung tranh đính đá pha lê size 20x25 handmade quà 14/3 tặng người yêu, quà sinh nhật, quà kỉ niệm",10 Đã bán,https://www.lazada.vn/products/pdp-i2621651100.html
Tủ chứa & Sắp xếp đồ,Phụ Kiện Giá Tốt 24H,80.000 ₫,-46%,43200,(20),4.9,"Kệ Đựng Mỹ Phẩm, Remote , Đồ Dùng Đa Năng Cỡ To 4 Ngăn - Rổ Nhựa 4 Ngăn Đựng Đồ Tiện Ích - Khay Nhựa 4 Ngăn  - Khay Đựng Đồ - Khay Bút - Khay Tiện ích 4 Ngăn Nhựa PP Tiện Lợi",69 Đã bán,https://www.lazada.vn/products/pdp-i2418989860.html
Dụng cụ chăm sóc Sắc đẹp,Mon-Basic Túi mỹ phẩm,300.000 ₫,-22%,234000,(9),5.0,Túi đựng đồ trang điểm sức chứa lớn chống thấm nước,36 Đã bán,https://www.lazada.vn/products/pdp-i2412324488.html
Trang điểm,CHINH HÃNG - SIÊU THỊ SỨC KHỎE VẺ ĐẸP,190.000 ₫,-32%,129200,(8),5.0,Bộ trang điểm cao cấp đủ màu hàng chính hãng,22 Đã bán,https://www.lazada.vn/products/pdp-i2985779307.html
Dụng cụ chăm sóc Sắc đẹp,Mon-Basic Túi mỹ phẩm,185.000 ₫,-43%,105450,(1),5.0,"Túi đựng đồ trang điểm cá nhân nhiều ngăn, chất dày xịn loại tốt - size lớn 26x22x10cm",8 Đã bán,https://www.lazada.vn/products/pdp-i2427115371.html
Vali và Túi du lịch đa năng,Lazy-Life Store,,,,(4),5.0,"Túi Ví Đựng Băng Vệ Sinh, Son Môi, Mỹ Phẩm - Túi Mini Đựng Đồ Cá Nhân Chống Thấm Nước - LAZYL",12 Đã bán,https://www.lazada.vn/products/pdp-i3050220729.html
Trang điểm,Focallure Cosmetic,300.000 ₫,-44%,168000,(72),5.0,Combo Focallure Cushion BB Lì Chống Thấm Nước Và Phấn Phủ Kiểm Soát Dầu,211 Đã bán,https://www.lazada.vn/products/pdp-i2859332881.html
Vali và Túi du lịch đa năng,Polo R&L,48.000 ₫,-6%,45120,(54),4.9,ARCTIC HUNTER túi đựng đồ makeup túi đựng đồ trang điểm túi mỹ phẩm Túi đựng đồ vệ sinh cá nhân du lịch Túi lưu trữ PVC trang điểm không thấm nước Túi xách tay ổ lưu trữ di động,417 Đã bán,https://www.lazada.vn/products/pdp-i2281083769.html
Vali và Túi du lịch đa năng,Tiệm TACAO,,,,,,"Túi Đựng Đồ Makeup Da PU Chống Thấm, Cốp Đựng Đồ Makeup, Túi Đựng Mỹ Phẩm Du Lịch Nhiều Kích Cỡ",,https://www.lazada.vn/products/pdp-i3207034346.html
Dụng cụ chăm sóc Sắc đẹp,Bách Hóa ADN.Shop,63.000 ₫,-19%,51030,(28),4.9,"[HCM] Set 3 Túi Nhựa Trong Suốt Đựng Đồ Đa Năng, Đựng Mỹ Phẩm, Đồ Dùng Cá Nhân  Mang Theo Tiện Lợi",102 Đã bán,https://www.lazada.vn/products/pdp-i2657844431.html
Chăm sóc da mặt,Shop mỹ phẩm Lê Hạnh,700.000 ₫,-43%,399000,(21),5.0,Bộ Mỹ Phẩm Yiyimei Hồng Kong 5 món,82 Đã bán,https://www.lazada.vn/products/pdp-i2653845103.html
Vali và Túi du lịch đa năng,Gia dụng nhà cửa PTN Sỉ - Lẻ,70.000 ₫,-42%,40600,(4),5.0,"[HÀNG CÓ SẴN] Túi Đựng Mỹ Phẩm, Đồ Trang Điểm Du Lịch Chống Thấm Nước Washbag",9 Đã bán,https://www.lazada.vn/products/pdp-i2033418061.html
Dụng cụ chăm sóc Sắc đẹp,Shop hàng khuyến mãi Nguyễn Quý,30.000 ₫,-50%,15000,(12),5.0,"Túi đựng mỹ phẩm, Dụng cụ trang điểm, bút thước, đồ cá nhân... Purite",44 Đã bán,https://www.lazada.vn/products/pdp-i2759795941.html
Trang điểm,PaNa- Store,189.000 ₫,-39%,115290,(76),4.8,Bộ Trang Điểm Dành Cho Người Mới Tập Make Up/Trang Điểm Cá Nhân,323 Đã bán,https://www.lazada.vn/products/pdp-i1979447362.html
Vali và Túi du lịch đa năng,Techsshop,150.000 ₫,-17%,124500,(4),5.0,"Túi du lịch đựng mỹ phẩm, đồ trang điểm, Túi đựng đồ dùng cá nhân đa năng chất liệu vải Polyster dòng mẫu lớn nhiều màu đa dạng",10 Đã bán,https://www.lazada.vn/products/pdp-i2294415006.html
Vali và Túi du lịch đa năng,ELACCENT BAG MALL,134.000 ₫,-50%,67000,(26),4.9,ELACCENT túi đựng đồ makeup túi đựng đồ trang điểm túi mỹ phẩm Túi đựng đồ vệ sinh cá nhân du lịch nhỏ gọn  với móc treo để tổ chức dễ dàng,92 Đã bán,https://www.lazada.vn/products/pdp-i2966782778.html
Dụng cụ chăm sóc Sắc đẹp,yến sàoo,60.000 ₫,-40%,36000,,,"Túi đựng mỹ phẩm WASHBAG , đựng đồ trang điểm đồ cá nhân chống thấm nước",,https://www.lazada.vn/products/pdp-i2478771670.html
Vali và Túi du lịch đa năng,LaVaCorner,47.900 ₫,-48%,24908,(94),5.0,"Túi Đựng Mỹ Phẩm, Đồ Vệ Sinh Cầm Tay Có Khóa Kéo Tiện Lợi Đa Năng",624 Đã bán,https://www.lazada.vn/products/pdp-i2136831264.html
Dụng cụ chăm sóc Sắc đẹp,MEHOM - Mê nhà,100.000 ₫,-5%,95000,,,"Khăn Ma Thuật Tự Dính Túi Vải Xếp Magic Đựng Mỹ Phẩm, Lens Máy Ảnh, Đồ Make Up, Laptop Gấp Gọn - Blo Store KMT01",,https://www.lazada.vn/products/pdp-i3167949325.html
Vali và Túi du lịch đa năng,Hush Puppy,49.000 ₫,-47%,25970,(552),4.9,C & K⚡Miễn Phí Vận Chuyển⚡ Túi đựng mỹ phẩm WASHBAG 3 size 3 màu đựng đồ trang điểm đồ cá nhân chống thấm nước,1.8K Đã bán,https://www.lazada.vn/products/pdp-i2261608182.html
Vali và Túi du lịch đa năng,Global Merch Park,174.000 ₫,-38%,107880,(141),4.9,Di Động Dung Tích Lớn Túi Đựng Mỹ Phẩm Có Thể Tháo Rời 4 Trong 1 Nylon Du Lịch Trang Điểm Bảo Quản Hộp Đựng Đồ Vệ Sinh Có Khóa Kéo Thời Trang Hoa Văn Chắc Chắn,197 Đã bán,https://www.lazada.vn/products/pdp-i2562841184.html
Dụng cụ chăm sóc Sắc đẹp,Cikmi store,173.714 ₫,-26%,128548,(6),5.0,Cốp Đựng Mỹ Phẩm Vật liệu Da Túi trang điểm dung tích lớn có gương LED Thông Minh Đựng Mỹ Phẩm Túi đựng đồ makeup,31 Đã bán,https://www.lazada.vn/products/pdp-i2885285884.html
,Hoá mỹ phẩm+ hàng gia dụng,,,,,,Sữa tắm nước hoa Cindy Bloom Aroma mẫu mới 2025,,https://www.lazada.vn/products/pdp-i3174443384.html
Dụng cụ chăm sóc Sắc đẹp,GIA DỤNG SỈ TPHCM,132.000 ₫,-63%,48840,,,KỆ ĐỰNG MỸ PHẨM CỌ TRANG ĐIỂM 5 NGĂN XOAY 360 ĐỘ TIỆN LỢI PHONG CÁCH HÀN QUỐC XINH XẮN. ỐNG ĐỰNG BÚT ĐỒ DÙNG HỌC TẬP ĐỂ BÀN ĐA NĂNG,,https://www.lazada.vn/products/pdp-i3102607996.html
Vali và Túi du lịch đa năng,Techsshop,130.000 ₫,-19%,105300,(12),5.0,"Túi đựng mỹ phẩm, đồ trang điểm, Túi du lịch đựng đồ dùng cá nhân đa năng nhỏ",38 Đã bán,https://www.lazada.vn/products/pdp-i2295845075.html
Dụng cụ chăm sóc Sắc đẹp,Gia Dụng Pk,158.000 ₫,-25%,118500,(1),5.0,"Túi Đựng Mỹ Phẩm - Đựng Đồ Cá Nhân Gấp Gọn DA SẦN 4 NGĂN Chất Liệu Da Sang Trọng, túi đựng mỹ phẩm, túi da, túi, hộp đựng mỹ phẩm, túi đựng cọ ,túi gấp gọn,",13 Đã bán,https://www.lazada.vn/products/pdp-i3048412060.html
Trang điểm,Focallure Cosmetic,99.800 ₫,-42%,57884,(1525),4.9,FOCALLURE Kem Nền BB Cream Che Phủ Khuyết Điểm Chống Thấm Nước 31g,2.4K Đã bán,https://www.lazada.vn/products/pdp-i2056668332.html
Tủ chứa & Sắp xếp đồ,Gia Dụng Pk,45.000 ₫,-27%,32850,(6),5.0,"Hộp đựng bông tẩy trang trong suốt 252 - Hộp đựng mỹ phẩm phòng tắm - Hộp đựng bông tẩy trang tròn, hộp đưng bông tẩy trang , hộp đưng bông tăm, ống đựng bông tẩy trang",23 Đã bán,https://www.lazada.vn/products/pdp-i3022792548.html
Trang điểm,Focallure Cosmetic,80.000 ₫,-48%,41600,(1057),5.0,FOCALLURE Kem Che Khuyết Điểm Che Phủ  Quầng Thâm Và Vết Thâm 3.8g,2.3K Đã bán,https://www.lazada.vn/products/pdp-i2058917616.html
Trang điểm,LPThienY,132.000 ₫,-47%,69960,(1),5.0,Bộ trang điểm Hanru 4 món đa năng tiện dụng,5 Đã bán,https://www.lazada.vn/products/pdp-i2963726312.html
Trang điểm,Sức Khỏe Và Sắc Đẹp Tươi Trẻ,204.000 ₫,-25%,153000,(1457),4.9,Kem Nền QIC Che Khuyết Điểm Dạng Lỏng Dưỡng Ẩm Kiềm Dầu Chống Thấm Nước,4.4K Đã bán,https://www.lazada.vn/products/pdp-i2281408492.html
Dụng cụ chăm sóc Sắc đẹp,Shop Lộc1,,,,,,"Set 3 Túi Đựng Mỹ Phẩm, Đồ Trang Điểm, Đồ Cá Nhân Trong Suốt Chống Thấm Nước",,https://www.lazada.vn/products/pdp-i3180430634.html
Tủ chứa & Sắp xếp đồ,Phụ Kiện Giá Tốt 24H,80.000 ₫,-46%,43200,(8),4.9,"Rổ Nhựa 4 Ngăn Đựng Đồ Tiện Dụng - Kệ Đựng Mỹ Phẩm, Remote , Đồ Dùng Đa Năng - Khay Nhựa - Khay Đựng Đồ 4 Ngăn - Khay Đựng Bút - Khay Tiện ích 4 Ngăn Nhựa PP Tiện Lợi",37 Đã bán,https://www.lazada.vn/products/pdp-i2419127031.html
Dụng cụ chăm sóc Sắc đẹp,Chigoo,789.000 ₫,-48%,410280,,,(Có sẵn) Cốp makeup cốp đựng mỹ phẩm có gương 26*23*11cm túi đựng mỹ phẩm led túi đựng đồ makeup,,https://www.lazada.vn/products/pdp-i3075901641.html
Trang điểm,Mỹ Phẩm Thuý Hường,350.000 ₫,-1%,346500,(13),4.8,[ Bộ trang điểm] 27 Món [V5] Bộ sản phẩm  trang điểm MAKEUP  gồm 27 món (V5) đa năng tiện dụng Dành cho người mới tầm makeup [chính hãng],34 Đã bán,https://www.lazada.vn/products/pdp-i2584394827.html
Dụng cụ chăm sóc Sắc đẹp,kittenBaby Vietnam,127.111 ₫,-44%,71182,(3),5.0,kittenBaby 3 lớp công suất lớn hộp lưu trữ có thể gập lại đa chức năng nhựa xách tay trang điểm kẹp tóc Organizer Nail Art hộp đồ trang sức,18 Đã bán,https://www.lazada.vn/products/pdp-i2928683989.html
Dụng cụ chăm sóc Sắc đẹp,BUM BI,,,,(2),5.0,"Túi Đựng Đồ Trang Điểm Makeup Đính Hoa Tulip Dễ Thương, Túi Vải Mỹ Phẩm Có Quai Xách Tiện Lợi Khi Đi Du Lịch Nhiều Màu",,https://www.lazada.vn/products/pdp-i3028176047.html
Tủ chứa & Sắp xếp đồ,Gia Dụng Pk,140.000 ₫,-22%,109200,(37),4.7,"Kệ Nhiều Tầng Đựng Mĩ Phẩm Đồ Makeup Sơn Móng Tay Phấn Mắt 4/5/6 tầng Trang Điểm Gọn Gàng Decor, hộp đựng bút, hộp đựng sticker, hộp đựng mỹ phẩm, hộp để bàn trang trí , hộp , tủ nhựa, kệ đựng mỹ phẩm, kệ đựng min",135 Đã bán,https://www.lazada.vn/products/pdp-i2467376714.html
Dụng cụ chăm sóc Sắc đẹp,Qiyue.STORY,231.845 ₫,-36%,148380,(21),5.0,"Lớn 3 Lớp Hộp Đựng Mỹ Phẩm Vải Oxford Chống Thấm Nước Hình Xăm/Làm Móng Tay/Trang Điểm Hộp Dụng Cụ, Đồ Lót Du Lịch Hộp Bảo Quản",87 Đã bán,https://www.lazada.vn/products/pdp-i2622706014.html
Dụng cụ chăm sóc Sắc đẹp,shopmymy VN111KL,58.000 ₫,-50%,29000,(9),5.0,"Túi Đựng Mỹ Phẩm, Đồ Trang Điểm Đi Du Lịch Luxury Washbag Trong Suốt Chống Thấm Nước Tiện Lợi WB02",39 Đã bán,https://www.lazada.vn/products/pdp-i2912602475.html
Dụng cụ chăm sóc Sắc đẹp,Mon-Basic Túi mỹ phẩm,80.000 ₫,-19%,64800,(1),5.0,Túi đựng đồ makeup nhỏ gọn có chia ngăn,6 Đã bán,https://www.lazada.vn/products/pdp-i2681979743.html
Trang điểm,Focallure Cosmetic,50.000 ₫,-36%,32000,(1029),5.0,Phấn Má Hồng FOCALLURE trang điểm tự nhiên 2.8g,1.3K Đã bán,https://www.lazada.vn/products/pdp-i2653567365.html
Dụng cụ chăm sóc Sắc đẹp,GIA DỤNG AN NHIÊN .2702,130.000 ₫,-48%,67600,(13),4.9,Kệ Đựng Mỹ Phẩm Mẫu Mới Cỡ Lớn - Đồ Trang Điểm Để Bàn Xoay 360  Sang Trọng Cao Cấp - Mẫu Mới Cực Đẹp,69 Đã bán,https://www.lazada.vn/products/pdp-i2603139437.html
Dụng cụ chăm sóc Sắc đẹp,Haibei,135.000 ₫,-30%,94500,,,"Hộp đựng đồ trang điểm xoay 360 độ có nắp che bụi, trong suốt cao cấp, hộp đựng cọ trang điểm",,https://www.lazada.vn/products/pdp-i3115422422.html
Vali và Túi du lịch đa năng,"Phụ kiện du lịch, phượt",,,,(1),5.0,"[D070] Túi Mini Đựng Băng Vệ Sinh, Son Môi, Mỹ Phẩm Loại Miệng Dán - Túi Ví Đựng Đồ Cá Nhân",,https://www.lazada.vn/products/pdp-i2474590567.html
Vali và Túi du lịch đa năng,KAKA.SHOP,100.000 ₫,-45%,55000,(45),4.9,Túi Đựng Mỹ Phẩm Chống NướcTúi Đựng Đồ Trang Điểm Du Lịch Thời Trang Nữ Có Quai Xách,256 Đã bán,https://www.lazada.vn/products/pdp-i1983681409.html
Trang điểm,Mỹ Phẩm Thuý Hường,,,,(2),5.0,Bộ Trang Điểm[12 Món Y7]Đầy Đủ Makeup/Trang Điểm Đi Tiệc/Trang Điểm Cá Nhân Cơ Bản 12 Món,14 Đã bán,https://www.lazada.vn/products/pdp-i2628280319.html
Trang điểm,PaNa- Store,189.000 ₫,-42%,109620,(267),4.8,Bộ trang điểm 9 món/kem nền/ bấm mi/phấn phủ/son/Maccara/chì kẻ mày/phấn mắt/nhũ mắt/kẻ mắt nước,1.2K Đã bán,https://www.lazada.vn/products/pdp-i1754121167.html
Nhập vai Phục trang & Dạ tiệc,Toyfun-VN,88.000 ₫,-2%,86240,(23),4.6,Bộ đồ chơi mỹ phẩm dụng cụ trang điểm 33 món không độc hại chất liệu an toàn nhiều lựa chọn thích hợp cho bé,145 Đã bán,https://www.lazada.vn/products/pdp-i2721652746.html
Vali và Túi du lịch đa năng,Tiệm TACAO,,,,,,"Túi Đựng Đồ Trang Điểm Mỹ Phẩm Gấp Gọn Có Móc Treo, Túi Đựng Đồ Makeup Du Lịch Vải Oxford Chống Thấm",,https://www.lazada.vn/products/pdp-i3207061161.html
Vali và Túi du lịch đa năng,Tuidonghang.hcm,15.000 ₫,-20%,12000,(7),5.0,Túi Đựng Mỹ phẩm và đồ cá nhân du lịch,24 Đã bán,https://www.lazada.vn/products/pdp-i2556734405.html
Vali và Túi du lịch đa năng,trangtridephcm,30.000 ₫,-50%,15000,(28),4.6,"Túi nhựa trong suốt đựng đồ , mỹ phẩm tiện dụng nhỏ gọn ( nhiều màu )",163 Đã bán,https://www.lazada.vn/products/pdp-i1872564767.html
Trang điểm,Mỹ Phẩm Thuý Hường,,,,(30),4.7,Bộ Trang Điểm[12 Món C10]Đầy Đủ Makeup/Trang Điểm Đi Tiệc/Trang Điểm Cá Nhân Cơ Bản 12 Món C10,130 Đã bán,https://www.lazada.vn/products/pdp-i2428204001.html
Túi xách nữ,the gioi vali,150.000 ₫,-34%,99000,(5),4.8,"Túi đựng mỹ phẩm chống thấm nước da PU có khóa kéo đôi,túi đựng đồ dung tích lớn nhiều ngăn,túi đựng đồ vệ sinh cá nhân",9 Đã bán,https://www.lazada.vn/products/pdp-i3043557114.html
Tủ chứa & Sắp xếp đồ,TomHouseVN,79.000 ₫,-14%,67940,(2),5.0,"Kệ Đựng Mỹ Phẩm, Đồ Trang Điểm 3 Tầng Nhiều Ngăn - Kệ Nhựa Đa Năng - Khay Để Đồ, Dụng Cụ Học Tập Có Ngăn Kéo",8 Đã bán,https://www.lazada.vn/products/pdp-i2062230190.html
Trang điểm,Mỹ Phẩm Thuý Hường,,,,(6),4.8,Bộ Trang Điểm[12 Món Y5]Đầy Đủ Makeup/Trang Điểm Đi Tiệc/Trang Điểm Cá Nhân Cơ Bản 12 Món,18 Đã bán,https://www.lazada.vn/products/pdp-i2628294302.html
Vali và Túi du lịch đa năng,LYNLYN HOUSE,,,,(1),4.0,Túi Đựng Mỹ Phẩm Đồ Trang Điểm Cá Nhân Du Lịch Gấp Gọn Có Móc Treo,,https://www.lazada.vn/products/pdp-i2976462225.html
Dụng cụ chăm sóc Sắc đẹp,Alice Dream,93.000 ₫,-38%,57660,(7),5.0,"Túi đựng đồ trang điểm vải bố thời trang tiện dụng, túi đựng mỹ phẩm, túi đựng đồ vệ sinh cá nhân du lịch cho phụ nữ và trẻ em gái",12 Đã bán,https://www.lazada.vn/products/pdp-i2747268591.html
Trang điểm,Mỹ Phẩm Thuý Hường,,,,,,Bộ Trang Điểm Makuep Cơ Bản Đầy Đủ 22 Món Z4 Bộ Sản Phẩm Makep Của Nữ Dành Cho Người Mới Tập Trang Điểm Mỹ Phẩm Cosmetic,,https://www.lazada.vn/products/pdp-i2661112253.html
quà tặng & Gói quà,THƯ STORE 99,,,,(19),5.0,"HỘP QUÀ TẶNG NGÀY LỄ, SET QUÀ KỈ NIỆM MAKEUP GỒM 3 SON + NƯỚC HOA + PHẤN MÁ + KEM NỀN + GẤU XINH",76 Đã bán,https://www.lazada.vn/products/pdp-i2540437482.html
Vali và Túi du lịch đa năng,FashionHere,88.600 ₫,-51%,43414,(68),4.9,Túi Đựng Đồ Vệ Sinh Cá Nhân Dung Tích Lớn Trang Điểm Không Thấm Nước Mỹ Phẩm Đi Du Lịch Túi Bao Tiện Dụng Thường Ngày Túi Có Khóa Kéo,191 Đã bán,https://www.lazada.vn/products/pdp-i2205233149.html
Trang điểm,PaNa- Store,179.000 ₫,-45%,98450,(317),4.9,Bộ trang điểm Lameila 6 đến 8 món có kèm hình ảnh,1.2K Đã bán,https://www.lazada.vn/products/pdp-i1760765522.html
Vali và Túi du lịch đa năng,Store4men - Tjll Tjll Shop,120.000 ₫,-37%,75600,(1),5.0,"SET 6 Túi Đựng Quần Áo, Mỹ Phẩm, Giày Dép, Vớ Mang Du Lịch Tiện Lợi - Combo 6 Đựng Đồ Du Lịch Xếp Gọn , Chống Thấm / Túi Du Lịch - Túi Đựng Đồ Trang Điểm , Mỹ Phẩm Đồ Dùng Du Lịch Chống Thấm Nước Cao Cấp",9 Đã bán,https://www.lazada.vn/products/pdp-i2501401709.html
Dụng cụ chăm sóc Sắc đẹp,Tuidonghang.hcm,79.000 ₫,-25%,59250,(47),4.6,Kệ đựng mĩ phẩm đồ trang điểm nhựa để bàn có ngăn kéo tiện lợi,169 Đã bán,https://www.lazada.vn/products/pdp-i2253318618.html
Dụng cụ chăm sóc Sắc đẹp,BUM BI,,,,(13),4.8,[HCM]Túi đựng mỹ phẩm tiện lợi Túi Đựng Đồ Trang Điểm - BUMSTORE,85 Đã bán,https://www.lazada.vn/products/pdp-i453164779.html
Trang điểm,PaNa- Store,319.000 ₫,-48%,165880,(296),4.9,HOÀN TIỀN 15% - Trọn bộ 15 món trang điểm Lameila/ combo makeup/son/kem nền,886 Đã bán,https://www.lazada.vn/products/pdp-i2197672582.html
Dụng cụ chăm sóc Sắc đẹp,Akii Home,60.000 ₫,-35%,39000,(5),5.0,"Túi đựng mỹ phẩm chất liệu PVC mờ+da PU cao cấp, túi đựng đồ trang điểm di động Akii Home TD31",16 Đã bán,https://www.lazada.vn/products/pdp-i2834705110.html
Trang điểm,Focallure Cosmetic,115.000 ₫,-40%,69000,(550),5.0,FOCALLURE Phấn Phủ Lì Dạng Nén Che Khuyết Điểm Hoàn Hảo Cùng Vitamin C 6.5G,1.5K Đã bán,https://www.lazada.vn/products/pdp-i2058919177.html
Trang điểm,Mỹ Phẩm Thuý Hường,,,,(17),4.8,Bộ Trang Điểm Đầy Đủ Chính Hãng Bộ Makeup [14 Món E2] Cho Người Mới - Lamelia 14 Sản Phẩm Bộ E2,55 Đã bán,https://www.lazada.vn/products/pdp-i2427059118.html
Dụng cụ chăm sóc Sắc đẹp,ROSE.Hi,,,,,,Cốp vải đựng đồ makeup đồ nail size to. Cốp vải có dây đeo đựng đồ makeup chuyên nghiệp SIZE đại MS 00027,5 Đã bán,https://www.lazada.vn/products/pdp-i3123359441.html
Trang điểm,Mỹ Phẩm Thuý Hường,,,,(9),4.6,Bộ Trang Điểm[12 Món X6]Đầy Đủ Các Món Makeup/Trang Điểm Đi Tiệc/Trang Điểm Cơ Bản [12 Món X6],30 Đã bán,https://www.lazada.vn/products/pdp-i2495525326.html
Dụng cụ chăm sóc Sắc đẹp,BUM STORE.,,,,(142),4.8,Túi đựng mỹ phẩm tiện lợi Túi Đựng Đồ Trang Điểm - BUM STORE,664 Đã bán,https://www.lazada.vn/products/pdp-i389452054.html
Vali và Túi du lịch đa năng,MiSu House,58.000 ₫,-50%,29000,,,"Túi Đựng Mỹ Phẩm, Đồ Trang Điểm Đi Du Lịch Luxury Washbag Trong Suốt Chống Thấm Nước Tiện Lợi WB02",6 Đã bán,https://www.lazada.vn/products/pdp-i2921156482.html
Trang điểm,PaNa- Store,149.000 ₫,-42%,86420,(332),4.8,HOÀN TIỀN 15% - Bộ trang điểm Lameila 7 đến 8 món (Chính Hãng),1.5K Đã bán,https://www.lazada.vn/products/pdp-i1651160228.html
Trang điểm,Mỹ Phẩm Thuý Hường,,,,(15),4.7,Bộ Trang Điểm[22 Món Y1 ]Đầy Đủ Makeup/Trang Điểm Đi Tiệc/Trang Điểm Cá Nhân Cơ Bản 22 Món Y1,31 Đã bán,https://www.lazada.vn/products/pdp-i2617260629.html
Dụng cụ chăm sóc Sắc đẹp,G01 GIA DỤNG THÔNG MINH,104.693 ₫,-26%,77472,(1),2.0,Combo 3 Túi Đựng Mỹ Phẩm WASHBAG 3 Size Đựng Đồ Trang Điểm Cá Nhân Chống Thấm Nước,,https://www.lazada.vn/products/pdp-i3012917525.html
Chăm sóc da mặt,ALPHA COFFEE,103.680 ₫,-48%,53913,(50),4.9,[Cam Kết Hết Mụn Thâm Trong 7 Ngày] Kem Giảm Mụn Cấp Tốc Loại Bỏ Mụn và Vết Thâm Hoàn Toàn Thu Nhỏ Lỗ Chân Lông CYSTIC Acne Giúp Da Láng Mịn Khít Lỗ Chân Lông Kiểm Soát Dầu/25g,163 Đã bán,https://www.lazada.vn/products/pdp-i2661521706.html
Dụng cụ chăm sóc Sắc đẹp,THẾ GIỚI DÉP LÔNG 1992,99.000 ₫,-20%,79200,(4),5.0,"Túi hộp đựng mỹ phẩm, đồ trang điểm hộp đứng cứng ko gấp gọn được",29 Đã bán,https://www.lazada.vn/products/pdp-i2376356125.html
Vali và Túi du lịch đa năng,ELACCENT BAG MALL,127.000 ₫,-28%,91440,(49),5.0,ELACCENT  túi đựng mỹ phẩm túi đựng đồ makeup Túi đựng mỹ phẩm du lịch di động dung tích lớn cầm tay mỹ phẩm dễ thương Túi giặt mới,20 Đã bán,https://www.lazada.vn/products/pdp-i2891644100.html
Chăm sóc da mặt,Memory Beauty,136.000 ₫,-50%,68000,,,Bộ dụng cụ trang điểm Powder Powder Powder Set bộ đồ trang điểm cho món quà cho phụ nữ cho bạn gái và mẹ aioo-vn,,https://www.lazada.vn/products/pdp-i3140731572.html
Trang điểm,LPTHIENYSHOP,129.800 ₫,-46%,70092,(3),5.0,Bộ Trang Điểm 4 Món Hanru Đầy Đủ Tiện Lợi Cho Người Mới Bắt Đầu,13 Đã bán,https://www.lazada.vn/products/pdp-i2959235342.html
Dụng cụ chăm sóc Sắc đẹp,7B2Nei.Selection,26.600 ₫,-29%,18886,,,"Túi Đựng Mỹ Phẩm/Đồ Trang Điểm WashBag Trong Suốt Chống Thấm Nước – Tiện Lợi, Thời Trang & Đa Năng - Nhiều Size",26.3K Đã bán,https://www.lazada.vn/products/pdp-i3140943611.html
Dụng cụ chăm sóc Sắc đẹp,BUM BI,,,,(9),5.0,Túi mỹ phẩm đa năng có ngăn lưới tiện dụng WASH BAG Túi du lịch đựng đồ nhiều màu chống thấm nước - BUMSTORE,31 Đã bán,https://www.lazada.vn/products/pdp-i2344803313.html
Trang điểm,Mỹ Phẩm Thuý Hường,,,,(29),5.0,Bộ Trang Điểm/Sét Trang Điểm [24 Món M6] Đầy Đủ Các Món Chính Hãng Cho Người Mới - Lamelia 24 Sản Phẩm Bộ M6,105 Đã bán,https://www.lazada.vn/products/pdp-i2458616949.html
Tủ chứa & Sắp xếp đồ,Store4men - Tjll Tjll Shop,80.000 ₫,-46%,43200,(91),5.0,"Khay Để Mỹ Phẩm , Khay Nhựa Chia 4 Ngăn Tiện Ích Mẫu Mới _ Rổ Tiện Ích Để Bàn 4 Ngăn Đựng Mỹ Phẩm , Đựng Đồ Đa Năng",434 Đã bán,https://www.lazada.vn/products/pdp-i2265614069.html
Dụng cụ chăm sóc Sắc đẹp,PRAZA,99.000 ₫,-30%,69300,(41),5.0,"Túi Hộp Đựng Phụ Kiện, Đồ Trang Điểm, Đồ Dùng Cá Nhân PRAZA - V08",155 Đã bán,https://www.lazada.vn/products/pdp-i2234379158.html
Trang điểm,Mỹ Phẩm Thuý Hường,,,,(46),4.5,Bộ Trang Điểm[21 Món A1]Đầy Đủ Makeup/Trang Điểm Đi Tiệc/Trang Điểm Cá Nhân Cơ Bản Bộ 22 món A1,134 Đã bán,https://www.lazada.vn/products/pdp-i2421514401.html
Giặt ủi,Mỹ Phẩm Heyxi,40.000 ₫,-50%,20000,(26),5.0,Nước Giặt Đồ Lót Heyxi (Giá Sỉ) Loại Bỏ Vệt Ố Vàng Khử Mùi Hôi Khó Chịu Lữu Giữ Hương Thơm 24 Giờ,173 Đã bán,https://www.lazada.vn/products/pdp-i2067281861.html
Dụng cụ chăm sóc Sắc đẹp,SOHOGO,,,,(4),5.0,"Túi Trang Điểm Vải Dù Chống Nước-Túi Đựng Đồ Cá Nhân Tiện Lợi-Túi Xinh – Đựng Gọn Cả Thế Giới Nhỏ Túi Đựng Mỹ Phẩm Mini 3 Màu – Gọn Nhẹ, Tiện Lợi, Chống Nước",11 Đã bán,https://www.lazada.vn/products/pdp-i104041655.html
Dụng cụ chăm sóc Sắc đẹp,GIA DỤNG MUN SHOP,,,,(2),5.0,"Kệ đựng mỹ phẩm 2 tầng, hộp đựng đồ trang điểm, makeup bằng nhựa cao cấp, tiện sử dụng",5 Đã bán,https://www.lazada.vn/products/pdp-i2196649890.html
,Xương Rồng Nhỏ - Đồ chơi trẻ em,52.400 ₫,-48%,27248,(8),4.9,"Bộ Bút Màu  ACRYLIC MARKER Không Phai Mực Vẽ Trên Mọi Chất Liệu ( Vẽ Vải, Giày Dép, Thủy Tinh) Xương Rồng Nhỏ",24 Đã bán,https://www.lazada.vn/products/pdp-i2415515300.html
Trang điểm,Mỹ Phẩm Thuý Hường,,,,(18),4.8,Bộ Trang Điểm[20 Món D9]Đầy Đủ Makeup/Trang Điểm Đi Tiệc/Trang Điểm Cá Nhân Cơ Bản 20 Món Bộ D9,40 Đã bán,https://www.lazada.vn/products/pdp-i2428168315.html
Trang điểm,Tiệm Quà Của Mi,70.000 ₫,-50%,35000,,,"Bộ makeup 5 món , bộ trang điểm phấn mắt, má hồng, son môi, mascara, bộ cọ trang điểm",9 Đã bán,https://www.lazada.vn/products/pdp-i2905565289.html
Vali và Túi du lịch đa năng,QUINCLEOPAT,90.000 ₫,-56%,39600,(12),5.0,"Túi Lưới Đựng Mỹ Phẩm, Đồ Makeup Trang Điểm - Túi Đựng Đồ Cá Nhân Du Lịch Vải Lưới",93 Đã bán,https://www.lazada.vn/products/pdp-i2277401167.html
Trang điểm,Mỹ Phẩm Thuý Hường,,,,(106),4.7,Bộ Trang Điểm[22 Món A2]Đầy Đủ Makeup/Trang Điểm Đi Tiệc/Trang Điểm Cá Nhân Cơ Bản 22 Món A2,391 Đã bán,https://www.lazada.vn/products/pdp-i2414792532.html
Nước hoa,Mỹ Phẩm Quỳnh Chi,125.000 ₫,-16%,105000,(10),5.0,ĐỦ 5 MÀU Nước hoa Pinky Sweet Cindy Classic Trẻ Trung Tinh Tế Trang Nhã Nhẹ Nhàng Lôi Cuốn 50ml,73 Đã bán,https://www.lazada.vn/products/pdp-i2421184463.html
Chăm sóc cá nhân,Nhà Của Cosmetics,90.000 ₫,-39%,54900,(375),4.9,Lăn khử mùi trắng da Enchanteur Charming 50ml,1.7K Đã bán,https://www.lazada.vn/products/pdp-i2239927544.html
Vali và Túi du lịch đa năng,the gioi vali,84.906 ₫,-32%,57736,(90),4.9,"Túi đựng Mỹ phẩm,đồ trang điểm du lịch chống nước Thiết kế đơn giản Khả năng lưu trữ túi hộp Túi lưu trữ/Túi giặt",314 Đã bán,https://www.lazada.vn/products/pdp-i2494640861.html
Dụng cụ chăm sóc Sắc đẹp,Dụng Cụ Nối Mi - PHAN ĐỨC,291.666 ₫,-40%,174999,,,"Cốp trang điểm, KT 28-24-18 cm nối mi, nail, phun săm đủ màu, Cốp đựng đồ trang điểm, nố",,https://www.lazada.vn/products/pdp-i2630493633.html
Dụng cụ chăm sóc Sắc đẹp,- GIÁ RẺ NHẤT -,55.000 ₫,-20%,44000,(46),4.9,"Kệ đựng mỹ phẩm, Kệ để đồ đa năng 3 Tầng 2 ngăn kéo để bàn ô tiện ích, Chất liệu nhựa ABS an toàn khi sử dụng",153 Đã bán,https://www.lazada.vn/products/pdp-i2067654275.html
Nước hoa,Hoá mỹ phẩm+ hàng gia dụng,,,,(4),5.0,Nước Hoa Sài Gòn Kẻ,45 Đã bán,https://www.lazada.vn/products/pdp-i2416410770.html
Trang điểm,Shop Mỹ Phẩm XÙ Cosmetic Chuyên Sỉ,220.000 ₫,-39%,134200,(6),5.0,Bộ Trang Điểm 8 Món Youliyoula Đầy Đủ Và Cơ Bản - Món Quà Tặng Cho Bạn Gái Siêu Sang Chảnh,29 Đã bán,https://www.lazada.vn/products/pdp-i2156295919.html
Dụng cụ chăm sóc Sắc đẹp,ENVISIONN Store,64.000 ₫,-50%,32000,(5),5.0,JIVIVIL Túi trang điểm nữ Sanrio Túi trang điểm cầm tay dễ thương Đồ Dùng vệ sinh dung tích lớn cầm tay sản phẩm chăm sóc da túi lưu trữ,,https://www.lazada.vn/products/pdp-i2930132964.html
Vali và Túi du lịch đa năng,BILAHAMALL,115.000 ₫,-43%,65550,,,Túi đựng đồ cá nhân chống thấm đa năng đựng mỹ phẩm đồ du lịch cao cấp có móc treo tiện lợi (có hàng sẵn) (Xả Kho Lấy Vốn) (Hàng Nhập),,https://www.lazada.vn/products/pdp-i2482409232.html
Vali và Túi du lịch đa năng,Spamall - Đồ Spa Và Làm Đẹp,11.000 ₫,-14%,9460,(33),5.0,"Lọ chiết serum 3ml, 5ml, 10ml, 20ml, 30ml, 50ml chiết serum, mỹ phẩm",1.9K Đã bán,https://www.lazada.vn/products/pdp-i2252963492.html
Vali và Túi du lịch đa năng,BUM STORE.,,,,(72),4.9,"Túi đựng mỹ phẩm WASHBAG tiện dụng có quai cầm, Túi du lịch đựng đồ rộng rãi có ngăn lưới nhiều màu - BUM STORE",310 Đã bán,https://www.lazada.vn/products/pdp-i2344664437.html
Trang điểm,Focallure Cosmetic,248.000 ₫,-44%,138880,(1405),5.0,FOCALLURE Cushion BB Lì Chống Thấm Nước Lâu Trôi 10G,965 Đã bán,https://www.lazada.vn/products/pdp-i2059488463.html
Vali và Túi du lịch đa năng,TROSTAR,131.864 ₫,-50%,65932,,,Túi Đựng Mỹ Phẩm Hoạt hình 6 Màu phong cách Nhật Bản đồ trang điểm du lịch Túi giặt/Hộp lưu trữ,,https://www.lazada.vn/products/pdp-i3193060261.html
Tủ chứa & Sắp xếp đồ,Gia Dụng Pk,64.000 ₫,-11%,56960,(33),4.9,"Kệ Đựng Mỹ Phẩm Để Bàn NHIỀU NGĂN LỚN Bằng Nhựa - Khay Đựng Bút Phụ Kiện Học Tập Đa Năng Có Ngăn Kéo Tiện Lợi, hộp nhựa, hộp đựng mỹ phẩm, hộp đựng bút , hộp đựng dồ cá nhân, hộp nhựa mini, hộp để bàn, hộp đựng",102 Đã bán,https://www.lazada.vn/products/pdp-i2234903746.html
Trang điểm,PaNa- Store,190.000 ₫,-43%,108300,(34),4.9,Bộ trang điểm Lameila chuyên nghiệp 8 món,126 Đã bán,https://www.lazada.vn/products/pdp-i1772158719.html
Vali và Túi du lịch đa năng,Life Style 4U,89.000 ₫,-45%,48950,(1),5.0,"Túi Lưới Đựng Mỹ Phẩm Du Lịch Chống Nước Gọn Nhẹ, Đáy Rộng, Thoáng Khí, Đựng Đồ Cá Nhân Tiện Dụng",,https://www.lazada.vn/products/pdp-i3125887592.html
,Đồ chơi thông minh Alice,100.000 ₫,-15%,85000,(22),5.0,Bút màu Acrylic Marker 12 24 36 48 60 80 cao cấp màu sắc tươi sáng không lem - Bút lông màu,84 Đã bán,https://www.lazada.vn/products/pdp-i2603084748.html
Trang điểm,Mỹ Phẩm Thuý Hường,,,,(36),4.8,Bộ Trang Điểm[24 Món E3]Đầy Đủ Makeup/Trang Điểm Đi Tiệc/Trang Điểm Cá Nhân Cơ Bản 24 Món Bộ E3,91 Đã bán,https://www.lazada.vn/products/pdp-i2428111239.html
Vali và Túi du lịch đa năng,Sandro,41.000 ₫,-29%,29110,(44),5.0,QFDI Túi Đựng Đồ Mới Túi Đựng Đồ Trang Điểm Chống Nước Sức Chứa Lớn PVC Trong Suốt Túi Đựng Đồ Vệ Sinh Du Lịch Tiện Dụng Túi Đựng Túi Xách túi xách túi đựng mỹ phẩm,31 Đã bán,https://www.lazada.vn/products/pdp-i2135233960.html
Dụng cụ chăm sóc Sắc đẹp,COZII.HOME.VN,65.000 ₫,-7%,60450,(3),5.0,"Túi đựng mỹ phẩm phong cách thời trang vải lưới cầm tay cỡ lớn tiện lợi dành cho nữ. Túi đựng đồ trang điểm make up, đồ dùng cá nhân du lịch",7 Đã bán,https://www.lazada.vn/products/pdp-i3139562733.html
,Happy Babys - Đồ chơi cho bé,150.000 ₫,-40%,90000,(26),5.0,Bút Màu Acrylic Marker bảng nâng cấp 12/24/36/48/60/80 tăng thêm 50% lượng mưc,100 Đã bán,https://www.lazada.vn/products/pdp-i2576812409.html
Chăm sóc cá nhân,Nhà Của Cosmetics,86.000 ₫,-24%,65360,(112),5.0,Lăn Ngăn Mùi NIVEA MEN 50ml các loại,575 Đã bán,https://www.lazada.vn/products/pdp-i2481193951.html
Vali và Túi du lịch đa năng,Eshylala Vietnam,108.113 ₫,-44%,60543,(8),4.5,Eshylala Thời Trang Của Phụ Nữ Tulip Hoa Pouch Công Suất Lớn Du Lịch Mỹ Phẩm Túi Dây Kéo Túi Xách Tay Lưu Trữ Make up Organizer,60 Đã bán,https://www.lazada.vn/products/pdp-i2858181246.html
Trang điểm,Mỹ Phẩm Thuý Hường,,,,(23),5.0,Bộ trang điểm đầy đủ [10 món X3]  cơ bản set trang điểm cá nhân bộ makeup nhẹ nhàng đi chơi cho nàng Hatola Bộ X3,97 Đã bán,https://www.lazada.vn/products/pdp-i2495571086.html
Tủ chứa & Sắp xếp đồ,BUM BI,,,,,,"Hộp Đựng Đồ Makeup Đa Năng Chống Sốc, Cốp Đựng Mỹ Phẩm Nhiều Ngăn Thiết Kế Sang Trọng Thời Trang",,https://www.lazada.vn/products/pdp-i3207449603.html
Vali và Túi du lịch đa năng,Mi Hà,220.000 ₫,-34%,145200,(2),5.0,"Cốp Makeup Cá Nhân Szie 26_Hộp Đựng Đồ Trang Điểm_Cốp Vải Thanh Cứng_Cốp Vali LV Mini Đựng Dụng Cụ Phun Xăm, Spa, Nail_Túi đựng mỹ phẩm",13 Đã bán,https://www.lazada.vn/products/pdp-i2084155851.html
Trang điểm,Hangnga Beauty Store,456.000 ₫,-47%,241680,(28),4.8,"Bộ trang điểm 26,24 món make-up đầy đủ như hình, kem nền, xịt khoáng, phấn mắt, chuốt mi, bộ cọ....",65 Đã bán,https://www.lazada.vn/products/pdp-i2668726329.html
Dụng cụ chăm sóc Sắc đẹp,ROSE.Hi,,,,,,Cốp vải đựng đồ makeup đồ nail size to. Cốp vải dây đeo makeup đa năng chuyên nghiệp SIZE đại MS 388 [ ROSE ],,https://www.lazada.vn/products/pdp-i3123291794.html
Trường học & văn phòng,Hauser,,,,(127),5.0,"Kệ Nhựa 6 Ngăn Đựng Bút, Mỹ Phẩm, Đồ Trang Điểm, Hộp Ống Cắm Bút 6 Ngăn,Tặng Kèm Sticker Dễ Thương-HAUSE",427 Đã bán,https://www.lazada.vn/products/pdp-i2484110740.html
Dụng cụ chăm sóc Sắc đẹp,Sức Sống Mới - Vẻ Đẹp Và Sức Khỏe,154.000 ₫,-50%,77000,(296),4.8,Bộ 5 Món Cọ Trang Điểm Kèm Gương Cao Cấp Ming Xizhi Màu Hồng Vintage Nhỏ Gọn Tiện Dụng,8.8K Đã bán,https://www.lazada.vn/products/pdp-i2312760839.html
,,,,,,,Túi Đựng Đồ Trang Điểm Cá Nhân Dây Rút Du Lịch - 100style,5 Đã bán,https://www.lazada.vn/products/pdp-i2467106895.html
Trang điểm,Mỹ Phẩm Thuý Hường,,,,(3),5.0,Bộ Trang Điểm[21 Món H7]Đầy Đủ Makeup/Trang Điểm Đi Tiệc/Trang Điểm Cá Nhân Cơ Bản 21 Món Bộ H7,11 Đã bán,https://www.lazada.vn/products/pdp-i2427032688.html
Dụng cụ chăm sóc Sắc đẹp,Gia dụng Tuki248,50.000 ₫,-30%,35000,(4),5.0,"Túi đựng mỹ phẩm, đồ trang điểm chống thấm nước, họa tiết dễ thương",12 Đã bán,https://www.lazada.vn/products/pdp-i2519532094.html
Vali và Túi du lịch đa năng,Băng Keo Nam Việt,65.000 ₫,-20%,52000,(20),5.0,(Có Ngăn Đựng Cọ Riêng) Túi Đựng Đồ Trang Điểm Chống Thấm Nước Túi Mỹ Phẩm Túi Xách Du Lịch Nhiều Hoa Văn,85 Đã bán,https://www.lazada.vn/products/pdp-i1248540754.html
Phụ kiện,VINTLOOK MALL,17.000 ₫,-35%,11050,(6),5.0,Túi nhiều ngăn đa năng mỹ phẩm đi du lịch vintlook cho đồ vệ sinh cá nhân và trang điểm với nhãn không thấm nước,21 Đã bán,https://www.lazada.vn/products/pdp-i3060197149.html
Nhập vai Phục trang & Dạ tiệc,JOYNCLEON Shopping Mall,390.000 ₫,-48%,202800,(152),4.9,JOYNCLEON đồ chơi cho bé gái trẻ em trang điểm cô gái mỹ phẩm nhà vui chơi xách tay công chúa quà tặng trang sức Bộ đồ chơi thay đồ,276 Đã bán,https://www.lazada.vn/products/pdp-i2287373576.html
Trang điểm,Mỹ Phẩm Thuý Hường,,,,(15),5.0,Sét Trang Điểm [20 món V12] Đầy Đủ Make Up/ Trang điểm đi tiệc/trang điểm cá nhân V12,56 Đã bán,https://www.lazada.vn/products/pdp-i2414723992.html
,LantuMall,46.440 ₫,-44%,26006,(15),4.4,Văn phòng phẩm dành cho sinh viên Bộ Hộp Quà Tặng Sanrio phim hoạt hình văn phòng phẩm 6 bộ chi tiết đồ dùng học tập wj619,64 Đã bán,https://www.lazada.vn/products/pdp-i2807320068.html
Dụng cụ chăm sóc Sắc đẹp,the gioi vali,85.000 ₫,-4%,81600,(23),5.0,"Túi đựng mỹ phẩm xách tay,Chất liệu PU chống thấm nước có móc treo nhiều ngăn,chứa được nhiều đồ dùng cá nhân và mỹ phẩm",93 Đã bán,https://www.lazada.vn/products/pdp-i2494681535.html
,Slayer,138.000 ₫,-50%,69000,,,80/48 Cây Bút màu Marker Lalunavn Touch Cool 2 Đầu tô màu dạ vẽ tranh anime - SÉT BÚT MÀU DẠ KÈM TÚI,,https://www.lazada.vn/products/pdp-i2684072108.html
Vali và Túi du lịch đa năng,Nhà xinh shop,67.400 ₫,-45%,37070,(1),5.0,Túi đựng mỹ phẩm và đồ cá nhân du lịch có ngăn – Hồng hạc,,https://www.lazada.vn/products/pdp-i2267148916.html
Chăm sóc cá nhân,Mỹ Phẩm Kun Chuyên Sỉ,,,,(1),5.0,"Đặt Phu Khoa Clomaz Thái Lan Chính NhiễmKhuẩn, Nấm, Ngứa,KhửMùi Hiệu Quả",18 Đã bán,https://www.lazada.vn/products/pdp-i1538663123.html
Dụng cụ chăm sóc Sắc đẹp,the gioi vali,95.000 ₫,-14%,81700,(18),5.0,"Túi đựng đồ vệ sinh cá nhân/túi đựng mỹ phẩm,Nhiều ngăn và sức chứa cực lớn",56 Đã bán,https://www.lazada.vn/products/pdp-i2822833479.html
Trường học & văn phòng,Tuidonghang.hcm,23.000 ₫,-17%,19090,(23),4.8,"Túi Đựng Bút Viết Trong Suốt - Túi Đựng Đồ, Mỹ Phẩm  Họa Tiết Dễ Thương",110 Đã bán,https://www.lazada.vn/products/pdp-i2333098459.html
Xe máy,NSB Gia Dụng,102.000 ₫,-50%,51000,,,"Bộ chiết mỹ phẩm 5 món, kèm túi đựng - Bộ chiết mỹ phẩm du lịch mini - NSB GD",,https://www.lazada.vn/products/pdp-i3192274556.html
Trang điểm,MICOMI Cosmetics,158.000 ₫,-50%,79000,(8),4.1,"Bộ Trang Điểm Đầy Đủ 8 Món Set Trang Điểm Makeup Từ A-Z Đi Tiệc Đi Chơi Đi Làm MICOMI Cosmetics Kem Nền, Phấn Phủ, Phấn Mắt, Mascara, Chì Kẻ Mày, Kẻ Mắt, Son Môi",55 Đã bán,https://www.lazada.vn/products/pdp-i1906679078.html
Trang điểm,Sức Khỏe Và Sắc Đẹp Tươi Trẻ,115.600 ₫,-25%,86700,(59),4.8,"Bút Kem Kẻ Lông Mày, Mi Mắt, Bọng Mắt Cao Cấp, Kẻ Mi Mắt Siêu Nét 3 Chiều Tự Nhiên MINSHZEE Tạo Chân Mày Tự Nhiên, Chống Thấm Nước, Chống Mồ Hôi, Không Lem",147 Đã bán,https://www.lazada.vn/products/pdp-i2381428764.html
Trang điểm,Focallure Cosmetic,88.000 ₫,-40%,52800,(705),4.9,FOCALLURE Kem Che Khuyết Điểm 5 Màu Độ Che Phủ Cao Không Thấm Nước Lâu Trôi 4.3g,4.1K Đã bán,https://www.lazada.vn/products/pdp-i2038261123.html
Dụng cụ chăm sóc Sắc đẹp,Akii Home,110.000 ₫,-41%,64900,(3),5.0,"Túi đựng mỹ phẩm da PU, đồ trang điểm đi du lịch, chống thấm nước, nhiều ngăn, cầm tay tiện lợi Akii Home TD106",12 Đã bán,https://www.lazada.vn/products/pdp-i2664830600.html
Trường học & văn phòng,Aeneas Shop,,,,(548),5.0,"Kệ Nhựa ngăn đựng bút,Mỹ Phẩm, Đồ Trang Điểm, Đồ Dùng,Hộp Ống Cắm Bút - Aeneas Shop",3.1K Đã bán,https://www.lazada.vn/products/pdp-i2350833090.html
Trang điểm,chuyên hàng trung quốc sỉ và lẻ,,,,,,Sét 8 Món Trang Điểm Mini Đa Năng Màu Sắc Dễ Thương,,https://www.lazada.vn/products/pdp-i2595026356.html
Dụng cụ chăm sóc Sắc đẹp,Glory YH314,63.700 ₫,-8%,58604,(28),5.0,"[HCM] Hộp đựng mỹ phẩm để bàn đa năng, hộp để đồ đa năng trong suốt chất liệu nhựa Acrylic -GL314",112 Đã bán,https://www.lazada.vn/products/pdp-i2726362207.html
Dụng cụ chăm sóc Sắc đẹp,BUM BI,,,,(2),5.0,"Túi Đựng Mỹ Phẩm Washbag 1 Ngăn Nhiều Màu Đủ Kích Thước, Túi Đựng Đồ Make Up Du Lịch Cá Nhân Chất Liệu Pu Chống Nước",13 Đã bán,https://www.lazada.vn/products/pdp-i2641228492.html
Vali và Túi du lịch đa năng,the gioi vali,99.903 ₫,-41%,58942,(250),4.9,Túi đựng mỹ phẩm Mẫu mới Ins phong cách hàn quốc Túi lưu trữ/Hộp lưu trữ/Túi giặt Túi Đựng Đồ Cá Nhân Du Lịch Chống Thấm,828 Đã bán,https://www.lazada.vn/products/pdp-i2494547971.html
,LIM ART,,,,(93),4.9,"Cọ vẽ lông thỏ cán gỗ chuyên dụng vẽ tranh sơn dầu, acrylic, màu nước, vẽ gốm, đồ thủ công,...",1.7K Đã bán,https://www.lazada.vn/products/pdp-i1899998380.html
Chăm sóc cá nhân,Muun Cosmetics,,,,(1134),5.0,"Dây Dầu Gội Head & Shoulders, Clear, Lifebuoy, Palmolive, Sữa Tắm Hazeline, Familiar",13.7K Đã bán,https://www.lazada.vn/products/pdp-i1401391438.html
Trang điểm,Tiệm Quà Của Mi,78.000 ₫,-50%,39000,,,Tron bộ trang điểm 9 món đầy đủ các bước trang điểm/son/kem nền/Phấn mắt/ Má hồng/ Mascara/ Kẻ mắt/ Bấm mi/ chì mày/Bộcọ,,https://www.lazada.vn/products/pdp-i2904658402.html
Vali và Túi du lịch đa năng,LaGanic,,,,(177),4.9,"Túi đựng mỹ phẩm Mirage, đựng đồ trang điểm, du lịch, chống nước PVC/EVA cao cấp",1.2K Đã bán,https://www.lazada.vn/products/pdp-i1276439739.html
Trang điểm,Mỹ Phẩm Thuý Hường,,,,(6),5.0,Bộ Trang Điểm[27 Món] M5 Đầy Đủ Makeup/Trang Điểm Đi Tiệc/Trang Điểm Cá Nhân Cơ Bản 27 Món M5,14 Đã bán,https://www.lazada.vn/products/pdp-i2456941585.html
Vali và Túi du lịch đa năng,PTNgoc House 3137,70.000 ₫,-42%,40600,(19),4.8,Túi Đựng Mỹ Phẩm/ Đồ Cá Nhân TRAVEL Trong Suốt Chống Thấm Nước Tiện Dụng - Túi Mỹ Phẩm Nhựa PVC Trong Suốt,77 Đã bán,https://www.lazada.vn/products/pdp-i2033397153.html
Dụng cụ nhà bếp,Shop Sinh Thái,15.000 ₫,-47%,7950,,,"Lọ thủy tinh nắp trắng, hũ nhỏ 3.5cm x 1.5cm, chai hũ thủy tinh đựng chất lỏng, tinh dầu, kim tuyến, mỹ phẩm, cườm",17 Đã bán,https://www.lazada.vn/products/pdp-i1710602210.html
Dụng cụ chăm sóc Sắc đẹp,AnDat.Shop,63.000 ₫,-13%,54810,(10),5.0,"[HCM] Set 3 Túi Nhựa Trong Suốt Đựng Đồ Đa Năng, Đựng Mỹ Phẩm, Đồ Dùng Cá Nhân  Mang Theo Tiện Lợi",35 Đã bán,https://www.lazada.vn/products/pdp-i2657793681.html
Trang điểm,Focallure Cosmetic,83.000 ₫,-47%,43990,(5285),5.0,FOCALLURE Phấn Phủ Dạng Bột Kiềm Dầu Che Phủ Toàn Diện 7g,4.6K Đã bán,https://www.lazada.vn/products/pdp-i2038294211.html
Vali và Túi du lịch đa năng,Beautify4U,149.000 ₫,-34%,98340,,,"Túi Lưới Đựng Mỹ Phẩm Du Lịch Chống Nước Gọn Nhẹ, Đáy Rộng, Thoáng Khí, Đựng Đồ Cá Nhân Tiện Dụng",,https://www.lazada.vn/products/pdp-i3125785717.html
Chăm sóc cá nhân,Saigon Cosmetics,,,,(482),5.0,Lăn Khử Mùi Nữ Cindy Bloom Hương Nước Hoa 50ml,1.5K Đã bán,https://www.lazada.vn/products/pdp-i2406101891.html
Dụng cụ chăm sóc Sắc đẹp,BUM BI,,,,(15),4.9,"Túi đựng đồ trang điểm cá nhân nhiều ngăn chống thấm nước, Túi mỹ phẩm du lịch nhỏ gọn đựng đồ cá nhân tiện lợi - BUMSTORE",63 Đã bán,https://www.lazada.vn/products/pdp-i2097366559.html
Dụng cụ chăm sóc Sắc đẹp,ELACCENT BAG MALL,62.000 ₫,-40%,37200,(7),5.0,ELACCENT  Túi trang điểm nữ Sanrio Túi trang điểm cầm tay dễ thương Đồ Dùng vệ sinh dung tích lớn cầm tay sản phẩm chăm sóc da túi lưu trữ,,https://www.lazada.vn/products/pdp-i2929958771.html
Vali và Túi du lịch đa năng,Always Fashion,17.500 ₫,-26%,12950,(2),5.0,[HCM] Túi Đựng Mỹ Phẩm Du Lịch Dạng Lưới Nhiều Size -TyHome,13 Đã bán,https://www.lazada.vn/products/pdp-i2721545544.html
Trang điểm,Focallure Cosmetic,130.000 ₫,-40%,78000,(353),5.0,FOCALLURE Cushion Lì Tự Nhiên Chiết Xuất Thực Vật Nuôi Dưỡng Làn Da 12g,1.2K Đã bán,https://www.lazada.vn/products/pdp-i2057262587.html
Trang điểm,Tiệm Quà Của Mi,398.000 ₫,-50%,199000,(1),5.0,"Bộ trang điểm, bộ makeup ca nhân đầy đủ cho người mới bắt đầu,  bộ quà tặng trang điểm",6 Đã bán,https://www.lazada.vn/products/pdp-i2858172591.html
,Global Merch Park,383.000 ₫,-23%,294910,(73),4.7,Bộ Bút Chì Màu Gỗ Dầu Chuyên Nghiệp Brutfuner - 48/72/120 Màu Bút Chì Màu Nước Mềm Cho Đồ Dùng Phác Thảo Nghệ Thuật Trường Học,46 Đã bán,https://www.lazada.vn/products/pdp-i2718356178.html
,HUGI KIDS - ĐỒ XINH CHO BÉ,200.000 ₫,-23%,154000,(1809),5.0,Bút lông màu Acrylic Marker LEX MK (Loại tốt) vẽ lên mọi chất liệu mực tươi đều và đậm,6.9K Đã bán,https://www.lazada.vn/products/pdp-i2546964382.html
Dụng cụ chăm sóc Sắc đẹp,HNKMP Vietnam,94.264 ₫,-44%,52787,,,HNKMP Đồ dùng vệ sinh Mỹ phẩm tổ chức Dây Kéo Túi du lịch rửa Pouch Mỹ phẩm Túi hoa mới mô hình phụ nữ trang điểm túi,,https://www.lazada.vn/products/pdp-i3176485664.html
Phụ kiện túi xách,EverToner,224.000 ₫,-39%,136640,(127),4.4,EverToner Túi Đựng Đồ Trang Điểm Cho Nữ Longchamp Túi Vải Nỉ Bên Trong Túi Đựng Đồ Du Lịch Túi Đựng Mỹ Phẩm Cầm Tay Định Hình,34 Đã bán,https://www.lazada.vn/products/pdp-i1784767500.html
Vali và Túi du lịch đa năng,ROMOSS Shop,39.000 ₫,-10%,35100,(22),5.0,Romoss Túi Đựng Đồ PVC Trong Suốt Túi Đựng Đồ Vệ Sinh Chống Nước Cầm Tay Xách Tay Túi Mỹ Phẩm Đa Năng Dung Tích Lớn,124 Đã bán,https://www.lazada.vn/products/pdp-i2776012649.html
Trang điểm,Tiệm Quà Của Mi,498.000 ₫,-50%,249000,,,"Bộ trang điểm 12 món, phấn phủ, phấn mắt, má hồng, son môi, mascara, chì kẻ mày. bộ cọ trang điểm",,https://www.lazada.vn/products/pdp-i2844394337.html
Dụng cụ chăm sóc Sắc đẹp,Newstart Store,106.950 ₫,-35%,69517,(8),4.8,"Túi trang điểm dung lượng lớn, giá trị cao, túi đựng đồ rửa mặt du lịch tách khô và ướt đa chức năng -Newstart",52 Đã bán,https://www.lazada.vn/products/pdp-i2589166657.html
Túi xách nữ,BeloveShop,,,,(2),5.0,"Túi Ví Đựng Băng Vệ Sinh, Son Môi, Mỹ Phẩm - Túi Mini Đựng Đồ Cá Nhân Chống Thấm Nước",,https://www.lazada.vn/products/pdp-i3056995007.html
Nhập vai Phục trang & Dạ tiệc,LYZRC,63.914 ₫,-47%,33874,(145),4.9,"LYZRC Bộ Trang Điểm 12 Màu Dành Cho Trẻ Em, Đồ Chơi Trang Điểm Mỹ Phẩm Cho Bé Gái, Quà Tặng",489 Đã bán,https://www.lazada.vn/products/pdp-i1409189667.html
Trang điểm,Kho Sỉ 247,,,,,,"Full bộ cọ trang điểm cá nhân 8 cây tặng kèm túi Zip Vintage, Set cọ trang điểm gồm 8 cây lông dày mịn dễ tán phấn",,https://www.lazada.vn/products/pdp-i2737350479.html
Vali và Túi du lịch đa năng,Babyupp,105.000 ₫,-33%,70350,(179),4.9,"Túi đựng mỹ phẩm phong cách thời trang vải lưới cầm tay cỡ lớn tiện lợi dành cho nữ. Túi đựng đồ trang điểm make up, đồ dùng cá nhân du lịch",1.6K Đã bán,https://www.lazada.vn/products/pdp-i2169199862.html
Tủ chứa & Sắp xếp đồ,Hauser,,,,(3),5.0,"Hộp đựng mỹ phẩm để bàn đa năng, hộp để đồ trong suốt chất liệu nhựa Acrylic-HAUSE",10 Đã bán,https://www.lazada.vn/products/pdp-i2732337739.html
Dụng cụ chăm sóc Sắc đẹp,the gioi vali,80.000 ₫,-18%,65600,(10),5.0,"Túi đựng mỹ phẩm dành cho bé gái dễ thương, Túi hoạt hình trong suốt chống thấm nước đựng đồ cá nhân",56 Đã bán,https://www.lazada.vn/products/pdp-i2822773664.html
Vali và Túi du lịch đa năng,the gioi vali,84.906 ₫,-23%,65377,(294),5.0,"Túi đựng mỹ phẩm có móc treo, túi đựng du lịch có thể gấp gọn, nhiều ngăn, chứa được nhiều đồ dùng cá nhân và mỹ phẩm",936 Đã bán,https://www.lazada.vn/products/pdp-i2494618647.html
Vali và Túi du lịch đa năng,JUNHONG-YQ,122.280 ₫,-45%,67254,(40),5.0,Túi Đựng Mỹ Phẩm Có Thể Tháo Rời 4 Trong 1 Di Động Nữ Túi Đựng Đồ Du Lịch Gấp Gọn Dung Tích Lớn Túi Đựng Mỹ Phẩm,104 Đã bán,https://www.lazada.vn/products/pdp-i2357533625.html
Vali và Túi du lịch đa năng,the gioi vali,50.000 ₫,-4%,48000,(1417),4.9,Túi Đựng Mỹ Phẩm WASHBAG Túi giặt ngăn khô ướt riêng biệt /Đồ Trang Điểm Du Lịch Túi lưu trữ Túi giặt,4.6K Đã bán,https://www.lazada.vn/products/pdp-i2494612633.html
Dụng cụ chăm sóc Sắc đẹp,Màn Chụp Tự Bung Kiều Phi,100.000 ₫,-50%,50000,,,Bộ cọ trang điểm mini - cọ trang điểm cá nhân - cọ make up tiện dụng 5 món kèm hộp đựng tiện lợi,,https://www.lazada.vn/products/pdp-i2675640103.html
Chăm sóc cá nhân,Milan shop hcm,,,,(49),5.0,SET KÍCH TRẮNG TẶNG KÈM MUỖNG TRỘN KEM,244 Đã bán,https://www.lazada.vn/products/pdp-i2259311304.html
Giặt ủi,CMinYP Vietnam,28.372 ₫,-44%,15888,(2),5.0,CMinYP Trong Suốt Túi Mỹ Phẩm PVC Phụ Nữ Dây Kéo Rõ Ràng Trang Điểm Túi Vẻ Đẹp Trường Hợp Du Lịch Make Up Tổ Chức Lưu Trữ Tắm Vệ Sinh Cá Nhân Rửa Túi,13 Đã bán,https://www.lazada.vn/products/pdp-i3057294984.html
Chăm sóc da mặt,Dược Mỹ Phẩm  CVI Pharma,75.000 ₫,-20%,60000,(1691),4.9,Gel Nghệ Nano sạch mụn sáng da làm mờ thâm Decumar New 20gr,8.4K Đã bán,https://www.lazada.vn/products/pdp-i597364548.html
Vali và Túi du lịch đa năng,LINHANH SHOP- 579,55.828 ₫,-30%,39079,,,"SET 3 Lọ Chiết Mỹ Phẩm, Dầu Gội, Sữa Tắm Mang Đi Du Lịch Siêu Tiện Lợi Kèm Túi Zip Dung Tích 60ml ( SP24135437)",,https://www.lazada.vn/products/pdp-i2395371000.html
Dụng cụ chăm sóc Sắc đẹp,the gioi vali,130.000 ₫,-24%,98800,,,"Túi đựng đồ makeup da PU mẫu sang trọng,Túi đựng trang điểm đa chức năng,dung tích lớn,tiện dụng với nhiều ngăn",,https://www.lazada.vn/products/pdp-i3062519952.html
,HUGI KIDS - ĐỒ XINH CHO BÉ,200.000 ₫,-23%,154000,(152),5.0,Bút Lông Màu Acrylic Marker (Loại tốt) vẽ lên mọi chất liệu mực tươi đều và đậm,587 Đã bán,https://www.lazada.vn/products/pdp-i2557417530.html
Trang điểm,Focallure Cosmetic,300.000 ₫,-34%,198000,(29),5.0,Bảng Phấn Mắt FOCALLURE Bền Màu Dưỡng Ẩm Lâu Trôi Chống Thấm Nước 9.6g,160 Đã bán,https://www.lazada.vn/products/pdp-i3067721234.html
Dụng cụ chăm sóc Sắc đẹp,the gioi vali,110.000 ₫,-10%,99000,(44),5.0,"Túi đựng mỹ phẩm thời trang cao cấp,Tùy chỉnh các ngăn đựng đồ,Chất liệu PU chống thấm nước",174 Đã bán,https://www.lazada.vn/products/pdp-i2494753121.html
Trang điểm,Thục Quyên Shop14,70.000 ₫,-16%,58800,(4),5.0,[HCM] Bảng Phấn Mắt Trang Điểm Dạng Bóp Đa Năng Sweet ANYLADY PEACH Kèm Cọ,11 Đã bán,https://www.lazada.vn/products/pdp-i441004503.html
Vali và Túi du lịch đa năng,GlobalWonderShop,53.000 ₫,-49%,27030,,,Dung Tích Lớn Túi Đựng Mỹ Phẩm Dạng Lưới Trong Suốt Hộp Đựng Thẻ Di Động Túi Đựng Đồ Trang Điểm Có Dây Kéo Túi Đựng Tài Liệu,567 Đã bán,https://www.lazada.vn/products/pdp-i3202842976.html
Vali và Túi du lịch đa năng,GlobalLifestyle,147.000 ₫,-22%,114660,(2),5.0,Túi Đựng Đồ Vệ Sinh Du Lịch Chống Thấm Nước Trong Suốt Dung Tích Lớn Túi Đựng Mỹ Phẩm Tiện Ích Dành Cho Nam Và Nữ Nhựa PVC Thân Thiện Với Môi Trường,107 Đã bán,https://www.lazada.vn/products/pdp-i3092838515.html
Phụ kiện thể thao,Mỹ Phẩm Heyxi,7.400 ₫,-50%,3700,(9),5.0,"Tất Thể Thao Nam Nữ Vải Cotton 4 Chiều Thoáng Khí, Vớ Trơn Cổ Ngắn Màu Sắn Đơn Giản Chống Thấm Hút Mồ Hôi",101 Đã bán,https://www.lazada.vn/products/pdp-i2538763402.html
Dụng cụ chăm sóc Sắc đẹp,ZTHOME Home Tidying,78.318 ₫,-44%,43858,(1),5.0,ZTHOME [Home Tidying] Hộp đựng đồ trang điểm trong suốt Hộp đựng đồ trang điểm nhẹ 3 4 khe mới Hộp đựng đồ đa năng bằng nhựa có thể giặt được,,https://www.lazada.vn/products/pdp-i3159379689.html
Dụng cụ chăm sóc Sắc đẹp,MIGE.HOME,91.000 ₫,-30%,63700,,,"Bộ cọ trang điểm cầm tay 10 món có hộp đựng, bao gồm nhiều loại cọ trang điểm chuyên nghiệp",,https://www.lazada.vn/products/pdp-i3083815446.html
Vali và Túi du lịch đa năng,NALLCHEER,116.800 ₫,-46%,63072,(9),5.0,NALLCHEER túi đựng đồ makeup túi đựng đồ trang điểm túi mỹ phẩm Túi đựng mỹ phẩm dễ thương thời trang phong cách Ins xách tay sức chứa lớn Túi lưu trữ,97 Đã bán,https://www.lazada.vn/products/pdp-i2555393882.html
Trang điểm,TIỆM KHANG KHƯƠNG,232.000 ₫,-40%,139200,,,TỔNG HỢP SẢN PHẨM TRANG ĐIỂM MAKE UP MINISIZE,,https://www.lazada.vn/products/pdp-i2858293967.html
Dụng cụ chăm sóc Sắc đẹp,Sức Sống Mới - Vẻ Đẹp Và Sức Khỏe,160.000 ₫,-50%,80000,(62),4.9,"Cọ Trang Điểm Phủ Phấn & Đánh Má Hồng Siêu Mềm Mại, Độ Bám Phấn Mạnh Mẽ, Tạo Lớp Trang Điểm Tự Nhiên, Thu Gọn Được Có Nắp Đậy Tiện Lợi",196 Đã bán,https://www.lazada.vn/products/pdp-i2314913109.html
Vali và Túi du lịch đa năng,ELACCENT BAG MALL,68.000 ₫,-19%,55080,(8),5.0,ELACCENT  túi đựng đồ makeup túi đựng đồ trang điểm túi mỹ phẩm Túi trang điểm kẻ sọc ô vuông Túi trang điểm Túi xách nữ xách tay sức chứa lớn Túi lưu trữ du lịch nhỏ gọn đồ vệ sinh cá nhân,25 Đã bán,https://www.lazada.vn/products/pdp-i2842004950.html
Dụng cụ chăm sóc Sắc đẹp,Nội Thất YTC,550.000 ₫,-25%,412500,(34),4.9,"Hộp Đựng Mỹ Phẩm YTC 2, 3 tầng bản Cao Cấp -Bộ đựng đồ trang điểm mỹ phẩm không thể thiếu cho Phái Đẹp mới nhất 2024",130 Đã bán,https://www.lazada.vn/products/pdp-i2518144926.html
Vali và Túi du lịch đa năng,TROSTAR,133.256 ₫,-50%,66628,,,"Túi trang điểm du lịch với móc có thể gập lại, nhiều ngăn cho nhiều đồ đạc và mỹ phẩm cá nhân",,https://www.lazada.vn/products/pdp-i3193132009.html
Dụng cụ chăm sóc Sắc đẹp,HNKMP Vietnam,63.216 ₫,-44%,35400,(1),5.0,HNKMP Túi đựng mỹ phẩm du lịch dung tích lớn Túi đựng đồ trang điểm PU xách tay Túi đựng đồ vệ sinh phòng tắm chống nước cho nữ túi đựng đồ vệ sinh cá nhân đa năng,,https://www.lazada.vn/products/pdp-i3176604012.html
Dụng cụ chăm sóc Sắc đẹp,LPThienY,21.800 ₫,-50%,10900,,,Bộ cọ trang điểm cá nhân 8 cây tặng kèm túi Zip Vintage,,https://www.lazada.vn/products/pdp-i3069673254.html
Vali và Túi du lịch đa năng,Glint A,22.100 ₫,-50%,11050,(10),5.0,3 cái đơn giản màu xám lưới túi đựng mỹ phẩm trong suốt Nhỏ Túi trang điểm lớn du lịch nhỏ gọn sắp xếp đồ vệ sinh trường hợp son môi lưu trữ Pouch bút chì trường hợp,83 Đã bán,https://www.lazada.vn/products/pdp-i2806661553.html
Dụng cụ chăm sóc Sắc đẹp,Rainbow888,,,,(8),5.0,Túi đựng mỹ phẩm/đồ vệ sinh cá nhân bằng lưới trong suốt nhỏ gọn tiện dụng mang theo du lịch,43 Đã bán,https://www.lazada.vn/products/pdp-i2741291624.html
Dụng cụ chăm sóc Sắc đẹp,bongyeushop,,,,,,"Sét 3 Túi Lưới Trong Đựng Mỹ Phẩm Cao Cấp, Túi Đựng Đồ Trang Điểm Đi Du Lịch",,https://www.lazada.vn/products/pdp-i2216433568.html
Dụng cụ chăm sóc Sắc đẹp,X-DECOR HCM,30.000 ₫,-47%,15900,,,"Bộ Cọ Trang Điểm Du Lịch Mini 8 Món Tặng Túi Zip, Set 8 Cây Cọ Trang Điểm Lông Dày Mịn Êm",,https://www.lazada.vn/products/pdp-i3060300330.html
Chăm sóc da mặt,MỸ PHẨM CHÍNH HÃNG GIÁ TỐT RUBY,,,,(15),5.0,COMBO KEM FACE T&T KEM DƯỠNG VÀ TONER SIÊU CẤP,126 Đã bán,https://www.lazada.vn/products/pdp-i2748381734.html
Dụng cụ chăm sóc Sắc đẹp,zst88,64.000 ₫,-16%,53760,,,Makeup Bag Organizer Travel Cosmetic Pouch Waterproof Portable Toiletries Kit Toiletry Luggage Storage Bags,,https://www.lazada.vn/products/pdp-i2525451947.html
Vali và Túi du lịch đa năng,TB FASHION STORE,46.000 ₫,-39%,28060,,,Túi Đựng Mỹ Phẩm Dung Tích Lớn Di Động Cho Nam Du Lịch Túi Đựng Đồ Dùng Cá Nhân Đa Năng Túi Đựng Mỹ Phẩm Cầm Tay,35 Đã bán,https://www.lazada.vn/products/pdp-i2724802376.html
Trang điểm,Mỹ Phẩm Thuý Hường,,,,(2),5.0,Bộ Trang Điểm[12 Món Y6]Đầy Đủ Makeup/Trang Điểm Đi Tiệc/Trang Điểm Cá Nhân Cơ Bản 12 Món,14 Đã bán,https://www.lazada.vn/products/pdp-i2628319240.html
,Dư Niên Store,,,,(5),5.0,Phấn May Nhiều Màu Hiệu PANDA hộp 20 viên.,20 Đã bán,https://www.lazada.vn/products/pdp-i2675528521.html
Nhập vai Phục trang & Dạ tiệc,flyingskystore,300.000 ₫,-19%,243000,,,"Bộ Dụng Cụ Làm Đẹp Mỹ Phẩm Cho Trẻ Em 17 Chiếc, Bộ Hộp Trang Điểm Không Độc Hại Bộ Quà Tặng Sinh Nhật Cho Bé Gái, Bộ Trang Điểm Cho Trẻ Em, Bộ Trang Điểm Cho Trẻ Em, Đồ Chơi Trang Điểm Cho Bé Gái,",,https://www.lazada.vn/products/pdp-i3201389327.html
Vali và Túi du lịch đa năng,,,,,,,Túi Đựng Đồ Nylon Mini Anjou Goyard Goynil Túi Đựng Đồ Bên Trong Túi Đựng Đồ Gọn Gàng Túi Đựng Đồ Gia Dụng Túi Đựng Mỹ Phẩm,9 Đã bán,https://www.lazada.vn/products/pdp-i3156959944.html
Dụng cụ chăm sóc Sắc đẹp,Thảo Phương gia dụng thông minh,85.000 ₫,-9%,77350,,,"Kệ Mỹ Phẩm Để Đồ Trang Điểm xoay 360 Độ, Chất Liệu Nhựa Cao Cấp, Chia Nhiều Ngăn Lớn Đựng Đồ Tiện Lợi",,https://www.lazada.vn/products/pdp-i2952841432.html
Trang điểm,Tiệm Quà Của Mi,398.000 ₫,-50%,199000,,,Bộ Trang Điểm Thái Lan  Đầy Đủ Make Up/ Trang điểm đi tiệc/trang điểm cá nhân/ Combo makeup / Set Trang Điểm,,https://www.lazada.vn/products/pdp-i2835944220.html
Dụng cụ chăm sóc Sắc đẹp,Mymy20.shop,32.000 ₫,-25%,24000,(4),5.0,"Túi xách nữ đựng đồ dùng cá nhân, mỹ phẩm, bóp viết 22*11*4.5cm",40 Đã bán,https://www.lazada.vn/products/pdp-i3005750396.html
Vali và Túi du lịch đa năng,SimQuocTeHCM,,,,(68),5.0,Túi đựng mỹ phẩm đồ trang điểm đồ du lịch cá nhân chống thấm nước thiết kế hiện đại WASHBAG,277 Đã bán,https://www.lazada.vn/products/pdp-i2385624260.html
Dụng cụ chăm sóc Sắc đẹp,TI DO,,,,,,"Túi Đựng Mỹ Phẩm Cute Có Gương Makeup 24cm, Cốp Đựng Đồ Trang Điểm Hình Thú Có Quai Xách Dày Dặn Cứng Cáp TIDO, TI DO",,https://www.lazada.vn/products/pdp-i3215041924.html
Dụng cụ chăm sóc Sắc đẹp,Alice Mart,8.000 ₫,-44%,4480,(60),4.8,[ Freeship ] Set 4 Bông Mút Trang Điểm Kèm Hộp Đựng Xinh Xắn - Hộp 4 mút tán kem nền mút trang điểm mềm mại hình giọt nước siêu tiện dụng,248 Đã bán,https://www.lazada.vn/products/pdp-i2015542005.html
Chăm sóc da mặt,Dược Mỹ Phẩm  CVI Pharma,150.000 ₫,-34%,99000,(172),4.9,Gel Ngừa Mụn 02 tuýp Decumar New 20gr Hết mụn viêm Hết thâm sẹo,636 Đã bán,https://www.lazada.vn/products/pdp-i735374071.html
Dụng cụ chăm sóc Sắc đẹp,Hộp Đựng Đồ Lee nhà máy,61.429 ₫,-27%,44843,(2),5.0,Túi Đựng Mỹ Phẩm Đa Năng Dung Tích Lớn Cốp trang điểm cá nhân du lịch Cốp đựng mỹ phẩm  Đồ Túi da PU cao cấp,7 Đã bán,https://www.lazada.vn/products/pdp-i3174302652.html
,HUGI KIDS - ĐỒ XINH CHO BÉ,88.000 ₫,-38%,54560,,,"Bút Lông Màu Acrylic Marker 2 Đầu LEX thân tròn, vẽ lên mọi chất liệu mực tươi đều và đậm",,https://www.lazada.vn/products/pdp-i3112951531.html
Trang điểm,Shop Thiên Anh Chuyên Sỉ Mỹ Phẩm Thái,220.000 ₫,-39%,134200,,,Bộ Trang Điểm 8 Món Youliyoula Đầy Đủ Và Cơ Bản - Món Quà Tặng Cho Bạn Gái Siêu Sang Chảnh,,https://www.lazada.vn/products/pdp-i2156449230.html
,Bút luyện chữ đẹp Bút Mài Thầy Ánh,,,,(16),4.8,Phấn màu lục giác thanh đậm,111 Đã bán,https://www.lazada.vn/products/pdp-i1657761741.html
Dụng cụ chăm sóc Sắc đẹp,zst88,225.000 ₫,-18%,184500,(4),5.0,7Pcs/ Set Foldable Travel Organizer Bags / Waterproof Comestics Storage Pouch Set / Portable Shoes Clothes Sorting Packet / Business Works Organizers With Toiletry Bag,17 Đã bán,https://www.lazada.vn/products/pdp-i2524967433.html
Đồ ăn nhẹ & bánh kẹo,Hoá Mỹ Phẩm Mỹ Phương,51.450 ₫,-16%,43218,(19),5.0,Kẹo Ngậm Mentos Pure Fresh 50 Viên không đường,87 Đã bán,https://www.lazada.vn/products/pdp-i3107272066.html
Dụng cụ chăm sóc Sắc đẹp,LAKEBAO Bags,57.248 ₫,-41%,33776,,,【LAKEBAO】 1 túi đựng đồ trang điểm trong suốt du lịch cho Nữ Túi đựng mỹ phẩm PVC trong suốt Túi trang điểm vệ sinh làm đẹp Túi đựng đồ giặt,,https://www.lazada.vn/products/pdp-i3187612779.html
Trang điểm,Thế giới làm đẹp sakura,45.480 ₫,-45%,25014,(18),4.9,"Kem Che Khuyết Điểm, Dưỡng Ẩm, Khóa Ẩm, Lâu Trôi, Giúp Da Sáng Không Thấm Nước 3 Màu",23 Đã bán,https://www.lazada.vn/products/pdp-i2552463425.html
Tủ chứa & Sắp xếp đồ,Nội Thất YTC,590.000 ₫,-25%,442500,(58),5.0,"Hộp Đựng Mỹ Phẩm YTC, Tủ Nhựa Đựng Sản Phẩm Chăm Sóc Da, Khay đựng son, Kệ Mỹ phẩm dụng cụ làm đẹp để bàn trang điểm",205 Đã bán,https://www.lazada.vn/products/pdp-i2278334636.html
Dụng cụ chăm sóc Sắc đẹp,BE_YOU,43.700 ₫,-39%,26657,(404),5.0,Bộ Chiết Mỹ Phẩm 7 Món Mini Hàn Quốc Tiện Dụng - BEYOU,2.7K Đã bán,https://www.lazada.vn/products/pdp-i1399160738.html
Dụng cụ chăm sóc Sắc đẹp,Derf Store,35.000 ₫,-20%,28000,(2080),4.9,Derf Cọ Môi Cọ Môi Cọ Trang Điểm Cọ Trang Điểm Làm Đẹp Cọ Môi Cọ Che Khuyết Điểm Dụng Cụ Mỹ Phẩm 2 Trong 1,19.6K Đã bán,https://www.lazada.vn/products/pdp-i1961465056.html
Vali và Túi du lịch đa năng,Glow Waxing Store,50.000 ₫,-40%,30000,(7),5.0,"Bộ Chiết Mỹ Phẩm Du Lịch 5 Món GLOW WAXING Nhỏ Gọn, Tiện Lợi Kèm Túi Zip Siêu Xinh- 4002",37 Đã bán,https://www.lazada.vn/products/pdp-i2426858746.html
Dụng cụ chăm sóc Sắc đẹp,HNKMP Vietnam,58.045 ₫,-69%,17993,,,HNKMP Mỹ phẩm Pouch 1 pcs rõ ràng đồ dùng cá nhân Túi mang về sân bay hãng hàng không compliant túi vệ sinh túi thuận tiện du lịch vệ sinh túi,,https://www.lazada.vn/products/pdp-i3196010161.html
Chăm sóc cá nhân,MỸ PHẨM KIM HUỆ,69.000 ₫,-43%,39330,(12),4.9,Combo 30 Viên Serum tóc Vitamin Dưỡng Tóc Mềm Mượt Và Óng Ả (bịch 30 Viên ) Thái lan,63 Đã bán,https://www.lazada.vn/products/pdp-i293094726.html
Vali và Túi du lịch đa năng,bongyeushop,,,,(1),5.0,"Túi Ví Đựng Băng Vệ Sinh, Son Môi, Mỹ Phẩm - Túi Mini Đựng Đồ Cá Nhân Chống Thấm Nước",,https://www.lazada.vn/products/pdp-i2896388717.html
Vali và Túi du lịch đa năng,EverToner,119.000 ₫,-51%,58310,(90),4.9,Evertoner Túi trang điểm Túi mỹ phẩm nữ không thấm nước du lịch da PU rửa tay di động vệ sinh cá nhân Túi lưu trữ tổ chức Ví,154 Đã bán,https://www.lazada.vn/products/pdp-i2390054888.html
Chăm sóc cá nhân,Suyangir Cosmetics,139.000 ₫,-40%,83400,,,SUYANGIR | Kem Chống Mồ Hôi Nách,,https://www.lazada.vn/products/pdp-i3197206741.html
Vali và Túi du lịch đa năng,the gioi vali,41.000 ₫,-20%,32800,(13),5.0,"Túi đựng mỹ phẩm trong suốt bằng nhựa PVC, sức chứa lớn, chống thấm nước và chống mài mòn, túi đựng đồ dùng phòng tắm",76 Đã bán,https://www.lazada.vn/products/pdp-i2858380700.html
Vali và Túi du lịch đa năng,EverToner,177.000 ₫,-33%,118590,(68),5.0,Túi Treo Đựng Đồ Vệ Sinh Cá Nhân Du Lịch Cho Nam Và Nữ Túi Đựng Đồ Trang Điểm Túi Gấp Đựng Mỹ Phẩm Mỹ Phẩm Dụng Cụ Sắp Xếp Đồ Dùng Nhà Tắm Và Nhà Tắm,265 Đã bán,https://www.lazada.vn/products/pdp-i1442511815.html
Dụng cụ chăm sóc Sắc đẹp,SHOP BÉ VÀ MẸ,300.000 ₫,-22%,234000,(109),4.8,Cốp Đựng Đồ Trang Điểm 4 Tầng Cực Hót,512 Đã bán,https://www.lazada.vn/products/pdp-i377024898.html
Trang điểm,FOCALLURE Beauty.VN,290.000 ₫,-40%,174000,(13),5.0,[Bộ trang điểm] Set 3 mỹ phẩm trang điểm FOCALLURE 140g chất lượng cao,112 Đã bán,https://www.lazada.vn/products/pdp-i1956522803.html
Dụng cụ chăm sóc Sắc đẹp,G01 GIA DỤNG THÔNG MINH,106.596 ₫,-26%,78881,,,"Kệ Mỹ Phẩm Hình Trụ Xoay Mini 360° Để Đựng Đồ Trang Điểm Nhỏ Gọn, Thiết Thực Và Thẩm Mỹ",,https://www.lazada.vn/products/pdp-i3010158680.html
Trang điểm,Mỹ Phẩm Kun Chuyên Sỉ,220.000 ₫,-39%,134200,(1),4.0,Bộ Trang Điểm 8 Món Youliyoula Đầy Đủ Và Cơ Bản - Món Quà Tặng Cho Bạn Gái Siêu Sang Chảnh,,https://www.lazada.vn/products/pdp-i2156314825.html
Vali và Túi du lịch đa năng,DELI LIFESTYLE VIETNAM,173.250 ₫,-37%,109147,(23),5.0,"Túi đựng mỹ phẩm du lịch có móc treo Deli, túi đựng đồ cá nhân đồ trang điểm đa năng chống thấm nước VS640",126 Đã bán,https://www.lazada.vn/products/pdp-i2223783359.html
Vali và Túi du lịch đa năng,EverToner,196.000 ₫,-54%,90160,(105),5.0,Evertoner nhét đồ bằng nỉ tổ chức túi cho GW Tote Túi Túi đựng mỹ phẩm lót đa chức năng du lịch chèn Túi Khay để đồ trang điểm túi trong túi,10 Đã bán,https://www.lazada.vn/products/pdp-i2587886141.html
Vali và Túi du lịch đa năng,Deli Stationery & Craft,96.250 ₫,-39%,58712,(45),4.9,Túi đựng mỹ phẩm du lịch Deli chống thấm nước túi đựng đồ trang điểm đồ cá nhân tiện lợi nhỏ gọn,165 Đã bán,https://www.lazada.vn/products/pdp-i2375351791.html
,MK ART,115.000 ₫,-17%,95450,(29),5.0,Màu Acrylic 3D 300ml Mont Marte Cao Cấp Của Úc - Vẽ Trên Mọi Chất Liệu,177 Đã bán,https://www.lazada.vn/products/pdp-i2423313435.html
Trang điểm,Mỹ Phẩm Thuý Hường,,,,(4),4.5,Bộ trang điểm [22 món Y2] combo makeup đầy đủ phấn mắt + phấn phủ + phấn má + kem nền +kem chống nắng + má hồng + mascara + son + bộ cọ +chì mày Bộ Y2,8 Đã bán,https://www.lazada.vn/products/pdp-i2617271582.html
Đồ nội thất,veyron2020,1.050.000 ₫,-19%,850500,(2),5.0,"Bàn trang điểm có đèn có ngăn kéo,nội thất Bộ bàn trang điểm cá nhân kết hợp ghế và gương kéo thông minh，Chống mài mòn, chống xước",,https://www.lazada.vn/products/pdp-i2192613444.html
Vali và Túi du lịch đa năng,Bách Hóa ADN.Shop,35.000 ₫,-36%,22400,(9),4.8,Bộ chiếc mỹ phẩm 7 món du lịch - Bộ 5 chai lọ chiết kem mỹ phẩm đa năng nhỏ gọn bằng silicon dẻo trong suốt,52 Đã bán,https://www.lazada.vn/products/pdp-i2137597409.html
Trang điểm,Rose_Giftbox,350.000 ₫,-43%,199500,(3),3.7,( Tặng bộ cọ 8 món)Trọn bộ trang điểm 12 món đầy đủ cho người mới/ set trang điểm đầy đủ/ bộ makeup cá nhân,7 Đã bán,https://www.lazada.vn/products/pdp-i2861587268.html
Nhập vai Phục trang & Dạ tiệc,SUPER NOVO 2025,990.000 ₫,-50%,495000,(1),5.0,Trọn Bộ Trang Điểm 12 Món Đầy Đủ Cho Người Mới / Set Trang Điểm Đầy Đủ / Bộ Makeup Cá Nhân,,https://www.lazada.vn/products/pdp-i3115263901.html
Trang điểm,Mỹ Phẩm Thuý Hường,,,,(2),5.0,Bộ Trang Điểm[12 Món D10]Đầy Đủ Makeup/Trang Điểm Đi Tiệc/Trang Điểm Cá Nhân Cơ Bản 12 Món Bộ D10,7 Đã bán,https://www.lazada.vn/products/pdp-i2428196090.html
Trường học & văn phòng,Xe Đẩy Hàng Toshudo,109.000 ₫,-18%,89380,(97),4.9,"Kệ Nhựa Đựng Bút, Hộp Nhựa Nhiều Ngăn Đựng, Hộp Đựng Mỹ Phẩm đồ dùng đa năng",366 Đã bán,https://www.lazada.vn/products/pdp-i2230801809.html
,MK ART,259.000 ₫,-12%,227920,(3),5.0,Màu Sáp dầu Giorgione 12/24/36/48 Soft Oil Pastels Hạng Hoạ Sĩ Vẽ tranh nổi,18 Đã bán,https://www.lazada.vn/products/pdp-i2423212705.html
Tủ chứa & Sắp xếp đồ,Nội Thất YTC,500.000 ₫,-43%,285000,(75),4.6,Hộp Đựng Mỹ Phẩm 4 Tầng YTC Nhập Khẩu Thiết Kế Sang Trọng Chống Bụi Chống Nước,275 Đã bán,https://www.lazada.vn/products/pdp-i1539332403.html
Phụ kiện túi xách,EverToner,180.000 ₫,-52%,86400,(127),4.9,Túi Đựng Đồ Bằng Nỉ Túi Tote Đựng Đồ Trang Điểm Goyard Túi Đựng Đồ Du Lịch Bên Trong Túi Đựng Mỹ Phẩm Xách Tay Cho Nữ,137 Đã bán,https://www.lazada.vn/products/pdp-i1650565409.html
Dụng cụ chăm sóc Sắc đẹp,An Nhiên.2702,,,,,,"Tủ Đựng Mỹ Phẩm 4 Tầng HOKORI Cao Cấp Nhựa Việt Nhật, Kệ Đựng Mỹ Phẩm, Đồ Trang Điểm",,https://www.lazada.vn/products/pdp-i2190055917.html
Dụng cụ chăm sóc Sắc đẹp,MAANGE LOCAL STORE,152.000 ₫,-35%,98800,(33),5.0,Bộ cọ trang điểm MAANGE 14 cây mềm mại với Túi đựng cọ trang điểm da 1340,163 Đã bán,https://www.lazada.vn/products/pdp-i2847934354.html
Vali và Túi du lịch đa năng,DELI LIFESTYLE VIETNAM,96.250 ₫,-39%,58712,(39),5.0,Túi đựng mỹ phẩm du lịch Deli chống thấm nước túi đựng đồ trang điểm đồ cá nhân tiện lợi nhỏ gọn,178 Đã bán,https://www.lazada.vn/products/pdp-i2223843692.html
Trang điểm,Luckyhouse vn,,,,(16),4.8,Bộ trang điểm cá nhân đầy đủ 13 món tặng kèm túi xách làm quà,87 Đã bán,https://www.lazada.vn/products/pdp-i2016377562.html
Nhập vai Phục trang & Dạ tiệc,nxMNtxBu,,,,,,bộ trang điểm,,https://www.lazada.vn/products/pdp-i2951103470.html
Đồ ăn nhẹ & bánh kẹo,HELLO SUNSHINE - YÊU LÀN DA BẠN,,,,,,"Socola tổng hợp HERSHEY’S của Mỹ (1.47kg - SẢN PHẨM CHẤT LƯỢNG CAO, ĐƯỢC YÊU THÍCH SĂN ĐÓN TRÊN THỊ TRƯỜNG HIỆN NAY, HÀNG ĐẢM BẢO DÙNG SIÊU THÍCH MỜI KHÁCH YÊU TRẢI NGHIỆM",,https://www.lazada.vn/products/pdp-i2418511689.html
Dụng cụ chăm sóc Sắc đẹp,AMORTALS Store,185.000 ₫,-14%,159100,(88),5.0,Bộ Mút Trang Điểm AMORTALS 100Đ Chính Hãng Sử Dụng Ướt Khô Đa Năng Kèm Cọ Và Hộp Đựng,311 Đã bán,https://www.lazada.vn/products/pdp-i3135114585.html
Vali và Túi du lịch đa năng,KAKA.SHOP,,,,(2),5.0,"Túi Đựng Mỹ Phẩm, Đồ Trang Điểm WASHBAG - Túi Đựng Đồ Cá Nhân Du Lịch Chống Thấm Nước",,https://www.lazada.vn/products/pdp-i2349150072.html
Dụng cụ chăm sóc Sắc đẹp,PARHJg.Selection,30.600 ₫,-29%,21726,,,Bộ cọ trang điểm 4in1 xinh xắn dễ thương,5.5K Đã bán,https://www.lazada.vn/products/pdp-i3140928742.html
Trang điểm,FOCALLURE Beauty.VN,88.000 ₫,-28%,63360,(275),4.8,Phấn má trang điểm FOCALLURE dạng lỏng màu tự nhiên không thấm nước giữ lớp trang điểm bền màu lâu trôi - INTL,2.0K Đã bán,https://www.lazada.vn/products/pdp-i631238241.html
Trang điểm,FOCALLURE Beauty.VN,80.000 ₫,-19%,64800,(197),4.9,Bảng phấn kẻ lông mày FOCALLURE tự nhiên không thấm nước bền màu lâu trôi kèm cọ 2 đầu tiện dụng - INTL,1.3K Đã bán,https://www.lazada.vn/products/pdp-i640838668.html
Dụng cụ chăm sóc Sắc đẹp,Derf Store,80.000 ₫,-42%,46400,(114),4.9,Derf Bộ Cọ Trang Điểm 8 Món Kèm Mút Làm Đẹp Dụng Cụ Mỹ Phẩm Du Lịch Cầm Tay,640 Đã bán,https://www.lazada.vn/products/pdp-i1948462851.html
Dụng cụ chăm sóc Sắc đẹp,Oattbe Beauty Zone,50.000 ₫,-10%,45000,(1),5.0,bộ cọ trang điểm makeup 14 cây cơ bản cọ kẻ mắt cọ tán má hồng cọ phấn phủ tạo khối mũi,10 Đã bán,https://www.lazada.vn/products/pdp-i3101412171.html
Dụng cụ chăm sóc Sắc đẹp,GUVIET,250.000 ₫,-26%,185000,(57),5.0,Bộ Cọ Trang Điểm Cá Nhân GUVIET 11 Cây Màu Hồng Kèm Túi Da Đựng Cùng Màu hoặc ống cắm,133 Đã bán,https://www.lazada.vn/products/pdp-i2742312341.html
Trang điểm,MONLEYTA,572.000 ₫,-88%,68640,,,MONLEYTA | Bộ bốn sản phẩm nền trang điểm cho người mới bắt đầu dành cho nữ kiểm soát dầu che khuyết điểm dưỡng ẩm nhẹ hộp đồ dùng làm đẹp cơ bản,,https://www.lazada.vn/products/pdp-i3172083289.html
Vali và Túi du lịch đa năng,EverToner,179.000 ₫,-43%,102030,(17),5.0,Evertoner Cầm Tay du lịch nhỏ gọn Nam Giới Khay để đồ trang điểm lớn chống nước Công Suất Mỹ Phẩm Ví Túi đựng đồ vệ sinh cá nhân Cho Son Nữ Túi có khoá kéo,30 Đã bán,https://www.lazada.vn/products/pdp-i2604506973.html
Trang điểm,Mỹ Phẩm Thuý Hường,,,,(6),4.8,Bộ Trang Điểm[10 Món X7]Đầy Đủ Makeup/Trang Điểm Đi Tiệc/Trang Điểm Cá Nhân Cơ Bản 10 Món X7,21 Đã bán,https://www.lazada.vn/products/pdp-i2605407088.html
Dụng cụ chăm sóc Sắc đẹp,THE RUCY,200.000 ₫,-36%,128000,,,"Tặng Kem dưỡng ẩm Lotion Hàn Quốc - Cốp sale cuối năm giảm 70%- Cốp túi đựng mỹ phẩm, đồ trang điểm có quai xách, nhiều ngăn chia tháo rời, mang đi làm, du lịch size 40x30x14 cm",,https://www.lazada.vn/products/pdp-i2275653700.html
Dụng cụ chăm sóc Sắc đẹp,GUVIET,320.000 ₫,-33%,214400,(1),5.0,Bộ cọ trang điểm cá nhân GUVIET gồm 12 cọ kèm theo túi da đựng hoặc ống cắm với 2 màu xanh và Hồng dễ dàng lựa chọn,8 Đã bán,https://www.lazada.vn/products/pdp-i2778674271.html
Dụng cụ chăm sóc Sắc đẹp,MAANGE LOCAL STORE,280.000 ₫,-30%,196000,(2),5.0,Bộ cọ trang điểm chuyên nghiệp MAANGE 20 chiếc kèm 5 miếng Mút trang điểm và túi đựng đồ trang điểm 52000,,https://www.lazada.vn/products/pdp-i2847707886.html
Đồ ăn nhẹ & bánh kẹo,Dược Mỹ Phẩm Floslek,75.000 ₫,-21%,59250,(147),4.9,Kẹo ngậm vị Bò húc Redbull tăng lực,312 Đã bán,https://www.lazada.vn/products/pdp-i2727733168.html
Trang điểm,Mỹ Phẩm Thuý Hường,,,,(11),5.0,Bộ Trang Điểm Đầy Đủ Make Up/ Trang điểm đi tiệc/trang điểm cá nhân Q4,41 Đã bán,https://www.lazada.vn/products/pdp-i2414811314.html
Vali và Túi du lịch đa năng,EverToner,135.000 ₫,-33%,90450,(7),5.0,Túi Đựng Mỹ Phẩm Túi Đựng Đồ Trang Điểm Du Lịch Cho Nữ Túi Đựng Đồ Vệ Sinh Cá Nhân Polyester Chống Mài Mòn Có Khóa Kéo Cho Túi Giặt Gia Đình,10 Đã bán,https://www.lazada.vn/products/pdp-i1642778335.html
Vali và Túi du lịch đa năng,EverToner,253.000 ₫,-47%,134090,(4),5.0,Evertoner Cho Peekaboo nhét đồ bằng nỉ túi xách đựng đồ túi xách đựng đồ trang điểm Tổ Chức Du Lịch Bên Trong Ví Xách Tay Mỹ Phẩm Cơ Sở Shaper,,https://www.lazada.vn/products/pdp-i2370367875.html
Dụng cụ chăm sóc Sắc đẹp,ZEESEA Official Store,35.000 ₫,-9%,31850,(203),5.0,Set 2 Mút Trang Điểm ZEESEA Chuyên Nghiệ,913 Đã bán,https://www.lazada.vn/products/pdp-i2007424560.html
Trang điểm,PINKFLASH Store,760.000 ₫,-44%,425600,(17),5.0,Bộ Mỹ Phẩm Trang Điểm Pinkflash 10 Món Tiện Dụng Cho Người Mới Bắt Đầu,59 Đã bán,https://www.lazada.vn/products/pdp-i2090255096.html
Trang điểm,Mỹ Phẩm Thuý Hường,,,,(10),4.8,Bộ trang điểm đầy đủ chính hãng-[22 món C1] LAMEILA Lip Glaze Lipstick+Mascara +chì kẻ mày+kẻ mắt+kem che khuyết điểm Bộ Trang Điểm C1,34 Đã bán,https://www.lazada.vn/products/pdp-i2427022778.html
Trang điểm,Mỹ Phẩm Thuý Hường,,,,(3),5.0,Bộ Trang Điểm[12 Món] F3 Đầy Đủ Makeup/Trang Điểm Đi Tiệc/Trang Điểm Cá Nhân Cơ Bản 12 món F3,22 Đã bán,https://www.lazada.vn/products/pdp-i2579520737.html
Trang điểm,Mỹ Phẩm Thuý Hường,,,,(2),4.5,Bộ Trang Điểm[22 Món] Ww4 Đầy Đủ Makeup/Trang Điểm Đi Tiệc/Trang Điểm Cá Nhân Cơ Bản 22 Món W4,7 Đã bán,https://www.lazada.vn/products/pdp-i2579543748.html
Trang điểm,Mỹ Phẩm Thuý Hường,,,,(13),4.8,Bộ Trang Điểm Makuep Cơ Bản Đầy Đủ [12 Món Z3] Bộ Sản Phẩm Makep Của Nữ Dành Cho Người Mới Tập Trang Điểm Mỹ Phẩm Cosmetic,49 Đã bán,https://www.lazada.vn/products/pdp-i2661025733.html
Trang điểm,Mỹ Phẩm Thuý Hường,,,,(39),4.8,Bộ Trang Điểm[27 Món] W1 Đầy Đủ Makeup/Trang Điểm Đi Tiệc/Trang Điểm Cá Nhân Cơ Bản 27 Món bộ W1,98 Đã bán,https://www.lazada.vn/products/pdp-i2579482980.html
Nước hoa,MỸ PHẨM KIM HUỆ,289.000 ₫,-3%,280330,(90),4.9,Nước hoa dầu thơm nữ Beautiful dream Lonkoom parfum hương thơm nhẹ nhàng sang trọng 100ml,393 Đã bán,https://www.lazada.vn/products/pdp-i348548869.html
Vali và Túi du lịch đa năng,Global Joy,185.000 ₫,-23%,142450,(134),4.8,10pcs du lịch mỹ phẩm Dispenser chai Set xách tay mỹ phẩm chăm sóc da chai rỗng chai xịt cầm tay cho máy bay,121 Đã bán,https://www.lazada.vn/products/pdp-i2455569524.html
Nhập vai Phục trang & Dạ tiệc,Thu thu Mp thailand,250.000 ₫,-20%,200000,,,Bộ trang điểm 8 món cổ trang nội địa trung,,https://www.lazada.vn/products/pdp-i2997172049.html
Đồ ăn nhẹ & bánh kẹo,MÙA HÈ NHIỆT ĐỚI,,,,,,"Combo 2 Thanh x 35g socola Frestables Peanut Butter Mr Beast Mỹ bơ đậu phộng chocolate MrBeast - SẢN PHẨM ĐƯỢC YÊU THÍCH TRÊN THỊ TRƯỜNG HIỆN TAY, DÙNG RẤT TỐT LUÔN Ạ, ĐẢM BẢO DÙNG RẤT THÍCH, KHÁCH YÊU TRẢI NGHIỆM ỦNG HỘ SHOP NHÉ",,https://www.lazada.vn/products/pdp-i3104546729.html
,Dương Liễu Handmade,,,,(3),5.0,"Bút lông mực trắng viết lên giấy bóng kiếng, hộp quà, mica, gỗ nhựa không phai màu, chống thấm nước",33 Đã bán,https://www.lazada.vn/products/pdp-i2728314249.html
Dụng cụ chăm sóc Sắc đẹp,Màn Chụp Tự Bung Kiều Phi,100.000 ₫,-50%,50000,,,Set bộ cọ trang điểm manke up cá nhân- cọ trang điể 5 món kèm hộp đựng nội địa trung tiện dụng,,https://www.lazada.vn/products/pdp-i2675683195.html
"Quần, váy",MỸ KIM COSMETICS,,,,,,"LĂN KHỬ MÙI CHO NAM HƯƠNG GỖ DIESEL BAD DEODORANT STICK FOR MEN 75G- SẢN PHẨM RẤT ĐÁNG ĐỂ TRẢI NGHIỆM NHÉ CẢ NHÀ, ĐẢM BẢO SẢN PHẨM ĐANG HOT TRÊN THỊ TRƯỜNG HIỆN NAY",,https://www.lazada.vn/products/pdp-i2316678525.html
Nhập vai Phục trang & Dạ tiệc,Mỹ phẩm làm đẹp 870,,,,(12),5.0,Bộ trang điểm đầy đủ _ Combo set makeup trang điểm mĩ phẩm nội địa trung Set son quà tặng 20/10 cho bạn gái cao cấp,33 Đã bán,https://www.lazada.vn/products/pdp-i2034166233.html
Trang điểm,HELLO SUNSHINE - YÊU LÀN DA BẠN,,,,,,"SET TRANG ĐIỂM SEPHORA MAKE UP MUST HAVE CHÍNH HÃNG - SẢN PHẨM CHẤT LƯỢNG ĐƯỢC NGƯỜI DÙNG ĐÁNH GIÁ CAO, HÀNG HOT TRÊN THỊ TRƯỜNG HIỆN NAY, CÙNG TRẢI NGHIỆM NHÉ",,https://www.lazada.vn/products/pdp-i2276552827.html
Chăm sóc da mặt,Unilever Chăm Sóc Vẻ Đẹp,281.000 ₫,-17%,233230,(1677),5.0,[VC 15% tối đa 70K đơn 399K] Combo 2 Sữa rửa mặt Simple giúp kiềm dầu và ngừa mụn hiệu quả - cho da dầu mụn 150ml/chai [CHÍNH HÃNG ĐỘC QUYỀN] [DIỆN MẠO MỚI],6.2K Đã bán,https://www.lazada.vn/products/pdp-i2219297579.html
Vali và Túi du lịch đa năng,Royal Bagger Official Store,209.000 ₫,-45%,114950,(23),5.0,Royal Bagger Túi Đựng Mỹ Phẩm Túi Đựng Đồ Trang Điểm Thường Ngày Cổ Điển Thời Trang Cho Nữ Bằng Da Bò Thật Túi Đựng Son 8249,19 Đã bán,https://www.lazada.vn/products/pdp-i2174378249.html
Tủ chứa & Sắp xếp đồ,Noithatpassion,,,,(3),5.0,"Kệ Đựng Mỹ Phẩm, Đựng Đồ Trang Điểm Trang Trí Bàn Trang Điểm Cao Cấp",12 Đã bán,https://www.lazada.vn/products/pdp-i2251675760.html
Dụng cụ chăm sóc Sắc đẹp,EverToner,127.000 ₫,-33%,85090,(25),5.0,Túi Đựng Bằng Nỉ Phù Hợp Với Túi Đựng Quần Áo POCHETTE Túi Đựng Mỹ Phẩm Du Lịch Xách Tay Túi Đựng Đồ Trang Điểm Nỉ Dung Tích Lớn,8 Đã bán,https://www.lazada.vn/products/pdp-i1604826801.html
Chăm sóc cá nhân,Bách hoá mỹ phẩm thái,20.000 ₫,-50%,10000,(14),5.0,[HCM]Viên Kích Trắng Kyra Alpha Arbutin Thái Mới (Lẻ 1 cốc nhỏ),269 Đã bán,https://www.lazada.vn/products/pdp-i539320148.html
Trang điểm,Lature Store,1.137.000 ₫,-34%,750420,,,Bộ trang điểm cao cấp 15 món makeup thần thánh KÈM TÚI ĐỰNG MỸ PHẨM chuyên nghiệp hottrend bộ makeup sang chảnh Hatola,,https://www.lazada.vn/products/pdp-i2547666526.html
Vali và Túi du lịch đa năng,EverToner,144.000 ₫,-35%,93600,(3),5.0,EverToner Túi Đựng Đồ Vệ Sinh Cá Nhân Du Lịch Túi Xách Tay Đựng Mỹ Phẩm PVC Chống Nước Cho Nữ Túi Đựng Đồ Trang Điểm Có Khóa Kéo Trong Suốt Bộ Đồ Giặt Nữ,,https://www.lazada.vn/products/pdp-i1926671157.html
Đồ gia dụng chăm sóc cá nhân,Hoá Mỹ Phẩm Mỹ Phương,309.750 ₫,-17%,257092,(14),5.0,Máy sấy tóc Panasonic EH-ND11 1000W - Hàng chính hãng (giao màu ngẫu nhiên),35 Đã bán,https://www.lazada.vn/products/pdp-i3121349190.html
Đồ dùng phòng tắm,MỸ PHẨM MIRA COSMETICS,65.000 ₫,-10%,58500,(12),4.9,Khăn Dây Tắm Hàn Quốc mềm A616,71 Đã bán,https://www.lazada.vn/products/pdp-i2422815172.html
Phụ kiện túi xách,EverToner,112.500 ₫,-35%,73125,(16),4.6,Túi Đựng Đồ Vệ Sinh Cá Nhân LV Túi 19 26 Ví Túi Đựng Đồ Chèn Nỉ Túi Xách Trang Điểm Túi Đựng Đồ Du Lịch Túi Đựng Mỹ Phẩm Bên Trong,20 Đã bán,https://www.lazada.vn/products/pdp-i1599266969.html
Trường học & văn phòng,Xe Đẩy Hàng Toshudo,79.000 ₫,-25%,59250,(37),4.8,"Kệ Nhựa Đựng Bút, Hộp Nhựa Nhiều Ngăn Đựng, Hộp Đựng Mỹ Phẩm đồ dùng đa năng",131 Đã bán,https://www.lazada.vn/products/pdp-i2229995856.html
Vali và Túi du lịch đa năng,Noithatpassion,,,,(9),5.0,Túi Lưới Thời Trang Đựng Mỹ Phẩm Túi Đựng Đồ Du Lịch,52 Đã bán,https://www.lazada.vn/products/pdp-i2040695621.html
Trang điểm,Cửa Hàng Đồ Mỹ TPT,,,,,,Kem nền Estee Lauder Double Wear stay in Place Make up-Cửa hàng đồ Mỹ TPT,,https://www.lazada.vn/products/pdp-i1752254835.html
Dụng cụ chăm sóc Sắc đẹp,GlobalLifestyle,307.000 ₫,-39%,187270,(20),4.9,Chuyên Nghiệp Màu Đen Bộ Cọ Trang Điểm Cho Nữ Siêu Mềm Nylon Phấn Nền Che Khuyết Điểm Phấn Mắt Chi Tiết Bộ Dụng Cụ Làm Đẹp,41 Đã bán,https://www.lazada.vn/products/pdp-i2945685916.html
Dụng cụ chăm sóc Sắc đẹp,THƯ STORE 99,,,,(6),4.8,HỘP QUÀ TẶNG - COMBO QUÀ MAKEUP TẶNG BẠN GÁI - QUÀ TẶNG NGÀY LỄ,23 Đã bán,https://www.lazada.vn/products/pdp-i2372844394.html
Dụng cụ chăm sóc Sắc đẹp,GIA DỤNG TIỆN ÍCH 9.9,90.000 ₫,-36%,57600,(5),4.6,"Túi đựng đồ trang điểm, túi đựng đồ makeup mĩ phẩm chất liệu da PU nhiều ngăn tiện lợi",7 Đã bán,https://www.lazada.vn/products/pdp-i2562253675.html
Dụng cụ chăm sóc Sắc đẹp,Nội Thất YTC,450.000 ₫,-25%,337500,(2),5.0,"Kệ Đựng Mỹ Phẩm YTC Mẫu Mới ,Kệ Đa Năng Để Đồ, Chông Bụi Bẩn Có Nam Châm Từ Tính Tiện Lợi",16 Đã bán,https://www.lazada.vn/products/pdp-i2562266651.html
Dụng cụ chăm sóc Sắc đẹp,EverToner,97.000 ₫,-36%,62080,(1),5.0,Evertoner Túi đựng mỹ phẩm của nữ vải đồ trang điểm Túi ví nữ lớn du lịch trang điểm lưu trữ trường hợp Organizer cho mỹ phẩm điện thoại,,https://www.lazada.vn/products/pdp-i3178680747.html
Trang điểm,Lature Store,3.496.000 ₫,-34%,2307360,,,"Bộ trang điểm đầy đủ 3 tầng, Quà tặng bạn gái, Set makeup huyền bí, Quà tặng sinh nhật, có nước hoa, bộ cọ, Set Son",,https://www.lazada.vn/products/pdp-i2547579998.html
Vali và Túi du lịch đa năng,EverToner,43.000 ₫,-33%,28810,,,Evertoner Phụ Nữ Lưới Túi đựng mỹ phẩm du lịch Lưu Trữ Túi sắp xếp đồ trang điểm Phụ Nữ Túi trang điểm Nhỏ Son Môi Vệ Sinh Cá Nhân Vẻ Đẹp Trường Hợp,6 Đã bán,https://www.lazada.vn/products/pdp-i2947036032.html
Dụng cụ nhà bếp,Chuyên Gia Công Mỹ Phẩm ĐÔNG Y,,,,(8),3.6,Chai thuỷ tinh 100 ml nâu,204 Đã bán,https://www.lazada.vn/products/pdp-i2144258188.html
Thiết bị y tế,TADAHOME,203.500 ₫,-20%,162800,(5),5.0,"Tủ Đựng Mỹ Phẩm Có Cửa Dán Tường VIỆT NHẬT 3635, Kệ Đựng Mỹ Phẩm, Kệ Đựng Đồ Skincare - TADAHOME",16 Đã bán,https://www.lazada.vn/products/pdp-i2424602896.html
Trang điểm,Gmarket Korea,269.000 ₫,-23%,207130,,,Prorance | Son Dầu Lên Màu Otomatis Pro France Shine Stick Trang Điểm Phấn Mắt,,https://www.lazada.vn/products/pdp-i3214165480.html
Trang điểm,Lature Store,4.196.000 ₫,-34%,2769360,,,"Bộ trang điểm chuyên nghiệp quà tặng cao cấp cho nàng sành điệu set trang điểm đầy đủ, quà tặng cho bạn gái Hatola",,https://www.lazada.vn/products/pdp-i2547637733.html
Dụng cụ chăm sóc Sắc đẹp,AMORTALS Store,425.000 ₫,-17%,352750,,,Túi Đựng Đồ Trang Điểm AMORTALS Cao cấp Túi Đựng Mỹ Phẩm Dung Tích Lớn Tiện Lợi Chống Thấm Nước,,https://www.lazada.vn/products/pdp-i3136806595.html
Dụng cụ chăm sóc Sắc đẹp,Tinh dầu thiên nhiên Purevess,299.000 ₫,-14%,257140,(20),4.9,Dầu Argan Purevess - Dầu dưỡng tóc - Dầu dưỡng body,63 Đã bán,https://www.lazada.vn/products/pdp-i366126135.html
Trang điểm,UNLEASHIA Store,748.000 ₫,-32%,508640,(1),5.0,"Bảng phấn mắt 9 ô UNLEASHIA tiện dụng dễ dùng, màu sắc đa dạng, không gây bết dính 6.6g",18 Đã bán,https://www.lazada.vn/products/pdp-i2891674698.html
Dụng cụ chăm sóc Sắc đẹp,Laneige Official Store,,,,(53),5.0,[Exclusive Gift] Túi đựng đồ trang điểm LANEIGE Bouncy Pouch.,395 Đã bán,https://www.lazada.vn/products/pdp-i2761701652.html
Tắm & Chăm sóc cơ thể,Mustela Vietnam Official,,,,(67),5.0,Sữa Tắm Gội Cho Trẻ Sơ Sinh & Em Bé Da Thường Mustela 750ml,359 Đã bán,https://www.lazada.vn/products/pdp-i280792930.html
Vali và Túi du lịch đa năng,mypham.nth,50.000 ₫,-50%,25000,,,"SET 3 túi trong suốt đựng đồ, túi đựng mỹ phẩm du lịch thời trang, túi du lịch chống thấm - Dacigi",,https://www.lazada.vn/products/pdp-i2682351343.html
Trang trí nhà cửa,go travel VN,188.000 ₫,-50%,94000,,,"Lối Vào Hành Lang Chìa Khóa Giá Để Đồ Trang Trí Gấu Bearbrick Khay Đựng Mỹ Phẩm, Chìa Khóa Sang Trọng Decor Nhà cửa",18 Đã bán,https://www.lazada.vn/products/pdp-i2946572944.html
Tủ chứa & Sắp xếp đồ,Hộp Đựng Giày Sỉ Lẻ,55.000 ₫,-36%,35200,(86),4.9,"Kệ chữ nhật dán tường, kệ đựng mỹ phẩm bằng thép không rỉ chống nước tiện lợi",464 Đã bán,https://www.lazada.vn/products/pdp-i2376831293.html
Tủ chứa & Sắp xếp đồ,tyxz8a.Selection,,,,(537),4.9,2PCS Soild đầy màu sắc đa chức năng mở máy tính để bàn bếp Hộp đựng mỹ phẩm văn phòng Hộp đựng đồ gia dụng,2.2K Đã bán,https://www.lazada.vn/products/pdp-i2706510802.html
Túi xách nữ,NwpNXs.Selection,66.100 ₫,-48%,34372,(1768),5.0,"Túi Đựng Đồ Chơi Nhồi Bông Tay Cầm – Túi Satchel Nữ, Dung Tích Lớn, Túi Đựng Mỹ Phẩm, Quà Tặng Dịp Lễ",5.9K Đã bán,https://www.lazada.vn/products/pdp-i2542513313.html
,Toyfun-VN,40.000 ₫,-28%,28800,(901),4.8,Bộ đồ chơi thủ công DIY mỹ nghệ cho bé trọn kem keo Goka đặt dễ thương Guka nhãn dán 50Ml kem keo khẻ tự làm thẻ trang trí với nhãn dán kẹp tóc trẻ em,3.4K Đã bán,https://www.lazada.vn/products/pdp-i2543795581.html
Đồ nội thất,NewTechnology,260.000 ₫,-50%,130000,(9),5.0,"[MẪU HOT 2022] Bàn trang điểm, tủ mỹ phẩm mini có gương bạc cao cấp đa năng thiết kế sang trọng tiện lợi cho phòng ngủ, Kệ mỹ phẩm, kệ son kệ để đồ trang điểm",42 Đã bán,https://www.lazada.vn/products/pdp-i2249567105.html
Tủ chứa & Sắp xếp đồ,huyanh gia dung,150.000 ₫,-14%,129000,(21),4.9,"Tủ Đa Năng Đựng Đồ Nhà Tắm, Nhà Bếp, Kệ Đựng Mỹ Phẩm Treo Tường, Tủ Thuốc Chống Thấm Nước,Bám Bụi",80 Đã bán,https://www.lazada.vn/products/pdp-i2809712363.html
,Sankid Toys,350.000 ₫,-44%,196000,(3),5.0,Bút màu sáp lụa không dính tay cho bé. Đồ chơi mỹ thuật đa năng,22 Đã bán,https://www.lazada.vn/products/pdp-i2911738462.html
Tủ chứa & Sắp xếp đồ,SUKA HOUSE 999,,,,(26),4.7,Túi Treo Đồ Lót Vớ Túi Đựng Mỹ Phẩm 2 Mặt 30 Ngăn A3952,144 Đã bán,https://www.lazada.vn/products/pdp-i1566072090.html
Vali và Túi du lịch đa năng,TAO Tidy Life,343.000 ₫,-10%,308700,(23),5.0,Túi Đựng Cọ Trang Điểm Du Lịch Dung Tích Lớn Túi Đựng Mỹ Phẩm Lưới Túi Đựng Đồ Dùng Cá Nhân Túi Đựng Son Môi Air Cushion Cọ Trang Điểm,677 Đã bán,https://www.lazada.vn/products/pdp-i1890037376.html
Chăm sóc da mặt,Giá Sỉ Thủ Đức,159.000 ₫,-13%,138330,(3),4.7,[Sét 7 Món] Bộ Dưỡng Trắng Da Nội Địa Trung Chính hãng( quà tặng 8/3 ),6 Đã bán,https://www.lazada.vn/products/pdp-i2088928491.html
Trang điểm,,,,,,,Bộ Trang Điểm Nhẹ Cho Người Mới Bắt Đầu Không Bị Tắc Không Để Lại Sừng Phấn Trang Điểm Toàn Diện Cho Học Sinh Lameila,,https://www.lazada.vn/products/pdp-i3140913773.html
Vali và Túi du lịch đa năng,Hiram Vintage Leather Goods Store,1.999.000 ₫,-43%,1139430,(21),5.0,Da thật người đàn ông Túi mỹ phẩm thiết kế sang trọng vệ sinh cá nhân lưu trữ túi Túi đựng đồ vệ sinh Túi trang điểm Túi sắp xếp du lịch túi xách,28 Đã bán,https://www.lazada.vn/products/pdp-i2580015932.html
Chăm sóc da mặt,Mỹ Phẩm Hương Thị Store,,,,(94),5.0,Bộ Chăm Sóc Da Mặt Ngọc Trai Trắng Sáng Pearl Shine Hương Thị,304 Đã bán,https://www.lazada.vn/products/pdp-i1374884028.html
Chăm sóc da mặt,ELIXIR,972.000 ₫,-11%,865080,(187),4.9,Sữa chống nắng dưỡng sáng phục hồi Collagen từ cấp độ tế bào Elixir Day care Revolution SPF50+ 35ml,1.1K Đã bán,https://www.lazada.vn/products/pdp-i1758046698.html
Dụng cụ chăm sóc Sắc đẹp,Gmarket Korea,1.226.000 ₫,-54%,563960,,,INNISFREE | Đồ Trang Điểm Innisfree Mỹ Phẩm Dụng Cụ Trang Điểm Cọ Kem Nền Chuyên Nghiệp,,https://www.lazada.vn/products/pdp-i3200330201.html
Dụng cụ chăm sóc Sắc đẹp,JessupBeauty,682.560 ₫,-20%,546048,(57),5.0,"Jessup Bộ cọ trang điểm 10 chiếc, Kem nền hai mặt Contour Blush Highlight Blending Brush Brush Eyeshadow Eyeliner Concealer Brush, Bright Cyan Cruelty Free Cosmetic Tools T500",306 Đã bán,https://www.lazada.vn/products/pdp-i2594418900.html
Trường học & văn phòng,Super Factory Store,150.000 ₫,-20%,120000,(14),4.7,"Hộp đựng bút, Hộp đựng mĩ phẩm nhiều ngăn, có ông đựng bút xoay 360 độ tiện lợi thông,hộp lưu trữ máy tính để bàn,Ống đựng cọ trang điểm,Kệ để bàn trang điểm đựng mỹ phẩm lzb034",57 Đã bán,https://www.lazada.vn/products/pdp-i2773081330.html
Dụng cụ chăm sóc Sắc đẹp,Global Merch Park,457.000 ₫,-23%,351890,(67),5.0,Hộp Đựng Đồ Trang Điểm Du Lịch Công Suất Lớn Túi Đựng Mỹ Phẩm Nữ Chuyên Nghiệp Chất Liệu Oxford Có Khóa Kéo Màu Trơn,453 Đã bán,https://www.lazada.vn/products/pdp-i2616715356.html
Nhập vai Phục trang & Dạ tiệc,Global Merch Park,392.000 ₫,-23%,301840,(21),5.0,Bộ Trang Điểm Trẻ Em Giả Vờ Chơi Bộ Mỹ Phẩm Có Gương Không Độc Hại An Toàn Cho Bé Gái Món Quà Sinh Nhật Nhỏ Làm Đẹp Túi Đựng Đồ Chơi,428 Đã bán,https://www.lazada.vn/products/pdp-i2715338837.html
Vali và Túi du lịch đa năng,GlobalTechMart,169.000 ₫,-38%,104780,(9),4.5,Polyester Thân Thiện Với Môi Trường Treo Túi Đựng Mỹ Phẩm Du Lịch Túi Vệ Sinh Cho Nam Và Nữ Đa Năng Làm Đẹp Vanity Case Lưu Trữ Đồ Túi Rửa,131 Đã bán,https://www.lazada.vn/products/pdp-i2832563882.html
Vali và Túi du lịch đa năng,ILOVEDIY Finding Store,347.000 ₫,-87%,45110,(107),4.3,3Pcs Trong Suốt PVC Lưu Trữ Túi túi xếp đồ du lịch túi đồ trang điểm trong suốt Túi đựng mỹ phẩm Vẻ Đẹp Trường Hợp Túi đựng đồ vệ sinh cá nhân Túi đựng đồ vệ sinh,14 Đã bán,https://www.lazada.vn/products/pdp-i2563169507.html
Vali và Túi du lịch đa năng,Qiyue.STORY,78.643 ₫,-36%,50331,(472),5.0,Set 5 túi đựng mỹ phẩm trang điểm dạng lưới màu đen sức chứa lớn mang đi du lịch dành cho nữ,2.7K Đã bán,https://www.lazada.vn/products/pdp-i1794908369.html
Nhập vai Phục trang & Dạ tiệc,GlobalTechMart,751.000 ₫,-23%,578270,(1),5.0,49 Bộ Trang Điểm Trẻ Em Cho Bé Gái Có Hộp Đựng Mỹ Phẩm Có Thể Giặt Thật Trang Điểm Quà Tặng Sinh Nhật Cho Độ Tuổi 3-12,118 Đã bán,https://www.lazada.vn/products/pdp-i2892456656.html
Trường học & văn phòng,Global Joy,180.000 ₫,-39%,109800,(133),5.0,Hộp Đựng Bút Chì Bằng Vải Công Suất Lớn Túi Xách Du Lịch Mỹ Phẩm Dành Cho Sinh Viên Dễ Thương Túi Đựng Bút Chì Bằng Vải Tiện Lợi Cho Đồ Dùng Học Tập & Văn Phòng,93 Đã bán,https://www.lazada.vn/products/pdp-i2581051891.html
Dụng cụ chăm sóc Sắc đẹp,BoBo57,37.500 ₫,-33%,25125,(8),5.0,Túi đựng đồ trang điểm vải tweed sức chứa lớn phong cách dành cho nữ makeup bag【BoBo57】,29 Đã bán,https://www.lazada.vn/products/pdp-i2782665190.html
,Global Merch Park,174.000 ₫,-23%,133980,(15),4.8,Bộ Bút Chì Màu Dầu Macaron Professional-12/24/50 Màu Bút Chì Màu Mềm Bằng Gỗ Cho Trường Học Tranh Phác Thảo Đồ Dùng Nghệ Thuật,76 Đã bán,https://www.lazada.vn/products/pdp-i2623664613.html
Dụng cụ chăm sóc Sắc đẹp,Bedivar Shopping Mall,42.000 ₫,-45%,23100,(2),5.0,"Bộ cọ trang điểm cá nhân,Bộ 13 cọ trang điểm kèm túi đựng phấn nền chất lượng cao Phấn má hồng bóng lớn cọ trang điểm cá nhân chuyên nghiệp đầu lông mềm mại",7 Đã bán,https://www.lazada.vn/products/pdp-i3149925577.html
Dụng cụ chăm sóc Sắc đẹp,zst88,235.646 ₫,-36%,150813,,,Waterproof Cosmetic Bag Women Portable Travel Large capacity Makeup Bag Durable Oxford Cloth Beauty Storage Bag Toiletry Mekap Beg 化妆包/化妆袋,,https://www.lazada.vn/products/pdp-i2523900534.html
Vali và Túi du lịch đa năng,CONTACTS FLAGSHIP STORE,1.471.182 ₫,-43%,838573,(55),4.6,"Túi Đựng Mỹ Phẩm Du Lịch Nam Nữ CONTACT'S, Túi Trang Điểm Có Khóa Kéo Đôi, Túi Đựng Đồ Vệ Sinh Cá Nhân Bằng Da Thật Dung Tích Lớn",59 Đã bán,https://www.lazada.vn/products/pdp-i309342794.html
Vali và Túi du lịch đa năng,,348.000 ₫,-68%,111360,,,"Hộp Đựng Mỹ Phẩm Chống Bụi Có Nắp, Giá Để Đồ Trang Điểm, Ngăn Kéo Đựng Mỹ Phẩm, Hộp Đựng Đồ Trang Điểm, Hộp Đựng Mỹ Phẩm",30 Đã bán,https://www.lazada.vn/products/pdp-i3204180130.html
Dụng cụ chăm sóc Sắc đẹp,GlobalSuperBazaar,873.000 ₫,-23%,672210,,,Bộ Cọ Trang Điểm 11 Món Kat Von D - Phấn Má Hồng Nền Nổi Bật Bột Che Khuyết Điểm Điêu Khắc Cọ Phấn Mắt Bộ Thương Hiệu KVD,98 Đã bán,https://www.lazada.vn/products/pdp-i3118725840.html
,diy picture by numbers,130.613 ₫,-9%,118857,(1),5.0,Photocustom Bộ tranh hạt cườm tự làm với hạt Mandala Họa Tiết Cây Cà độc dược đủ hạt Rhinestone Coaster cốc gỗ đệm tấm cách nhiệt đồ thủ công làm bằng tay miếng lót ly Quà Tặng cá nhân,,https://www.lazada.vn/products/pdp-i2379905359.html
Trường học & văn phòng,Tổng Kho Hậu Thị,,,,(2),5.0,"Hộp đựng đồ nhiều ngăn đa năng cắm bút , đựng mỹ phẩm dụng cụ mỹ phẩm",,https://www.lazada.vn/products/pdp-i2409328639.html
Tủ chứa & Sắp xếp đồ,GIA DUNG GIA DINH 01,14.000 ₫,-46%,7560,(40),4.9,"Giỏ Đựng Đồ Có Quai Xách Nhựa Việt Nhật, Giỏ Đựng Đồ Nhà Tắm, Đựng Mỹ Phẩm Đa Năng Nhiều Mẫu",275 Đã bán,https://www.lazada.vn/products/pdp-i2488236021.html
Xe máy,NSB Gia Dụng,102.000 ₫,-50%,51000,,,"Bộ chiết mỹ phẩm 5 món, kèm túi đựng - Bộ chiết mỹ phẩm du lịch mini giá tốt - NSB GD",,https://www.lazada.vn/products/pdp-i3192205874.html
Dụng cụ chăm sóc Sắc đẹp,BeloveShop,,,,,,Túi đựng mỹ phẩm đồ trang điểm Hàn Quốc kiểu lưới thoáng khí tiện lợi mang theo du lịch,,https://www.lazada.vn/products/pdp-i2802735382.html
Vali và Túi du lịch đa năng,PhuKienMini,,,,(5),5.0,Túi trống mini unisex đựng đồ dùng cá nhân mỹ phẩm cho nam nữ túi vải có móc treo toilet chống thấm nhỏ gọn,35 Đã bán,https://www.lazada.vn/products/pdp-i819022397.html
,doca.house stationery,50.000 ₫,-16%,42000,,,"Bút Dao Unboxing, Bút Dao Cắt Sticker Thân Trong Suốt In Họa Tiết Dễ Thương",,https://www.lazada.vn/products/pdp-i2650180108.html
Tủ chứa & Sắp xếp đồ,JAERSENT.SHOP,250.000 ₫,-8%,230000,(7),5.0,"Giỏ mây đựng đồ, đựng mỹ phẩm, đựng đồ khô nhà bếp, có quai kèm vải lót,giỏ cói đựng đồ chụp ảnh sản phẩm",66 Đã bán,https://www.lazada.vn/products/pdp-i2419527625.html
Vali và Túi du lịch đa năng,Kho Sỉ 247,,,,(8),5.0,"Túi Dây Rút HÌNH GẤU Chống Nước Du Lịch Đựng Giày Dép, Đồ Dùng, Mỹ Phẩm",220 Đã bán,https://www.lazada.vn/products/pdp-i2371356968.html
Tủ chứa & Sắp xếp đồ,lieyh9,273.000 ₫,-41%,161070,(16),5.0,LIEYH Thủ công Giỏ đựng đồ bẩn dệt Vải lanh Cotton Trang trí Giỏ đựng đồ bằng mây đan Xô đựng mỹ phẩm Có tay cầm Túi đựng đồ chơi quần áo Dành cho gia đình,52 Đã bán,https://www.lazada.vn/products/pdp-i2683540011.html
Trang trí nhà cửa,Xưởng Sản Xuất Chân Thiện Mỹ,86.250 ₫,-20%,69000,(155),4.9,"Đế Gỗ, Đôn Gỗ Vuông Kê Tượng CHÂN THIỆN MỸ, Vật Phẩm Phong Thuỷ, Đồ Trang Trí Tượng Phật Nhiều Kích Thước",520 Đã bán,https://www.lazada.vn/products/pdp-i2387884825.html
Tủ chứa & Sắp xếp đồ,RECO DECOR BÀN HỌC,,,,,,Khay Mini Để Ngăn Bàn Trang Điểm Đựng Mỹ Phẩm Đồ Makeup RECO,,https://www.lazada.vn/products/pdp-i2822815297.html
,Nhang Đèn Nga Nguyễn,95.000 ₫,-47%,50350,(13),4.1,(1000 tờ) Tiền Việt Polymer bóng đẹp/Tiền Đô la Mỹ hàng mã loại 1,93 Đã bán,https://www.lazada.vn/products/pdp-i2636020089.html
Dụng cụ chăm sóc Sắc đẹp,NK.STORE VN,89.000 ₫,-45%,48950,(3),3.7,"Tủ Để Đồ Trang Điểm Mini, Kệ Đựng Mỹ Phẩm Mini Có Gương Tai Mèo, Hộp Mỹ Phẩm Thiết Kế Tiện Lợi",5 Đã bán,https://www.lazada.vn/products/pdp-i3155306966.html
Dụng cụ nhà bếp,HyHy Store Gia Dụng,210.000 ₫,-44%,117600,(123),4.7,"Kệ Đựng Gia Vị, Mỹ Phẩm Treo Tường HN1 Không Khoan Đục, Kệ Để Đồ Nhà Bếp Treo Tường",452 Đã bán,https://www.lazada.vn/products/pdp-i2302501578.html
Đồ châu báu,TQRpdm.Selection,32.900 ₫,-79%,6909,(326),4.9,"Bông Tai, Khuyên Tai Titan Mạ Vàng Phong Cách Hàn Quốc Đơn Giản Thanh Lịch Sang Trọng",1.2K Đã bán,https://www.lazada.vn/products/pdp-i2508870524.html
Trường học & văn phòng,Hala Thế Giới Gia Dụng,49.000 ₫,-45%,26950,(169),5.0,"Kệ đựng bút để bàn Living C,  Hộp đựng bút, kệ đựng mỹ phẩm remote đa năng để bàn",749 Đã bán,https://www.lazada.vn/products/pdp-i825788900.html
Dụng cụ chăm sóc Sắc đẹp,TaycanStore,124.000 ₫,-36%,79360,(1),5.0,Hộp mỹ phẩm đựng đồ trang điểm TAYCAN,,https://www.lazada.vn/products/pdp-i2515265394.html
Xe máy,NSB Gia Dụng,132.000 ₫,-50%,66000,,,"Set 3 Lọ Chiết Mỹ Phẩm, Dầu Gội, Sữa Tắm Du Lịch 60ml - NSB GD",,https://www.lazada.vn/products/pdp-i3192351103.html
Vali và Túi du lịch đa năng,GlobalWonderShop,83.000 ₫,-23%,63910,,,Nữ Dung Tích Lớn Túi Đựng Mỹ Phẩm Du Lịch Cầm Tay Đơn Giản Di Động Trang Điểm Bảo Quản Lưới Hộp Đựng Đồ Vệ Sinh,245 Đã bán,https://www.lazada.vn/products/pdp-i3175132822.html
Dụng cụ chăm sóc Sắc đẹp,Thế Giới Hộp Đựng Đồng Hồ - Mỹ Phẩm - BOXSW,,,,(5),5.0,"Cốp - Túi Trang Điểm Cá Nhân Du Lịch Chuyên Nghiệp - Cốp Để Đồ Phun Xăm, Make Up, Nối Mi - BH 12T",22 Đã bán,https://www.lazada.vn/products/pdp-i1761323569.html
Trang điểm,Mê hàng Trung Hoa,88.000 ₫,-10%,79200,(1),5.0,Set trang điểm đầy đủ 9 món Hươu vàng,6 Đã bán,https://www.lazada.vn/products/pdp-i2369743642.html
Vali và Túi du lịch đa năng,EverToner,112.500 ₫,-34%,74250,(9),5.0,Túi Đựng Mỹ Phẩm Có Khóa Kéo Thời Trang Túi Đựng Đồ Trang Điểm Chống Bụi Cho Nữ Túi Đựng Đồ Du Lịch Bộ Dụng Cụ Vệ Sinh Cá Nhân Túi Trang Điểm Xách Tay Hộp Đựng Làm Đẹp,21 Đã bán,https://www.lazada.vn/products/pdp-i1642714368.html
Tủ chứa & Sắp xếp đồ,BÁN GÌ RẺ THẾ,40.000 ₫,-33%,26800,(12),4.3,"Khay tiện ích 4 ngăn lớn -  Kệ Để Mỹ Phẩm , Khay Nhựa Chia 4 Ngăn Đựng Đồ Đa Năng - Rổ Tiện Ích Để Bàn 4 Ngăn Đựng Mỹ Phẩm , Đồ Dùng Học tập Tiện Lợi",70 Đã bán,https://www.lazada.vn/products/pdp-i2268530741.html
Đồ nội thất,Gia Dụng HN Thông Minh,140.000 ₫,-36%,89600,,,"[LOẠI TO] Tủ Để Đồ Trang Điểm Mini, Kệ Đựng Mỹ Phẩm Mini Có Gương Tai Mèo, Hộp Mỹ Phẩm Thiết Kế Tiện Lợi",,https://www.lazada.vn/products/pdp-i3144479264.html
Tủ chứa & Sắp xếp đồ,SINCE-1993,156.000 ₫,-50%,78000,(5),5.0,"Hộp Lưu Trữ Ngăn Kéo Nhiều Ngăn Đựng Đồ Văn Phòng Phẩm, Mỹ Phẩm, Kệ 2 Tầng Giúp Sắp Xếp Bàn Học",9 Đã bán,https://www.lazada.vn/products/pdp-i3093374206.html
Trang điểm,Mỹ Phẩm Thuý Hường,,,,(25),4.6,Bộ Trang Điểm Makuep Cơ Bản Đầy Đủ [24 Món S4] Bộ Sản Phẩm Makep Của Nữ Dành Cho Người Mới Tập Trang Điểm Mỹ Phẩm Cosmetic,87 Đã bán,https://www.lazada.vn/products/pdp-i2661137010.html
Tủ chứa & Sắp xếp đồ,DELI LIFESTYLE VIETNAM,260.750 ₫,-39%,159057,(15),4.9,Kệ đựng mỹ phẩm nhựa nhiều tầng để bàn trong suốt Deli kệ đưng đồ trang điểm hộp lưu trữ văn phòng phẩm VS,63 Đã bán,https://www.lazada.vn/products/pdp-i2223652863.html
Nhập vai Phục trang & Dạ tiệc,A_hoco__Store,373.830 ₫,-44%,209344,(2),5.0,【giao hàng trong vòng 24h】Bộ mỹ phẩm đồ chơi trang điểm 33 món không độc hại thích hợp cho bé,6 Đã bán,https://www.lazada.vn/products/pdp-i2664089214.html
Dụng cụ chăm sóc Sắc đẹp,THƯ STORE 99,180.000 ₫,-47%,95400,(72),4.4,Combo mỹ phẩm phụ kiện siêu tiết kiệm nhiều loại 9-13 món,332 Đã bán,https://www.lazada.vn/products/pdp-i2095203747.html
Dụng cụ chăm sóc Sắc đẹp,Tạp hoá đồ dùng1102,110.000 ₫,-19%,89100,(1),5.0,"Kệ đựng mỹ phẩm nhựa 4 tầng để bàn tặng kèm sticker, khay đựng đồ trang điểm nhiều ngăn , decor bàn học, đựng bút",,https://www.lazada.vn/products/pdp-i2857928472.html
Nhập vai Phục trang & Dạ tiệc,homeappliancescollectionstore,351.400 ₫,-33%,235438,(18),5.0,Bộ mỹ phẩm đồ chơi trang điểm 33 món không độc hại thích hợp cho bé,57 Đã bán,https://www.lazada.vn/products/pdp-i2394087293.html
Chăm sóc cá nhân,Tuyết An Shop 1989,,,,,,Nước rửa chén Mỹ Hảo 1.5 kg trà xanh và chanh,,https://www.lazada.vn/products/pdp-i2641698306.html
,,,,,,,"[HÀNG CÓ SẴN] Túi Đựng Mỹ Phẩm, Đồ Trang Điểm Du Lịch Chống Thấm Nước Washbag",9 Đã bán,https://www.lazada.vn/products/pdp-i2033418061.html
Trang điểm,Hoa Bồ Công Anh Store,99.000 ₫,-30%,69300,(545),4.9,[SALE] Set Trang Điểm PRETTY MAKEUP HANRU 4 Món set trang điểm tiện dụng đa năng cho người mới bắt đầu,1.9K Đã bán,https://www.lazada.vn/products/pdp-i2525214388.html
Vali và Túi du lịch đa năng,Global Merch Park,363.000 ₫,-31%,250470,(115),4.9,Túi Đựng Mỹ Phẩm Bằng Da PU Dành Cho Nữ Hộp Đựng Đồ Trang Điểm Du Lịch Di Động Đa Chức Năng Có Khóa Kéo - Hộp Đựng Đồ,1.3K Đã bán,https://www.lazada.vn/products/pdp-i2616085151.html
Trang điểm,W.E Beauty Store.Selection,37.000 ₫,-29%,26270,(23),4.6,"Son môi dạng kem lì SÓNG VÀNG Capupu H07 Nội Địa W.E Store - Cosmetic, Nữ Women Mỹ Phẩm Son Môi Trang Điểm",81 Đã bán,https://www.lazada.vn/products/pdp-i2769531502.html
quà tặng & Gói quà,THƯ STORE 99,,,,(19),5.0,"HỘP QUÀ TẶNG NGÀY LỄ, SET QUÀ KỈ NIỆM MAKEUP GỒM 3 SON + NƯỚC HOA + PHẤN MÁ + KEM NỀN + GẤU XINH",76 Đã bán,https://www.lazada.vn/products/pdp-i2540437482.html
quà tặng & Gói quà,THƯ STORE 99,,,,(19),5.0,"COMBO QUÀ MAKEUP, COMBO QUÀ TẶNG BẠN GÁI, QUÀ TẶNG MẸ, COMBO QUÀ NGÀY LỄ, QUÀ SINH NHẬT Ý NGHĨA",67 Đã bán,https://www.lazada.vn/products/pdp-i2302960827.html
Trang điểm,LPShop01,134.000 ₫,-48%,69680,(3),5.0,"Full Box - Set Trang Điểm HANRU 4 Món Tiện Dụng, Đầy Đủ, Cơ Bản Cho Người Mới Bắt Đầu",9 Đã bán,https://www.lazada.vn/products/pdp-i2965101592.html
,Bum Bum House,100.000 ₫,-45%,55000,(1506),4.9,"Set 60 màu ACRYLIC Marker ĐẦU NHỌN CHỐNG THẤM NƯỚC Không Vẽ Lên Đồ Vật Nhẵn, lau được khi dính lên da",7.1K Đã bán,https://www.lazada.vn/products/pdp-i2626804817.html
Trang điểm,Mỹ Phẩm Thuý Hường,,,,(2),4.5,Bộ Trang Điểm Makuep Cơ Bản Đầy Đủ [22 Món S6] Bộ Sản Phẩm Makep Của Nữ Dành Cho Người Mới Tập Trang Điểm Mỹ Phẩm Cosmetic,15 Đã bán,https://www.lazada.vn/products/pdp-i2661059639.html
Trang điểm,Shop Lu Lu,95.000 ₫,-12%,83600,,,"(LL) Bộ Trang Điểm ADS Đủ Bộ 40 món Full Hộp , Tiện Lợi , Kiểu dáng thanh lịch, thiết kế nhỏ gọn, dễ dàng mang theo.",,https://www.lazada.vn/products/pdp-i2768447264.html
Dụng cụ chăm sóc Sắc đẹp,Mon-Basic Túi mỹ phẩm,180.000 ₫,-11%,160200,(4),5.0,Túi đựng đồ trang điểm du lịch 2 ngăn kéo -size lớn,11 Đã bán,https://www.lazada.vn/products/pdp-i2682220610.html
Dụng cụ chăm sóc Sắc đẹp,G01 GIA DỤNG THÔNG MINH,104.693 ₫,-26%,77472,(1),2.0,Combo 3 Túi Đựng Mỹ Phẩm WASHBAG 3 Size Đựng Đồ Trang Điểm Cá Nhân Chống Thấm Nước,,https://www.lazada.vn/products/pdp-i3012917525.html
Chăm sóc cá nhân,MICOMI Cosmetics,25.000 ₫,-28%,18000,(3),5.0,"Kem Trắng Da Giảm Thâm Nách, Mông, Đầu Gối, Khuỷu Tay Vitamin C Whitening SADOER 50G Mờ Đốm Thâm Và Dưỡng Ẩm Da",16 Đã bán,https://www.lazada.vn/products/pdp-i2555440100.html
Túi xách nữ,the gioi vali,150.000 ₫,-34%,99000,(5),4.8,"Túi đựng mỹ phẩm chống thấm nước da PU có khóa kéo đôi,túi đựng đồ dung tích lớn nhiều ngăn,túi đựng đồ vệ sinh cá nhân",9 Đã bán,https://www.lazada.vn/products/pdp-i3043557114.html
Chăm sóc da mặt,Lio Cosmetic,,,,,,Kem chống nắng Anjo Hàn Quốc Professional SPF 50+PA+++ 365 Sun Cream 70g NPP Dung.my.pham,,https://www.lazada.vn/products/pdp-i3081419874.html
Chăm sóc da mặt,KNIYEA,271.000 ₫,-81%,51490,(1),4.0,KNIYEA | Kem chống nắng tẩy trang Red Grapefruit Spray dưỡng ẩm làm sáng da chính hãng KNIYEA Sản phẩm dành cho mọi loại da,,https://www.lazada.vn/products/pdp-i3172297417.html
Trang điểm,Hangnga Beauty Store,190.000 ₫,-47%,100700,(7),4.9,"[Bộ 18sp E5] Bộ make up, mỹ phẩm trang điểm, xịt khoá make-up, Kem nền, phấn má, phấn phủ, bộ cọ, tạo khối, che khuyết điểm, kẹp bấm mi, phấn mắt, kem lót, chuốt mi mascara, kẻ mắt, kẻ mày...",28 Đã bán,https://www.lazada.vn/products/pdp-i2685257652.html
Trang điểm,Mỹ Phẩm Thuý Hường,,,,(19),4.5,Bộ Trang Điểm [8 Món ] Xinh Xắn Lameila Dành Cho Người Mới Tập Makuep(Chính Hãng) Bộ 8 món xinh xắn,58 Đã bán,https://www.lazada.vn/products/pdp-i2427027901.html
Nước hoa,Yoshi Cosmetic,20.000 ₫,-50%,10000,(3043),4.8,Nước Hoa Khô Nicor Dạng Sáp Lưu Hương Thơm Lâu Cho Nam Và Nữ,19.3K Đã bán,https://www.lazada.vn/products/pdp-i1755131718.html
Dụng cụ chăm sóc Sắc đẹp,Shop hàng khuyến mãi Nguyễn Quý,30.000 ₫,-50%,15000,(12),5.0,"Túi đựng mỹ phẩm, Dụng cụ trang điểm, bút thước, đồ cá nhân... Purite",44 Đã bán,https://www.lazada.vn/products/pdp-i2759795941.html
Nhập vai Phục trang & Dạ tiệc,SpeedOfficialStore,307.100 ₫,-13%,267177,(4),5.0,"Bộ Dụng Cụ Làm Đẹp Mỹ Phẩm Cho Trẻ Em 17 Chiếc, Bộ Hộp Trang Điểm Không Độc Hại Bộ Quà Tặng Sinh Nhật Cho Bé Gái, Bộ Trang Điểm Cho Trẻ Em, Bộ Trang Điểm Cho Trẻ Em, Đồ Chơi Trang Điểm Cho Bé Gái,",12 Đã bán,https://www.lazada.vn/products/pdp-i2391300572.html
Chăm sóc cá nhân,AK Shop Mỹ Phẩm Chính Hãng,125.000 ₫,-46%,67500,(4),5.0,"Kem Dưỡng Hỗ Trợ Mờ Thâm, Sần - Vùng Nách, Mông, Bẹn, Đầu Gối - Gluta Collagen X3 15gr",28 Đã bán,https://www.lazada.vn/products/pdp-i3150930956.html
Nước hoa,Vietnam LXCOS,20.400 ₫,-42%,11832,(5602),4.9,"Nước hoa mini 3ml, xịt thơm body nội địa trung E6 Sammi beauty",19.3K Đã bán,https://www.lazada.vn/products/pdp-i2536820274.html
Dụng cụ chăm sóc Sắc đẹp,Mon-Basic Túi mỹ phẩm,300.000 ₫,-22%,234000,(9),5.0,Túi đựng đồ trang điểm sức chứa lớn chống thấm nước,36 Đã bán,https://www.lazada.vn/products/pdp-i2412324488.html
Trang điểm,Mỹ Phẩm Thuý Hường,,,,,,Bộ Trang Điểm Makuep Cơ Bản Đầy Đủ [22 Món S7] Bộ Sản Phẩm Makep Của Nữ Dành Cho Người Mới Tập Trang Điểm Mỹ Phẩm Cosmetic,,https://www.lazada.vn/products/pdp-i2661090348.html
Trang điểm,Mỹ Phẩm Thuý Hường,,,,,,Bộ Trang Điểm Makuep Cơ Bản Đầy Đủ 22 Món Z4 Bộ Sản Phẩm Makep Của Nữ Dành Cho Người Mới Tập Trang Điểm Mỹ Phẩm Cosmetic,,https://www.lazada.vn/products/pdp-i2661112253.html
Dụng cụ chăm sóc Sắc đẹp,Akii Home,60.000 ₫,-35%,39000,(5),5.0,"Túi đựng mỹ phẩm chất liệu PVC mờ+da PU cao cấp, túi đựng đồ trang điểm di động Akii Home TD31",16 Đã bán,https://www.lazada.vn/products/pdp-i2834705110.html
Dụng cụ chăm sóc Sắc đẹp,Akii Home,110.000 ₫,-41%,64900,(3),5.0,"Túi đựng mỹ phẩm da PU, đồ trang điểm đi du lịch, chống thấm nước, nhiều ngăn, cầm tay tiện lợi Akii Home TD106",12 Đã bán,https://www.lazada.vn/products/pdp-i2664830600.html
Chăm sóc cá nhân,MICOMI Cosmetics,65.000 ₫,-39%,39650,(5),5.0,"Kem Nở Ngực Upsize, Kem Nâng Ngực Tăng Vòng 1, Công Thức Tự Nhiên Chống Chảy Xệ, Săn Chắc Ngực Breast Cream 60G",23 Đã bán,https://www.lazada.vn/products/pdp-i2933062522.html
Trang điểm,Sức Sống Mới - Vẻ Đẹp Và Sức Khỏe,110.000 ₫,-47%,58300,(39),4.9,Kem Nền Che Khuyết Điểm CC Stick Concealer Chống Thấm Nước Độ Che Phủ Siêu Mịn Siêu Tự Nhiên,173 Đã bán,https://www.lazada.vn/products/pdp-i2182544156.html
Trang điểm,Tiệm Quà Của Mi,538.000 ₫,-50%,269000,,,"Bộ mỹ phẩm 18 món, phấn mắt, son môi, má hồng, mascara, bộ cọ trang điểm",,https://www.lazada.vn/products/pdp-i2839358167.html
Trang điểm,Mỹ Phẩm Thuý Hường,,,,,,Bộ Trang Điểm Makuep Cơ Bản Đầy Đủ [12 Món Z2] Bộ Sản Phẩm Makep Của Nữ Dành Cho Người Mới Tập Trang Điểm Mỹ Phẩm Cosmetic,,https://www.lazada.vn/products/pdp-i2661009925.html
Trang điểm,Hangnga Beauty Store,257.000 ₫,-47%,136210,(41),4.8,"Bộ trang điểm cá nhân 18 món/13món sản phẩm đầy đủ như hình, phấn mắt, kẻ mắt, kẻ mày, khuôn vẽ mày, phấn phủ",151 Đã bán,https://www.lazada.vn/products/pdp-i2665657087.html
Dụng cụ chăm sóc Sắc đẹp,BUM STORE.,,,,(142),4.8,Túi đựng mỹ phẩm tiện lợi Túi Đựng Đồ Trang Điểm - BUM STORE,664 Đã bán,https://www.lazada.vn/products/pdp-i389452054.html
Trang điểm,Shop Ngọc Xinh Cosmetic,110.000 ₫,-27%,80300,,,"(Bán Chạy) Bộ Trang Điểm Kem Nền trang điểm HANRU Gồm 4 Món Che Khuyết Điểm , Kem nền Makeup , Dưỡng ẩm , Ko Lem Trôi",,https://www.lazada.vn/products/pdp-i2515333647.html
Chăm sóc cá nhân,Yumi Thảo Cosmetics,150.000 ₫,-43%,85500,(41),5.0,Kem Bong Da - Kem Body Bong Da CH Cosmetic Kem Tái Tạo Da,252 Đã bán,https://www.lazada.vn/products/pdp-i2474558904.html
Nước hoa,MeOne Cosmetic,60.000 ₫,-50%,30000,(75),4.9,"[Chính Hãng] Tinh Dầu Nước Hoa, Tinh Dầu Nước Hoa Dubai , Tinh Dầu Nước Hoa Dubai Chính Hãng Chai Lăn Mini 5ml - MeOne Cosmetic - Thơm Lâu 24h trên tóc, vải",620 Đã bán,https://www.lazada.vn/products/pdp-i1259673082.html
Chăm sóc cá nhân,HoangUyen Cosmetics (HCM),285.000 ₫,-18%,233700,(234),4.9,Combo 10 Bánh xà phòng diệt khuẩn MỸ IRISH SPRING ORIGINAL - 113g,498 Đã bán,https://www.lazada.vn/products/pdp-i2475571267.html
,Riêm Store Gia Dụng,70.000 ₫,-9%,63700,(228),5.0,"Hộp 60 bút màu ACRYLIC Marker ĐẦU NHỌN CHỐNG THẤM NƯỚC Không Vẽ Lên Đồ Vật Nhẵn, lau được khi dính lên da",910 Đã bán,https://www.lazada.vn/products/pdp-i2626856795.html
Dụng cụ chăm sóc Sắc đẹp,Mon-Basic Túi mỹ phẩm,185.000 ₫,-43%,105450,(1),5.0,"Túi đựng đồ trang điểm cá nhân nhiều ngăn, chất dày xịn loại tốt - size lớn 26x22x10cm",8 Đã bán,https://www.lazada.vn/products/pdp-i2427115371.html
Trang điểm,LPThienY,132.000 ₫,-47%,69960,(1),5.0,Bộ trang điểm Hanru 4 món đa năng tiện dụng,5 Đã bán,https://www.lazada.vn/products/pdp-i2963726312.html
Chăm sóc cá nhân,ViAn Beauty Shop,,,,,,"(Size 15g) Combo 3 HỦ Dầu cù là Thơm, Bồ Đề , ngủ ngon thái lan Dưỡng Body Nữ",,https://www.lazada.vn/products/pdp-i3195754557.html
Chăm sóc cá nhân,Shop Mỹ Phẩm XÙ Cosmetic Chuyên Sỉ,130.000 ₫,-41%,76700,,,"(S-Xù) Kem Kích Trắng Alpha Arbutin 3in1 Thái Lan Kích Trắng Da Bật Tone ,chống nắng giúp bảo vệ da từ bên ngoài, ngăn chặn các tia UVA và UVB tác động lên da",,https://www.lazada.vn/products/pdp-i2742655304.html
Trang điểm,LPTHIENYSHOP,129.800 ₫,-46%,70092,(3),5.0,Bộ Trang Điểm 4 Món Hanru Đầy Đủ Tiện Lợi Cho Người Mới Bắt Đầu,13 Đã bán,https://www.lazada.vn/products/pdp-i2959235342.html
Chăm sóc cá nhân,HoangUyen Cosmetics (HCM),200.000 ₫,-12%,176000,(1210),4.9,Lốc 8 Cục Xà Bông Coast Của Mỹ (Phân Loại),2.8K Đã bán,https://www.lazada.vn/products/pdp-i2239057879.html
Trang điểm,PaNa- Store,169.000 ₫,-41%,99710,(6),5.0,Bộ Trang Điểm Cá Nhân 7 đến 9 sản phẩm/ phấn nước lameila/Maccara/son/phấn phủ,32 Đã bán,https://www.lazada.vn/products/pdp-i1968046025.html
Trang điểm,Mỹ Phẩm Thuý Hường,,,,(9),4.6,Bộ Trang Điểm[12 Món X6]Đầy Đủ Các Món Makeup/Trang Điểm Đi Tiệc/Trang Điểm Cơ Bản [12 Món X6],30 Đã bán,https://www.lazada.vn/products/pdp-i2495525326.html
Trang điểm,Mỹ Phẩm Thuý Hường,,,,(2),5.0,Bộ Trang Điểm[12 Món Y7]Đầy Đủ Makeup/Trang Điểm Đi Tiệc/Trang Điểm Cá Nhân Cơ Bản 12 Món,14 Đã bán,https://www.lazada.vn/products/pdp-i2628280319.html
Trang điểm,Rose_Giftbox,310.000 ₫,-37%,195300,,,Bộ trang điểm cá nhân/bộ trang điểm đi tiệc/set makeup/ trọn bộ trang điểm/ bộ makeup cá nhân/ Bộ trang điểm 14 món,,https://www.lazada.vn/products/pdp-i2861534236.html
Trang điểm,PaNa- Store,189.000 ₫,-39%,115290,(76),4.8,Bộ Trang Điểm Dành Cho Người Mới Tập Make Up/Trang Điểm Cá Nhân,323 Đã bán,https://www.lazada.vn/products/pdp-i1979447362.html
Chăm sóc da mặt,Dr.Melaxin Việt Nam,350.000 ₫,-29%,248500,,,Bộ Mỹ Phẩm Kayoko Vàng 5 Món (Kayoko 5in1),,https://www.lazada.vn/products/pdp-i2673306138.html
Trang điểm,Mỹ Phẩm Thuý Hường,,,,(23),5.0,Bộ trang điểm đầy đủ [10 món X3]  cơ bản set trang điểm cá nhân bộ makeup nhẹ nhàng đi chơi cho nàng Hatola Bộ X3,97 Đã bán,https://www.lazada.vn/products/pdp-i2495571086.html
Vali và Túi du lịch đa năng,SimQuocTeHCM,,,,(68),5.0,Túi đựng mỹ phẩm đồ trang điểm đồ du lịch cá nhân chống thấm nước thiết kế hiện đại WASHBAG,277 Đã bán,https://www.lazada.vn/products/pdp-i2385624260.html
Trang điểm,TOSELA BEAUTY,35.300 ₫,-73%,9531,(72),4.9,Phấn mắt dạng thỏi hai đầu chống thấm nước và mồ hôi độ bóng cao Pink Coco,302 Đã bán,https://www.lazada.vn/products/pdp-i2541258268.html
Chăm sóc cá nhân,Hoa Hồng Store 1587652616,125.000 ₫,-29%,88750,(62),4.4,MẪU MỚI HÀNG CTY Kem Dưỡng Trắng Da Body Mềm A Cosmetics dưỡng ẩm trắng da- kem body chăm sóc da,483 Đã bán,https://www.lazada.vn/products/pdp-i539950802.html
Trang điểm,HERORANGE LOCAL SHOP,24.400 ₫,-63%,9028,(117),4.8,Sweetmint không có ba màu che khuyết điểm che mắt quầng thâm nước mắt mụn trứng cá đốm sắc lệnh làm sáng màu da  ZP3233,599 Đã bán,https://www.lazada.vn/products/pdp-i2540252740.html
Trang điểm,Mỹ Phẩm Thuý Hường,,,,(132),4.9,Bộ Trang Điểm/Bộ trang điểm Đầy Đủ Chính Hãng Cho Người Mới [Bộ 22 món E5] - Lamelia 22 Sản Phẩm Bộ E5,451 Đã bán,https://www.lazada.vn/products/pdp-i2421570043.html
Trang điểm,PaNa- Store,189.000 ₫,-42%,109620,(267),4.8,Bộ trang điểm 9 món/kem nền/ bấm mi/phấn phủ/son/Maccara/chì kẻ mày/phấn mắt/nhũ mắt/kẻ mắt nước,1.2K Đã bán,https://www.lazada.vn/products/pdp-i1754121167.html
Trang điểm,Mỹ Phẩm Thuý Hường,,,,(30),4.7,Bộ Trang Điểm[12 Món C10]Đầy Đủ Makeup/Trang Điểm Đi Tiệc/Trang Điểm Cá Nhân Cơ Bản 12 Món C10,130 Đã bán,https://www.lazada.vn/products/pdp-i2428204001.html
Trang điểm,PaNa- Store,319.000 ₫,-48%,165880,(296),4.9,HOÀN TIỀN 15% - Trọn bộ 15 món trang điểm Lameila/ combo makeup/son/kem nền,886 Đã bán,https://www.lazada.vn/products/pdp-i2197672582.html
Nước hoa,HEMIA.COSMETICS,199.000 ₫,-47%,105470,(55),4.7,"Nước Hoa Luxury Dubai 50ml ( Màu Vàng & Đỏ, Nữ - Sang Trọng , nhẹ nhàng )",227 Đã bán,https://www.lazada.vn/products/pdp-i1639007696.html
Dụng cụ chăm sóc Sắc đẹp,Tuidonghang.hcm,79.000 ₫,-25%,59250,(47),4.6,Kệ đựng mĩ phẩm đồ trang điểm nhựa để bàn có ngăn kéo tiện lợi,169 Đã bán,https://www.lazada.vn/products/pdp-i2253318618.html
Chăm sóc cá nhân,Shop Xmen hàng thủ công,140.000 ₫,-50%,70000,(42),5.0,"Kem ERAYCE Kem chuyên xóa sẹo lồi lõm lâu năm, sẹo bỏng, sẹo vết mổ và các mụn thâm, vết trầy xước. phục hồi da như cú. Hàng Chính Hãng",72 Đã bán,https://www.lazada.vn/products/pdp-i2663126675.html
Chăm sóc cá nhân,lancos.vn - Mỹ Phẩm Thanh Lan,,,,(2),4.5,Dầu gội đầu Opera 2in1 Đại dương (500ml),18 Đã bán,https://www.lazada.vn/products/pdp-i2826979194.html
Dụng cụ chăm sóc Sắc đẹp,Mon-Basic Túi mỹ phẩm,80.000 ₫,-19%,64800,(1),5.0,Túi đựng đồ makeup nhỏ gọn có chia ngăn,6 Đã bán,https://www.lazada.vn/products/pdp-i2681979743.html
Trang điểm,PaNa- Store,179.000 ₫,-45%,98450,(317),4.9,Bộ trang điểm Lameila 6 đến 8 món có kèm hình ảnh,1.2K Đã bán,https://www.lazada.vn/products/pdp-i1760765522.html
Trang điểm,Makeup HN Store,250.000 ₫,-24%,190000,(1),4.0,"Bộ 20 món HN05 trang điểm make-up gồm Bảng phấn mắt, che khuyết điểm, xịt khoá nền, xịt chống nắng, phấn má, nhũ kim tuyến, phấn phủ... đầy đủ như hình",,https://www.lazada.vn/products/pdp-i2731820809.html
Trang điểm,PaNa- Store,110.000 ₫,-37%,69300,(1),5.0,Bộ trang điểm 4 món/ kem nền / kem lót/ phấn phủ/ mút,,https://www.lazada.vn/products/pdp-i3166530812.html
Chăm sóc cá nhân,Nhà Của Cosmetics,8.000 ₫,-31%,5520,(542),4.9,"Dây Dầu Gội Head & Shoulders, Clear, Lifebuoy, Palmolive, Sữa Tắm Hazeline, Familiar",6.8K Đã bán,https://www.lazada.vn/products/pdp-i1664108929.html
Xe máy,NSB Gia Dụng,132.000 ₫,-50%,66000,,,"Set 3 Lọ Chiết Mỹ Phẩm, Dầu Gội, Sữa Tắm Du Lịch 60ml - NSB GD",,https://www.lazada.vn/products/pdp-i3192351103.html
Trang điểm,Makeup HN Store,235.000 ₫,-21%,185650,(1),5.0,"Bộ 20 món trang điểm make-up (HN01) gồm có: Kem nền, xịt khoáng, phấn má, phấn phủ, che khuyết điểm, chuốt mi mascara, nhũ mắt kim tuyến, kẹp mi, bộ cọ... bộ 20món như hình",,https://www.lazada.vn/products/pdp-i2726885720.html
Trang điểm,Mỹ Phẩm Thuý Hường,,,,(18),4.8,Bộ Trang Điểm[20 Món D9]Đầy Đủ Makeup/Trang Điểm Đi Tiệc/Trang Điểm Cá Nhân Cơ Bản 20 Món Bộ D9,40 Đã bán,https://www.lazada.vn/products/pdp-i2428168315.html
Chăm sóc cá nhân,Shop Mỹ Phẩm XÙ Cosmetic Chuyên Sỉ,45.000 ₫,-42%,26100,(10),5.0,"(S-Xù) Kem lười xóa nhăn FIVE FIRMING Lazy Cream 5in1 chống lão hóa, nâng tông, che khuyết điểm, cấp ẩm",77 Đã bán,https://www.lazada.vn/products/pdp-i2914236248.html
Trang điểm,Dorisna,40.500 ₫,-48%,21060,(132),4.9,DORISNA Kem BB Kem Nền Dạng Lỏng Che Phủ Toàn Bộ Khuôn Mặt Kem Trang Điểm Che Khuyết Điểm Mặt Lâu Trôi Chống Nước Kem Làm Trắng Trang Điểm Hàn Quốc,612 Đã bán,https://www.lazada.vn/products/pdp-i1875842128.html
Dụng cụ chăm sóc Sắc đẹp,Tổng Kho Sỉ Mỹ Phẩm Minh Nguyệt,99.000 ₫,-50%,49500,(77),4.8,Serum Thảo Mộc Xanh Hàng Chính Hãng,450 Đã bán,https://www.lazada.vn/products/pdp-i2192936110.html
Dụng cụ chăm sóc Sắc đẹp,Gia dụng Tuki248,50.000 ₫,-30%,35000,(4),5.0,"Túi đựng mỹ phẩm, đồ trang điểm chống thấm nước, họa tiết dễ thương",12 Đã bán,https://www.lazada.vn/products/pdp-i2519532094.html
Chăm sóc cá nhân,Oanh Cosmetic Mỹ Phẩm Chính Hãng,1.690.000 ₫,-30%,1183000,(24),5.0,Kem dưỡng hồng nhũ hoa và bikini XX VIRGIN GCELL loại 5ml và 15ml Làm hồng nhũ hoa & cô bé một cách tự nhiên,38 Đã bán,https://www.lazada.vn/products/pdp-i2560405073.html
Trang điểm,PaNa- Store,190.000 ₫,-43%,108300,(34),4.9,Bộ trang điểm Lameila chuyên nghiệp 8 món,126 Đã bán,https://www.lazada.vn/products/pdp-i1772158719.html
Tắm & Chăm sóc cơ thể,Trúc Thương Phan Cosmetics,,,,(34),4.9,[Chính Hãng] Nước hoa Panda Baby Hương Phấn 100ml,122 Đã bán,https://www.lazada.vn/products/pdp-i958130763.html
Trang điểm,ddddVN.Selection,22.300 ₫,-60%,8920,(1663),4.9,Thanh Hai Đầu Che Khuyết Điểm Và Tạo Khối Đánh Bóng,5.0K Đã bán,https://www.lazada.vn/products/pdp-i2470701056.html
Tủ chứa & Sắp xếp đồ,Gia Dụng Tiện Ích EzyHome,120.000 ₫,-50%,60000,,,"Kệ Nhựa Đựng Mỹ Phẩm 3 Tầng 2 Ngăn Kéo - Hộp Nhựa Chia Ngăn Đựng Cọ, Son, Vật Dụng Cá Nhân Nhỏ Gọn - Kệ Trang Điểm Mini Tiện Lợi Cho Bàn Trang Điểm",,https://www.lazada.vn/products/pdp-i3116906542.html
Trang điểm,CHINH HÃNG - SIÊU THỊ SỨC KHỎE VẺ ĐẸP,190.000 ₫,-21%,150100,(8),5.0,Bộ trang điểm cao cấp đủ màu hàng chính hãng,22 Đã bán,https://www.lazada.vn/products/pdp-i2985779307.html
Nước hoa,Shop Mỹ Phẩm XÙ Cosmetic Chuyên Sỉ,60.000 ₫,-7%,55800,(2),5.0,"(S-Xù) Nước hoa nữ Guốc Tím Cool Girl 40ml Mùi Hương sang trọng , nữ tính , quyến rũ",,https://www.lazada.vn/products/pdp-i2974693341.html
Xe máy,NSB Gia Dụng,102.000 ₫,-50%,51000,,,"Bộ chiết mỹ phẩm 5 món, kèm túi đựng - Bộ chiết mỹ phẩm du lịch mini - NSB GD",,https://www.lazada.vn/products/pdp-i3192274556.html
Trang điểm,Mỹ Phẩm Thuý Hường,,,,(17),4.8,Bộ Trang Điểm Đầy Đủ Chính Hãng Bộ Makeup [14 Món E2] Cho Người Mới - Lamelia 14 Sản Phẩm Bộ E2,55 Đã bán,https://www.lazada.vn/products/pdp-i2427059118.html
Chăm sóc cá nhân,Shop Mỹ Phẩm XÙ Cosmetic Chuyên Sỉ,,,,(58),4.9,"(Combo 5 Gói) Mặt Nạ Ủ Chân Bioaqua Tinh Chất Quả Bơ Cấp Ẩm , Dưỡng Trắng , Tẩy Tế bào Chết , Da Chân Mềm Mịn",280 Đã bán,https://www.lazada.vn/products/pdp-i2015536034.html
Dụng cụ chăm sóc Sắc đẹp,Shop Ngọc Xinh Cosmetic,49.000 ₫,-31%,33810,,,(Bán Chạy) Kem Dưỡng V7 Images 50g Đều Màu da Trắng Mịn  Se Khít Chân Lông  Mờ Thâm,,https://www.lazada.vn/products/pdp-i2313898552.html
Vali và Túi du lịch đa năng,Eshylala Vietnam,108.113 ₫,-44%,60543,(8),4.5,Eshylala Thời Trang Của Phụ Nữ Tulip Hoa Pouch Công Suất Lớn Du Lịch Mỹ Phẩm Túi Dây Kéo Túi Xách Tay Lưu Trữ Make up Organizer,60 Đã bán,https://www.lazada.vn/products/pdp-i2858181246.html
Chăm sóc cá nhân,Si Mê Cosmetic,110.000 ₫,-50%,55000,(141),4.9,[10 MIẾNG] COMBO 5 Gói Chứa 10 Miếng Mặt Nạ Tay Niacinamide Hand Mask Hình Mèo - Giúp Dưỡng Trắng Da Tay Chống Lão Hóa Dưỡng Ẩm Phục Hồi Da Hư Tổn Cải Thiện Da Thô Ráp Và Sạm Màu,812 Đã bán,https://www.lazada.vn/products/pdp-i2034177220.html
quà tặng & Gói quà,THƯ STORE 99,,,,(4),4.8,COMBO QUÀ TẶNG Ý NGHĨA CHO BẠN GÁI - COMBO QUÀ MAKEUP,25 Đã bán,https://www.lazada.vn/products/pdp-i2651291101.html
Vali và Túi du lịch đa năng,Glow Waxing Store,50.000 ₫,-40%,30000,(7),5.0,"Bộ Chiết Mỹ Phẩm Du Lịch 5 Món GLOW WAXING Nhỏ Gọn, Tiện Lợi Kèm Túi Zip Siêu Xinh- 4002",37 Đã bán,https://www.lazada.vn/products/pdp-i2426858746.html
Chăm sóc cá nhân,Shop Ngọc Xinh Cosmetic,,,,,,"Lốc 12 Thanh Xà Phòng Nghệ JAM Collagen Soap Thái Lan Chính Hãng Khử Mụn , Nám , Tàn Nhang (Khách Lưu Ý Chọn Phân Loại Trước khi Đặt Đơn)",8 Đã bán,https://www.lazada.vn/products/pdp-i1379143113.html
Trang điểm,Tiệm Quà Của Mi,498.000 ₫,-50%,249000,,,"Bộ trang điểm 12 món, phấn phủ, phấn mắt, má hồng, son môi, mascara, chì kẻ mày. bộ cọ trang điểm",,https://www.lazada.vn/products/pdp-i2844394337.html
Chăm sóc da mặt,Shop Ngọc Xinh Cosmetic,60.000 ₫,-42%,34800,(29),4.8,"Gel Làm Hồng Nhũ Hoa , Môi Chery XL Trang Nemo 15ml Khử Thâm , Làm Hồng Tự Nhiên , KO Bong Tróc",216 Đã bán,https://www.lazada.vn/products/pdp-i1949885433.html
Chăm sóc cá nhân,shop mỹ phẩm THAILAND,310.000 ₫,-48%,161200,(129),5.0,KEM DƯỠNG BODY TRẮNG NHANH MAKE UP KHÔNG TRÔI NƯỚC HÀN QUỐC HỦ 300g,532 Đã bán,https://www.lazada.vn/products/pdp-i1595511563.html
Chăm sóc cá nhân,Shop Mỹ Phẩm XÙ Cosmetic Chuyên Sỉ,75.000 ₫,-37%,47250,,,"(Siêu Sell) Kem Body Cốt Thái Rỉ Dầu Vàng Nắp Hồng 245gram Trắng Mịn da , chống lão hóa , dưỡng ẩm da",,https://www.lazada.vn/products/pdp-i2599686338.html
Trang điểm,Mỹ Phẩm Thuý Hường,,,,(6),4.8,Bộ Trang Điểm[12 Món Y5]Đầy Đủ Makeup/Trang Điểm Đi Tiệc/Trang Điểm Cá Nhân Cơ Bản 12 Món,18 Đã bán,https://www.lazada.vn/products/pdp-i2628294302.html
Trang điểm,Mỹ Phẩm Thuý Hường,,,,(15),5.0,Sét Trang Điểm [20 món V12] Đầy Đủ Make Up/ Trang điểm đi tiệc/trang điểm cá nhân V12,56 Đã bán,https://www.lazada.vn/products/pdp-i2414723992.html
Trang điểm,Mỹ Phẩm Thuý Hường,,,,(13),4.8,[ Bộ trang điểm] 27 Món [V5] Bộ sản phẩm  trang điểm MAKEUP  gồm 27 món (V5) đa năng tiện dụng Dành cho người mới tầm makeup [chính hãng],34 Đã bán,https://www.lazada.vn/products/pdp-i2584394827.html
,Xương Rồng Nhỏ - Đồ chơi trẻ em,52.400 ₫,-48%,27248,(8),4.9,"Bộ Bút Màu  ACRYLIC MARKER Không Phai Mực Vẽ Trên Mọi Chất Liệu ( Vẽ Vải, Giày Dép, Thủy Tinh) Xương Rồng Nhỏ",24 Đã bán,https://www.lazada.vn/products/pdp-i2415515300.html
Chăm sóc da mặt,Shop Mỹ Phẩm XÙ Cosmetic Chuyên Sỉ,60.000 ₫,-32%,40800,(16),4.4,"(S-Xù) Kem xóa hắc sắc tố ZHENXIU 60g dưỡng ẩm , trắng da , mờ Thâm nám , tàn nhang",82 Đã bán,https://www.lazada.vn/products/pdp-i2974615399.html
Nước hoa,HEMIA.COSMETICS,115.000 ₫,-9%,104650,(135),4.9,Nước hoa LUXURY DUBAI 50ml - Chuẩn mùi thơm lâu,575 Đã bán,https://www.lazada.vn/products/pdp-i1639015690.html
Nước hoa,HV COSMETICS,,,,,,Nước Hoa Con Ngựa Thái Lan TOP COUNTRY 50ml Lưu Hương Lâu Unisex Nam Nữ Hương Phấn Thơm Perfume,,https://www.lazada.vn/products/pdp-i3174620382.html
Chăm sóc cá nhân,Alaishy Nhật Việt,220.000 ₫,-50%,110000,(34),5.0,Kem Body Mềm A Cosmetic 150G và 480G - Body Chữ A Nước Hoa Phương Anh ACOSMETIC (Chính Hãng 100%),819 Đã bán,https://www.lazada.vn/products/pdp-i700944110.html
Trang điểm,Rose_Giftbox,350.000 ₫,-43%,199500,(1),5.0,Bộ Trang Điểm 11 Món Đầy Đủ Make Up/ Trang điểm đi tiệc/trang điểm cá nhân/ Combo makeup / Set Trang Điểm,,https://www.lazada.vn/products/pdp-i2861565230.html
Đồ ăn nhẹ & bánh kẹo,USA Cosmetics Shop,,,,(2),5.0,Socola Hershey's Nuggets Special dark Creamy Milk Toffee Almonds Chocolate của Mỹ,63 Đã bán,https://www.lazada.vn/products/pdp-i2102906224.html
Trang điểm,Mỹ Phẩm Thuý Hường,,,,(29),5.0,Bộ Trang Điểm/Sét Trang Điểm [24 Món M6] Đầy Đủ Các Món Chính Hãng Cho Người Mới - Lamelia 24 Sản Phẩm Bộ M6,105 Đã bán,https://www.lazada.vn/products/pdp-i2458616949.html
Trang điểm,Tiệm Quà Của Mi,70.000 ₫,-50%,35000,,,"Bộ makeup 5 món , bộ trang điểm phấn mắt, má hồng, son môi, mascara, bộ cọ trang điểm",9 Đã bán,https://www.lazada.vn/products/pdp-i2905565289.html
Trang điểm,Focallure Cosmetic,300.000 ₫,-40%,180000,(72),5.0,Combo Focallure Cushion BB Lì Chống Thấm Nước Và Phấn Phủ Kiểm Soát Dầu,211 Đã bán,https://www.lazada.vn/products/pdp-i2859332881.html
Chăm sóc cá nhân,Shop Ngọc Xinh Cosmetic,60.000 ₫,-25%,45000,(139),4.8,"Kem Xóa Thâm Gối , Nách , Khuỷu Tay PIBAMY Hàng Nội Địa",902 Đã bán,https://www.lazada.vn/products/pdp-i1188032458.html
Vali và Túi du lịch đa năng,Bách Hóa ADN.Shop,35.000 ₫,-36%,22400,(9),4.8,Bộ chiếc mỹ phẩm 7 món du lịch - Bộ 5 chai lọ chiết kem mỹ phẩm đa năng nhỏ gọn bằng silicon dẻo trong suốt,52 Đã bán,https://www.lazada.vn/products/pdp-i2137597409.html
Trang điểm,TỔNG KHO MINH PHÚ.Selection,33.200 ₫,-29%,23572,(16),4.6,Chì Kẻ Mắt Kẻ Bọng Mắt Kẻ Mí Trong SVMY Eyeliner Lâu Trôi Chống Nước Make Up Trang Điểm Mắt Kho Sỉ 2000,58 Đã bán,https://www.lazada.vn/products/pdp-i2908900798.html
Trang điểm,Bụishop,250.000 ₫,-36%,160000,(1),5.0,01 Hũ Kem Trang Điểm TREECHADA 50ml Thái Lan Chính Hãng 100%,,https://www.lazada.vn/products/pdp-i2012200091.html
Trang điểm,Kho Sỉ 247,,,,,,"Full bộ cọ trang điểm cá nhân 8 cây tặng kèm túi Zip Vintage, Set cọ trang điểm gồm 8 cây lông dày mịn dễ tán phấn",,https://www.lazada.vn/products/pdp-i2737350479.html
Trang điểm,MICOMI Cosmetics.Selection,25.000 ₫,-29%,17750,(4),5.0,Bút Kẻ Mắt 2 Đầu Tiện Lợi Eyeliner SVMY Có Đầu Khuôn Kẻ Mắt Dễ Dàng Trang Điểm Make Up Chống Nước Lâu Trôi,63 Đã bán,https://www.lazada.vn/products/pdp-i3048427202.html
Chăm sóc da mặt,Bảo Ngọc Nguyễn Cosmetic,,,,(1),5.0,Sứ tiên cam trắng da giữ ẩm xịn 3G,14 Đã bán,https://www.lazada.vn/products/pdp-i2463278275.html
Chăm sóc cá nhân,Yoshi Cosmetic,78.200 ₫,-49%,39882,(123),4.8,Gel Xóa Sẹo Mờ Thâm Sẹo Advanced Scar Formula Làm Mềm Da Mờ Thâm Nám Giảm Đỏ Sẹo Hỗ Trợ Làm Lành Các Vết Sẹo Do Chấn Thương Làm Trắng Vùng Da Bị Tổn Thương,640 Đã bán,https://www.lazada.vn/products/pdp-i2067579006.html
Trang điểm,shop nhà cún 1,95.000 ₫,-38%,58900,,,"phấn nước L-DA che khuyết điểm tốt, lớp makeup căng bóng",7 Đã bán,https://www.lazada.vn/products/pdp-i3016971277.html
Trang điểm,Hangnga Beauty Store,228.000 ₫,-47%,120840,(48),4.8,"bộ trang điểm 10 món đầy đủ như hình ảnh, phấn mắt, phấn phủ, kẻ mắt, kẻ mày., son, dán mí, che khuyết điểm, bông",201 Đã bán,https://www.lazada.vn/products/pdp-i2595362952.html
Chăm sóc cá nhân,AK Shop Mỹ Phẩm Chính Hãng,225.000 ₫,-49%,114750,(2),5.0,"Combo 2 Kem Dưỡng Hỗ Trợ Mờ Thâm, Sần - Vùng Nách, Mông, Bẹn, Đầu Gối - Gluta Collagen X3 15gr Sica White",11 Đã bán,https://www.lazada.vn/products/pdp-i3150913973.html
Trang điểm,MICOMI Cosmetics,20.000 ₫,-32%,13600,(12),5.0,Chì Kẻ Mày Phẩy Sợi Lông Mày Chân Mày 4D Chống Nước Lâu Trôi Trang Điểm Make Up Xinh Đẹp Dễ Dàng,4.0K Đã bán,https://www.lazada.vn/products/pdp-i2554550120.html
Dụng cụ chăm sóc Sắc đẹp,store Meso Cosmetic,93.000 ₫,-17%,77190,(2),5.0,"Hoạt chất tan Liporase, Natri Clorid 0,9% chính hãng Hàn Quốc",9 Đã bán,https://www.lazada.vn/products/pdp-i3078135968.html
Trang điểm,Tiệm Quà Của Mi,398.000 ₫,-50%,199000,(1),5.0,"Bộ trang điểm, bộ makeup ca nhân đầy đủ cho người mới bắt đầu,  bộ quà tặng trang điểm",6 Đã bán,https://www.lazada.vn/products/pdp-i2858172591.html
Chăm sóc cá nhân,Roses2000 Mỹ Phẩm,,,,(2),5.0,Hộp 10 viên kích trắng alpha arbutin thái lan,8 Đã bán,https://www.lazada.vn/products/pdp-i2472888715.html
Trang điểm,Tiệm Quà Của Mi,78.000 ₫,-50%,39000,,,Tron bộ trang điểm 9 món đầy đủ các bước trang điểm/son/kem nền/Phấn mắt/ Má hồng/ Mascara/ Kẻ mắt/ Bấm mi/ chì mày/Bộcọ,,https://www.lazada.vn/products/pdp-i2904658402.html
Trang điểm,ERSHIQI.Selection,24.800 ₫,-29%,17608,(863),4.9,4 Màu Smokey Eyeshadow Palette Cao Sắc Tố Lâu Dài Không Rơi Phấn Phấn Mắt Cho Nữ Matte Lắc Chân Nữ Long Lanh Hoàn Thiện,3.2K Đã bán,https://www.lazada.vn/products/pdp-i2494658269.html
Trang điểm,LAIKOU Official Store,118.000 ₫,-25%,88500,(48),5.0,"Kem trang điểm BB bền lâu quiyum 50g, che khuyết điểm lỗ chân lông không thấm nước, tông màu làm sáng da, che khuyết điểm Kem nền trang điểm Kem nền trang điểm Trang điểm làm đẹp",144 Đã bán,https://www.lazada.vn/products/pdp-i2348836084.html
Trang điểm,Tiệm Quà Của Mi,290.000 ₫,-50%,145000,,,"Bộ trang điểm Bear 5 món làm đẹp trọn vẹn mắt, má, môi, phấn mắt, má hồng, son môi, mascara.",,https://www.lazada.vn/products/pdp-i2844256837.html
Chăm sóc cá nhân,Minrie Cosmetic - Mỹ phẩm Auth,55.000 ₫,-29%,39050,,,Xà phòng thảo dược Thái Lan 100% tự nhiên ING ON dùng cho mặt và toàn thân có nhiều công thức,23 Đã bán,https://www.lazada.vn/products/pdp-i2736052908.html
Trang điểm,Mỹ Phẩm Thuý Hường,,,,(2),5.0,Bộ Trang Điểm[12 Món Y6]Đầy Đủ Makeup/Trang Điểm Đi Tiệc/Trang Điểm Cá Nhân Cơ Bản 12 Món,14 Đã bán,https://www.lazada.vn/products/pdp-i2628319240.html
Nước hoa,Shop Mỹ Phẩm XÙ Cosmetic Chuyên Sỉ,70.000 ₫,-31%,48300,,,"Set 5 Chai Nước Hoa Vùng Kín Dubai Sexy Love 5 Màu Hương Thơm Ngọt Ngào , Quyến Rũ",,https://www.lazada.vn/products/pdp-i2156333684.html
Trang điểm,YoonnaShop.Selection,53.300 ₫,-23%,41041,(14),4.3,Kem Nền Che Khuyết Điểm Chống Nắng SPF 50+ PDD 40g 3 in 1 Che Phủ Da Ửng Đỏ - Vàng Xỉn Màu - Không Đều màu 2249,162 Đã bán,https://www.lazada.vn/products/pdp-i2622446172.html
Chăm sóc da mặt,Titi cosmetics chính hãng,,,,(15),4.7,Son Dưỡng Mediheal Labocare Pantenolips 10ml  Sản Phẩm Chính Hãng,55 Đã bán,https://www.lazada.vn/products/pdp-i2293821765.html
Chăm sóc cá nhân,Shop Ngọc Xinh Cosmetic,,,,(27),4.7,"(Combo 5 Gói ) Tắm Trắng Cà Phê Vàng 4in1 Cao Cấp , Bật Tone Nhanh , Trắng Mịn Da",171 Đã bán,https://www.lazada.vn/products/pdp-i1785733988.html
Chăm sóc da mặt,Dr.Melaxin Việt Nam,,,,(1),5.0,Bộ Mỹ Phẩm Kem Qlanxl Hàn Quốc chính hãng,,https://www.lazada.vn/products/pdp-i2668539765.html
Chăm sóc da mặt,Titi cosmetics chính hãng,,,,(13),4.9,Sáp dưỡng Vaseline đa năng hủ đại 368g 450g,42 Đã bán,https://www.lazada.vn/products/pdp-i2273665202.html
Trang điểm,Mỹ Phẩm Thuý Hường,,,,(2),5.0,Bộ Trang Điểm[12 Món D10]Đầy Đủ Makeup/Trang Điểm Đi Tiệc/Trang Điểm Cá Nhân Cơ Bản 12 Món Bộ D10,7 Đã bán,https://www.lazada.vn/products/pdp-i2428196090.html
Trang điểm,Mỹ Phẩm Thuý Hường,,,,(15),4.7,Bộ Trang Điểm[22 Món Y1 ]Đầy Đủ Makeup/Trang Điểm Đi Tiệc/Trang Điểm Cá Nhân Cơ Bản 22 Món Y1,31 Đã bán,https://www.lazada.vn/products/pdp-i2617260629.html
Nước hoa,An An Mỹ Phẩm,,,,(85),5.0,Nước Hoa Dầu Thơm Ventilo Trái Tim Hồng 100ml,234 Đã bán,https://www.lazada.vn/products/pdp-i2511036936.html
Trang điểm,PaNa- Store,149.000 ₫,-42%,86420,(332),4.8,HOÀN TIỀN 15% - Bộ trang điểm Lameila 7 đến 8 món (Chính Hãng),1.5K Đã bán,https://www.lazada.vn/products/pdp-i1651160228.html
Trang điểm,Mỹ Phẩm Thuý Hường,,,,(3),5.0,Bộ Trang Điểm[12 Món] F2 Đầy Đủ Makeup/Trang Điểm Đi Tiệc/Trang Điểm Cá Nhân Cơ Bản 12 Món Bộ F2,7 Đã bán,https://www.lazada.vn/products/pdp-i2579557561.html
Trang điểm,Luckyhouse vn,,,,(16),4.8,Bộ trang điểm cá nhân đầy đủ 13 món tặng kèm túi xách làm quà,87 Đã bán,https://www.lazada.vn/products/pdp-i2016377562.html
Trang điểm,Mỹ Phẩm Thuý Hường,,,,(106),4.7,Bộ Trang Điểm[22 Món A2]Đầy Đủ Makeup/Trang Điểm Đi Tiệc/Trang Điểm Cá Nhân Cơ Bản 22 Món A2,391 Đã bán,https://www.lazada.vn/products/pdp-i2414792532.html
Chăm sóc cá nhân,Shop Mỹ Phẩm XÙ Cosmetic Chuyên Sỉ,60.000 ₫,-23%,46200,(1),5.0,"(S-Xù) Kem Body Cốt Ủ Thái Dạng Xô 500Gram Hỗ Trợ Sáng Da, Mềm Mịn , Nâng Tone , Chống Lão Hóa",6 Đã bán,https://www.lazada.vn/products/pdp-i2914204286.html
Trang điểm,Mê hàng Trung Hoa,88.000 ₫,-10%,79200,(1),5.0,Set trang điểm đầy đủ 9 món Hươu vàng,6 Đã bán,https://www.lazada.vn/products/pdp-i2369743642.html
Trang điểm,Mỹ Phẩm Thuý Hường,,,,(6),4.8,Bộ Trang Điểm[10 Món X7]Đầy Đủ Makeup/Trang Điểm Đi Tiệc/Trang Điểm Cá Nhân Cơ Bản 10 Món X7,21 Đã bán,https://www.lazada.vn/products/pdp-i2605407088.html
Trang điểm,Mỹ Phẩm Thuý Hường,,,,(10),4.8,Bộ trang điểm đầy đủ chính hãng-[22 món C1] LAMEILA Lip Glaze Lipstick+Mascara +chì kẻ mày+kẻ mắt+kem che khuyết điểm Bộ Trang Điểm C1,34 Đã bán,https://www.lazada.vn/products/pdp-i2427022778.html
Chăm sóc cá nhân,LIM Cosmetic,150.000 ₫,-40%,90000,(5),5.0,Tinh DẦU Se khít và Làm Hồng Vùng Kín Giúp Làm Thu Nhỏ Cô Bé Giữ Ẩm và Cung Cấp Độ Ẩm Tạo Cho Phụ Nữ Cảm Giác Mới 10Ml,35 Đã bán,https://www.lazada.vn/products/pdp-i1904575345.html
Trang điểm,An An Mỹ Phẩm,,,,(6),4.7,"Kem che khuyết điểm có cọ A.M.G MATTE FOUNDATION - Kem nền thỏi 2 đầu STICK FOUNDATION chống nước, cấp ẩm, làm sáng da",30 Đã bán,https://www.lazada.vn/products/pdp-i3064685250.html
Trang điểm,Shop Ngọc Xinh Cosmetic,100.000 ₫,-22%,78000,(1),5.0,(Chính Hãng) Mascara Sivanna Super Model 5X Long Hai Đầu Dày Mi Và Dài Mi Ko Lem Trôi,,https://www.lazada.vn/products/pdp-i1746163179.html
Trang điểm,Mỹ Phẩm Thuý Hường,,,,(2),4.5,Bộ Trang Điểm[22 Món] Ww4 Đầy Đủ Makeup/Trang Điểm Đi Tiệc/Trang Điểm Cá Nhân Cơ Bản 22 Món W4,7 Đã bán,https://www.lazada.vn/products/pdp-i2579543748.html
Trang điểm,Mỹ Phẩm Thuý Hường,,,,(3),5.0,Bộ Trang Điểm[21 Món H7]Đầy Đủ Makeup/Trang Điểm Đi Tiệc/Trang Điểm Cá Nhân Cơ Bản 21 Món Bộ H7,11 Đã bán,https://www.lazada.vn/products/pdp-i2427032688.html
Trang điểm,Luckyhouse vn,199.000 ₫,-41%,117410,(51),4.6,Bộ trang điểm 8 món youli youla - Combo trang điểm - Bộ quà tặng cực xinh,220 Đã bán,https://www.lazada.vn/products/pdp-i1641394024.html
Trang điểm,Mỹ Phẩm Thuý Hường,,,,(11),5.0,Bộ Trang Điểm Đầy Đủ Make Up/ Trang điểm đi tiệc/trang điểm cá nhân Q4,41 Đã bán,https://www.lazada.vn/products/pdp-i2414811314.html
Trang điểm,Beauty Nail Store,43.900 ₫,-48%,22828,(164),4.9,Siêu mịn Bút chì kẻ lông mày không thấm nước không-smudge kéo dài lông mày bút colorfast Sweatproof lông mày dạng lỏng Bút chì kẻ lông mày mỹ phẩm mắt,877 Đã bán,https://www.lazada.vn/products/pdp-i2320685873.html
Trang điểm,Mỹ Phẩm Thuý Hường,,,,(4),4.5,Bộ trang điểm [22 món Y2] combo makeup đầy đủ phấn mắt + phấn phủ + phấn má + kem nền +kem chống nắng + má hồng + mascara + son + bộ cọ +chì mày Bộ Y2,8 Đã bán,https://www.lazada.vn/products/pdp-i2617271582.html
Trang điểm,Mỹ Phẩm Thuý Hường,,,,(3),5.0,Bộ Trang Điểm[12 Món] F3 Đầy Đủ Makeup/Trang Điểm Đi Tiệc/Trang Điểm Cá Nhân Cơ Bản 12 món F3,22 Đã bán,https://www.lazada.vn/products/pdp-i2579520737.html
Trang điểm,FOCALLURE Beauty.VN,290.000 ₫,-40%,174000,(13),5.0,[Bộ trang điểm] Set 3 mỹ phẩm trang điểm FOCALLURE 140g chất lượng cao,112 Đã bán,https://www.lazada.vn/products/pdp-i1956522803.html
Trang điểm,Mỹ Phẩm An An TG,25.000 ₫,-44%,14000,(54),4.7,"Kem Che Khuyết Điểm SVMY 3 màu  - Phấn Chỉnh Sửa Khuôn Mặt Che Phủ Hiệu Quả Mụn Và Quầng Thâm, Tạo Vẻ Ngoài Xinh Đẹp",313 Đã bán,https://www.lazada.vn/products/pdp-i2012289124.html
Dụng cụ chăm sóc Sắc đẹp,LPShop01,23.000 ₫,-44%,12880,(62),4.8,5 bông mút trang điểm,503 Đã bán,https://www.lazada.vn/products/pdp-i1609050327.html
Chăm sóc da mặt,MICOMI Cosmetics.Selection,45.100 ₫,-29%,32021,(539),4.9,COMBO 10 Mặt Nạ Giấy Dưỡng Da Serum Cấp Ẩm Trắng Da Giảm Mụn Thải Độc Trẻ Hóa Da Mask Đắp Mặt HA Trái Cây Vitamin Vàng 24K Nội Địa Trung MICOMI Cosmetics,2.0K Đã bán,https://www.lazada.vn/products/pdp-i2635788463.html
Chăm sóc cá nhân,Roses2000 Mỹ Phẩm,59.000 ₫,-8%,54280,(2),5.0,( Chính Hãng ) Kem Body Kone Hồng Thái Lan ( Mẫu Mới ),18 Đã bán,https://www.lazada.vn/products/pdp-i2607968546.html
Trang điểm,Dorisna,27.100 ₫,-58%,11382,(117),4.8,Dorisna Bút Chì Kẻ Mắt Tằm Bút Che Khuyết Điểm Bút Trang Điểm Che Khuyết Điểm Đa Năng Mí Mắt Dưới Mỹ Phẩm Chống Nước Lâu Trôi,671 Đã bán,https://www.lazada.vn/products/pdp-i2136114402.html
Nhập vai Phục trang & Dạ tiệc,Mỹ phẩm làm đẹp 870,,,,(12),5.0,Bộ trang điểm đầy đủ _ Combo set makeup trang điểm mĩ phẩm nội địa trung Set son quà tặng 20/10 cho bạn gái cao cấp,33 Đã bán,https://www.lazada.vn/products/pdp-i2034166233.html
Chăm sóc da mặt,Shop Ngọc Xinh Cosmetic,80.000 ₫,-40%,48000,(11),4.6,"Kem Face Dưỡng Trắng Collagen Sữa Non Femmiu 30g , Trắng Da , Xóa Nám , Chống Lão Hóa",93 Đã bán,https://www.lazada.vn/products/pdp-i1490876421.html
Trang điểm,Alyssa Store Trung Hoa,400.000 ₫,-5%,380000,(6),5.0,Bộ Trang điểm nội địa Trung đầy đủ 11 món YOULIYOULA hàng chính hãng + Tặng kèm túi đựng đẹp,29 Đã bán,https://www.lazada.vn/products/pdp-i2419349455.html
Chăm sóc cá nhân,MP Tóc Cosmetics,79.000 ₫,-18%,64780,(13),4.9,"[HCM] OXY TRỢ NHUỘM LISA COLAGEN CHỐNG XÓT DA ĐẦU HƯƠNG BẠC HÀ  3,6,9,12% ( 100ML - 1000ML )",79 Đã bán,https://www.lazada.vn/products/pdp-i1240608376.html
Chăm sóc da mặt,MICOMI Cosmetics,20.000 ₫,-36%,12800,(4),5.0,"Gel Lột Mụn Than Tre SADOER Sạch Mụn Cám, Mụn Đầu Đen, Thải Độc Chì, Sáng Da – Mẫu Mới",2.6K Đã bán,https://www.lazada.vn/products/pdp-i2554464727.html
Chăm sóc cá nhân,Hami Cosmetics,109.000 ₫,-13%,94830,(138),4.9,Kem Khử Mùi Dove Dry Serum Sáng Mịn Đều Màu Dove Radiant + Care Even Tone Deep Renew Dry Serum Deodorant 50ml,1.1K Đã bán,https://www.lazada.vn/products/pdp-i1731048155.html
Trang điểm,MICOMI Cosmetics.Selection,26.400 ₫,-29%,18744,(1308),4.9,Bút Chì Kẻ Lông Mày Phẩy Sợi 4D Chống Nước Lâu Trôi Make Up Trang Điểm Mắt Kẻ Chân Mày MICOMI Cosmetics,4.0K Đã bán,https://www.lazada.vn/products/pdp-i2563691592.html
Chăm sóc da mặt,Xưởng May Xuân Ngân,96.000 ₫,-4%,92160,(1),5.0,KEM FACE PHÁP A COSMETICS 2022 MẪU MỚI - cuahnagthienduc HOT,24 Đã bán,https://www.lazada.vn/products/pdp-i3024117172.html
Chăm sóc da mặt,MICOMI Cosmetics.Selection,47.200 ₫,-29%,33512,(133),5.0,COMBO 10 Mặt Nạ Trái Cây Dưỡng Da Trắng Sáng Da Cấp Ẩm Căng Bóng Phục Hồi Da Giảm Mụn Mask Giấy Đắp Mặt Vitamin Serum Bơ Dưa Leo Dâu Hoa Hồng Nha Đam Mật Ong Lựu,775 Đã bán,https://www.lazada.vn/products/pdp-i2649418642.html
Trang điểm,QRQCpC.Selection,31.000 ₫,-29%,22010,(552),4.9,"Má hồng dạng lỏng che khuyết điểm toàn diện khi makeup khuôn mặt, làm đẹp da không tì vết",2.7K Đã bán,https://www.lazada.vn/products/pdp-i2537912740.html
Dụng cụ chăm sóc Sắc đẹp,Tổng Kho Sỉ Mỹ Phẩm Minh Nguyệt,99.000 ₫,-50%,49500,(8),5.0,Serum Thảo Mộc Xanh Dưỡng Da X5 Hàng Chính Hãng,64 Đã bán,https://www.lazada.vn/products/pdp-i2192885945.html
Chăm sóc cá nhân,Mỹ Phẩm Kun Chuyên Sỉ,,,,(1),5.0,"Đặt Phu Khoa Clomaz Thái Lan Chính NhiễmKhuẩn, Nấm, Ngứa,KhửMùi Hiệu Quả",18 Đã bán,https://www.lazada.vn/products/pdp-i1538663123.html
Trang điểm,Mỹ Phẩm Thuý Hường,,,,(39),4.8,Bộ Trang Điểm[27 Món] W1 Đầy Đủ Makeup/Trang Điểm Đi Tiệc/Trang Điểm Cá Nhân Cơ Bản 27 Món bộ W1,98 Đã bán,https://www.lazada.vn/products/pdp-i2579482980.html
Trang điểm,ThiênPhúcAnh Shop,220.000 ₫,-39%,134200,(9),5.0,Bộ Trang Điểm 8 Món Youliyoula Đầy Đủ Và Cơ Bản - Món Quà Tặng Cho Bạn Gái Siêu Sang Chảnh,23 Đã bán,https://www.lazada.vn/products/pdp-i2156401732.html
Trang điểm,Mỹ Phẩm Thuý Hường,,,,(46),4.5,Bộ Trang Điểm[21 Món A1]Đầy Đủ Makeup/Trang Điểm Đi Tiệc/Trang Điểm Cá Nhân Cơ Bản Bộ 22 món A1,134 Đã bán,https://www.lazada.vn/products/pdp-i2421514401.html
Trang điểm,Hoa Hướng Dương Store,130.000 ₫,-47%,68900,(1),5.0,Set Trang Điểm 4 Món Hanru Dễ Dàng Với Người Mới Make Up Set trang điểm nền Prrety Makeup 4 món bộ trang điểm đầy đủ cho người mới bắt đầu kiềm dầu kháng nước nâng tone Zentop,,https://www.lazada.vn/products/pdp-i2609636528.html
Trang điểm,Hangnga Beauty Store,456.000 ₫,-47%,241680,(28),4.8,"Bộ trang điểm 26,24 món make-up đầy đủ như hình, kem nền, xịt khoáng, phấn mắt, chuốt mi, bộ cọ....",65 Đã bán,https://www.lazada.vn/products/pdp-i2668726329.html
Trang điểm,Mỹ Phẩm Thuý Hường,,,,(36),4.8,Bộ Trang Điểm[24 Món E3]Đầy Đủ Makeup/Trang Điểm Đi Tiệc/Trang Điểm Cá Nhân Cơ Bản 24 Món Bộ E3,91 Đã bán,https://www.lazada.vn/products/pdp-i2428111239.html
Chăm sóc da mặt,Shop Mỹ Phẩm XÙ Cosmetic Chuyên Sỉ,80.000 ₫,-40%,48000,(2),5.0,"(Free Ship) COMBO TÁI TẠO THẢO DƯỢC GIA TRUYỀN SPA HX Trắng Da , Mờ Thâm nám  , Tàn Nhang , Chống Lão Hóa",22 Đã bán,https://www.lazada.vn/products/pdp-i2641527489.html
Chăm sóc cá nhân,KITY COSMETIC,140.000 ₫,-37%,88200,(68),4.8,Xịt Khử Mùi Nữ Nivea 150ml - Sáng Da Mờ Vết Thâm,395 Đã bán,https://www.lazada.vn/products/pdp-i2127402571.html
Nước hoa,HV COSMETICS,89.000 ₫,-49%,45390,,,[ MUA 3 TẶNG 1 ] Nước Hoa Nữ 10ML Thie Parfum Lưu Hương Lâu 5-8h [ Hỏa Tốc ],,https://www.lazada.vn/products/pdp-i3198157619.html
Trang điểm,Mỹ Phẩm Thuý Hường,,,,(4),5.0,Bộ Trang Điểm Makuep Cơ Bản Đầy Đủ [24 Món S5] Bộ Sản Phẩm Makep Của Nữ Dành Cho Người Mới Tập Trang Điểm Mỹ Phẩm Cosmetic,7 Đã bán,https://www.lazada.vn/products/pdp-i2661134092.html
Chăm sóc cá nhân,Muun Cosmetics,,,,(173),4.9,"Thuốc Nhuộm Tóc Nâu Vàng Sáng (Tặng Kèm Oxy Trợ Nhuộm và Chụp Tóc, Bao Tay)",1.0K Đã bán,https://www.lazada.vn/products/pdp-i1868632008.html
Trang điểm,Sức Sống Mới - Vẻ Đẹp Và Sức Khỏe,95.000 ₫,-35%,61750,(473),4.9,Bảng Che Khuyết Điểm Và Tạo Khối 3 Màu SweetMint Mỏng Nhẹ Tự Nhiên Độ Che Phủ Mạnh Mẽ Làm Đều Màu Da Che Phủ Các Vết Thâm Mụn Đốm Đen Mang Lại Cho Bạn Làn Da Mịn Màng,15.0K Đã bán,https://www.lazada.vn/products/pdp-i2087762613.html
Chăm sóc da mặt,MICOMI Cosmetics,55.000 ₫,-41%,32450,(73),4.9,"[COMBO 10/20/50] Mặt Nạ Trái Cây Dưỡng Da Cao Cấp Đầy Đủ Vị, Dưỡng Ẩm, Trắng Da, Phục Hồi Trẻ Hoá Da Mask Giấy Đắp Mặt Bổ Sung Vitamin",269 Đã bán,https://www.lazada.vn/products/pdp-i1196958359.html
Chăm sóc cá nhân,Shop Mỹ Phẩm XÙ Cosmetic Chuyên Sỉ,60.000 ₫,-17%,49800,(3),5.0,"(Bán Chạy) Lăn Nách Mistine Top Country chú ngựa chai 100ml Thái Lan Kiềm Mồ Hôi , Khử Mùi , Khử Thâm",14 Đã bán,https://www.lazada.vn/products/pdp-i2415899471.html
Chăm sóc cá nhân,Si Mê Cosmetic,110.000 ₫,-50%,55000,(4),5.0,"Hộp Chứa 10 Gói Dầu Gội Nhuộm Tóc Thảo Dược Qiweitang - Lên Màu Đẹp Tự Nhiên, Phủ Tóc Bạc, Nhuộm Tóc Màu Đen Và Nâu Hạt Dẻ",26 Đã bán,https://www.lazada.vn/products/pdp-i2839615319.html
Chăm sóc da mặt,Shop Mỹ Phẩm XÙ Cosmetic Chuyên Sỉ,75.000 ₫,-25%,56250,,,"(S-Xù) Serum Rau Má Skin1004 Centella 100ml dành cho da mụn, da nhạy cảm ửng đỏ",,https://www.lazada.vn/products/pdp-i2974704161.html
Chăm sóc da mặt,MICOMI Cosmetics,50.000 ₫,-35%,32500,(3),5.0,"[COMBO 10] Mặt Nạ B5 Repair Vitamin SADOER Phục Hồi Căng Mướt Da, Cấp Ẩm, Làm Dịu Và Giảm Sưng, Giảm Mụn Mask Giấy Đắp Mặt",153 Đã bán,https://www.lazada.vn/products/pdp-i2861022135.html
Trang điểm,SIÊU THỊ MỸ PHẨM HÀ NỘI,120.000 ₫,-50%,60000,(12),4.8,Mascara chuốt mi cong Siêu Mảnh Tơi Mi kháng nước lâu trôi chống nhòe chuốt mi cong suốt cả ngày,43 Đã bán,https://www.lazada.vn/products/pdp-i2736793085.html
Nước hoa,TRUMP COSMETIC,,,,(20),4.8,Nước hoa My Love hồng  35ml đủ mùi,236 Đã bán,https://www.lazada.vn/products/pdp-i1800551978.html
Nước hoa,Hoá mỹ phẩm+ hàng gia dụng,,,,,,Combo 10 chai nước Hoa Sài Gòn kẻ,,https://www.lazada.vn/products/pdp-i3178001699.html
Chăm sóc da mặt,Mặt nạ Hàn Quốc 999,,,,(4),5.0,"Mặt nạ rau má, collagen, hoa hồng Mediheal",12 Đã bán,https://www.lazada.vn/products/pdp-i3193815035.html
Chăm sóc cá nhân,Shop Mỹ Phẩm XÙ Cosmetic Chuyên Sỉ,60.000 ₫,-42%,34800,(1),5.0,"Xịt Gội Đầu Khô VỊ ĐÀO Luckyfine 150ml Siêu Mượt, Chống Bết Tóc",9 Đã bán,https://www.lazada.vn/products/pdp-i2072911594.html
Trang điểm,MICOMI Cosmetics,158.000 ₫,-50%,79000,(8),4.1,"Bộ Trang Điểm Đầy Đủ 8 Món Set Trang Điểm Makeup Từ A-Z Đi Tiệc Đi Chơi Đi Làm MICOMI Cosmetics Kem Nền, Phấn Phủ, Phấn Mắt, Mascara, Chì Kẻ Mày, Kẻ Mắt, Son Môi",55 Đã bán,https://www.lazada.vn/products/pdp-i1906679078.html
Chăm sóc da mặt,Si Mê Cosmetic,130.000 ₫,-50%,65000,,,"Hộp Chứa 60 Miếng Mặt Nạ Mắt Chiết Xuất Ốc Sên, Collagen SADOER – Làm Mờ Nếp Nhăn, Giảm Thâm Mắt, Chống Lão Hóa Da, Phục Hồi Da",5 Đã bán,https://www.lazada.vn/products/pdp-i2999371415.html
Trang điểm,CHINH HÃNG - SIÊU THỊ SỨC KHỎE VẺ ĐẸP,60.000 ₫,-35%,39000,(82),4.8,Kem Nền Che Khuyết Điểm Không Trôi Cho Da Đều Màu Che Phủ Khuyết Điểm Hoàn Toàn 30ml,258 Đã bán,https://www.lazada.vn/products/pdp-i2499071188.html
Chăm sóc cá nhân,LIM Cosmetic,70.000 ₫,-29%,49700,(520),4.8,Tẩy Da Chết Lô Hội Trắng Da Mờ Thâm Xạm ALOE VERA GEL Cao Cấp 100g,2.6K Đã bán,https://www.lazada.vn/products/pdp-i1398370789.html
Trang điểm,Huyền Anh Shop 3,,,,(19),4.7,"Phấn Nước L-DA Air Cushion BB Kiềm Dầu, Che Phủ Mịn Màng, Se Khít Lỗ Chân Lông 30ml",186 Đã bán,https://www.lazada.vn/products/pdp-i2812798531.html
Chăm sóc da mặt,KITY COSMETIC,95.000 ₫,-28%,68400,(260),5.0,Son Dưỡng Có Màu 2.4G Lipice Sheer Color Q,990 Đã bán,https://www.lazada.vn/products/pdp-i2127750157.html
Trang điểm,Miin Cosmetics,270.000 ₫,-2%,264600,(1),5.0,Set 3 Món Mini Charlotte Tilbury The Award - Winning Beaty Icons,,https://www.lazada.vn/products/pdp-i2511699733.html
Chăm sóc cá nhân,Shop Mỹ Phẩm XÙ Cosmetic Chuyên Sỉ,50.000 ₫,-44%,28000,,,"Kem Dưỡng Da Tay HIH Chiết Xuất Acid Hyaluronic 40ml Dưỡng Ẩm Da Chống Nứt Nẻ , Chống Lão Hóa Da",11 Đã bán,https://www.lazada.vn/products/pdp-i2163063770.html
Dụng cụ chăm sóc Sắc đẹp,Shop Ngọc Xinh Cosmetic,,,,(1),5.0,Combo 10 Miếng Mặt Nạ Vàng  Collagen Crystal Facial Mask Trắng Mịn Da,,https://www.lazada.vn/products/pdp-i1226232976.html
Trang điểm,LIM Cosmetic,90.000 ₫,-50%,45000,(1),5.0,Chì Kẻ Mày 2 Đầu Đậm Nét Dễ Vẽ Lên Màu Tự Nhiên Không Lem Không Trôi Kháng Nước,8 Đã bán,https://www.lazada.vn/products/pdp-i2604530586.html
Trang điểm,Mỹ Phẩm Thuý Hường,,,,(6),5.0,Bộ Trang Điểm[27 Món] M5 Đầy Đủ Makeup/Trang Điểm Đi Tiệc/Trang Điểm Cá Nhân Cơ Bản 27 Món M5,14 Đã bán,https://www.lazada.vn/products/pdp-i2456941585.html
Nước hoa,BAOTRAN COSMETIC,75.000 ₫,-48%,39000,(19),5.0,Nước hoa Charme  GOOD GIRL 100ML .nữ tính NGỌT NGÀO QUYẾN RŨ,77 Đã bán,https://www.lazada.vn/products/pdp-i2011981685.html
Chăm sóc da mặt,SBT Cosmetic,110.000 ₫,-41%,64900,(182),4.9,[HCM][Hàng Hot] Hộp 80 Miếng Mặt Nạ Mắt Hoa Mộc Bioaqua-Xóa Nếp Nhăn Quầng Thâm Dưỡng Ẩm,885 Đã bán,https://www.lazada.vn/products/pdp-i1207458466.html
Chăm sóc da mặt,Salmon Cosmetics,110.000 ₫,-50%,55000,(6),5.0,"Son Dưỡng Đổi Màu HIH Son Thạch Cánh Hoa Hương Nước Hoa, Hottrend, Hàng Nội Địa Trung - Salmon Shop",18 Đã bán,https://www.lazada.vn/products/pdp-i2865402222.html
Chăm sóc cá nhân,HoangUyen Cosmetics (HCM),170.000 ₫,-30%,119000,(261),5.0,Sáp Dưỡng Ẩm Đa Năng Vaseline 250g/ 368g Hũ Đại - Hàng Mỹ,885 Đã bán,https://www.lazada.vn/products/pdp-i2405242203.html
Đồ ăn nhẹ & bánh kẹo,MÙA HÈ NHIỆT ĐỚI,,,,,,"Combo 2 Thanh x 35g socola Frestables Peanut Butter Mr Beast Mỹ bơ đậu phộng chocolate MrBeast - SẢN PHẨM ĐƯỢC YÊU THÍCH TRÊN THỊ TRƯỜNG HIỆN TAY, DÙNG RẤT TỐT LUÔN Ạ, ĐẢM BẢO DÙNG RẤT THÍCH, KHÁCH YÊU TRẢI NGHIỆM ỦNG HỘ SHOP NHÉ",,https://www.lazada.vn/products/pdp-i3104546729.html
Chăm sóc cá nhân,Nhà Của Cosmetics,35.000 ₫,-6%,32900,(134),4.7,"THUỐC NHUỘM TÓC NÂU ĐEN TẶNG KÈM TRỢ NHUỘM OXY, BAO TAY VÀ MŨ CHÙM Ủ TÓC",724 Đã bán,https://www.lazada.vn/products/pdp-i1768228014.html
